estacion,date,s5p_no2_daily
Cerrillos II,2019-01-01,3.342838193294031e-05
Cerrillos II,2019-01-02,6.63265551603059e-05
Cerrillos II,2019-01-03,8.771422276575626e-05
Cerrillos II,2019-01-04,8.144985040062783e-05
Cerrillos II,2019-01-05,4.2211502872800035e-05
Cerrillos II,2019-01-06,3.079990347032435e-05
Cerrillos II,2019-01-07,4.313775571063161e-05
Cerrillos II,2019-01-08,8.096297097429211e-05
Cerrillos II,2019-01-10,8.452280741061791e-05
Cerrillos II,2019-01-11,4.9363266026208334e-05
Cerrillos II,2019-01-12,3.222859587819788e-05
Cerrillos II,2019-01-14,6.271905858801369e-05
Cerrillos II,2019-01-15,9.567643298527931e-05
Cerrillos II,2019-01-16,5.1468278191686676e-05
Cerrillos II,2019-01-17,5.651774258169584e-05
Cerrillos II,2019-01-18,9.465447038872684e-05
Cerrillos II,2019-01-19,3.29698253240885e-05
Cerrillos II,2019-01-21,6.762295591025411e-05
Cerrillos II,2019-01-22,6.846782343927771e-05
Cerrillos II,2019-01-23,6.735046350306622e-05
Cerrillos II,2019-01-24,7.17819585190588e-05
Cerrillos II,2019-01-25,8.276169080336201e-05
Cerrillos II,2019-01-26,6.507773559224105e-05
Cerrillos II,2019-01-27,4.133394031669013e-05
Cerrillos II,2019-01-28,5.241790927785547e-05
Cerrillos II,2019-01-29,5.890560981883063e-05
Cerrillos II,2019-01-30,7.210159227569964e-05
Cerrillos II,2019-01-31,7.880262078126597e-05
Cerrillos II,2019-02-01,7.507844455467362e-05
Cerrillos II,2019-02-02,6.279940889066798e-05
Cerrillos II,2019-02-03,3.718364686284707e-05
Cerrillos II,2019-02-04,7.113591511198222e-05
Cerrillos II,2019-02-05,8.038081561065516e-05
Cerrillos II,2019-02-06,7.640236807735561e-05
Cerrillos II,2019-02-07,7.785013373324302e-05
Cerrillos II,2019-02-08,6.197307484015173e-05
Cerrillos II,2019-02-09,4.5700309668123974e-05
Cerrillos II,2019-02-11,8.03983784862794e-05
Cerrillos II,2019-02-12,6.229336974972177e-05
Cerrillos II,2019-02-13,5.3376079635648504e-05
Cerrillos II,2019-02-14,0.00012326301800779187
Cerrillos II,2019-02-15,0.00010149347045115511
Cerrillos II,2019-02-16,4.105293212275777e-05
Cerrillos II,2019-02-17,4.243169606165748e-05
Cerrillos II,2019-02-18,6.922789943603918e-05
Cerrillos II,2019-02-19,6.283964047992455e-05
Cerrillos II,2019-02-20,7.695954735600323e-05
Cerrillos II,2019-02-21,8.285098010377954e-05
Cerrillos II,2019-02-22,8.226096588984364e-05
Cerrillos II,2019-02-23,5.157423053524961e-05
Cerrillos II,2019-02-24,3.81649770133663e-05
Cerrillos II,2019-02-25,6.372378386267628e-05
Cerrillos II,2019-02-26,0.00012166606485426672
Cerrillos II,2019-02-27,0.00011905570279093754
Cerrillos II,2019-02-28,8.20095345308387e-05
Cerrillos II,2019-03-01,9.741547997303749e-05
Cerrillos II,2019-03-02,3.9192183660507043e-05
Cerrillos II,2019-03-03,2.9450215215211088e-05
Cerrillos II,2019-03-04,5.3876452535525095e-05
Cerrillos II,2019-03-05,0.0001224926392628162
Cerrillos II,2019-03-06,0.00011087423034048598
Cerrillos II,2019-03-07,9.169258592444216e-05
Cerrillos II,2019-03-08,5.7065929900770694e-05
Cerrillos II,2019-03-09,4.39490765753865e-05
Cerrillos II,2019-03-10,3.651647429336472e-05
Cerrillos II,2019-03-11,0.00010952332410974107
Cerrillos II,2019-03-12,0.00011546736182988738
Cerrillos II,2019-03-14,0.00011033386325244628
Cerrillos II,2019-03-15,6.181338296815102e-05
Cerrillos II,2019-03-16,5.570853878606365e-05
Cerrillos II,2019-03-17,4.091611481271684e-05
Cerrillos II,2019-03-19,8.23626714457528e-05
Cerrillos II,2019-03-20,0.00018400195894106497
Cerrillos II,2019-03-21,0.0002185904421027381
Cerrillos II,2019-03-22,0.00025511494481653233
Cerrillos II,2019-03-23,6.122456207649466e-05
Cerrillos II,2019-03-24,6.493828151405791e-05
Cerrillos II,2019-03-25,0.00012686491795199558
Cerrillos II,2019-03-26,0.00027676615420267695
Cerrillos II,2019-03-27,0.00012612976160380384
Cerrillos II,2019-03-28,0.00017890709070044405
Cerrillos II,2019-03-29,0.00011982756776060473
Cerrillos II,2019-03-31,5.9375216381497274e-05
Cerrillos II,2019-04-01,0.00023806013112621815
Cerrillos II,2019-04-03,0.00011149732663156539
Cerrillos II,2019-04-04,0.00022058814132274327
Cerrillos II,2019-04-05,0.000345633643931398
Cerrillos II,2019-04-06,0.00022880503107511075
Cerrillos II,2019-04-07,9.277525728086708e-05
Cerrillos II,2019-04-08,0.00012653870836303293
Cerrillos II,2019-04-09,0.0001655928992487425
Cerrillos II,2019-04-10,0.0003948100032468003
Cerrillos II,2019-04-11,0.00032905321777108935
Cerrillos II,2019-04-12,0.00019467627191328837
Cerrillos II,2019-04-15,0.0005865085696604585
Cerrillos II,2019-04-16,0.00032294606280216533
Cerrillos II,2019-04-17,0.00043221600839460947
Cerrillos II,2019-04-19,9.179440254931812e-05
Cerrillos II,2019-04-20,0.00013058679952172034
Cerrillos II,2019-04-21,0.00010042332110775806
Cerrillos II,2019-04-22,0.0003416234332616917
Cerrillos II,2019-04-25,0.000455332028545591
Cerrillos II,2019-04-26,0.0004310944492137843
Cerrillos II,2019-04-27,0.0004052546064504626
Cerrillos II,2019-04-28,0.00020101065848094726
Cerrillos II,2019-04-29,0.00015152755076996982
Cerrillos II,2019-04-30,0.00023916495900451392
Cerrillos II,2019-05-01,0.00012431534669625493
Cerrillos II,2019-05-07,0.0004519225342074499
Cerrillos II,2019-05-09,0.0002776074293246146
Cerrillos II,2019-05-10,0.0002484980873052742
Cerrillos II,2019-05-11,0.00038258783170860383
Cerrillos II,2019-05-12,0.0002287076945468735
Cerrillos II,2019-05-13,0.0006332817579843188
Cerrillos II,2019-05-14,0.000521617713612133
Cerrillos II,2019-05-15,0.00017945322843283278
Cerrillos II,2019-05-17,0.00037458801826587294
Cerrillos II,2019-05-18,0.00012292590690776706
Cerrillos II,2019-05-21,0.00019267472720160594
Cerrillos II,2019-05-22,0.0004293017298192885
Cerrillos II,2019-05-23,0.0006268827498131371
Cerrillos II,2019-05-27,0.0001901772018216316
Cerrillos II,2019-05-28,0.0005399388250802283
Cerrillos II,2019-05-30,0.00011856931814691052
Cerrillos II,2019-06-02,0.0006265351385771819
Cerrillos II,2019-06-07,0.0007698559948059728
Cerrillos II,2019-06-08,0.0006301567204914239
Cerrillos II,2019-06-09,0.0005786505697406772
Cerrillos II,2019-06-11,0.0003717554397314402
Cerrillos II,2019-06-15,0.000505177826818677
Cerrillos II,2019-06-16,0.0004164418563362273
Cerrillos II,2019-06-18,0.0008031692750509092
Cerrillos II,2019-06-19,0.0009096363210119307
Cerrillos II,2019-06-22,0.0009147809223043969
Cerrillos II,2019-06-25,0.0005723931252560848
Cerrillos II,2019-06-30,0.0003088778001441029
Cerrillos II,2019-07-01,0.0006304233063686101
Cerrillos II,2019-07-02,0.0010600334223942016
Cerrillos II,2019-07-03,0.0012335497937506154
Cerrillos II,2019-07-04,0.001161770964096232
Cerrillos II,2019-07-05,0.0010315693608097085
Cerrillos II,2019-07-08,0.0007221170672589129
Cerrillos II,2019-07-09,0.0012692001616268448
Cerrillos II,2019-07-11,0.0003652642772067338
Cerrillos II,2019-07-12,0.0005006017145115175
Cerrillos II,2019-07-13,0.0006784462904566689
Cerrillos II,2019-07-14,0.0003734504808284768
Cerrillos II,2019-07-15,0.0006892507171917846
Cerrillos II,2019-07-16,0.0005288294415462099
Cerrillos II,2019-07-18,0.0007577787886948701
Cerrillos II,2019-07-22,0.0003366904371273144
Cerrillos II,2019-07-23,0.00058333412293488
Cerrillos II,2019-07-24,0.00039193690382962096
Cerrillos II,2019-07-25,0.000983265144263673
Cerrillos II,2019-07-26,0.0009174817335581246
Cerrillos II,2019-07-30,0.0008102261761114678
Cerrillos II,2019-08-01,0.00022459919916026122
Cerrillos II,2019-08-02,0.0006305489792451046
Cerrillos II,2019-08-03,0.00046292837942019105
Cerrillos II,2019-08-04,0.00033209394293723285
Cerrillos II,2019-08-05,0.0004073753706713329
Cerrillos II,2019-08-07,0.00020397227334316328
Cerrillos II,2019-08-08,0.00024142591685128844
Cerrillos II,2019-08-09,0.0005198052566715926
Cerrillos II,2019-08-11,8.605602253786977e-05
Cerrillos II,2019-08-12,0.0005101368094904598
Cerrillos II,2019-08-16,0.00018355475815574218
Cerrillos II,2019-08-22,0.001272139372304082
Cerrillos II,2019-08-26,0.00076378521465578
Cerrillos II,2019-08-29,7.411011756630614e-05
Cerrillos II,2019-08-30,0.0001339518190572079
Cerrillos II,2019-08-31,0.00014902502137000616
Cerrillos II,2019-09-01,0.00017817421806545403
Cerrillos II,2019-09-02,0.0003230041005013095
Cerrillos II,2019-09-03,0.0005431403405964375
Cerrillos II,2019-09-08,9.492484019428761e-05
Cerrillos II,2019-09-10,0.00018890140927396712
Cerrillos II,2019-09-11,0.0002776726031492427
Cerrillos II,2019-09-12,0.0006033673266070819
Cerrillos II,2019-09-13,0.0003277994760279807
Cerrillos II,2019-09-14,0.00010775148325299434
Cerrillos II,2019-09-16,0.00024240353438870357
Cerrillos II,2019-09-17,0.00012775333145292658
Cerrillos II,2019-09-18,0.00011076751856629276
Cerrillos II,2019-09-20,7.412754538485004e-05
Cerrillos II,2019-09-21,9.090312636945493e-05
Cerrillos II,2019-09-22,7.05522417767127e-05
Cerrillos II,2019-09-23,9.029036799257413e-05
Cerrillos II,2019-09-24,0.00018493007138826114
Cerrillos II,2019-09-25,0.00017340568940589504
Cerrillos II,2019-09-26,0.00022042364189028544
Cerrillos II,2019-09-27,0.00038240729036428
Cerrillos II,2019-09-28,0.00018318284246853685
Cerrillos II,2019-09-29,5.2592969887488973e-05
Cerrillos II,2019-10-02,0.00015061902019216373
Cerrillos II,2019-10-03,7.65922326270389e-05
Cerrillos II,2019-10-04,0.00013149627954568035
Cerrillos II,2019-10-05,0.00019221973795034537
Cerrillos II,2019-10-06,0.00012430048437576838
Cerrillos II,2019-10-07,0.00015632654816704095
Cerrillos II,2019-10-08,0.00013081439409984112
Cerrillos II,2019-10-15,0.00012021247413007371
Cerrillos II,2019-10-17,0.0001015029066565028
Cerrillos II,2019-10-18,0.0001305450364722216
Cerrillos II,2019-10-20,9.180205969355301e-05
Cerrillos II,2019-10-21,7.818117567268663e-05
Cerrillos II,2019-10-22,8.44262066714269e-05
Cerrillos II,2019-10-23,8.348208612062052e-05
Cerrillos II,2019-10-24,8.013360409478662e-05
Cerrillos II,2019-10-26,8.20716946460045e-05
Cerrillos II,2019-10-28,8.397489258544995e-05
Cerrillos II,2019-10-29,0.00011885159888752833
Cerrillos II,2019-10-30,0.0001660107804612572
Cerrillos II,2019-11-01,4.423989412763781e-05
Cerrillos II,2019-11-02,7.276077423278333e-05
Cerrillos II,2019-11-03,4.476299279354786e-05
Cerrillos II,2019-11-05,0.00010122340446292506
Cerrillos II,2019-11-06,9.519097969205747e-05
Cerrillos II,2019-11-07,9.337307083779786e-05
Cerrillos II,2019-11-09,9.080545181595625e-05
Cerrillos II,2019-11-10,5.708462533865326e-05
Cerrillos II,2019-11-11,5.684422932593905e-05
Cerrillos II,2019-11-12,3.6133213439331755e-05
Cerrillos II,2019-11-13,7.753707429708217e-05
Cerrillos II,2019-11-14,0.00010441460220664175
Cerrillos II,2019-11-15,0.00010155298276466987
Cerrillos II,2019-11-16,4.892644228530724e-05
Cerrillos II,2019-11-17,3.137912420798391e-05
Cerrillos II,2019-11-18,0.00010935391429086456
Cerrillos II,2019-11-19,7.849387625714547e-05
Cerrillos II,2019-11-20,9.995789176574963e-05
Cerrillos II,2019-11-21,0.00010101313091581687
Cerrillos II,2019-11-22,7.06721083018254e-05
Cerrillos II,2019-11-23,3.4774272922058335e-05
Cerrillos II,2019-11-26,8.407868652833108e-05
Cerrillos II,2019-11-27,0.00010519386454423149
Cerrillos II,2019-11-28,5.520469521743992e-05
Cerrillos II,2019-11-29,8.365292393496497e-05
Cerrillos II,2019-11-30,7.539921982581337e-05
Cerrillos II,2019-12-02,6.58838608540767e-05
Cerrillos II,2019-12-03,4.4336629359574225e-05
Cerrillos II,2019-12-04,7.084603976835517e-05
Cerrillos II,2019-12-05,0.00010062822533891071
Cerrillos II,2019-12-06,7.113401281282612e-05
Cerrillos II,2019-12-07,5.591847854282643e-05
Cerrillos II,2019-12-08,3.758316290242737e-05
Cerrillos II,2019-12-09,5.031357946443534e-05
Cerrillos II,2019-12-10,6.45359193366077e-05
Cerrillos II,2019-12-11,8.576718651086061e-05
Cerrillos II,2019-12-12,0.00012469231319329815
Cerrillos II,2019-12-13,6.0628759238359536e-05
Cerrillos II,2019-12-15,3.8765351204186724e-05
Cerrillos II,2019-12-16,8.094495946996115e-05
Cerrillos II,2019-12-17,9.835660477282132e-05
Cerrillos II,2019-12-18,8.447024447377771e-05
Cerrillos II,2019-12-20,7.59826256406248e-05
Cerrillos II,2019-12-21,6.254967235579098e-05
Cerrillos II,2019-12-22,5.714726227493707e-05
Cerrillos II,2019-12-23,0.00011398090173032399
Cerrillos II,2019-12-24,4.4720361334822e-05
Cerrillos II,2019-12-25,3.1211345362372445e-05
Cerrillos II,2019-12-26,6.874816597007232e-05
Cerrillos II,2019-12-27,8.022985155492695e-05
Cerrillos II,2019-12-28,7.027042071580515e-05
Cerrillos II,2019-12-29,3.133819628161719e-05
Cerrillos II,2019-12-30,7.205729463357553e-05
Cerrillos II,2019-12-31,4.1419093718456767e-05
Cerrillos II,2020-01-01,2.539524140396986e-05
Cerrillos II,2020-01-02,6.32686088326787e-05
Cerrillos II,2020-01-03,6.379287814055069e-05
Cerrillos II,2020-01-04,4.462977128718193e-05
Cerrillos II,2020-01-05,3.505303830396753e-05
Cerrillos II,2020-01-06,7.465759818190902e-05
Cerrillos II,2020-01-07,6.122131484731428e-05
Cerrillos II,2020-01-09,5.6839559564427484e-05
Cerrillos II,2020-01-10,7.83389114585158e-05
Cerrillos II,2020-01-11,5.894906964553754e-05
Cerrillos II,2020-01-12,3.797030645067845e-05
Cerrillos II,2020-01-13,6.652168919727042e-05
Cerrillos II,2020-01-14,5.611857394447173e-05
Cerrillos II,2020-01-15,6.524706354096269e-05
Cerrillos II,2020-01-16,6.110824003280155e-05
Cerrillos II,2020-01-17,8.298480145627109e-05
Cerrillos II,2020-01-18,5.132671818031286e-05
Cerrillos II,2020-01-20,6.002715890505895e-05
Cerrillos II,2020-01-21,5.8620847528386235e-05
Cerrillos II,2020-01-22,8.249584504807357e-05
Cerrillos II,2020-01-23,7.272483910435076e-05
Cerrillos II,2020-01-24,6.21405237132548e-05
Cerrillos II,2020-01-25,4.722755966681695e-05
Cerrillos II,2020-01-26,3.374335272120239e-05
Cerrillos II,2020-01-27,5.2440840044126775e-05
Cerrillos II,2020-01-28,7.069047189620874e-05
Cerrillos II,2020-01-29,5.700753851789675e-05
Cerrillos II,2020-01-30,5.983355755812884e-05
Cerrillos II,2020-01-31,5.026460939688185e-05
Cerrillos II,2020-02-01,4.265863025982741e-05
Cerrillos II,2020-02-02,4.5628219584778025e-05
Cerrillos II,2020-02-03,6.820901218642769e-05
Cerrillos II,2020-02-04,7.942170555669293e-05
Cerrillos II,2020-02-05,4.5999574478582765e-05
Cerrillos II,2020-02-06,5.880168658235477e-05
Cerrillos II,2020-02-07,8.032547020456382e-05
Cerrillos II,2020-02-08,5.585900471881516e-05
Cerrillos II,2020-02-09,4.4315176919200723e-05
Cerrillos II,2020-02-10,4.38397228457316e-05
Cerrillos II,2020-02-11,3.8435765986988865e-05
Cerrillos II,2020-02-12,8.14396989881061e-05
Cerrillos II,2020-02-13,6.731974514430453e-05
Cerrillos II,2020-02-14,9.797671498481879e-05
Cerrillos II,2020-02-15,4.81922736193083e-05
Cerrillos II,2020-02-16,2.569352451559558e-05
Cerrillos II,2020-02-17,6.207663694808182e-05
Cerrillos II,2020-02-18,9.673739913862334e-05
Cerrillos II,2020-02-19,0.00010637727837031022
Cerrillos II,2020-02-20,9.15914640775521e-05
Cerrillos II,2020-02-21,7.479999422223044e-05
Cerrillos II,2020-02-22,3.3850152106656985e-05
Cerrillos II,2020-02-23,2.7347809822170993e-05
Cerrillos II,2020-02-24,5.596477156638558e-05
Cerrillos II,2020-02-25,0.00014692591503379364
Cerrillos II,2020-02-26,0.00010866585246340469
Cerrillos II,2020-02-27,5.3260972573270625e-05
Cerrillos II,2020-02-28,8.253347067417602e-05
Cerrillos II,2020-02-29,5.257681559424053e-05
Cerrillos II,2020-03-01,3.950867409323682e-05
Cerrillos II,2020-03-02,6.27147524217036e-05
Cerrillos II,2020-03-03,6.946647975636681e-05
Cerrillos II,2020-03-04,7.292700014578076e-05
Cerrillos II,2020-03-05,9.590480380180923e-05
Cerrillos II,2020-03-06,7.700336002284364e-05
Cerrillos II,2020-03-07,6.109584645204874e-05
Cerrillos II,2020-03-08,3.193619587504378e-05
Cerrillos II,2020-03-09,0.00010259524013597773
Cerrillos II,2020-03-10,9.653591540373007e-05
Cerrillos II,2020-03-11,7.085343512773658e-05
Cerrillos II,2020-03-12,6.773985491593385e-05
Cerrillos II,2020-03-13,7.842872953947062e-05
Cerrillos II,2020-03-14,5.105734259387246e-05
Cerrillos II,2020-03-15,5.39878133757534e-05
Cerrillos II,2020-03-16,8.772884971315774e-05
Cerrillos II,2020-03-17,0.00012033342568505447
Cerrillos II,2020-03-18,7.567477839459339e-05
Cerrillos II,2020-03-19,8.51445748048841e-05
Cerrillos II,2020-03-20,6.761281968544944e-05
Cerrillos II,2020-03-21,5.810995410940931e-05
Cerrillos II,2020-03-22,4.1650923381805855e-05
Cerrillos II,2020-03-23,0.00015845971092843863
Cerrillos II,2020-03-24,0.00011858421534905505
Cerrillos II,2020-03-25,9.06449651168488e-05
Cerrillos II,2020-03-26,7.93767578862268e-05
Cerrillos II,2020-03-27,0.00012541534555771363
Cerrillos II,2020-03-28,7.727243603230626e-05
Cerrillos II,2020-03-29,4.6364702494975255e-05
Cerrillos II,2020-03-30,7.391573217689145e-05
Cerrillos II,2020-03-31,0.0001008531750508722
Cerrillos II,2020-04-01,8.964487058990873e-05
Cerrillos II,2020-04-02,0.0002873651872887006
Cerrillos II,2020-04-03,0.00015581280884174132
Cerrillos II,2020-04-05,6.242408869388723e-05
Cerrillos II,2020-04-06,0.00015737672481676008
Cerrillos II,2020-04-07,0.00021997744510754088
Cerrillos II,2020-04-08,0.00012888219862691478
Cerrillos II,2020-04-09,0.00019758353808293258
Cerrillos II,2020-04-10,5.0309168548465626e-05
Cerrillos II,2020-04-13,0.0003279821834200173
Cerrillos II,2020-04-14,0.000239896310398543
Cerrillos II,2020-04-16,0.00032695933628159565
Cerrillos II,2020-04-17,0.00023896292739399762
Cerrillos II,2020-04-18,0.00011172828020348909
Cerrillos II,2020-04-19,5.312405121138346e-05
Cerrillos II,2020-04-20,0.00010413237760076318
Cerrillos II,2020-04-21,0.00027837512738149617
Cerrillos II,2020-04-22,0.000374852893790878
Cerrillos II,2020-04-25,0.00015423636847070575
Cerrillos II,2020-04-27,0.00011859898701821497
Cerrillos II,2020-04-28,0.00017123012903913045
Cerrillos II,2020-04-29,0.0005353933703606193
Cerrillos II,2020-04-30,0.0004565865452685475
Cerrillos II,2020-05-01,0.00015455504865922084
Cerrillos II,2020-05-02,0.00025738229060822
Cerrillos II,2020-05-03,0.00013832399486810195
Cerrillos II,2020-05-05,0.00036451978724871814
Cerrillos II,2020-05-06,0.0005299391458666795
Cerrillos II,2020-05-07,0.0003416486770884482
Cerrillos II,2020-05-08,0.00033819314424087617
Cerrillos II,2020-05-09,0.000176485461921163
Cerrillos II,2020-05-10,6.026087531840195e-05
Cerrillos II,2020-05-11,0.0003936776815140984
Cerrillos II,2020-05-13,0.0004112356704356576
Cerrillos II,2020-05-14,0.00021663614393848538
Cerrillos II,2020-05-15,0.00047002365472273953
Cerrillos II,2020-05-16,0.00018353543012528914
Cerrillos II,2020-05-17,7.509069434615128e-05
Cerrillos II,2020-05-18,0.00014973484923503828
Cerrillos II,2020-05-21,0.00022197990901773313
Cerrillos II,2020-05-22,0.0005133585131554978
Cerrillos II,2020-05-24,0.00011734305096103474
Cerrillos II,2020-05-25,0.0006062250379419348
Cerrillos II,2020-05-26,0.000455526415237661
Cerrillos II,2020-05-30,0.00026040303570049836
Cerrillos II,2020-05-31,0.00016776016182195103
Cerrillos II,2020-06-01,0.0002634126752860719
Cerrillos II,2020-06-04,0.0002869726973671274
Cerrillos II,2020-06-05,0.0006018520836563587
Cerrillos II,2020-06-07,0.0003164237356775193
Cerrillos II,2020-06-10,0.00039289775528696564
Cerrillos II,2020-06-12,0.00018383962541214168
Cerrillos II,2020-06-13,0.0004627097033997109
Cerrillos II,2020-06-14,0.00042075772934781875
Cerrillos II,2020-07-02,0.0007100303541053218
Cerrillos II,2020-07-03,0.00064691794843128
Cerrillos II,2020-07-05,0.00029418044182711895
Cerrillos II,2020-07-08,0.0003478506280389598
Cerrillos II,2020-07-13,0.0004478437258414126
Cerrillos II,2020-07-14,0.0005481848122557546
Cerrillos II,2020-07-15,0.0004884140650632011
Cerrillos II,2020-07-19,8.92112947334092e-05
Cerrillos II,2020-07-20,0.0002613270254762201
Cerrillos II,2020-07-24,0.0003759601529145888
Cerrillos II,2020-07-28,0.0006346629380423475
Cerrillos II,2020-07-29,0.0006052539896686808
Cerrillos II,2020-08-02,0.0005545440105761636
Cerrillos II,2020-08-03,0.000404406371215758
Cerrillos II,2020-08-04,0.00032264834543418606
Cerrillos II,2020-08-05,0.00016435973342659215
Cerrillos II,2020-08-08,0.000554467278881022
Cerrillos II,2020-08-09,5.88914755787993e-05
Cerrillos II,2020-08-10,0.0003014319951873685
Cerrillos II,2020-08-11,0.00015807590881524377
Cerrillos II,2020-08-12,0.00034085318133516564
Cerrillos II,2020-08-13,0.0004554433624173021
Cerrillos II,2020-08-15,0.000266031636987373
Cerrillos II,2020-08-16,9.290247840764558e-05
Cerrillos II,2020-08-17,0.0003355724220846965
Cerrillos II,2020-08-19,0.0005199317381282704
Cerrillos II,2020-08-20,0.0003964171195288173
Cerrillos II,2020-08-21,0.00018775042254753216
Cerrillos II,2020-08-22,0.00013716736124689736
Cerrillos II,2020-08-23,0.00010966407316470215
Cerrillos II,2020-08-24,0.0001696605932431221
Cerrillos II,2020-08-27,0.00020730266162091645
Cerrillos II,2020-08-29,0.0001535876794468852
Cerrillos II,2020-08-30,0.000123110495949736
Cerrillos II,2020-08-31,0.00014490292260335412
Cerrillos II,2020-09-02,0.0001787733051744651
Cerrillos II,2020-09-03,0.00018910941096237242
Cerrillos II,2020-09-05,0.00011275095799421141
Cerrillos II,2020-09-07,0.00026257207035837384
Cerrillos II,2020-09-09,0.0003214435490139188
Cerrillos II,2020-09-10,0.00021167589540396845
Cerrillos II,2020-09-11,0.00013070621935185072
Cerrillos II,2020-09-12,9.64607812696685e-05
Cerrillos II,2020-09-13,6.782338654711486e-05
Cerrillos II,2020-09-14,0.00034571687071073646
Cerrillos II,2020-09-15,0.0001350336370308169
Cerrillos II,2020-09-16,0.0001621493776136638
Cerrillos II,2020-09-17,0.0001229872644358452
Cerrillos II,2020-09-18,6.479068655780369e-05
Cerrillos II,2020-09-19,6.246670277295444e-05
Cerrillos II,2020-09-20,6.362403675014752e-05
Cerrillos II,2020-09-21,0.00021337763999645104
Cerrillos II,2020-09-26,9.339255585939863e-05
Cerrillos II,2020-09-27,4.3989552068524144e-05
Cerrillos II,2020-09-29,0.0001845354842067172
Cerrillos II,2020-09-30,0.00013048215504744482
Cerrillos II,2020-10-01,0.00014392439037756572
Cerrillos II,2020-10-02,9.894474316109644e-05
Cerrillos II,2020-10-03,6.36269333256344e-05
Cerrillos II,2020-10-04,4.8445043697520694e-05
Cerrillos II,2020-10-05,9.825287851922085e-05
Cerrillos II,2020-10-07,0.00010533334592869391
Cerrillos II,2020-10-08,0.0001096264938897427
Cerrillos II,2020-10-09,0.00010715785578314605
Cerrillos II,2020-10-10,7.795120160902797e-05
Cerrillos II,2020-10-11,5.455251955435717e-05
Cerrillos II,2020-10-12,6.641863350892926e-05
Cerrillos II,2020-10-13,9.68471863968324e-05
Cerrillos II,2020-10-14,0.00013181113862311244
Cerrillos II,2020-10-15,0.00016602972645915923
Cerrillos II,2020-10-16,0.00010298847901607168
Cerrillos II,2020-10-17,6.738477490128259e-05
Cerrillos II,2020-10-18,3.3503525261990506e-05
Cerrillos II,2020-10-19,0.00010554775344605745
Cerrillos II,2020-10-20,0.00010860742062391406
Cerrillos II,2020-10-21,9.041401463666482e-05
Cerrillos II,2020-10-23,0.00010251173774647563
Cerrillos II,2020-10-24,3.443123510596747e-05
Cerrillos II,2020-10-25,5.093704182500201e-05
Cerrillos II,2020-10-26,9.984659136913256e-05
Cerrillos II,2020-10-28,9.872091765685643e-05
Cerrillos II,2020-10-29,6.283314434167486e-05
Cerrillos II,2020-10-30,9.823697160063092e-05
Cerrillos II,2020-10-31,5.202580711843637e-05
Cerrillos II,2020-11-01,4.095779129172082e-05
Cerrillos II,2020-11-02,9.583050529894091e-05
Cerrillos II,2020-11-03,0.00010811507289753948
Cerrillos II,2020-11-04,6.902108721917576e-05
Cerrillos II,2020-11-05,7.246140112803751e-05
Cerrillos II,2020-11-06,8.514254898423885e-05
Cerrillos II,2020-11-07,5.7800424000301966e-05
Cerrillos II,2020-11-08,3.434653887884646e-05
Cerrillos II,2020-11-09,7.242362494166517e-05
Cerrillos II,2020-11-10,6.0965812830170376e-05
Cerrillos II,2020-11-11,8.352853856153555e-05
Cerrillos II,2020-11-12,0.00010423636548069803
Cerrillos II,2020-11-14,5.030073028606276e-05
Cerrillos II,2020-11-15,2.972481853320463e-05
Cerrillos II,2020-11-16,8.254149220974298e-05
Cerrillos II,2020-11-18,7.433896028249109e-05
Cerrillos II,2020-11-19,6.544143426336762e-05
Cerrillos II,2020-11-20,0.00010103593054937861
Cerrillos II,2020-11-21,6.419805186466607e-05
Cerrillos II,2020-11-22,4.8311674629691255e-05
Cerrillos II,2020-11-23,7.355944626662256e-05
Cerrillos II,2020-11-24,5.758912388774993e-05
Cerrillos II,2020-11-25,8.794590704993211e-05
Cerrillos II,2020-11-26,8.950033101564954e-05
Cerrillos II,2020-11-27,7.354907781902223e-05
Cerrillos II,2020-11-28,5.998484069056055e-05
Cerrillos II,2020-11-29,4.916378985590463e-05
Cerrillos II,2020-11-30,7.054231135986452e-05
Cerrillos II,2020-12-02,7.957351903263814e-05
Cerrillos II,2020-12-03,9.013725237772947e-05
Cerrillos II,2020-12-04,9.30263237870674e-05
Cerrillos II,2020-12-05,5.3784627275500475e-05
Cerrillos II,2020-12-06,3.1447861660512356e-05
Cerrillos II,2020-12-07,6.501603678921112e-05
Cerrillos II,2020-12-08,4.4888043476021944e-05
Cerrillos II,2020-12-09,9.18361361123098e-05
Cerrillos II,2020-12-10,3.853216695209e-05
Cerrillos II,2020-12-11,7.022037432172069e-05
Cerrillos II,2020-12-12,2.6527965456240533e-05
Cerrillos II,2020-12-13,2.6366668702354477e-05
Cerrillos II,2020-12-14,0.00010264499761241726
Cerrillos II,2020-12-15,7.438077938303384e-05
Cerrillos II,2020-12-16,6.763178813640868e-05
Cerrillos II,2020-12-17,7.895751860055766e-05
Cerrillos II,2020-12-18,8.049594315988227e-05
Cerrillos II,2020-12-19,3.8297974145158076e-05
Cerrillos II,2020-12-20,3.213634290389717e-05
Cerrillos II,2020-12-21,8.972834286507385e-05
Cerrillos II,2020-12-22,6.874297379708766e-05
Cerrillos II,2020-12-23,7.358143023741508e-05
Cerrillos II,2020-12-24,7.357272305739489e-05
Cerrillos II,2020-12-25,3.8282122382192085e-05
Cerrillos II,2020-12-26,3.247955003264272e-05
Cerrillos II,2020-12-27,2.0353459146937077e-05
Cerrillos II,2020-12-28,5.274685171482032e-05
Cerrillos II,2020-12-29,6.88088606653887e-05
Cerrillos II,2020-12-30,9.163577937365237e-05
Cerrillos II,2020-12-31,5.403930358971128e-05
Cerrillos II,2021-01-01,2.25952801005644e-05
Cerrillos II,2021-01-02,3.665994498159541e-05
Cerrillos II,2021-01-03,2.4231741374810174e-05
Cerrillos II,2021-01-04,6.910100608396206e-05
Cerrillos II,2021-01-05,6.003073646545223e-05
Cerrillos II,2021-01-07,6.46085908289532e-05
Cerrillos II,2021-01-08,6.565946291475497e-05
Cerrillos II,2021-01-10,1.965317639383789e-05
Cerrillos II,2021-01-11,6.42718760882641e-05
Cerrillos II,2021-01-12,6.56580917311774e-05
Cerrillos II,2021-01-13,7.40694116743967e-05
Cerrillos II,2021-01-14,6.867312241655614e-05
Cerrillos II,2021-01-15,9.658696134969526e-05
Cerrillos II,2021-01-16,2.765268111263503e-05
Cerrillos II,2021-01-17,2.4301680983297818e-05
Cerrillos II,2021-01-18,7.184623829170146e-05
Cerrillos II,2021-01-19,6.269141009151835e-05
Cerrillos II,2021-01-20,8.992293428498661e-05
Cerrillos II,2021-01-21,8.780733289305386e-05
Cerrillos II,2021-01-22,8.996592933950995e-05
Cerrillos II,2021-01-23,3.708921566562966e-05
Cerrillos II,2021-01-24,3.349664872647886e-05
Cerrillos II,2021-01-25,4.9688296414886664e-05
Cerrillos II,2021-01-26,7.298353667367798e-05
Cerrillos II,2021-01-27,6.199865798905994e-05
Cerrillos II,2021-01-31,4.792883738424051e-05
Cerrillos II,2021-02-01,7.6975865570235e-05
Cerrillos II,2021-02-02,9.471167667045477e-05
Cerrillos II,2021-02-03,0.00014482122596041103
Cerrillos II,2021-02-04,0.00011554263126616036
Cerrillos II,2021-02-05,0.00011742601966440783
Cerrillos II,2021-02-06,0.0001088463395717556
Cerrillos II,2021-02-07,5.625705241184735e-05
Cerrillos II,2021-02-08,7.515371680100908e-05
Cerrillos II,2021-02-09,8.226916568900463e-05
Cerrillos II,2021-02-10,0.0001072015232942314
Cerrillos II,2021-02-12,5.519770150518348e-05
Cerrillos II,2021-02-13,3.59348550262552e-05
Cerrillos II,2021-02-14,2.2064534022794834e-05
Cerrillos II,2021-02-15,7.170476617402993e-05
Cerrillos II,2021-02-17,7.64814846292397e-05
Cerrillos II,2021-02-18,7.118242910796228e-05
Cerrillos II,2021-02-19,8.003860337079965e-05
Cerrillos II,2021-02-20,4.92452447157792e-05
Cerrillos II,2021-02-21,3.132752344181981e-05
Cerrillos II,2021-02-22,9.52998986306421e-05
Cerrillos II,2021-02-23,0.00011527589697459803
Cerrillos II,2021-02-24,7.85533187466735e-05
Cerrillos II,2021-02-25,7.464999496269268e-05
Cerrillos II,2021-02-26,0.00011539382961700621
Cerrillos II,2021-02-27,8.345941449810883e-05
Cerrillos II,2021-02-28,3.737128084755076e-05
Cerrillos II,2021-03-02,5.1696604644781354e-05
Cerrillos II,2021-03-03,4.909382849816621e-05
Cerrillos II,2021-03-04,9.772048346096331e-05
Cerrillos II,2021-03-05,6.908572684099162e-05
Cerrillos II,2021-03-06,3.9559118163065756e-05
Cerrillos II,2021-03-07,3.7600126317835165e-05
Cerrillos II,2021-03-08,6.314683642246132e-05
Cerrillos II,2021-03-09,5.933765624237678e-05
Cerrillos II,2021-03-10,4.457232038130381e-05
Cerrillos II,2021-03-12,5.4758338191967615e-05
Cerrillos II,2021-03-13,5.212269358921107e-05
Cerrillos II,2021-03-14,2.5455645979918133e-05
Cerrillos II,2021-03-19,0.0001305470488839155
Cerrillos II,2021-03-20,0.00013935781630732938
Cerrillos II,2021-03-21,3.731592798917799e-05
Cerrillos II,2021-03-22,0.00021349928991005264
Cerrillos II,2021-03-23,9.84106129181878e-05
Cerrillos II,2021-03-24,8.562132399033459e-05
Cerrillos II,2021-03-25,8.137855887348279e-05
Cerrillos II,2021-03-26,0.00024279827997340683
Cerrillos II,2021-03-27,9.975670098717567e-05
Cerrillos II,2021-03-28,4.588222091222954e-05
Cerrillos II,2021-03-29,0.00010552215981702543
Cerrillos II,2021-03-30,0.0001324854238708552
Cerrillos II,2021-03-31,0.00019014831366334127
Cerrillos II,2021-04-01,0.00016498550927224263
Cerrillos II,2021-04-03,6.587904320155656e-05
Cerrillos II,2021-04-05,0.0005185758183470239
Cerrillos II,2021-04-06,0.0002150413855249501
Cerrillos II,2021-04-07,8.867446095277345e-05
Cerrillos II,2021-04-08,0.0001288574324476231
Cerrillos II,2021-04-09,0.0001292002206137452
Cerrillos II,2021-04-10,0.0001010327516956922
Cerrillos II,2021-04-11,0.00012507956325564436
Cerrillos II,2021-04-12,0.00026324731641984257
Cerrillos II,2021-04-13,0.0001524505382043051
Cerrillos II,2021-04-14,0.00022856765662438678
Cerrillos II,2021-04-15,0.0002418677317391451
Cerrillos II,2021-04-16,0.00041781413031863216
Cerrillos II,2021-04-17,0.00020042009198612795
Cerrillos II,2021-04-18,8.915355885569889e-05
Cerrillos II,2021-04-19,0.00017622793263273926
Cerrillos II,2021-04-20,0.0003725365025249979
Cerrillos II,2021-04-21,0.00012857178964617648
Cerrillos II,2021-04-22,0.00042529790516709985
Cerrillos II,2021-04-24,0.00023403609183554928
Cerrillos II,2021-04-25,0.00011008873909311407
Cerrillos II,2021-04-26,0.0005143129380925999
Cerrillos II,2021-04-27,0.00034175277788089193
Cerrillos II,2021-04-28,0.0004746938683761428
Cerrillos II,2021-04-29,0.00025125402154207944
Cerrillos II,2021-04-30,0.0003511399680654864
Cerrillos II,2021-05-03,0.00013777993786734798
Cerrillos II,2021-05-05,0.00022369156196794184
Cerrillos II,2021-05-06,0.0003553690717136307
Cerrillos II,2021-05-07,0.00035228035896088175
Cerrillos II,2021-05-09,0.00012273663726271688
Cerrillos II,2021-05-10,0.0003210578028889031
Cerrillos II,2021-05-11,0.0006871572284961293
Cerrillos II,2021-05-12,0.0006737525675503946
Cerrillos II,2021-05-14,0.0011395894215985069
Cerrillos II,2021-05-17,0.0006173278102566655
Cerrillos II,2021-05-21,0.0002322248992961792
Cerrillos II,2021-05-22,0.0006919138005118562
Cerrillos II,2021-05-23,0.0005719176937928752
Cerrillos II,2021-05-24,0.0012043839412420752
Cerrillos II,2021-05-25,0.0008699719052121316
Cerrillos II,2021-05-26,0.0016610177479441583
Cerrillos II,2021-05-27,0.0005994778442067968
Cerrillos II,2021-05-28,0.00042993060441126737
Cerrillos II,2021-05-30,0.0008793036701051328
Cerrillos II,2021-05-31,0.0009943529687332937
Cerrillos II,2021-06-02,0.0012524805230278043
Cerrillos II,2021-06-03,0.0015873871439735458
Cerrillos II,2021-06-07,0.0008508063816934719
Cerrillos II,2021-06-08,0.000946486857947535
Cerrillos II,2021-06-10,0.0013837662356121284
Cerrillos II,2021-06-11,0.0009658941564553724
Cerrillos II,2021-06-12,0.0004327469360047988
Cerrillos II,2021-06-13,0.0003880686591757446
Cerrillos II,2021-06-15,0.0007312602502300851
Cerrillos II,2021-06-16,0.0010466271923195581
Cerrillos II,2021-06-17,0.00040888051794522407
Cerrillos II,2021-06-18,0.001003614975770761
Cerrillos II,2021-06-19,0.0008916367946531278
Cerrillos II,2021-06-26,0.00039271599999261
Cerrillos II,2021-06-27,0.0004977737664801467
Cerrillos II,2021-06-28,0.0004472353224059132
Cerrillos II,2021-06-29,0.0010928795706761794
Cerrillos II,2021-07-01,0.0007475071486736252
Cerrillos II,2021-07-02,0.000791517167948678
Cerrillos II,2021-07-04,0.0006109401752708491
Cerrillos II,2021-07-05,0.0009695928577480886
Cerrillos II,2021-07-06,0.0005724451336245419
Cerrillos II,2021-07-07,0.0008321973898372831
Cerrillos II,2021-07-08,0.000985092104497281
Cerrillos II,2021-07-10,0.0015624384043385403
Cerrillos II,2021-07-13,0.0010243185052086603
Cerrillos II,2021-07-14,0.0021897107368638704
Cerrillos II,2021-07-15,0.0018931237640723844
Cerrillos II,2021-07-16,0.0014583821111868016
Cerrillos II,2021-07-17,0.0006915237379050664
Cerrillos II,2021-07-18,0.0004162367807630127
Cerrillos II,2021-07-19,0.0015952919061786018
Cerrillos II,2021-07-20,0.0019027085793372797
Cerrillos II,2021-07-21,0.0016082889694402607
Cerrillos II,2021-07-23,0.0010014754914039186
Cerrillos II,2021-07-25,0.00030415899976914503
Cerrillos II,2021-07-26,0.00042009012269679714
Cerrillos II,2021-07-27,0.0008401569935129435
Cerrillos II,2021-07-28,0.0013272239192512884
Cerrillos II,2021-07-29,0.0014221136879287214
Cerrillos II,2021-07-30,0.001631821446548112
Cerrillos II,2021-07-31,0.0011911395455962916
Cerrillos II,2021-08-01,0.0004474289178779027
Cerrillos II,2021-08-02,0.0007338308900918205
Cerrillos II,2021-08-03,0.0010380270584098058
Cerrillos II,2021-08-04,0.0007165404750330551
Cerrillos II,2021-08-05,0.0010901620290913621
Cerrillos II,2021-08-06,0.0009669323872058138
Cerrillos II,2021-08-09,0.0006256534289648956
Cerrillos II,2021-08-10,0.0014822968038763413
Cerrillos II,2021-08-11,0.0010014273485585126
Cerrillos II,2021-08-12,0.0007837688337580563
Cerrillos II,2021-08-13,0.000912523964312683
Cerrillos II,2021-08-22,0.00036955614181290386
Cerrillos II,2021-08-24,0.00034462736632094614
Cerrillos II,2021-08-25,0.0006288058961306547
Cerrillos II,2021-08-26,0.001224570616589445
Cerrillos II,2021-08-29,9.730392936623878e-05
Cerrillos II,2021-08-30,0.00043083128213216725
Cerrillos II,2021-08-31,0.0009622328925108887
Cerrillos II,2021-09-02,0.0006888602386047625
Cerrillos II,2021-09-04,0.0003711670430535814
Cerrillos II,2021-09-05,0.0001268181152368243
Cerrillos II,2021-09-08,0.0006225439050418351
Cerrillos II,2021-09-09,0.0009587052681820294
Cerrillos II,2021-09-10,0.00040136487909838537
Cerrillos II,2021-09-14,0.00044492635389497805
Cerrillos II,2021-09-15,0.0006567984779543553
Cerrillos II,2021-09-16,0.0005651840727302064
Cerrillos II,2021-09-17,0.00026086053935765757
Cerrillos II,2021-09-18,0.00013150360779646536
Cerrillos II,2021-09-19,0.0001204549080738533
Cerrillos II,2021-09-20,0.0001771223425094365
Cerrillos II,2021-09-21,0.00018336024229713372
Cerrillos II,2021-09-22,0.0005293157886241087
Cerrillos II,2021-09-23,0.0009851191807423443
Cerrillos II,2021-09-24,0.00024292748844632108
Cerrillos II,2021-09-25,0.0001099842747995746
Cerrillos II,2021-09-26,9.274355992858641e-05
Cerrillos II,2021-09-27,0.0002180845120352211
Cerrillos II,2021-09-28,0.00031914592549007255
Cerrillos II,2021-09-30,0.00015963345313856298
Cerrillos II,2021-10-01,0.00010803792957986572
Cerrillos II,2021-10-02,0.00010056213780997147
Cerrillos II,2021-10-03,8.241118219688529e-05
Cerrillos II,2021-10-05,0.0001162352317386928
Cerrillos II,2021-10-06,0.00013240674260598325
Cerrillos II,2021-10-07,9.432345126086435e-05
Cerrillos II,2021-10-09,8.127540608612708e-05
Cerrillos II,2021-10-10,7.91630357798356e-05
Cerrillos II,2021-10-11,6.389054671037313e-05
Cerrillos II,2021-10-13,0.00015571830867232056
Cerrillos II,2021-10-15,0.0002654514681671579
Cerrillos II,2021-10-16,7.22785650480545e-05
Cerrillos II,2021-10-17,4.7163452114770415e-05
Cerrillos II,2021-10-18,0.00014219274112982168
Cerrillos II,2021-10-19,0.00018270542322097893
Cerrillos II,2021-10-20,0.00015531868575562966
Cerrillos II,2021-10-21,0.0001256303097546676
Cerrillos II,2021-10-22,9.379938073744136e-05
Cerrillos II,2021-10-23,8.840684675947073e-05
Cerrillos II,2021-10-24,7.102671150256679e-05
Cerrillos II,2021-10-25,0.00016113951503556498
Cerrillos II,2021-10-26,0.0001230538133558081
Cerrillos II,2021-10-27,7.146366994521259e-05
Cerrillos II,2021-10-28,0.00013292849088524607
Cerrillos II,2021-10-29,9.154934784048196e-05
Cerrillos II,2021-10-30,9.730953547249379e-05
Cerrillos II,2021-11-02,8.47432223835792e-05
Cerrillos II,2021-11-05,0.00011449186329610775
Cerrillos II,2021-11-06,3.7590852027840904e-05
Cerrillos II,2021-11-07,4.4040146906668185e-05
Cerrillos II,2021-11-08,9.740533121018866e-05
Cerrillos II,2021-11-09,6.58880416271615e-05
Cerrillos II,2021-11-10,8.712187098760513e-05
Cerrillos II,2021-11-11,6.488485551352848e-05
Cerrillos II,2021-11-12,7.359384895767849e-05
Cerrillos II,2021-11-13,5.303466515139625e-05
Cerrillos II,2021-11-14,5.7920966463444655e-05
Cerrillos II,2021-11-15,8.570472386778682e-05
Cerrillos II,2021-11-16,7.275335649390423e-05
Cerrillos II,2021-11-17,8.719043669418137e-05
Cerrillos II,2021-11-18,8.775563935742093e-05
Cerrillos II,2021-11-19,8.727617691400608e-05
Cerrillos II,2021-11-20,6.513587298090765e-05
Cerrillos II,2021-11-21,5.4370005049316227e-05
Cerrillos II,2021-11-22,7.17350606081855e-05
Cerrillos II,2021-11-23,6.440811103604852e-05
Cerrillos II,2021-11-24,0.00012150520277146623
Cerrillos II,2021-11-25,0.00010749619541358477
Cerrillos II,2021-11-26,6.612827156049443e-05
Cerrillos II,2021-11-27,4.981166620988071e-05
Cerrillos II,2021-11-28,4.7270031297225994e-05
Cerrillos II,2021-11-29,5.945483781041996e-05
Cerrillos II,2021-11-30,7.517719216562558e-05
Cerrillos II,2021-12-01,0.0001004767449586753
Cerrillos II,2021-12-02,6.16289414904128e-05
Cerrillos II,2021-12-03,6.287428543729372e-05
Cerrillos II,2021-12-04,6.741811873061736e-05
Cerrillos II,2021-12-05,4.485905473874987e-05
Cerrillos II,2021-12-06,9.067038732062445e-05
Cerrillos II,2021-12-07,9.671842139278539e-05
Cerrillos II,2021-12-08,3.846194515306752e-05
Cerrillos II,2021-12-09,5.7680086540605956e-05
Cerrillos II,2021-12-10,6.338695060093272e-05
Cerrillos II,2021-12-12,4.2212389948408316e-05
Cerrillos II,2021-12-13,6.998333842873287e-05
Cerrillos II,2021-12-14,7.927665664983166e-05
Cerrillos II,2021-12-15,8.843416873105326e-05
Cerrillos II,2021-12-16,7.813456864483712e-05
Cerrillos II,2021-12-17,9.559048495562259e-05
Cerrillos II,2021-12-18,4.992869142993296e-05
Cerrillos II,2021-12-19,3.987549065937384e-05
Cerrillos II,2021-12-20,8.147074638820682e-05
Cerrillos II,2021-12-21,8.340481958105695e-05
Cerrillos II,2021-12-22,9.236662453853938e-05
Cerrillos II,2021-12-23,9.928431522073736e-05
Cerrillos II,2021-12-24,6.400260806090115e-05
Cerrillos II,2021-12-25,3.586401348392036e-05
Cerrillos II,2021-12-26,4.990381748103465e-05
Cerrillos II,2021-12-27,6.34888024167302e-05
Cerrillos II,2021-12-28,5.792038539210687e-05
Cerrillos II,2021-12-29,4.8468834396472215e-05
Cerrillos II,2021-12-30,4.962591480236052e-05
Cerrillos II,2021-12-31,4.30817991165087e-05
Cerrillos II,2022-01-01,2.9888211157506803e-05
Cerrillos II,2022-01-02,2.6689313867741318e-05
Cerrillos II,2022-01-03,4.484609216316867e-05
Cerrillos II,2022-01-04,4.8825918734453594e-05
Cerrillos II,2022-01-05,6.873524676384704e-05
Cerrillos II,2022-01-06,7.267314882646206e-05
Cerrillos II,2022-01-07,8.204427818091377e-05
Cerrillos II,2022-01-08,3.930104519996142e-05
Cerrillos II,2022-01-09,1.6055692019843936e-05
Cerrillos II,2022-01-10,6.208654462953464e-05
Cerrillos II,2022-01-11,6.577311530165282e-05
Cerrillos II,2022-01-12,6.436769100889887e-05
Cerrillos II,2022-01-13,7.358223228948204e-05
Cerrillos II,2022-01-14,6.783614547239713e-05
Cerrillos II,2022-01-15,4.108854442894582e-05
Cerrillos II,2022-01-16,3.508269702315306e-05
Cerrillos II,2022-01-18,9.46489085952732e-05
Cerrillos II,2022-01-19,6.032815212701488e-05
Cerrillos II,2022-01-20,4.056189933358557e-05
Cerrillos II,2022-01-21,7.388297912768721e-05
Cerrillos II,2022-01-22,3.7999581393376306e-05
Cerrillos II,2022-01-23,3.459526465182251e-05
Cerrillos II,2022-01-24,6.883671602604685e-05
Cerrillos II,2022-01-25,5.5662481067257654e-05
Cerrillos II,2022-01-26,5.3906800770345576e-05
Cerrillos II,2022-01-27,5.930222469225257e-05
Cerrillos II,2022-01-28,7.614735143694496e-05
Cerrillos II,2022-01-29,4.1878872903734525e-05
Cerrillos II,2022-01-30,3.997020488943376e-05
Cerrillos II,2022-01-31,5.9085075265151676e-05
Cerrillos II,2022-02-01,6.2637622581634e-05
Cerrillos II,2022-02-02,7.129416314814777e-05
Cerrillos II,2022-02-03,5.098840190987956e-05
Cerrillos II,2022-02-04,5.970630153739011e-05
Cerrillos II,2022-02-05,4.280122561578664e-05
Cerrillos II,2022-02-06,3.304793863802178e-05
Cerrillos II,2022-02-07,6.375785610717982e-05
Cerrillos II,2022-02-08,8.202666348508465e-05
Cerrillos II,2022-02-09,8.328603028296119e-05
Cerrillos II,2022-02-10,8.077800324461008e-05
Cerrillos II,2022-02-11,7.342142274062076e-05
Cerrillos II,2022-02-12,4.87814733226995e-05
Cerrillos II,2022-02-13,5.0201027640310785e-05
Cerrillos II,2022-02-14,8.978119666771196e-05
Cerrillos II,2022-02-15,6.271643013925562e-05
Cerrillos II,2022-02-16,6.674693873124543e-05
Cerrillos II,2022-02-17,9.24989109164201e-05
Cerrillos II,2022-02-18,8.742062063314267e-05
Cerrillos II,2022-02-19,5.659040483056484e-05
Cerrillos II,2022-02-21,4.356760623812535e-05
Cerrillos II,2022-02-22,6.1025341067051825e-05
Cerrillos II,2022-02-23,5.176617875889542e-05
Cerrillos II,2022-02-24,0.00012563562711184783
Cerrillos II,2022-02-25,0.00011421997029687377
Cerrillos II,2022-02-26,8.695141538991147e-05
Cerrillos II,2022-02-27,2.070380385027711e-05
Cerrillos II,2022-02-28,8.564949853047025e-05
Cerrillos II,2022-03-01,9.613508445511175e-05
Cerrillos II,2022-03-02,9.504665184396782e-05
Cerrillos II,2022-03-03,5.668372849891457e-05
Cerrillos II,2022-03-04,3.917376435547904e-05
Cerrillos II,2022-03-05,4.7740653682314116e-05
Cerrillos II,2022-03-07,0.0001261164664132527
Cerrillos II,2022-03-08,6.385083798091012e-05
Cerrillos II,2022-03-09,6.272705161775344e-05
Cerrillos II,2022-03-10,0.00013013091972522608
Cerrillos II,2022-03-11,6.74603954987848e-05
Cerrillos II,2022-03-12,4.579422551028535e-05
Cerrillos II,2022-03-13,6.827819838282167e-05
Cerrillos II,2022-03-14,9.6408117921288e-05
Cerrillos II,2022-03-15,7.192629280869906e-05
Cerrillos II,2022-03-16,5.753001290459973e-05
Cerrillos II,2022-03-17,0.00015234418048257217
Cerrillos II,2022-03-18,0.00016989493228504885
Cerrillos II,2022-03-20,3.1429673675372025e-05
Cerrillos II,2022-03-21,0.00013809730111348116
Cerrillos II,2022-03-22,0.00022340031343241518
Cerrillos II,2022-03-23,8.808646511946882e-05
Cerrillos II,2022-03-24,0.00022224794435855586
Cerrillos II,2022-03-25,0.00011811691460240141
Cerrillos II,2022-03-26,6.229829752231338e-05
Cerrillos II,2022-03-27,0.00018124179685601299
Cerrillos II,2022-03-28,0.00013118478093624718
Cerrillos II,2022-03-29,0.0001288659843657164
Cerrillos II,2022-03-30,0.00024635242527092907
Cerrillos II,2022-03-31,0.00019914984476996427
Cerrillos II,2022-04-01,0.00024656135075457573
Cerrillos II,2022-04-02,0.00010112082173968143
Cerrillos II,2022-04-03,0.00011806374603605417
Cerrillos II,2022-04-04,0.000276524044125586
Cerrillos II,2022-04-05,0.0001341354905205968
Cerrillos II,2022-04-06,0.000199263686280805
Cerrillos II,2022-04-07,0.00024737018543134146
Cerrillos II,2022-04-08,0.00024384086394435385
Cerrillos II,2022-04-09,7.234849980864711e-05
Cerrillos II,2022-04-10,5.198862738851124e-05
Cerrillos II,2022-04-11,0.00023068698508438182
Cerrillos II,2022-04-13,0.0005291668533089284
Cerrillos II,2022-04-14,0.00025428938878539536
Cerrillos II,2022-04-15,0.00015934529205517304
Cerrillos II,2022-04-16,9.990145330772479e-05
Cerrillos II,2022-04-17,7.975819199187844e-05
Cerrillos II,2022-04-18,0.0001928110919676398
Cerrillos II,2022-04-19,0.0006478559262297105
Cerrillos II,2022-04-20,0.00029533605541517786
Cerrillos II,2022-04-22,0.0004555279057278926
Cerrillos II,2022-04-23,0.00021000720310409142
Cerrillos II,2022-04-24,9.905059436449281e-05
Cerrillos II,2022-04-25,0.00021883394069438988
Cerrillos II,2022-04-28,0.0008265648675989602
Cerrillos II,2022-04-29,0.0011553561119952518
Cerrillos II,2022-04-30,0.000600538928170311
Cerrillos II,2022-05-02,0.0007924858010867105
Cerrillos II,2022-05-03,0.0009427215310378598
Cerrillos II,2022-05-04,0.00033475498661952993
Cerrillos II,2022-05-05,0.00040985475524398765
Cerrillos II,2022-05-06,0.0006323897761710214
Cerrillos II,2022-05-07,0.00026118498484514643
Cerrillos II,2022-05-09,0.001388552767998322
Cerrillos II,2022-05-10,0.0013401626936272932
Cerrillos II,2022-05-13,0.0009445964524151396
Cerrillos II,2022-05-15,0.0002596430777797798
Cerrillos II,2022-05-16,0.0006849291645396043
Cerrillos II,2022-05-17,0.0007775739679925712
Cerrillos II,2022-05-18,0.0007237775974391818
Cerrillos II,2022-05-19,0.0005831155632459363
Cerrillos II,2022-05-20,0.0004356657193611119
Cerrillos II,2022-05-21,0.0007356869439394359
Cerrillos II,2022-05-25,0.0005896835822961784
Cerrillos II,2022-05-29,0.0004023985581431289
Cerrillos II,2022-05-30,0.0007738487279766088
Cerrillos II,2022-05-31,0.001036184797672768
Cerrillos II,2022-06-01,0.0010032067119275186
Cerrillos II,2022-06-05,0.00021929703978565586
Cerrillos II,2022-06-06,0.0011122942960088995
Cerrillos II,2022-06-07,0.0019825769281918435
Cerrillos II,2022-06-09,0.0013558416711505956
Cerrillos II,2022-06-10,0.001219421508859771
Cerrillos II,2022-06-11,0.0007958159640950368
Cerrillos II,2022-06-12,0.0006402073917378912
Cerrillos II,2022-06-14,0.0006357570231703465
Cerrillos II,2022-06-15,0.0010731372581297071
Cerrillos II,2022-06-17,0.0016547424353368478
Cerrillos II,2022-06-28,0.000593640130947313
Cerrillos II,2022-07-02,0.0010181721530284858
Cerrillos II,2022-07-04,0.0011213313758777692
Cerrillos II,2022-07-05,0.0014570357376040932
Cerrillos II,2022-07-08,0.0006640551968476148
Cerrillos II,2022-07-12,0.0017213707405990214
Cerrillos II,2022-07-19,0.0007449568358696734
Cerrillos II,2022-07-20,0.0008103619963467775
Cerrillos II,2022-07-21,0.0005984330707291119
Cerrillos II,2022-07-22,0.0012798746119423137
Cerrillos II,2022-07-23,0.0006905463279936238
Cerrillos II,2022-07-24,0.0003977106155346185
Cerrillos II,2022-07-26,0.00041993408890985
Cerrillos II,2022-07-28,0.0008119864961458421
Cerrillos II,2022-07-31,0.00034720983326972494
Cerrillos II,2022-08-01,0.0004497048673048517
Cerrillos II,2022-08-02,0.0010173353883902482
Cerrillos II,2022-08-03,0.0004115895508307372
Cerrillos II,2022-08-04,0.0009800042377130613
Cerrillos II,2022-08-05,0.0007809532602845442
Cerrillos II,2022-08-08,0.0008521159289012532
Cerrillos II,2022-08-10,0.00042674058023576785
Cerrillos II,2022-08-11,0.00036230583952890933
Cerrillos II,2022-08-12,0.000694919901645244
Cerrillos II,2022-08-13,0.00034815153634613617
Cerrillos II,2022-08-15,0.00011089584756217634
Cerrillos II,2022-08-18,0.0010476590306917695
Cerrillos II,2022-08-19,0.0008755082269788631
Cerrillos II,2022-08-20,0.0007413922999458419
Cerrillos II,2022-08-21,0.0002758949276515017
Cerrillos II,2022-08-23,0.0006934907118900167
Cerrillos II,2022-08-25,0.0014119173654308088
Cerrillos II,2022-08-27,0.00019399567494459612
Cerrillos II,2022-08-28,0.00028752332147681883
Cerrillos II,2022-08-29,0.00022954619291476455
Cerrillos II,2022-08-30,0.0003528599910386787
Cerrillos II,2022-09-02,0.0006670973083831658
Cerrillos II,2022-09-03,0.00034410111583818787
Cerrillos II,2022-09-04,0.00035351487095508407
Cerrillos II,2022-09-05,0.0005862843425405531
Cerrillos II,2022-09-06,0.0003104789505727084
Cerrillos II,2022-09-09,0.0008479882192119103
Cerrillos II,2022-09-10,0.00023091612718175328
Cerrillos II,2022-09-13,0.00043248690096185654
Cerrillos II,2022-09-14,0.00047735805011030587
Cerrillos II,2022-09-18,6.943891906238965e-05
Cerrillos II,2022-09-21,0.00018185129906636392
Cerrillos II,2022-09-22,0.0003437160907011656
Cerrillos II,2022-09-23,0.0004620575747881409
Cerrillos II,2022-09-25,7.197322516717199e-05
Cerrillos II,2022-09-26,0.0002758528122444869
Cerrillos II,2022-09-27,0.00014023869284600802
Cerrillos II,2022-09-28,0.00017349919094842428
Cerrillos II,2022-09-29,9.609961735957948e-05
Cerrillos II,2022-09-30,0.0003558907324636623
Cerrillos II,2022-10-01,8.092726566993664e-05
Cerrillos II,2022-10-02,6.652233409992525e-05
Cerrillos II,2022-10-06,0.00013502581006009449
Cerrillos II,2022-10-07,7.407726534924059e-05
Cerrillos II,2022-10-08,6.139655764866845e-05
Cerrillos II,2022-10-09,6.957659131553656e-05
Cerrillos II,2022-10-10,3.623578059095292e-05
Cerrillos II,2022-10-11,0.0001625856368811132
Cerrillos II,2022-10-12,0.00015379299149377443
Cerrillos II,2022-10-13,0.00014867584423040018
Cerrillos II,2022-10-14,0.0001484074979444369
Cerrillos II,2022-10-15,8.164538079892316e-05
Cerrillos II,2022-10-16,7.180552384592213e-05
Cerrillos II,2022-10-17,0.00010661798089570167
Cerrillos II,2022-10-18,9.246727539451171e-05
Cerrillos II,2022-10-19,7.699670372949263e-05
Cerrillos II,2022-10-20,0.00015201119884615633
Cerrillos II,2022-10-21,0.00012324878210515992
Cerrillos II,2022-10-22,0.00010666360074158227
Cerrillos II,2022-10-23,6.171655633717804e-05
Cerrillos II,2022-10-24,0.00010114094656664956
Cerrillos II,2022-10-25,7.596097588595292e-05
Cerrillos II,2022-10-26,0.00013184950772746705
Cerrillos II,2022-10-27,0.00011194632354598203
Cerrillos II,2022-10-28,0.00023608451494562933
Cerrillos II,2022-10-29,5.962163502510326e-05
Cerrillos II,2022-10-31,7.935097682822098e-05
Cerrillos II,2022-11-01,7.973609289546774e-05
Cerrillos II,2022-11-02,0.00014853249917574004
Cerrillos II,2022-11-05,6.822606783782529e-05
Cerrillos II,2022-11-07,9.434353282376483e-05
Cerrillos II,2022-11-10,6.172626091276989e-05
Cerrillos II,2022-11-14,7.948489576158684e-05
Cerrillos II,2022-11-15,7.435704526180856e-05
Cerrillos II,2022-11-16,8.495025209179085e-05
Cerrillos II,2022-11-17,8.776943565190227e-05
Cerrillos II,2022-11-18,9.525531616260954e-05
Cerrillos II,2022-11-19,4.012302289418251e-05
Cerrillos II,2022-11-20,3.149892384506575e-05
Cerrillos II,2022-11-21,0.00010265410794298318
Cerrillos II,2022-11-22,9.64019338618923e-05
Cerrillos II,2022-11-23,9.177133345374522e-05
Cerrillos II,2022-11-24,7.709537251794118e-05
Cerrillos II,2022-11-25,5.99856512824531e-05
Cerrillos II,2022-11-26,4.461690504817593e-05
Cerrillos II,2022-11-27,3.509374451621e-05
Cerrillos II,2022-11-28,5.821087711392787e-05
Cerrillos II,2022-11-29,6.547238898724519e-05
Cerrillos II,2022-11-30,7.478804473951583e-05
Cerrillos II,2022-12-01,6.458592908293712e-05
Cerrillos II,2022-12-02,8.08725745666046e-05
Cerrillos II,2022-12-03,5.749479097286455e-05
Cerrillos II,2022-12-04,4.9011479147749664e-05
Cerrillos II,2022-12-05,5.809747297876101e-05
Cerrillos II,2022-12-06,6.838356676122972e-05
Cerrillos II,2022-12-07,6.311351380883714e-05
Cerrillos II,2022-12-08,5.983605523177001e-05
Cerrillos II,2022-12-09,6.699352972745285e-05
Cerrillos II,2022-12-10,5.822448456768917e-05
Cerrillos II,2022-12-11,2.517318590066724e-05
Cerrillos II,2022-12-12,8.290479872022916e-05
Cerrillos II,2022-12-13,8.562631451149585e-05
Cerrillos II,2022-12-14,6.761178937546853e-05
Cerrillos II,2022-12-15,0.00011721125020314602
Cerrillos II,2022-12-16,5.784961281387613e-05
Cerrillos II,2022-12-17,2.477599959239532e-05
Cerrillos II,2022-12-18,3.0751512794183856e-05
Cerrillos II,2022-12-19,6.860680946046537e-05
Cerrillos II,2022-12-20,0.00010210471889903848
Cerrillos II,2022-12-21,7.17552153167775e-05
Cerrillos II,2022-12-22,5.836046662402478e-05
Cerrillos II,2022-12-23,5.799220256910636e-05
Cerrillos II,2022-12-24,4.783656760319598e-05
Cerrillos II,2022-12-25,2.5362710184055778e-05
Cerrillos II,2022-12-27,4.787484244824424e-05
Cerrillos II,2022-12-28,6.978943435433976e-05
Cerrillos II,2022-12-29,8.073477676918752e-05
Cerrillos II,2022-12-30,7.489803793732975e-05
Cerrillos II,2023-01-01,3.0028247924152678e-05
Cerrillos II,2023-01-02,3.6794211072925164e-05
Cerrillos II,2023-01-03,7.057497301646511e-05
Cerrillos II,2023-01-04,8.207613815064096e-05
Cerrillos II,2023-01-05,6.459607196302437e-05
Cerrillos II,2023-01-06,5.334466869679754e-05
Cerrillos II,2023-01-07,3.273539249408715e-05
Cerrillos II,2023-01-08,3.267765272786946e-05
Cerrillos II,2023-01-09,4.615955196457398e-05
Cerrillos II,2023-01-10,8.839792629892716e-05
Cerrillos II,2023-01-11,7.720095518963802e-05
Cerrillos II,2023-01-12,4.124096998578542e-05
Cerrillos II,2023-01-13,8.39345743958685e-05
Cerrillos II,2023-01-14,2.8880559544762058e-05
Cerrillos II,2023-01-15,2.8124013558609646e-05
Cerrillos II,2023-01-16,5.406869903544455e-05
Cerrillos II,2023-01-17,4.89136425338797e-05
Cerrillos II,2023-01-18,4.9480363676394494e-05
Cerrillos II,2023-01-19,4.168206040924125e-05
Cerrillos II,2023-01-20,5.910762035948033e-05
Cerrillos II,2023-01-21,2.9080383244668337e-05
Cerrillos II,2023-01-22,2.6331772252179402e-05
Cerrillos II,2023-01-23,4.576400207838525e-05
Cerrillos II,2023-01-24,6.12004691638192e-05
Cerrillos II,2023-01-25,6.250385475021628e-05
Cerrillos II,2023-01-26,5.802011570221854e-05
Cerrillos II,2023-01-27,7.469474855675095e-05
Cerrillos II,2023-01-28,4.493927537083831e-05
Cerrillos II,2023-01-29,3.6505012651259825e-05
Cerrillos II,2023-01-30,5.9852258795049425e-05
Cerrillos II,2023-01-31,7.210580257563422e-05
Cerrillos II,2023-02-01,6.4527178770731e-05
Cerrillos II,2023-02-02,7.210532849454302e-05
Cerrillos II,2023-02-03,5.861052077852471e-05
Cerrillos II,2023-02-04,5.654791215326469e-05
Cerrillos II,2023-02-05,4.2687826587592216e-05
Cerrillos II,2023-02-06,8.053810153608587e-05
Cerrillos II,2023-02-07,6.579427479610011e-05
Cerrillos II,2023-02-08,6.533607030425059e-05
Cerrillos II,2023-02-09,8.865050152659465e-05
Cerrillos II,2023-02-10,8.54251146582091e-05
Cerrillos II,2023-02-11,7.240261563740366e-05
Cerrillos II,2023-02-12,4.4156895199252605e-05
Cerrillos II,2023-02-13,5.817342089356095e-05
Cerrillos II,2023-02-14,8.289901491084394e-05
Cerrillos II,2023-02-15,7.30899031720412e-05
Cerrillos II,2023-02-16,6.933593448091062e-05
Cerrillos II,2023-02-17,8.033957260999918e-05
Cerrillos II,2023-02-18,3.8429730344725426e-05
Cerrillos II,2023-02-19,2.0634998851027486e-05
Cerrillos II,2023-02-20,9.125380293544413e-05
Cerrillos II,2023-02-21,7.984636755985135e-05
Cerrillos II,2023-02-22,7.200360668984735e-05
Cerrillos II,2023-02-23,6.873905783071676e-05
Cerrillos II,2023-02-24,3.8889535062480786e-05
Cerrillos II,2023-02-25,3.8265898754226275e-05
Cerrillos II,2023-02-26,3.7507946624104114e-05
Cerrillos II,2023-02-27,0.00010335521801607705
Cerrillos II,2023-02-28,6.382993532400667e-05
Cerrillos II,2023-03-01,9.205048459879821e-05
Cerrillos II,2023-03-02,0.00010587661574019647
Cerrillos II,2023-03-03,6.0837705540261624e-05
Cerrillos II,2023-03-04,6.300907074828927e-05
Cerrillos II,2023-03-05,3.7344395138253274e-05
Cerrillos II,2023-03-06,5.34889302085647e-05
Cerrillos II,2023-03-07,6.454720575190736e-05
Cerrillos II,2023-03-08,4.7181962465360266e-05
Cerrillos II,2023-03-09,4.0167984624113535e-05
Cerrillos II,2023-03-10,6.477388039926487e-05
Cerrillos II,2023-03-11,4.352736426418628e-05
Cerrillos II,2023-03-12,2.54435059817324e-05
Cerrillos II,2023-03-13,6.738505170904364e-05
Cerrillos II,2023-03-14,7.424504342796744e-05
Cerrillos II,2023-03-15,5.760839772373362e-05
Cerrillos II,2023-03-16,4.473162772133428e-05
Cerrillos II,2023-03-17,8.408254358103747e-05
Cerrillos II,2023-03-18,5.1924001881586446e-05
Cerrillos II,2023-03-19,3.575392459320541e-05
Cerrillos II,2023-03-20,5.074125627843995e-05
Cerrillos II,2023-03-21,0.00010171068103878681
Cerrillos II,2023-03-22,0.00011828009902191647
Cerrillos II,2023-03-23,0.0001004076634605873
Cerrillos II,2023-03-24,0.00015661092319672616
Cerrillos II,2023-03-25,8.62925744862589e-05
Cerrillos II,2023-03-26,5.3250752983629896e-05
Cerrillos II,2023-03-27,0.00013426019099300673
Cerrillos II,2023-03-28,6.925426243161257e-05
Cerrillos II,2023-03-29,0.00012649837521841792
Cerrillos II,2023-03-30,0.00012807420200707426
Cerrillos II,2023-03-31,0.0003284123551561301
Cerrillos II,2023-04-01,0.00015990784151768996
Cerrillos II,2023-04-02,7.757779639897713e-05
Cerrillos II,2023-04-04,0.00023796663449227149
Cerrillos II,2023-04-06,0.00042896993254895133
Cerrillos II,2023-04-07,0.00013909249767446745
Cerrillos II,2023-04-08,6.740999158922984e-05
Cerrillos II,2023-04-09,0.0001022125437005311
Cerrillos II,2023-04-10,0.0004317252312386728
Cerrillos II,2023-04-11,0.00020331855069113987
Cerrillos II,2023-04-13,0.00010706637250834782
Cerrillos II,2023-04-15,0.00011981159276968476
Cerrillos II,2023-04-16,0.00010386686050575606
Cerrillos II,2023-04-17,0.0003147686192327723
Cerrillos II,2023-04-18,9.530630214354232e-05
Cerrillos II,2023-04-19,0.0005834282666150683
Cerrillos II,2023-04-20,0.00014358573674612301
Cerrillos II,2023-04-21,0.0003952388169792258
Cerrillos II,2023-04-22,0.0003844231536258262
Cerrillos II,2023-04-23,7.472014794484271e-05
Cerrillos II,2023-04-24,0.0001952785849326122
Cerrillos II,2023-04-25,0.0002567396631643671
Cerrillos II,2023-04-27,0.00036115164867337666
Cerrillos II,2023-04-30,0.00010552891287375238
Cerrillos II,2023-05-01,0.0002254491526032585
Cerrillos II,2023-05-02,0.0007969629118758042
Cerrillos II,2023-05-04,0.0006554687310970288
Cerrillos II,2023-05-05,0.00039552347751263485
Cerrillos II,2023-05-06,0.00029146526732640697
Cerrillos II,2023-05-08,0.0007967033663759794
Cerrillos II,2023-05-09,0.0007633072822309448
Cerrillos II,2023-05-11,0.00020514163906226203
Cerrillos II,2023-05-12,0.0005345207756558805
Cerrillos II,2023-05-13,0.0004225907992884253
Cerrillos II,2023-05-14,0.0001493185310749919
Cerrillos II,2023-05-15,0.0003672754182412826
Cerrillos II,2023-05-16,0.0002836019599893719
Cerrillos II,2023-05-17,0.00041046895879919
Cerrillos II,2023-05-19,0.0008969780655141176
Cerrillos II,2023-05-20,0.00042088609589625446
Cerrillos II,2023-06-01,0.000350983439085887
Cerrillos II,2023-06-02,0.0005933446674608648
Cerrillos II,2023-06-04,0.0003014132130192642
Cerrillos II,2023-06-05,0.0006270440766590427
Cerrillos II,2023-06-11,0.0002925322946095394
Cerrillos II,2023-06-12,0.000834129228772597
Cerrillos II,2023-06-13,0.0006309560296589205
Cerrillos II,2023-06-15,0.0009621348883154203
Cerrillos II,2023-06-16,0.0009318045151901818
Cerrillos II,2023-06-17,0.0007505613584705827
Cerrillos II,2023-06-19,0.000827969271418851
Cerrillos II,2023-06-29,0.00045448698035843705
Cerrillos II,2023-06-30,0.0008386339807065007
Cerrillos II,2023-07-01,0.0004496238543332483
Cerrillos II,2023-07-03,0.00046461044897332283
Cerrillos II,2023-07-04,0.00024022573011846948
Cerrillos II,2023-07-05,0.00035160664813538983
Cerrillos II,2023-07-10,0.00031801357765688393
Cerrillos II,2023-07-13,0.0006288998917510563
Cerrillos II,2023-07-16,0.0006232641118676421
Cerrillos II,2023-07-24,0.0007438495152333156
Cerrillos II,2023-07-25,0.0002290041105744604
Cerrillos II,2023-07-26,0.0005628672782368842
Cerrillos II,2023-07-27,0.001093873176144566
Cerrillos II,2023-07-29,0.0005090174135711476
Cerrillos II,2023-07-31,0.00044328864861077985
Cerrillos II,2023-08-01,0.0007166402731621736
Cerrillos II,2023-08-02,0.0006074316066458764
Cerrillos II,2023-08-03,0.000699372937185313
Cerrillos II,2023-08-04,0.00036353070652041063
Cerrillos II,2023-08-06,0.00016156961643344056
Cerrillos II,2023-08-08,0.0005204233165370953
Cerrillos II,2023-08-10,0.00012977570827629154
Cerrillos II,2023-08-11,0.0007054084391556161
Cerrillos II,2023-08-12,0.0006173293900517547
Cerrillos II,2023-08-13,0.0001764409454867328
Cerrillos II,2023-08-25,0.0002878265875952504
Cerrillos II,2023-08-26,0.0004598686312724382
Cerrillos II,2023-08-27,0.00034945100466466473
Cerrillos II,2023-08-29,0.00047769740509172787
Cerrillos II,2023-08-30,0.00027378516217767897
Cerrillos II,2023-08-31,0.00045989759757824824
Cerrillos II,2023-09-11,0.0003515718444858668
Cerrillos II,2023-09-14,0.0004366953469559841
Cerrillos II,2023-09-15,0.0003432740604376478
Cerrillos II,2023-09-16,7.515572975497462e-05
Cerrillos II,2023-09-24,0.0001338723717160772
Cerrillos II,2023-09-25,0.00011779480897707755
Cerrillos II,2023-09-26,0.00011706397930789027
Cerrillos II,2023-09-27,0.00023588928216350036
Cerrillos II,2023-09-28,0.00017445268670031588
Cerrillos II,2023-09-29,0.00028169475559251946
Cerrillos II,2023-09-30,8.337589895749263e-05
Cerrillos II,2023-10-04,0.0001629340840736407
Cerrillos II,2023-10-05,0.00010515788999896996
Cerrillos II,2023-10-06,0.00010114218452066549
Cerrillos II,2023-10-07,0.0001006285516732269
Cerrillos II,2023-10-08,4.000342447848502e-05
Cerrillos II,2023-10-09,8.036743619364106e-05
Cerrillos II,2023-10-11,0.00010742544933044475
Cerrillos II,2023-10-12,0.00014941367345434948
Cerrillos II,2023-10-14,8.786164392730311e-05
Cerrillos II,2023-10-15,7.175410711928815e-05
Cerrillos II,2023-10-16,0.00010904263223167934
Cerrillos II,2023-10-17,0.00011235590165510487
Cerrillos II,2023-10-18,0.0001461050545042632
Cerrillos II,2023-10-23,0.00014725420543063158
Cerrillos II,2023-10-24,0.00010098148308334858
Cerrillos II,2023-10-26,8.76008755172338e-05
Cerrillos II,2023-10-31,0.00017281261804086086
Cerrillos II,2023-11-02,0.00010083561661985773
Cerrillos II,2023-11-03,0.0001843311064414051
Cerrillos II,2023-11-04,7.80063034300879e-05
Cerrillos II,2023-11-05,4.770216948538209e-05
Cerrillos II,2023-11-06,6.951501848251574e-05
Cerrillos II,2023-11-07,7.897943354704984e-05
Cerrillos II,2023-11-08,8.500902554815358e-05
Cerrillos II,2023-11-09,0.00019243148066004176
Cerrillos II,2023-11-13,8.546217841313736e-05
Cerrillos II,2023-11-14,6.170862487361918e-05
Cerrillos II,2023-11-15,0.00011179395079971474
Cerrillos II,2023-11-16,0.00010209185196438998
Cerrillos II,2023-11-19,5.2786548144358326e-05
Cerrillos II,2023-11-20,9.941326903416485e-05
Cerrillos II,2023-11-22,4.2251015910934116e-05
Cerrillos II,2023-11-23,5.79411184849131e-05
Cerrillos II,2023-11-24,5.5639380583887024e-05
Cerrillos II,2023-11-25,5.029414171318449e-05
Cerrillos II,2023-11-26,3.6641094481459125e-05
Cerrillos II,2023-11-27,6.369012055550553e-05
Cerrillos II,2023-11-28,7.17931678590943e-05
Cerrillos II,2023-11-29,9.058405550754477e-05
Cerrillos II,2023-11-30,6.770269032328467e-05
Cerrillos II,2023-12-01,6.388581773019321e-05
Cerrillos II,2023-12-02,6.818961837510704e-05
Cerrillos II,2023-12-03,2.6015486786182815e-05
Cerrillos II,2023-12-04,5.428739689632224e-05
Cerrillos II,2023-12-05,5.131938634273111e-05
Cerrillos II,2023-12-06,9.630291855467751e-05
Cerrillos II,2023-12-07,0.00011552925096591591
Cerrillos II,2023-12-08,3.5934761658429935e-05
Cerrillos II,2023-12-09,4.222581422381056e-05
Cerrillos II,2023-12-10,6.904612046721078e-05
Cerrillos II,2023-12-11,7.313425374787033e-05
Cerrillos II,2023-12-12,7.234541635208627e-05
Cerrillos II,2023-12-13,0.00010091054385289075
Cerrillos II,2023-12-14,4.5364635980541296e-05
Cerrillos II,2023-12-15,6.522148388623119e-05
Cerrillos II,2023-12-16,1.5553576056507696e-05
Cerrillos II,2023-12-17,4.2504131220921205e-05
Cerrillos II,2023-12-18,8.623955980799363e-05
Cerrillos II,2023-12-19,5.896570286148031e-05
Cerrillos II,2023-12-21,7.192442330185651e-05
Cerrillos II,2023-12-22,9.429341047736186e-05
Cerrillos II,2023-12-24,3.4836518437812825e-05
Cerrillos II,2023-12-25,5.216944666066415e-05
Cerrillos II,2023-12-26,6.51979300114031e-05
Cerrillos II,2023-12-29,8.7225102612857e-05
Cerrillos II,2023-12-30,4.027398209684041e-05
Cerrillos II,2023-12-31,3.347247268515097e-05
Cerrillos II,2024-01-01,3.495236530253462e-05
Cerrillos II,2024-01-02,6.607694197424421e-05
Cerrillos II,2024-01-03,7.760055446408137e-05
Cerrillos II,2024-01-04,5.3221099679912e-05
Cerrillos II,2024-01-05,5.232099707716209e-05
Cerrillos II,2024-01-06,4.0886484857690924e-05
Cerrillos II,2024-01-07,2.7228618634778835e-05
Cerrillos II,2024-01-08,6.812905539129103e-05
Cerrillos II,2024-01-09,5.8977723841817066e-05
Cerrillos II,2024-01-10,5.261735348576736e-05
Cerrillos II,2024-01-11,6.893094907340262e-05
Cerrillos II,2024-01-12,8.183159123158859e-05
Cerrillos II,2024-01-13,4.020888041108931e-05
Cerrillos II,2024-01-14,3.663915491032874e-05
Cerrillos II,2024-01-15,4.9226096156583393e-05
Cerrillos II,2024-01-16,8.67289024704992e-05
Cerrillos II,2024-01-17,6.493987278923034e-05
Cerrillos II,2024-01-18,7.934210170778651e-05
Cerrillos II,2024-01-19,0.0001114968696434755
Cerrillos II,2024-01-20,4.403544000055476e-05
Cerrillos II,2024-01-21,3.8690331009992816e-05
Cerrillos II,2024-01-22,6.287659110633072e-05
Cerrillos II,2024-01-23,7.070041091258057e-05
Cerrillos II,2024-01-24,9.078177863063466e-05
Cerrillos II,2024-01-25,6.195720886395722e-05
Cerrillos II,2024-01-26,5.816465733686818e-05
Cerrillos II,2024-01-27,4.473217324426231e-05
Cerrillos II,2024-01-28,3.313884835769566e-05
Cerrillos II,2024-01-29,5.5024395677417657e-05
Cerrillos II,2024-01-30,8.94114243775025e-05
Cerrillos II,2024-01-31,7.318944951572324e-05
Cerrillos II,2024-02-01,7.24651482332555e-05
Cerrillos II,2024-02-02,8.685129789932576e-05
Cerrillos II,2024-02-03,6.99700297936858e-05
Cerrillos II,2024-02-04,6.776807246533461e-05
Cerrillos II,2024-02-05,9.50266919628241e-05
Cerrillos II,2024-02-06,6.46738093615696e-05
Cerrillos II,2024-02-07,8.66964030675862e-05
Cerrillos II,2024-02-08,9.229952604675912e-05
Cerrillos II,2024-02-09,6.748512649786463e-05
Cerrillos II,2024-02-10,2.841552361400215e-05
Cerrillos II,2024-02-11,2.2551709521742142e-05
Cerrillos II,2024-02-12,7.970884423636672e-05
Cerrillos II,2024-02-13,8.769055545779876e-05
Cerrillos II,2024-02-14,9.422420721234376e-05
Cerrillos II,2024-02-15,9.59530901625776e-05
Cerrillos II,2024-02-16,7.077760678545561e-05
Cerrillos II,2024-02-17,3.942657824525758e-05
Cerrillos II,2024-02-18,4.1905880600563734e-05
Cerrillos II,2024-02-19,8.714324096232072e-05
Cerrillos II,2024-02-20,9.812891278091237e-05
Cerrillos II,2024-02-21,6.308502317869077e-05
Cerrillos II,2024-02-23,0.0001596449189163121
Cerrillos II,2024-02-24,6.628510777085643e-05
Cerrillos II,2024-02-25,4.8734454171113625e-05
Cerrillos II,2024-02-26,8.845779591546896e-05
Cerrillos II,2024-02-27,5.828530702160065e-05
Cerrillos II,2024-02-28,9.943874246764109e-05
Cerrillos II,2024-02-29,0.00011412283777557723
Cerrillos II,2024-03-01,5.209524661557241e-05
Cerrillos II,2024-03-03,4.3218463051533686e-05
Cerrillos II,2024-03-04,5.275192591831132e-05
Cerrillos II,2024-03-05,5.79179182659215e-05
Cerrillos II,2024-03-06,5.5878042331269176e-05
Cerrillos II,2024-03-07,5.740511126879941e-05
Cerrillos II,2024-03-08,7.12254793972832e-05
Cerrillos II,2024-03-09,5.260193831089567e-05
Cerrillos II,2024-03-10,4.060639401904667e-05
Cerrillos II,2024-03-11,4.993872450166699e-05
Cerrillos II,2024-03-12,9.98953460884881e-05
Cerrillos II,2024-03-13,0.00011138770625862206
Cerrillos II,2024-03-14,9.866921405725152e-05
Cerrillos II,2024-03-15,9.286547726969642e-05
Cerrillos II,2024-03-16,8.152289811617949e-05
Cerrillos II,2024-03-17,5.4057235463655465e-05
Cerrillos II,2024-03-18,0.0001076248154276984
Cerrillos II,2024-03-19,0.00010234417147049035
Cerrillos II,2024-03-21,0.0002357932781154395
Cerrillos II,2024-03-22,0.00013355098520634583
Cerrillos II,2024-03-23,6.238105674786525e-05
Cerrillos II,2024-03-24,6.256091690416488e-05
Cerrillos II,2024-03-25,6.264712889357589e-05
Cerrillos II,2024-03-26,0.0001470075244217745
Cerrillos II,2024-03-27,0.00013718740305961142
Cerrillos II,2024-03-28,0.00014857172616013542
Cerrillos II,2024-03-29,7.762669749146342e-05
Cerrillos II,2024-03-30,5.548250022125318e-05
Cerrillos II,2024-03-31,4.1957827214844615e-05
Cerrillos II,2024-04-04,0.00031260119705750895
Cerrillos II,2024-04-05,0.0001230479794232675
Cerrillos II,2024-04-06,8.40694004941087e-05
Cerrillos II,2024-04-07,0.0001132575141619761
Cerrillos II,2024-04-08,0.00018922384648695695
Cerrillos II,2024-04-09,0.00019955074079258152
Cerrillos II,2024-04-10,0.00010234614631423145
Cerrillos II,2024-04-13,0.0001960250810952861
Cerrillos II,2024-04-14,4.878100829169422e-05
Cerrillos II,2024-04-16,0.0005398928316955703
Cerrillos II,2024-04-17,0.0005700134236022185
Cerrillos II,2024-04-18,0.00043715384694568526
Cerrillos II,2024-04-22,0.0001519082363570234
Cerrillos II,2024-04-23,0.0004925859382922132
Cerrillos II,2024-04-24,0.00032903530217580823
Cerrillos II,2024-04-25,0.00022648716581683974
Cerrillos II,2024-04-26,0.0001824203087334944
Cerrillos II,2024-04-27,0.0002498688031168669
Cerrillos II,2024-04-30,8.94424808496335e-05
Cerrillos II,2024-05-03,0.00036026838667763155
Cerrillos II,2024-05-04,0.00026057854210660117
Cerrillos II,2024-05-06,0.00017165782011251775
Cerrillos II,2024-05-08,0.0005930582556441696
Cerrillos II,2024-05-09,0.0006182340614572653
Cerrillos II,2024-05-11,0.0006011556555856978
Cerrillos II,2024-05-12,9.99415314252295e-05
Cerrillos II,2024-05-13,0.0005771578491872812
Cerrillos II,2024-05-14,0.00042586554185281234
Cerrillos II,2024-05-16,0.0007100039503289217
Cerrillos II,2024-05-17,0.0003729161025160354
Cerrillos II,2024-05-18,0.0002601940078290737
Cerrillos II,2024-05-23,0.00043252044202447506
Cerrillos II,2024-05-25,0.00043825269224766054
Cerrillos II,2024-05-26,0.0002028435825510636
Cerrillos II,2024-05-30,0.0010740284610352068
Cerrillos II,2024-06-01,0.000708695203023242
Cerrillos II,2024-06-02,0.0006794901643420329
Cerrillos II,2024-06-15,0.00038763424603008854
Cerrillos II,2024-06-16,0.0005742583407992897
Cerrillos II,2024-06-19,0.0002837797897109584
Cerrillos II,2024-06-24,0.00027524216180352477
Cerrillos II,2024-06-25,0.00040843014865056586
Cerrillos II,2024-06-28,0.000841077185124347
Cerrillos II,2024-06-29,0.0004718156384980007
Cerrillos II,2024-06-30,0.0002961068118810598
Cerrillos II,2024-07-01,0.0006019483403648382
Cerrillos II,2024-07-02,0.0005985526322453086
Cerrillos II,2024-07-03,0.00038226245201653593
Cerrillos II,2024-07-05,0.0007096772724367443
Cerrillos II,2024-07-06,0.0003743313867023739
Cerrillos II,2024-07-07,0.00042256516479936265
Cerrillos II,2024-07-08,0.0007384302547148011
Cerrillos II,2024-07-09,0.0007060034141248978
Cerrillos II,2024-07-10,0.0006561216440358078
Cerrillos II,2024-07-11,0.0006354510086639856
Cerrillos II,2024-07-12,0.00035391488464645623
Cerrillos II,2024-07-13,0.0005014438561870632
Cerrillos II,2024-07-14,0.0003883888294826408
Cerrillos II,2024-07-16,0.00042612881103771215
Cerrillos II,2024-07-19,0.0007219771814641864
Cerrillos II,2024-07-20,0.00017987693694574924
Cerrillos II,2024-07-21,0.00010999794817221481
Cerrillos II,2024-07-22,0.0005503395176864478
Cerrillos II,2024-07-24,0.0005938713053756619
Cerrillos II,2024-07-25,0.00026341587412101843
Cerrillos II,2024-07-27,0.0002784834880377458
Cerrillos II,2024-07-28,0.0003251544100365261
Cerrillos II,2024-07-29,0.0007823556783659879
Cerrillos II,2024-08-03,0.0005386671954050845
Cerrillos II,2024-08-06,0.0001820924329127885
Cerrillos II,2024-08-08,0.0006643112917261461
Cerrillos II,2024-08-09,0.0006374604639408212
Cerrillos II,2024-08-10,0.0006414257607723174
Cerrillos II,2024-08-11,0.000319164523476274
Cerrillos II,2024-08-12,0.0006184598954744783
Cerrillos II,2024-08-13,0.00046506000169405754
Cerrillos II,2024-08-23,0.00023734310102306355
Cerrillos II,2024-08-24,0.000400451920039449
Cerrillos II,2024-08-25,0.00017517950795033777
Cerrillos II,2024-08-26,0.0003666752110002935
Cerrillos II,2024-08-27,0.0007402665833227491
Cerrillos II,2024-08-28,0.0003486835049253942
Cerrillos II,2024-08-30,0.00023196827579639645
Cerrillos II,2024-08-31,0.00039991667348744967
Cerrillos II,2024-09-01,0.00012175309502484206
Cerrillos II,2024-09-02,9.946205940332989e-05
Cerrillos II,2024-09-04,0.0006593732866645666
Cerrillos II,2024-09-05,0.0003266251895164985
Cerrillos II,2024-09-06,0.00011358542798750366
Cerrillos II,2024-09-07,0.0002085958281687307
Cerrillos II,2024-09-09,0.0006540314438719123
Cerrillos II,2024-09-10,0.00022981928452600495
Cerrillos II,2024-09-11,0.000383454581388304
Cerrillos II,2024-09-12,0.00016966500966926379
Cerrillos II,2024-09-13,0.0002673963319690753
Cerrillos II,2024-09-14,0.00027317349441632915
Cerrillos II,2024-09-15,0.00018231544101407807
Cerrillos II,2024-09-17,7.573511003319754e-05
Cerrillos II,2024-09-19,3.5274442811925834e-05
Cerrillos II,2024-09-21,7.92075636607746e-05
Cerrillos II,2024-09-24,9.913031577829818e-05
Cerrillos II,2024-09-25,0.0001958599349173415
Cerrillos II,2024-09-26,0.00046768659870667916
Cerrillos II,2024-09-27,0.00014175965338152408
Cerrillos II,2024-09-28,0.0001990725067235239
Cerrillos II,2024-10-02,0.0001651565134181272
Cerrillos II,2024-10-03,0.00026709064931783506
Cerrillos II,2024-10-04,0.00012755238562347186
Cerrillos II,2024-10-05,8.208131770714839e-05
Cerrillos II,2024-10-07,0.00016354537107765186
Cerrillos II,2024-10-10,6.014267138976826e-05
Cerrillos II,2024-10-13,3.069856392760143e-05
Cerrillos II,2024-10-14,0.00017914631568169214
Cerrillos II,2024-10-16,9.128815802943948e-05
Cerrillos II,2024-10-17,0.00044707156671078106
Cerrillos II,2024-10-18,0.00024081609116327263
Cerrillos II,2024-10-19,5.602566102566494e-05
Cerrillos II,2024-10-20,3.9380725916970095e-05
Cerrillos II,2024-10-21,0.00010455843552364857
Cerrillos II,2024-10-22,9.761670903079558e-05
Cerrillos II,2024-10-23,8.657121550107827e-05
Cerrillos II,2024-10-24,0.00013628668023748616
Cerrillos II,2024-10-25,0.00015405429676101787
Cerrillos II,2024-10-26,8.621151902111828e-05
Cerrillos II,2024-10-27,4.932521445681514e-05
Cerrillos II,2024-10-28,0.00015272530043425518
Cerrillos II,2024-10-29,7.797316779016624e-05
Cerrillos II,2024-10-30,6.80435085480742e-05
Cerrillos II,2024-10-31,6.0176380394236775e-05
Cerrillos II,2024-11-02,6.691926239917976e-05
Cerrillos II,2024-11-04,8.961281386456169e-05
Cerrillos II,2024-11-05,0.00011064121538178803
Cerrillos II,2024-11-06,0.00011213994265849203
Cerrillos II,2024-11-08,9.153546474087702e-05
Cerrillos II,2024-11-09,3.80929225204704e-05
Cerrillos II,2024-11-10,4.4175946062853325e-05
Cerrillos II,2024-11-11,9.441110057512061e-05
Cerrillos II,2024-11-12,0.00014418467973731174
Cerrillos II,2024-11-13,0.0001130482861288845
Cerrillos II,2024-11-14,7.647919648285453e-05
Cerrillos II,2024-11-15,7.104908744677958e-05
Cerrillos II,2024-11-17,3.742348814049567e-05
Cerrillos II,2024-11-18,8.391364937125303e-05
Cerrillos II,2024-11-19,7.325490227565668e-05
Cerrillos II,2024-11-20,8.775043976713284e-05
Cerrillos II,2024-11-21,6.615353765094647e-05
Cerrillos II,2024-11-22,9.107092855949802e-05
Cerrillos II,2024-11-23,6.71730656411948e-05
Cerrillos II,2024-11-24,4.0381100005949436e-05
Cerrillos II,2024-11-25,4.693283277329009e-05
Cerrillos II,2024-11-26,6.65719448972699e-05
Cerrillos II,2024-11-27,7.714558124003532e-05
Cerrillos II,2024-11-28,7.153548830539023e-05
Cerrillos II,2024-11-29,8.185849020482927e-05
Cerrillos II,2024-11-30,4.710519186423049e-05
Cerrillos II,2024-12-01,3.02548282977547e-05
Cerrillos II,2024-12-02,6.915731909259259e-05
Cerrillos II,2024-12-03,7.494454606305313e-05
Cerrillos II,2024-12-04,5.276348648493412e-05
Cerrillos II,2024-12-05,8.109162353228384e-05
Cerrillos II,2024-12-07,3.939482413398945e-05
Cerrillos II,2024-12-08,4.068688634400004e-05
Cerrillos II,2024-12-09,0.00011528285494795238
Cerrillos II,2024-12-10,6.377577580148378e-05
Cerrillos II,2024-12-11,5.926964914293173e-05
Cerrillos II,2024-12-12,8.60012826306137e-05
Cerrillos II,2024-12-13,9.745588740726397e-05
Cerrillos II,2024-12-14,6.313393502164393e-05
Cerrillos II,2024-12-15,2.6659455397502945e-05
Cerrillos II,2024-12-16,5.793884717900158e-05
Cerrillos II,2024-12-17,5.506336812849604e-05
Cerrillos II,2024-12-18,8.747481462308773e-05
Cerrillos II,2024-12-19,8.849492419620994e-05
Cerrillos II,2024-12-20,0.00012037474213924301
Cerrillos II,2024-12-21,5.4687118984161194e-05
Cerrillos II,2024-12-22,4.90225999072643e-05
Cerrillos II,2024-12-23,6.686840980648406e-05
Cerrillos II,2024-12-24,6.983224418515284e-05
Cerrillos II,2024-12-25,3.45185387331889e-05
Cerrillos II,2024-12-26,3.110647742604279e-05
Cerrillos II,2024-12-27,5.74372561448967e-05
Cerrillos II,2024-12-28,3.666384836617159e-05
Cerrillos II,2024-12-29,3.600642553104686e-05
Cerrillos II,2024-12-30,6.564483462583657e-05
Cerrillos II,2024-12-31,5.187148791717116e-05
Cerrillos II,2025-01-01,2.396391374538002e-05
Cerrillos II,2025-01-02,5.918107746994751e-05
Cerrillos II,2025-01-03,6.131721663606191e-05
Cerrillos II,2025-01-04,4.620362231472689e-05
Cerrillos II,2025-01-05,1.706853571476132e-05
Cerrillos II,2025-01-06,4.555575724154842e-05
Cerrillos II,2025-01-07,5.0327784265391623e-05
Cerrillos II,2025-01-08,5.9549639165620376e-05
Cerrillos II,2025-01-09,7.266272065761192e-05
Cerrillos II,2025-01-10,6.274225309198912e-05
Cerrillos II,2025-01-11,4.886741340587693e-05
Cerrillos II,2025-01-12,2.32717099329293e-05
Cerrillos II,2025-01-13,5.7350906592906105e-05
Cerrillos II,2025-01-14,6.585569749427519e-05
Cerrillos II,2025-01-15,9.171990250559022e-05
Cerrillos II,2025-01-16,4.822023922706664e-05
Cerrillos II,2025-01-17,5.7190794772693214e-05
Cerrillos II,2025-01-18,3.427065985339502e-05
Cerrillos II,2025-01-19,3.187434893163131e-05
Cerrillos II,2025-01-20,6.878365501693073e-05
Cerrillos II,2025-01-21,5.5625990447364746e-05
Cerrillos II,2025-01-22,5.1643101520595614e-05
Cerrillos II,2025-01-23,4.9698301911536737e-05
Cerrillos II,2025-01-24,8.211933486579065e-05
Cerrillos II,2025-01-25,4.637131087190777e-05
Cerrillos II,2025-01-26,3.522857419442345e-05
Cerrillos II,2025-01-27,5.536179371321511e-05
Cerrillos II,2025-01-28,5.962600220914031e-05
Cerrillos II,2025-01-29,5.775781069904607e-05
Cerrillos II,2025-01-30,6.89729323513351e-05
Cerrillos II,2025-01-31,6.939282051299571e-05
Cerrillos II,2025-02-01,4.157842234610864e-05
Cerrillos II,2025-02-02,3.289910781494137e-05
Cerrillos II,2025-02-03,6.53368012531553e-05
Cerrillos II,2025-02-04,8.033219253844492e-05
Cerrillos II,2025-02-05,5.385621043002556e-05
Cerrillos II,2025-02-06,6.440085387975741e-05
Cerrillos II,2025-02-07,4.56025315900253e-05
Cerrillos II,2025-02-08,5.2462868349626274e-05
Cerrillos II,2025-02-09,3.862910906784506e-05
Cerrillos II,2025-02-10,6.304994435672864e-05
Cerrillos II,2025-02-11,5.247547384001828e-05
Cerrillos II,2025-02-12,5.86768622611335e-05
Cerrillos II,2025-02-13,6.857493224498852e-05
Cerrillos II,2025-02-14,6.452299238651153e-05
Cerrillos II,2025-02-15,4.075052190183685e-05
Cerrillos II,2025-02-16,3.6416838396311345e-05
Cerrillos II,2025-02-17,4.879164737592713e-05
Cerrillos II,2025-02-18,0.00010623529504041076
Cerrillos II,2025-02-19,5.7400207068486055e-05
Cerrillos II,2025-02-20,7.165498393955647e-05
Cerrillos II,2025-02-21,5.203955387114929e-05
Cerrillos II,2025-02-22,5.701003528160416e-05
Cerrillos II,2025-02-23,3.5187098828141024e-05
Cerrillos II,2025-02-24,7.544364779695696e-05
Cerrillos II,2025-02-25,9.404751078971914e-05
Cerrillos II,2025-02-26,9.972862289589191e-05
Cerrillos II,2025-02-27,4.455468353216831e-05
Cerrillos II,2025-02-28,4.94332744539905e-05
Cerrillos II,2025-03-01,3.907873579058598e-05
Cerrillos II,2025-03-02,1.886943830051995e-05
Cerrillos II,2025-03-03,6.783884442657642e-05
Cerrillos II,2025-03-04,7.086992351826036e-05
Cerrillos II,2025-03-05,5.649005175160899e-05
Cerrillos II,2025-03-06,5.828480864382958e-05
Cerrillos II,2025-03-07,5.7921780224192915e-05
Cerrillos II,2025-03-08,5.08461448191919e-05
Cerrillos II,2025-03-09,5.017124209758874e-05
Cerrillos II,2025-03-10,7.447477128477921e-05
Cerrillos II,2025-03-11,8.931029374150337e-05
Cerrillos II,2025-03-12,7.982671344559163e-05
Cerrillos II,2025-03-13,8.065965663990704e-05
Cerrillos II,2025-03-14,0.0001038560824767076
Cerrillos II,2025-03-15,5.3001707216691625e-05
Cerrillos II,2025-03-16,4.701076458193421e-05
Cerrillos II,2025-03-17,0.00013130634877133745
Cerrillos II,2025-03-18,0.00016003068108551112
Cerrillos II,2025-03-19,9.531501581840628e-05
Cerrillos II,2025-03-20,0.0001226171418712384
Cerrillos II,2025-03-21,0.00022497750065421978
Cerrillos II,2025-03-22,5.693863994524438e-05
Cerrillos II,2025-03-24,0.00014355298266857894
Cerrillos II,2025-03-25,0.00011035795521982876
Cerrillos II,2025-03-26,0.00036912912179589205
Cerrillos II,2025-03-27,0.00013506744476130732
Cerrillos II,2025-03-29,6.482173100472394e-05
Cerrillos II,2025-03-31,0.0005697409390499115
Cerrillos II,2025-04-01,0.0003831198528889785
Cerrillos II,2025-04-02,0.00024205153505774238
Cerrillos II,2025-04-03,0.0002812284116035088
Cerrillos II,2025-04-04,0.0002368485348490036
Cerrillos II,2025-04-05,0.00015289110247649216
Cerrillos II,2025-04-06,0.00016750990579319098
Cerrillos II,2025-04-07,0.0003747941315794763
Cerrillos II,2025-04-08,0.0001732434243878586
Cerrillos II,2025-04-09,0.0001591990713541217
Cerrillos II,2025-04-12,0.00031240557687250395
Cerrillos II,2025-04-13,7.733073697988243e-05
Cerrillos II,2025-04-14,0.00019812433543510842
Cerrillos II,2025-04-15,0.0002358829072342712
Cerrillos II,2025-04-16,0.0003041070031293368
Cerrillos II,2025-04-18,0.00014652409647059354
Cerrillos II,2025-04-20,0.00013633867360990295
Cerrillos II,2025-04-22,0.00033574265825508356
Cerrillos II,2025-04-24,0.00016569260385084164
Cerrillos II,2025-04-26,0.0002226258169790728
Cerrillos II,2025-04-27,0.0002311015628135453
Cerrillos II,2025-04-28,0.00038509284795007384
Cerrillos II,2025-04-29,0.0001917221319788785
Cerrillos II,2025-05-01,0.00024749883911769224
Cerrillos II,2025-05-02,0.000541098602674039
Cerrillos II,2025-05-03,0.0003291774645854972
Cerrillos II,2025-05-04,0.00014585577880889977
Cerrillos II,2025-05-05,0.0002567058032298862
Cerrillos II,2025-05-09,0.0005139400443989986
Cerrillos II,2025-05-10,0.0005876188457980178
Cerrillos II,2025-05-11,0.00029701949461891786
Cerrillos II,2025-05-12,0.00048785392918472423
Cerrillos II,2025-05-13,0.0007583409560141561
Cerrillos II,2025-05-14,0.0005256737194110681
Cerrillos II,2025-05-15,0.0007025960254138151
Cerrillos II,2025-05-16,0.0003375536077653458
Cerrillos II,2025-05-21,0.0004891450878065361
Cerrillos II,2025-05-24,0.0008062860064765139
Cerrillos II,2025-05-27,0.00023462388582457173
Cerrillos II,2025-05-28,0.0007874131059164953
Cerrillos II,2025-05-29,0.0008796883711377491
Cerrillos II,2025-05-30,0.0005858101725174969
Cerrillos II,2025-05-31,0.000610788113304876
Cerrillos II,2025-06-01,0.0004008668853187521
Cerrillos II,2025-06-04,0.0010433699080368269
Cerrillos II,2025-06-05,0.0007916679912268527
Cerrillos II,2025-06-06,0.00017991453313579087
Cerrillos II,2025-06-07,0.00047345600286231247
Cerrillos II,2025-06-08,0.00042719422345319366
Cerrillos II,2025-06-09,0.0007368060381356481
Cerrillos II,2025-06-10,0.0005648579726585735
Cerrillos II,2025-06-13,0.0007916318911602287
Cerrillos II,2025-06-18,0.0008498620784544248
Cerrillos II,2025-06-19,0.000833495242810497
Cerrillos II,2025-06-20,0.000606015392858001
Cerrillos II,2025-06-21,0.00031437268684640255
Cerrillos II,2025-06-22,0.0002216993654625989
Cerrillos II,2025-06-23,0.0004864344812972891
Cerrillos II,2025-06-24,0.0006331121618796876
Cerrillos II,2025-06-25,0.0011940016104656805
Cerrillos II,2025-06-26,0.0007806688004022382
Cerrillos II,2025-06-28,0.0004808530496350345
Cerrillos II,2025-06-29,0.00039249694594645234
Cerrillos II,2025-06-30,0.0005067937317563985
Cerrillos II,2025-07-01,0.0006845203976466424
Cerrillos II,2025-07-02,0.0006082347217076083
Cerrillos II,2025-07-03,0.0009655321024693157
Cerrillos II,2025-07-04,0.000995212490416072
Cerrillos II,2025-07-06,0.0002508373021762659
Cerrillos II,2025-07-07,0.000608907861720486
Cerrillos II,2025-07-08,0.0006890537377945177
Cerrillos II,2025-07-10,0.0006445850804370799
Cerrillos II,2025-07-11,0.0005915963824710058
Cerrillos II,2025-07-12,0.0007530543955173706
Cerrillos II,2025-07-13,0.0002892680895208581
Cerrillos II,2025-07-15,0.0007240406091284189
Cerrillos II,2025-07-16,0.0006058770564194537
Cerrillos II,2025-07-17,0.000565851328636822
Cerrillos II,2025-07-18,0.0007642917031305601
Cerrillos II,2025-07-19,0.0009556105487890052
Cerrillos II,2025-07-21,0.00046445137505470035
Cerrillos II,2025-07-22,0.0009380594086544254
Cerrillos II,2025-07-23,0.00032201776403259464
Cerrillos II,2025-07-24,0.00016251561688509388
Cerrillos II,2025-07-28,0.0006156142003489705
Cerrillos II,2025-08-05,0.0009049851530960223
Cerrillos II,2025-08-06,0.0007333535046488846
Cerrillos II,2025-08-07,0.0004858414783217574
Cerrillos II,2025-08-08,0.0004856644984136299
Cerrillos II,2025-08-10,0.0003818489374479556
Cerrillos II,2025-08-11,0.0008801767212539925
Cerrillos II,2025-08-13,0.0007064138156440958
Cerrillos II,2025-08-14,0.00026795984623402124
Cerrillos II,2025-08-16,0.0003948738115174052
Cerrillos II,2025-08-19,0.00022513319417452498
Cerrillos II,2025-08-24,0.0004102690890618345
Cerrillos II,2025-08-25,0.0009453521182236807
Cerrillos II,2025-08-26,0.0007582399987615509
Cerrillos II,2025-08-27,0.0004517722542332311
Cerrillos II,2025-09-01,0.0007879338346909546
Cerrillos II,2025-09-03,0.0005938208469621583
Cerrillos II,2025-09-04,0.0004597701349550468
Cerrillos II,2025-09-05,0.00034098366711499085
Cerrillos II,2025-09-08,0.0003442773128155529
Cerrillos II,2025-09-09,0.00019414120237151378
Cerrillos II,2025-09-10,0.0001689243159346335
Cerrillos II,2025-09-11,0.00019221104647935142
Cerrillos II,2025-09-12,0.00017961983569259247
Cerrillos II,2025-09-13,0.00011236023616971315
Cerrillos II,2025-09-15,0.0002009154266975612
Cerrillos II,2025-09-16,0.0005726403690774036
Cerrillos II,2025-09-17,0.000377353725305726
Cerrillos II,2025-09-18,0.00010241079505010726
Cerrillos II,2025-09-19,5.046668312030992e-05
Cerrillos II,2025-09-21,4.1246350765306745e-05
Cerrillos II,2025-09-22,0.0005190838726860798
Cerrillos II,2025-09-23,0.00047196397941974886
Cerrillos II,2025-09-24,0.0002715608953841773
Cerrillos II,2025-09-27,0.00012954187208251465
Cerrillos II,2025-09-28,0.00014355809428971648
Cerrillos II,2025-09-29,0.0001871005309341574
Cerrillos II,2025-09-30,0.0001732185213724484
Cerrillos II,2025-10-01,0.00016502722060541178
Cerrillos II,2025-10-02,0.000243938252876522
Cerrillos II,2025-10-03,8.368501485488827e-05
Cerrillos II,2025-10-04,7.149162224856864e-05
Cerrillos II,2025-10-05,4.591889392130642e-05
Cerrillos II,2025-10-06,0.00011003857553939775
Cerrillos II,2025-10-07,0.00015158157664711043
Cerrillos II,2025-10-08,0.00014312098661678867
Cerrillos II,2025-10-09,0.00012523749379930488
Cerrillos II,2025-10-10,8.13660373882466e-05
Cerrillos II,2025-10-11,6.354969089833344e-05
Cerrillos II,2025-10-12,6.45125872440555e-05
Cerrillos II,2025-10-13,0.0001328497101063978
Cerrillos II,2025-10-14,9.954724195843952e-05
Cerrillos II,2025-10-15,8.901022329504413e-05
Cerrillos II,2025-10-16,0.00010640217340150884
Cerrillos II,2025-10-17,0.00011227045569727212
Cerrillos II,2025-10-19,4.506662530937806e-05
Cerrillos II,2025-10-20,9.427825433585416e-05
Cerrillos II,2025-10-22,0.00011128401978374012
Cerrillos II,2025-11-04,8.658832224541635e-05
Cerrillos II,2025-11-05,6.952209717840119e-05
Cerrillos II,2025-11-07,0.00022486128785509743
Cerrillos II,2025-11-08,6.0208653297697274e-05
Cerrillos II,2025-11-09,5.655248554471597e-05
Cerrillos II,2025-11-10,5.842595917885054e-05
Cerrillos II,2025-11-11,6.830976698570134e-05
Cerrillos II,2025-11-12,9.153201514104969e-05
Cerrillos II,2025-11-13,9.720063847347403e-05
Cerrillos II,2025-11-14,9.121118088031236e-05
Cerrillos II,2025-11-15,5.449768208590427e-05
Cerrillos II,2025-11-16,3.533272600509995e-05
Cerrillos II,2025-11-18,9.820225930643734e-05
Cerrillos II,2025-11-19,7.413947034038959e-05
Cerrillos II,2025-11-21,9.723700215782381e-05
Cerrillos II,2025-11-22,6.558605906789048e-05
Cerrillos II,2025-11-23,3.505752174843326e-05
Cerrillos II,2025-11-24,7.681808455326497e-05
Cerrillos II,2025-11-25,8.53023874674954e-05
Cerrillos II,2025-11-26,9.883585808996006e-05
Cerrillos II,2025-11-27,4.925652191129567e-05
Cerrillos II,2025-11-28,5.819882475011812e-05
Cerrillos II,2025-11-29,4.6212618371804924e-05
Cerrillos II,2025-11-30,4.4444343638243305e-05
Cerrillos II,2025-12-01,8.329876495279981e-05
Cerrillos II,2025-12-02,9.300898655413845e-05
Cerrillos II,2025-12-03,9.191027153217704e-05
Cerrillos II,2025-12-04,6.269533789196184e-05
Cerrillos II,2025-12-05,9.033349421778289e-05
Cerrillos II,2025-12-08,6.841859970710191e-05
Cerrillos II,2025-12-09,6.464381630495256e-05
Cerrillos II,2025-12-10,6.522156287994298e-05
Cerrillos II,2025-12-12,7.592471233657059e-05
Cerrillos II,2025-12-13,2.8109952975049735e-05
Cerrillos II,2025-12-15,7.593591874428559e-05
Cerrillos II,2025-12-16,0.00011530972995159306
Cerrillos II,2025-12-17,7.350847485473884e-05
Cerrillos II,2025-12-18,5.902293565380315e-05
Cerrillos II,2025-12-19,5.212483896968591e-05
Cerrillos II,2025-12-20,4.482019489401208e-05
Cerrillos II,2025-12-21,3.4261656158848965e-05
Cerrillos II,2025-12-22,0.0001013836397167178
Cerrillos II,2025-12-23,7.875492678541085e-05
Cerrillos II,2025-12-24,5.018393897030922e-05
Cerrillos II,2025-12-25,3.300627114644353e-05
Cerrillos II,2025-12-26,5.52809125489061e-05
Cerrillos II,2025-12-27,5.7532540733810515e-05
Cerrillos II,2025-12-28,3.9911331556129155e-05
Cerrillos II,2025-12-29,6.0222494507878324e-05
Cerrillos II,2025-12-30,6.196846063380862e-05
Cerrillos II,2025-12-31,5.3807098713533036e-05
Cerro Navia,2019-01-01,3.284105926745925e-05
Cerro Navia,2019-01-02,5.308834752198069e-05
Cerro Navia,2019-01-03,6.227047157622731e-05
Cerro Navia,2019-01-04,5.7777798020080877e-05
Cerro Navia,2019-01-05,4.929013644668611e-05
Cerro Navia,2019-01-06,2.8946856479177718e-05
Cerro Navia,2019-01-07,2.4739812943153083e-05
Cerro Navia,2019-01-08,5.6301654056988564e-05
Cerro Navia,2019-01-10,6.33247216330155e-05
Cerro Navia,2019-01-11,5.342692752510864e-05
Cerro Navia,2019-01-12,3.738819031742657e-05
Cerro Navia,2019-01-14,5.721785996796316e-05
Cerro Navia,2019-01-15,5.529653131462633e-05
Cerro Navia,2019-01-16,5.679987225448713e-05
Cerro Navia,2019-01-17,5.846683048320856e-05
Cerro Navia,2019-01-18,6.928416423353053e-05
Cerro Navia,2019-01-19,3.748627819230215e-05
Cerro Navia,2019-01-20,2.7441608771190136e-05
Cerro Navia,2019-01-21,6.964186089292473e-05
Cerro Navia,2019-01-22,4.075468423507079e-05
Cerro Navia,2019-01-23,6.014127706381435e-05
Cerro Navia,2019-01-24,6.278057318816912e-05
Cerro Navia,2019-01-25,4.6745257926975304e-05
Cerro Navia,2019-01-26,6.437434118965909e-05
Cerro Navia,2019-01-27,3.163326104837046e-05
Cerro Navia,2019-01-28,4.579748260734987e-05
Cerro Navia,2019-01-29,4.9625034403703167e-05
Cerro Navia,2019-01-30,5.5337266574687484e-05
Cerro Navia,2019-01-31,5.343613239985141e-05
Cerro Navia,2019-02-01,6.867171386427403e-05
Cerro Navia,2019-02-02,5.531257241360785e-05
Cerro Navia,2019-02-03,3.5091269788076434e-05
Cerro Navia,2019-02-04,4.9956820205722575e-05
Cerro Navia,2019-02-05,6.0388913829964125e-05
Cerro Navia,2019-02-06,6.1231853370495e-05
Cerro Navia,2019-02-07,6.915523560815097e-05
Cerro Navia,2019-02-08,5.61768830272807e-05
Cerro Navia,2019-02-09,6.067551801364434e-05
Cerro Navia,2019-02-11,6.54080039603226e-05
Cerro Navia,2019-02-12,5.348680819279824e-05
Cerro Navia,2019-02-13,5.692975712072841e-05
Cerro Navia,2019-02-14,8.43700540664624e-05
Cerro Navia,2019-02-15,8.421063802256418e-05
Cerro Navia,2019-02-16,4.692754315927083e-05
Cerro Navia,2019-02-17,5.245725477296109e-05
Cerro Navia,2019-02-18,6.085199325127164e-05
Cerro Navia,2019-02-19,4.2418524036836304e-05
Cerro Navia,2019-02-20,5.1640254000235924e-05
Cerro Navia,2019-02-21,6.415655196163462e-05
Cerro Navia,2019-02-22,8.010716193166077e-05
Cerro Navia,2019-02-23,4.966107872356724e-05
Cerro Navia,2019-02-24,2.4904196044202032e-05
Cerro Navia,2019-02-25,7.805676598993486e-05
Cerro Navia,2019-02-26,8.899031010941274e-05
Cerro Navia,2019-02-27,7.614244828451926e-05
Cerro Navia,2019-02-28,7.087810797215853e-05
Cerro Navia,2019-03-01,8.942132409157622e-05
Cerro Navia,2019-03-02,5.447508314416113e-05
Cerro Navia,2019-03-03,2.2477494387104624e-05
Cerro Navia,2019-03-04,6.842541036825267e-05
Cerro Navia,2019-03-05,0.00019987532207375926
Cerro Navia,2019-03-06,0.000106123953987313
Cerro Navia,2019-03-07,7.20202686794028e-05
Cerro Navia,2019-03-08,8.199318587778993e-05
Cerro Navia,2019-03-09,5.793269576574845e-05
Cerro Navia,2019-03-10,4.41351789133202e-05
Cerro Navia,2019-03-11,0.00010047024648642539
Cerro Navia,2019-03-12,7.072794282050965e-05
Cerro Navia,2019-03-14,6.949380029756573e-05
Cerro Navia,2019-03-15,7.834936113913245e-05
Cerro Navia,2019-03-16,6.287600113697171e-05
Cerro Navia,2019-03-17,4.131252631533643e-05
Cerro Navia,2019-03-19,9.269696735193436e-05
Cerro Navia,2019-03-20,0.00015411763964274657
Cerro Navia,2019-03-21,0.000176457064403203
Cerro Navia,2019-03-22,0.00022665890904565637
Cerro Navia,2019-03-23,6.076165391839894e-05
Cerro Navia,2019-03-24,5.1043220218021626e-05
Cerro Navia,2019-03-25,9.371841699363317e-05
Cerro Navia,2019-03-26,0.00013605212734546512
Cerro Navia,2019-03-27,0.00014945839453350102
Cerro Navia,2019-03-28,0.00012890431327388817
Cerro Navia,2019-03-29,0.00011160736865901647
Cerro Navia,2019-03-31,5.9049724093001145e-05
Cerro Navia,2019-04-01,0.00020224456758870756
Cerro Navia,2019-04-03,9.175695695314655e-05
Cerro Navia,2019-04-04,0.00018469505199503563
Cerro Navia,2019-04-05,0.00024177021470836563
Cerro Navia,2019-04-06,0.00018375387516769194
Cerro Navia,2019-04-07,9.45926172987284e-05
Cerro Navia,2019-04-08,8.095613749192898e-05
Cerro Navia,2019-04-09,9.982790449885657e-05
Cerro Navia,2019-04-10,0.0003753918854908389
Cerro Navia,2019-04-11,0.00027927586268402285
Cerro Navia,2019-04-12,0.00018794139357581523
Cerro Navia,2019-04-15,0.00036507015230196374
Cerro Navia,2019-04-16,0.00026663038965622614
Cerro Navia,2019-04-17,0.00028290566140873466
Cerro Navia,2019-04-19,7.411482490598207e-05
Cerro Navia,2019-04-20,0.00010952521276448984
Cerro Navia,2019-04-21,7.868845778449509e-05
Cerro Navia,2019-04-22,0.00037170050034736644
Cerro Navia,2019-04-25,0.00041208965000953077
Cerro Navia,2019-04-26,0.00024044865411401972
Cerro Navia,2019-04-27,0.0001972585080990757
Cerro Navia,2019-04-28,0.00020698594777922774
Cerro Navia,2019-04-30,0.00012544529377327048
Cerro Navia,2019-05-01,0.00018536095047938156
Cerro Navia,2019-05-07,0.000315464431699427
Cerro Navia,2019-05-09,0.00021027079040768703
Cerro Navia,2019-05-10,0.00029439487452182064
Cerro Navia,2019-05-11,0.00018380741226214881
Cerro Navia,2019-05-12,0.0002960931376926018
Cerro Navia,2019-05-13,0.0005295387236401439
Cerro Navia,2019-05-14,0.00043418713221367777
Cerro Navia,2019-05-15,0.00024557202178312565
Cerro Navia,2019-05-17,0.00019673691501609643
Cerro Navia,2019-05-18,0.00015703813861918598
Cerro Navia,2019-05-21,0.0001213092019493814
Cerro Navia,2019-05-22,0.000306988263939858
Cerro Navia,2019-05-23,0.0005217116884194997
Cerro Navia,2019-05-27,0.0001554725889548815
Cerro Navia,2019-05-28,0.0004949302651004127
Cerro Navia,2019-06-02,0.00028461692410114566
Cerro Navia,2019-06-03,0.0008111920324154198
Cerro Navia,2019-06-07,0.0005663233893808133
Cerro Navia,2019-06-08,0.0004980132391464311
Cerro Navia,2019-06-09,0.0004783390998073131
Cerro Navia,2019-06-11,0.00044584385090379374
Cerro Navia,2019-06-15,0.00023143028887618694
Cerro Navia,2019-06-16,0.000312063945828333
Cerro Navia,2019-06-18,0.000483058521620476
Cerro Navia,2019-06-19,0.0009096363210119307
Cerro Navia,2019-06-21,0.001151305390521884
Cerro Navia,2019-06-22,0.0007780789391519193
Cerro Navia,2019-06-25,0.00044450176111825857
Cerro Navia,2019-06-30,0.00019628908020316707
Cerro Navia,2019-07-01,0.0004743361571107474
Cerro Navia,2019-07-02,0.001001830045177689
Cerro Navia,2019-07-03,0.0006118208707565274
Cerro Navia,2019-07-04,0.001105396960288586
Cerro Navia,2019-07-05,0.0011697507998111305
Cerro Navia,2019-07-08,0.00052517245451719
Cerro Navia,2019-07-09,0.0008312849236356945
Cerro Navia,2019-07-11,0.0004382457327830973
Cerro Navia,2019-07-12,0.0004526513726341903
Cerro Navia,2019-07-13,0.00038386902917464535
Cerro Navia,2019-07-14,0.0003705631719062104
Cerro Navia,2019-07-15,0.0005871639867383463
Cerro Navia,2019-07-16,0.0005441490088605267
Cerro Navia,2019-07-18,0.0005811514044262783
Cerro Navia,2019-07-22,0.0003610036470283092
Cerro Navia,2019-07-23,0.00034076083805712284
Cerro Navia,2019-07-24,0.0002905347282769717
Cerro Navia,2019-07-25,0.0007500868568465415
Cerro Navia,2019-07-26,0.0007790785530673531
Cerro Navia,2019-07-30,0.0005744782660622273
Cerro Navia,2019-08-01,0.00019095661101036467
Cerro Navia,2019-08-02,0.0005245817948672226
Cerro Navia,2019-08-03,0.0003881768431961439
Cerro Navia,2019-08-04,0.00030065370066235226
Cerro Navia,2019-08-05,0.00043482416713130136
Cerro Navia,2019-08-07,0.00020112611429854482
Cerro Navia,2019-08-08,0.00019208138618930336
Cerro Navia,2019-08-09,0.00033743301521702495
Cerro Navia,2019-08-11,7.719162473718305e-05
Cerro Navia,2019-08-12,0.0005247623445169479
Cerro Navia,2019-08-16,0.00020196415045104966
Cerro Navia,2019-08-20,0.0005482614340825765
Cerro Navia,2019-08-22,0.0014155617403802043
Cerro Navia,2019-08-23,0.0003859364369418472
Cerro Navia,2019-08-26,0.00029555114697117104
Cerro Navia,2019-08-28,9.554096269831155e-05
Cerro Navia,2019-08-29,0.00012317378059187228
Cerro Navia,2019-08-30,0.00013169447164095878
Cerro Navia,2019-08-31,0.0001609757069774024
Cerro Navia,2019-09-01,0.00013228982320458415
Cerro Navia,2019-09-02,0.000285708193481786
Cerro Navia,2019-09-08,8.046487128953391e-05
Cerro Navia,2019-09-10,0.0001304129436164463
Cerro Navia,2019-09-11,0.00026718660911305544
Cerro Navia,2019-09-12,0.00043151565393801793
Cerro Navia,2019-09-13,0.00016927149576104433
Cerro Navia,2019-09-14,0.00013982861048640683
Cerro Navia,2019-09-16,0.00028761567537729046
Cerro Navia,2019-09-17,9.769022712900076e-05
Cerro Navia,2019-09-18,0.00014119165844219897
Cerro Navia,2019-09-20,7.099676724834058e-05
Cerro Navia,2019-09-21,0.00013608355475481436
Cerro Navia,2019-09-22,8.749381978691965e-05
Cerro Navia,2019-09-23,0.00011929437491434828
Cerro Navia,2019-09-24,0.0001644481110036346
Cerro Navia,2019-09-25,0.00011738157408289913
Cerro Navia,2019-09-26,0.00016776986273949002
Cerro Navia,2019-09-27,0.00042632892634193064
Cerro Navia,2019-09-28,0.00014666043069231263
Cerro Navia,2019-09-29,3.8239482812122345e-05
Cerro Navia,2019-10-02,0.00010457563021627886
Cerro Navia,2019-10-03,9.578840949404334e-05
Cerro Navia,2019-10-04,0.00014785804142588164
Cerro Navia,2019-10-05,0.00014564187101887634
Cerro Navia,2019-10-07,0.00011147193150614706
Cerro Navia,2019-10-08,0.00014491543941396736
Cerro Navia,2019-10-15,0.0001712269342544151
Cerro Navia,2019-10-17,7.305437893119355e-05
Cerro Navia,2019-10-18,0.00010485940026629985
Cerro Navia,2019-10-19,6.084640723425215e-05
Cerro Navia,2019-10-20,7.900279572895095e-05
Cerro Navia,2019-10-21,0.00011545620798572122
Cerro Navia,2019-10-22,5.255532372661576e-05
Cerro Navia,2019-10-23,9.403234829241331e-05
Cerro Navia,2019-10-24,5.2521717328272466e-05
Cerro Navia,2019-10-26,7.817809598154209e-05
Cerro Navia,2019-10-28,5.944428016082857e-05
Cerro Navia,2019-10-29,8.494489054632653e-05
Cerro Navia,2019-10-30,0.00013586443834560214
Cerro Navia,2019-10-31,7.799943559302263e-05
Cerro Navia,2019-11-01,4.862756010369506e-05
Cerro Navia,2019-11-02,7.368675954999995e-05
Cerro Navia,2019-11-03,5.144142016174864e-05
Cerro Navia,2019-11-05,9.47381077370213e-05
Cerro Navia,2019-11-06,0.00010960941068087284
Cerro Navia,2019-11-07,7.810967331804816e-05
Cerro Navia,2019-11-09,7.046365736148509e-05
Cerro Navia,2019-11-10,4.710964370160759e-05
Cerro Navia,2019-11-11,2.6392828024743434e-05
Cerro Navia,2019-11-12,4.302550122708483e-05
Cerro Navia,2019-11-13,5.670319790874481e-05
Cerro Navia,2019-11-14,7.897144904883226e-05
Cerro Navia,2019-11-15,7.708363454640122e-05
Cerro Navia,2019-11-16,5.4243340691171416e-05
Cerro Navia,2019-11-17,3.639052544294776e-05
Cerro Navia,2019-11-18,9.149330083424635e-05
Cerro Navia,2019-11-19,5.600207990776243e-05
Cerro Navia,2019-11-20,7.183963021529537e-05
Cerro Navia,2019-11-21,8.918744424590841e-05
Cerro Navia,2019-11-22,6.5031742305499e-05
Cerro Navia,2019-11-23,2.3307389836898513e-05
Cerro Navia,2019-11-26,6.476364314248725e-05
Cerro Navia,2019-11-27,0.00011836361333234809
Cerro Navia,2019-11-28,5.85868871520632e-05
Cerro Navia,2019-11-29,5.8220103568448605e-05
Cerro Navia,2019-11-30,6.789140378108621e-05
Cerro Navia,2019-12-01,3.8382587755962606e-05
Cerro Navia,2019-12-03,4.6771273908299406e-05
Cerro Navia,2019-12-04,5.97541728618302e-05
Cerro Navia,2019-12-05,8.028177879198381e-05
Cerro Navia,2019-12-06,6.044048526411101e-05
Cerro Navia,2019-12-07,5.9341643819940245e-05
Cerro Navia,2019-12-08,2.8241906380942783e-05
Cerro Navia,2019-12-09,4.560940715919514e-05
Cerro Navia,2019-12-10,4.981018564041834e-05
Cerro Navia,2019-12-11,5.7823561038596174e-05
Cerro Navia,2019-12-12,0.00010053781172367947
Cerro Navia,2019-12-13,4.35846124195686e-05
Cerro Navia,2019-12-15,2.7204594397611252e-05
Cerro Navia,2019-12-16,5.638652210467088e-05
Cerro Navia,2019-12-17,7.499117014822663e-05
Cerro Navia,2019-12-18,5.8639491461473553e-05
Cerro Navia,2019-12-19,3.533994822646491e-05
Cerro Navia,2019-12-20,6.967554685869399e-05
Cerro Navia,2019-12-21,5.414283062972244e-05
Cerro Navia,2019-12-22,4.793181255315007e-05
Cerro Navia,2019-12-23,7.543464411675335e-05
Cerro Navia,2019-12-24,5.904650725751636e-05
Cerro Navia,2019-12-25,1.8856002498068847e-05
Cerro Navia,2019-12-26,5.247344719594643e-05
Cerro Navia,2019-12-27,6.129599253046709e-05
Cerro Navia,2019-12-28,5.4250921292996655e-05
Cerro Navia,2019-12-29,1.315036439003813e-05
Cerro Navia,2019-12-30,4.388052062946549e-05
Cerro Navia,2019-12-31,3.827995399103474e-05
Cerro Navia,2020-01-01,2.5150960181500476e-05
Cerro Navia,2020-01-02,4.605586832986338e-05
Cerro Navia,2020-01-03,7.117890681290234e-05
Cerro Navia,2020-01-04,3.5964445248133905e-05
Cerro Navia,2020-01-05,3.26477037161067e-05
Cerro Navia,2020-01-06,5.028515652608916e-05
Cerro Navia,2020-01-07,6.362308626216387e-05
Cerro Navia,2020-01-09,4.902285270821985e-05
Cerro Navia,2020-01-10,5.7303260290798826e-05
Cerro Navia,2020-01-11,4.562605691735604e-05
Cerro Navia,2020-01-12,3.622489065172591e-05
Cerro Navia,2020-01-13,5.3038035918133704e-05
Cerro Navia,2020-01-14,4.499065660865562e-05
Cerro Navia,2020-01-15,6.120162454937908e-05
Cerro Navia,2020-01-16,5.1251225909296045e-05
Cerro Navia,2020-01-17,6.686574129945528e-05
Cerro Navia,2020-01-18,2.614901131892111e-05
Cerro Navia,2020-01-20,5.904626430310058e-05
Cerro Navia,2020-01-21,4.7410812292551326e-05
Cerro Navia,2020-01-22,6.474617322371621e-05
Cerro Navia,2020-01-23,4.906166416606153e-05
Cerro Navia,2020-01-24,6.626973765495684e-05
Cerro Navia,2020-01-25,4.181643327279249e-05
Cerro Navia,2020-01-26,3.02534722910999e-05
Cerro Navia,2020-01-27,4.943356209207628e-05
Cerro Navia,2020-01-28,4.7961195414055756e-05
Cerro Navia,2020-01-29,4.44191863507346e-05
Cerro Navia,2020-01-30,5.410340679883336e-05
Cerro Navia,2020-01-31,4.788477321558113e-05
Cerro Navia,2020-02-01,3.704222743796714e-05
Cerro Navia,2020-02-02,4.488733449510471e-05
Cerro Navia,2020-02-03,6.008139438551218e-05
Cerro Navia,2020-02-04,8.29206631660353e-05
Cerro Navia,2020-02-05,5.157322340896296e-05
Cerro Navia,2020-02-06,5.592786319305843e-05
Cerro Navia,2020-02-07,5.8482124896706055e-05
Cerro Navia,2020-02-08,5.293350313996493e-05
Cerro Navia,2020-02-09,3.9324615464313694e-05
Cerro Navia,2020-02-10,4.819027050589614e-05
Cerro Navia,2020-02-11,4.583783187528114e-05
Cerro Navia,2020-02-12,5.411979457543142e-05
Cerro Navia,2020-02-13,5.788956300538015e-05
Cerro Navia,2020-02-14,8.53563819753522e-05
Cerro Navia,2020-02-15,5.7294830375785775e-05
Cerro Navia,2020-02-16,3.126642305121236e-05
Cerro Navia,2020-02-17,3.000579306053057e-05
Cerro Navia,2020-02-18,6.482487012278658e-05
Cerro Navia,2020-02-19,7.319296170459085e-05
Cerro Navia,2020-02-20,6.476045755822125e-05
Cerro Navia,2020-02-21,9.113147874099228e-05
Cerro Navia,2020-02-22,3.7202978025908863e-05
Cerro Navia,2020-02-23,3.3489327120002e-05
Cerro Navia,2020-02-24,4.99609683589169e-05
Cerro Navia,2020-02-25,0.00012651218865147298
Cerro Navia,2020-02-26,0.00012800020838979375
Cerro Navia,2020-02-27,4.2022766889598136e-05
Cerro Navia,2020-02-28,6.700361400863023e-05
Cerro Navia,2020-02-29,5.0164083967504055e-05
Cerro Navia,2020-03-01,5.013069350272965e-05
Cerro Navia,2020-03-02,8.301976119734051e-05
Cerro Navia,2020-03-03,6.011378203111194e-05
Cerro Navia,2020-03-04,7.864297874483635e-05
Cerro Navia,2020-03-05,9.130776340164184e-05
Cerro Navia,2020-03-06,8.764046027203657e-05
Cerro Navia,2020-03-07,7.519015592538188e-05
Cerro Navia,2020-03-08,3.397533295998416e-05
Cerro Navia,2020-03-09,7.050586774655616e-05
Cerro Navia,2020-03-10,5.6402738098248956e-05
Cerro Navia,2020-03-11,0.00010365422694034062
Cerro Navia,2020-03-12,9.334454266528808e-05
Cerro Navia,2020-03-13,9.137102630383864e-05
Cerro Navia,2020-03-14,5.4175994018345685e-05
Cerro Navia,2020-03-15,4.714656039868632e-05
Cerro Navia,2020-03-16,4.367396673623387e-05
Cerro Navia,2020-03-17,0.00010524991740147984
Cerro Navia,2020-03-18,0.00010342249894994081
Cerro Navia,2020-03-19,6.42190908792841e-05
Cerro Navia,2020-03-20,5.300688547297206e-05
Cerro Navia,2020-03-21,5.501998173227569e-05
Cerro Navia,2020-03-22,4.4032882926737745e-05
Cerro Navia,2020-03-23,0.0001428977150507344
Cerro Navia,2020-03-24,8.606030642248857e-05
Cerro Navia,2020-03-25,5.274646316311339e-05
Cerro Navia,2020-03-26,4.4811858672530196e-05
Cerro Navia,2020-03-27,7.587816424946313e-05
Cerro Navia,2020-03-28,9.633508735258342e-05
Cerro Navia,2020-03-29,4.635709194376204e-05
Cerro Navia,2020-03-30,6.806424146017955e-05
Cerro Navia,2020-03-31,7.360423636244372e-05
Cerro Navia,2020-04-01,9.326405930954982e-05
Cerro Navia,2020-04-02,0.00013021548172493301
Cerro Navia,2020-04-03,0.00015379588992108336
Cerro Navia,2020-04-05,3.105143799366836e-05
Cerro Navia,2020-04-06,0.0001112508886517456
Cerro Navia,2020-04-07,0.00011076665200137257
Cerro Navia,2020-04-08,0.00011389071714605108
Cerro Navia,2020-04-09,0.0001568277091669559
Cerro Navia,2020-04-10,4.814259453139661e-05
Cerro Navia,2020-04-13,0.00035712286129517225
Cerro Navia,2020-04-14,0.0002413156888879415
Cerro Navia,2020-04-16,0.0001845175889989495
Cerro Navia,2020-04-17,0.00022791308782305403
Cerro Navia,2020-04-18,0.00014001756364054172
Cerro Navia,2020-04-19,6.132514912257117e-05
Cerro Navia,2020-04-20,0.00011291128803059273
Cerro Navia,2020-04-21,0.00018656639202553212
Cerro Navia,2020-04-22,0.00020816948682373109
Cerro Navia,2020-04-25,0.00012217721701246096
Cerro Navia,2020-04-26,6.863891157233414e-05
Cerro Navia,2020-04-27,8.917456328839216e-05
Cerro Navia,2020-04-28,0.0002821934392716358
Cerro Navia,2020-04-29,0.0002980877173906003
Cerro Navia,2020-04-30,0.00032661881415735057
Cerro Navia,2020-05-01,9.758704878926936e-05
Cerro Navia,2020-05-02,0.0001774120640830222
Cerro Navia,2020-05-03,9.795928057252e-05
Cerro Navia,2020-05-05,0.00027656088728422496
Cerro Navia,2020-05-06,0.00039426260208175266
Cerro Navia,2020-05-07,0.0003138707767016099
Cerro Navia,2020-05-08,0.0003232307034908261
Cerro Navia,2020-05-09,0.0001295120478970439
Cerro Navia,2020-05-10,6.0223817038310484e-05
Cerro Navia,2020-05-11,0.00027680334928627747
Cerro Navia,2020-05-13,0.0002628391578446907
Cerro Navia,2020-05-14,0.00034506584706979997
Cerro Navia,2020-05-15,0.00041429911497101976
Cerro Navia,2020-05-16,0.00020250530322618137
Cerro Navia,2020-05-17,4.2927837800339355e-05
Cerro Navia,2020-05-18,9.900442851270693e-05
Cerro Navia,2020-05-21,0.0001645967303874459
Cerro Navia,2020-05-22,0.0005558042321353944
Cerro Navia,2020-05-23,0.0004694100677383803
Cerro Navia,2020-05-24,0.00022184274644887746
Cerro Navia,2020-05-25,0.0006561838601665597
Cerro Navia,2020-05-26,0.00023362146879626084
Cerro Navia,2020-05-30,0.0003240525985162988
Cerro Navia,2020-05-31,0.00022487937554578873
Cerro Navia,2020-06-01,0.00017536223580037202
Cerro Navia,2020-06-03,0.0001696959226346334
Cerro Navia,2020-06-04,0.00019878712686403855
Cerro Navia,2020-06-05,0.0003090128812506732
Cerro Navia,2020-06-07,0.00023765142238147118
Cerro Navia,2020-06-09,0.0006540962377417586
Cerro Navia,2020-06-10,0.00047142314226047326
Cerro Navia,2020-06-12,0.00013990695417037138
Cerro Navia,2020-06-13,0.00021921824956737225
Cerro Navia,2020-06-14,0.0002732495301985327
Cerro Navia,2020-07-02,0.000601168626853677
Cerro Navia,2020-07-03,0.00032757359843532983
Cerro Navia,2020-07-05,0.00013791536529408682
Cerro Navia,2020-07-08,0.00037066600227878905
Cerro Navia,2020-07-09,0.0007853862945784315
Cerro Navia,2020-07-13,0.0004283036250217815
Cerro Navia,2020-07-14,0.00037257949503512525
Cerro Navia,2020-07-15,0.0002647117614003473
Cerro Navia,2020-07-19,0.00013682378814060053
Cerro Navia,2020-07-20,0.00016913181280364935
Cerro Navia,2020-07-24,0.0004025376404267374
Cerro Navia,2020-07-28,0.0005446832179967675
Cerro Navia,2020-07-29,0.0007211552249220599
Cerro Navia,2020-08-02,0.0003608640610417635
Cerro Navia,2020-08-03,0.00035805529205108224
Cerro Navia,2020-08-04,0.00037919014687700227
Cerro Navia,2020-08-05,0.00017398371651381343
Cerro Navia,2020-08-06,0.0009197571330950686
Cerro Navia,2020-08-07,0.0006906548049138109
Cerro Navia,2020-08-08,0.00045509998803708974
Cerro Navia,2020-08-09,7.553406719418648e-05
Cerro Navia,2020-08-10,0.00031859808849620387
Cerro Navia,2020-08-11,0.0002231860256110487
Cerro Navia,2020-08-12,0.0002589353331938668
Cerro Navia,2020-08-13,0.0003737408492312863
Cerro Navia,2020-08-15,0.00022904739375879328
Cerro Navia,2020-08-16,9.877725614041872e-05
Cerro Navia,2020-08-17,0.00016718510579275347
Cerro Navia,2020-08-19,0.00044964147135839614
Cerro Navia,2020-08-20,0.0002570121868103733
Cerro Navia,2020-08-21,0.0002031458216508246
Cerro Navia,2020-08-22,8.777260507205402e-05
Cerro Navia,2020-08-23,8.784262915245868e-05
Cerro Navia,2020-08-24,9.98299125478847e-05
Cerro Navia,2020-08-27,0.0001524560682577887
Cerro Navia,2020-08-29,0.00014938868629804162
Cerro Navia,2020-08-30,0.00010993570726494095
Cerro Navia,2020-08-31,0.0001884432268681457
Cerro Navia,2020-09-02,0.00016102767002728786
Cerro Navia,2020-09-03,0.00015419611493935786
Cerro Navia,2020-09-05,0.00011552915941655327
Cerro Navia,2020-09-06,5.124075140088969e-05
Cerro Navia,2020-09-07,0.00022984606956404213
Cerro Navia,2020-09-09,0.00020476949124738155
Cerro Navia,2020-09-10,0.00012493732503574004
Cerro Navia,2020-09-11,0.0001253063087713257
Cerro Navia,2020-09-12,9.677324755214609e-05
Cerro Navia,2020-09-13,6.799025418023382e-05
Cerro Navia,2020-09-14,0.00017202628365948586
Cerro Navia,2020-09-15,0.0002191876286664132
Cerro Navia,2020-09-16,0.00014494888310756033
Cerro Navia,2020-09-17,0.00013877713148245663
Cerro Navia,2020-09-18,6.225767362416065e-05
Cerro Navia,2020-09-19,5.164140075923471e-05
Cerro Navia,2020-09-20,5.6550486774366494e-05
Cerro Navia,2020-09-21,0.00018218843298962843
Cerro Navia,2020-09-22,7.508673560473575e-05
Cerro Navia,2020-09-26,8.510648853473862e-05
Cerro Navia,2020-09-27,4.729863667472001e-05
Cerro Navia,2020-09-28,0.0002601938514382964
Cerro Navia,2020-09-29,0.00011808780989696406
Cerro Navia,2020-09-30,9.659185328919539e-05
Cerro Navia,2020-10-01,9.6734317574017e-05
Cerro Navia,2020-10-02,9.516487355047879e-05
Cerro Navia,2020-10-03,5.3000866407330057e-05
Cerro Navia,2020-10-04,5.4781005927560197e-05
Cerro Navia,2020-10-05,0.00011119387180565874
Cerro Navia,2020-10-07,0.000124415361280825
Cerro Navia,2020-10-08,7.878435376187668e-05
Cerro Navia,2020-10-09,0.00011036556088582756
Cerro Navia,2020-10-10,7.917136511715372e-05
Cerro Navia,2020-10-11,6.406021432283748e-05
Cerro Navia,2020-10-12,6.38940409714659e-05
Cerro Navia,2020-10-14,9.295308239923354e-05
Cerro Navia,2020-10-15,0.00011310825495849547
Cerro Navia,2020-10-16,7.914933627265616e-05
Cerro Navia,2020-10-17,6.404925698104308e-05
Cerro Navia,2020-10-18,3.55686591652248e-05
Cerro Navia,2020-10-19,8.984156920413232e-05
Cerro Navia,2020-10-20,7.064200657402444e-05
Cerro Navia,2020-10-21,6.273739098869081e-05
Cerro Navia,2020-10-23,0.00010614213608145883
Cerro Navia,2020-10-24,3.712461489719248e-05
Cerro Navia,2020-10-25,3.928179380614682e-05
Cerro Navia,2020-10-26,7.038315734305642e-05
Cerro Navia,2020-10-28,9.934784655780173e-05
Cerro Navia,2020-10-29,6.620708188631192e-05
Cerro Navia,2020-10-30,7.86987596947155e-05
Cerro Navia,2020-10-31,4.350978545890599e-05
Cerro Navia,2020-11-01,3.850735354843873e-05
Cerro Navia,2020-11-02,6.462764683004271e-05
Cerro Navia,2020-11-03,8.013037839506461e-05
Cerro Navia,2020-11-04,6.167905654661285e-05
Cerro Navia,2020-11-05,6.589601376849468e-05
Cerro Navia,2020-11-06,6.0141655133587285e-05
Cerro Navia,2020-11-07,7.688812771717521e-05
Cerro Navia,2020-11-08,2.952950759154131e-05
Cerro Navia,2020-11-09,4.793732188081037e-05
Cerro Navia,2020-11-10,4.022838628705886e-05
Cerro Navia,2020-11-11,5.950243980833265e-05
Cerro Navia,2020-11-12,6.830834697129167e-05
Cerro Navia,2020-11-14,2.2310858510379887e-05
Cerro Navia,2020-11-15,2.1314095600024143e-05
Cerro Navia,2020-11-16,5.9618739368245127e-05
Cerro Navia,2020-11-17,0.00010289486054114815
Cerro Navia,2020-11-18,6.454101220708759e-05
Cerro Navia,2020-11-19,6.111711531038585e-05
Cerro Navia,2020-11-20,7.374059273542297e-05
Cerro Navia,2020-11-21,6.825225277397896e-05
Cerro Navia,2020-11-22,5.565612207681012e-05
Cerro Navia,2020-11-23,6.221052047142575e-05
Cerro Navia,2020-11-24,4.637490708803987e-05
Cerro Navia,2020-11-25,6.287906453883813e-05
Cerro Navia,2020-11-26,5.5406093708525204e-05
Cerro Navia,2020-11-27,5.544019077700704e-05
Cerro Navia,2020-11-28,4.2298995162001023e-05
Cerro Navia,2020-11-29,3.553949162870816e-05
Cerro Navia,2020-11-30,6.049856298400875e-05
Cerro Navia,2020-12-02,4.668198827806734e-05
Cerro Navia,2020-12-03,4.598658760588081e-05
Cerro Navia,2020-12-04,7.736955672632818e-05
Cerro Navia,2020-12-05,5.355525589831882e-05
Cerro Navia,2020-12-06,3.276885015779651e-05
Cerro Navia,2020-12-07,5.992056542846643e-05
Cerro Navia,2020-12-08,3.309331448989563e-05
Cerro Navia,2020-12-09,8.598304532670785e-05
Cerro Navia,2020-12-10,3.7772403452538735e-05
Cerro Navia,2020-12-11,5.963344043651202e-05
Cerro Navia,2020-12-12,2.8505072393617236e-05
Cerro Navia,2020-12-13,2.617728392688714e-05
Cerro Navia,2020-12-14,6.93528406858795e-05
Cerro Navia,2020-12-15,7.660427800198168e-05
Cerro Navia,2020-12-16,5.8877061720134705e-05
Cerro Navia,2020-12-17,6.82627262823281e-05
Cerro Navia,2020-12-18,6.246501890812152e-05
Cerro Navia,2020-12-19,3.510368692077954e-05
Cerro Navia,2020-12-20,3.6677506878785745e-05
Cerro Navia,2020-12-21,8.261529096314246e-05
Cerro Navia,2020-12-22,5.7365399511033695e-05
Cerro Navia,2020-12-23,5.1832498015321176e-05
Cerro Navia,2020-12-24,4.4154892435177e-05
Cerro Navia,2020-12-25,3.168150270123345e-05
Cerro Navia,2020-12-26,2.2370086633164812e-05
Cerro Navia,2020-12-27,2.6237900402162385e-05
Cerro Navia,2020-12-28,4.041890925002959e-05
Cerro Navia,2020-12-29,5.4811033653026086e-05
Cerro Navia,2020-12-30,7.703034761600903e-05
Cerro Navia,2020-12-31,4.41351414416637e-05
Cerro Navia,2021-01-01,1.713461039269809e-05
Cerro Navia,2021-01-02,3.640118322888763e-05
Cerro Navia,2021-01-03,1.9810588014557776e-05
Cerro Navia,2021-01-04,4.4211213269758937e-05
Cerro Navia,2021-01-05,3.8957309019300064e-05
Cerro Navia,2021-01-07,4.607989272344489e-05
Cerro Navia,2021-01-08,5.394713585981352e-05
Cerro Navia,2021-01-10,2.7737992377375224e-05
Cerro Navia,2021-01-11,6.961878668338103e-05
Cerro Navia,2021-01-12,5.180342960618241e-05
Cerro Navia,2021-01-13,5.0103500043812155e-05
Cerro Navia,2021-01-14,5.330915311211083e-05
Cerro Navia,2021-01-15,6.604374427528088e-05
Cerro Navia,2021-01-16,2.850771283102565e-05
Cerro Navia,2021-01-17,1.6687902326718225e-05
Cerro Navia,2021-01-18,5.949381475543158e-05
Cerro Navia,2021-01-19,5.85312354803706e-05
Cerro Navia,2021-01-20,6.188793588519844e-05
Cerro Navia,2021-01-21,6.255703344395353e-05
Cerro Navia,2021-01-22,6.660735159159912e-05
Cerro Navia,2021-01-23,3.142776534338479e-05
Cerro Navia,2021-01-24,3.7935046043620206e-05
Cerro Navia,2021-01-25,3.2579379079852775e-05
Cerro Navia,2021-01-26,4.8138137142451616e-05
Cerro Navia,2021-01-27,6.11171659802436e-05
Cerro Navia,2021-01-31,4.8641807589690384e-05
Cerro Navia,2021-02-01,8.168582405900861e-05
Cerro Navia,2021-02-02,5.6247844381623336e-05
Cerro Navia,2021-02-03,0.00010611107409457779
Cerro Navia,2021-02-04,8.369520316634527e-05
Cerro Navia,2021-02-05,9.313610770403709e-05
Cerro Navia,2021-02-06,8.155790253195853e-05
Cerro Navia,2021-02-07,4.521064813902297e-05
Cerro Navia,2021-02-08,4.979840571187195e-05
Cerro Navia,2021-02-09,6.011396779587543e-05
Cerro Navia,2021-02-10,7.991511385295611e-05
Cerro Navia,2021-02-12,5.477505774670555e-05
Cerro Navia,2021-02-13,2.6566389351500144e-05
Cerro Navia,2021-02-14,1.7852228350031275e-05
Cerro Navia,2021-02-15,5.208931894077193e-05
Cerro Navia,2021-02-17,7.259326216292554e-05
Cerro Navia,2021-02-18,5.815865201056694e-05
Cerro Navia,2021-02-19,7.33057836464377e-05
Cerro Navia,2021-02-20,3.85562431141222e-05
Cerro Navia,2021-02-21,3.183252663952855e-05
Cerro Navia,2021-02-22,7.510646794901228e-05
Cerro Navia,2021-02-23,0.00012027158858922154
Cerro Navia,2021-02-24,6.79580530047023e-05
Cerro Navia,2021-02-25,5.307313070526633e-05
Cerro Navia,2021-02-26,5.764923265216822e-05
Cerro Navia,2021-02-27,6.842196727180105e-05
Cerro Navia,2021-02-28,3.744812575101244e-05
Cerro Navia,2021-03-02,6.859286828987401e-05
Cerro Navia,2021-03-03,7.42638291002339e-05
Cerro Navia,2021-03-04,0.00011258369346597884
Cerro Navia,2021-03-05,7.812787050229397e-05
Cerro Navia,2021-03-06,3.336243337122006e-05
Cerro Navia,2021-03-07,3.167577393630056e-05
Cerro Navia,2021-03-08,7.44059669231336e-05
Cerro Navia,2021-03-09,5.4928946005845816e-05
Cerro Navia,2021-03-10,5.1697965789662155e-05
Cerro Navia,2021-03-11,0.0001178583985818003
Cerro Navia,2021-03-12,6.541857976188844e-05
Cerro Navia,2021-03-13,4.4213296919514696e-05
Cerro Navia,2021-03-14,3.4625536977985455e-05
Cerro Navia,2021-03-19,8.093580451029761e-05
Cerro Navia,2021-03-20,0.0001295508441323263
Cerro Navia,2021-03-21,3.4087644346900354e-05
Cerro Navia,2021-03-22,0.00019091609962516357
Cerro Navia,2021-03-23,6.990345225019794e-05
Cerro Navia,2021-03-24,5.3727250388838965e-05
Cerro Navia,2021-03-25,6.315313722549766e-05
Cerro Navia,2021-03-26,0.00021465788675899654
Cerro Navia,2021-03-27,8.70329199623034e-05
Cerro Navia,2021-03-28,2.8319267469915104e-05
Cerro Navia,2021-03-29,7.178189397503377e-05
Cerro Navia,2021-03-30,8.089367087409777e-05
Cerro Navia,2021-03-31,0.000199585072783699
Cerro Navia,2021-04-01,9.568149687912633e-05
Cerro Navia,2021-04-02,6.853280261334443e-05
Cerro Navia,2021-04-03,6.425394396765546e-05
Cerro Navia,2021-04-04,8.626438124299949e-05
Cerro Navia,2021-04-05,0.00027413012918373026
Cerro Navia,2021-04-06,0.0002516000367841002
Cerro Navia,2021-04-07,8.644195718072309e-05
Cerro Navia,2021-04-08,7.109067965041048e-05
Cerro Navia,2021-04-09,8.622428261445775e-05
Cerro Navia,2021-04-10,0.00012042808637697332
Cerro Navia,2021-04-11,0.00010673234469583671
Cerro Navia,2021-04-12,0.00024681267694807795
Cerro Navia,2021-04-13,0.00010882252488965859
Cerro Navia,2021-04-14,0.00015836395393989503
Cerro Navia,2021-04-15,0.0002456586999581728
Cerro Navia,2021-04-16,0.0002733709875485389
Cerro Navia,2021-04-17,0.00012486720655225465
Cerro Navia,2021-04-18,8.550700102934792e-05
Cerro Navia,2021-04-19,0.00014554024698111
Cerro Navia,2021-04-20,0.0002721366529059703
Cerro Navia,2021-04-21,0.00010157200288295891
Cerro Navia,2021-04-22,0.00021811873561363565
Cerro Navia,2021-04-24,0.00024996644724477465
Cerro Navia,2021-04-25,7.092006897131297e-05
Cerro Navia,2021-04-26,0.00041973832796739625
Cerro Navia,2021-04-27,0.00028144573046505467
Cerro Navia,2021-04-28,0.00034738352813721993
Cerro Navia,2021-04-29,0.00024076217154438275
Cerro Navia,2021-05-03,0.00012915542321568997
Cerro Navia,2021-05-05,0.0002619148659885666
Cerro Navia,2021-05-06,0.00023557210947764234
Cerro Navia,2021-05-09,9.533900156506782e-05
Cerro Navia,2021-05-10,0.00015094986968151592
Cerro Navia,2021-05-11,0.00045858690864710475
Cerro Navia,2021-05-12,0.0005323357901273229
Cerro Navia,2021-05-14,0.001053897460530543
Cerro Navia,2021-05-17,0.00041811158948521485
Cerro Navia,2021-05-19,0.0010412373799104197
Cerro Navia,2021-05-21,0.00017520252135504337
Cerro Navia,2021-05-22,0.0005661934424058838
Cerro Navia,2021-05-23,0.000520026010162878
Cerro Navia,2021-05-24,0.0008940167733926423
Cerro Navia,2021-05-25,0.0007581989557492251
Cerro Navia,2021-05-26,0.0012425865466998173
Cerro Navia,2021-05-27,0.0005683695697699874
Cerro Navia,2021-05-28,0.0005568986557403635
Cerro Navia,2021-05-30,0.0006411217308094197
Cerro Navia,2021-05-31,0.0008485084122774476
Cerro Navia,2021-06-02,0.0016024772152485826
Cerro Navia,2021-06-03,0.001207248723964281
Cerro Navia,2021-06-07,0.0008413604794896052
Cerro Navia,2021-06-08,0.0006008006273107573
Cerro Navia,2021-06-09,0.0007775064218646823
Cerro Navia,2021-06-10,0.0006592978570053561
Cerro Navia,2021-06-11,0.0006437890368772659
Cerro Navia,2021-06-12,0.0005357699433817668
Cerro Navia,2021-06-13,0.00027744987510462004
Cerro Navia,2021-06-14,0.0008510774337161017
Cerro Navia,2021-06-15,0.0007193937298390125
Cerro Navia,2021-06-16,0.0004313710847412311
Cerro Navia,2021-06-17,0.0003723900017896901
Cerro Navia,2021-06-18,0.0006955756873792168
Cerro Navia,2021-06-19,0.000591781890252593
Cerro Navia,2021-06-21,0.00034905748604091374
Cerro Navia,2021-06-26,0.00019862766301114386
Cerro Navia,2021-06-27,0.00033213716558561985
Cerro Navia,2021-06-28,0.0004258337961724388
Cerro Navia,2021-07-01,0.0007489259433928275
Cerro Navia,2021-07-02,0.001030731611245438
Cerro Navia,2021-07-03,0.0006049988427014188
Cerro Navia,2021-07-04,0.0005335529978000962
Cerro Navia,2021-07-05,0.0008464749287916137
Cerro Navia,2021-07-06,0.00031279325423617195
Cerro Navia,2021-07-07,0.00047508172259179963
Cerro Navia,2021-07-08,0.0005283503081354141
Cerro Navia,2021-07-10,0.0008237237203597221
Cerro Navia,2021-07-13,0.0005758385415606662
Cerro Navia,2021-07-14,0.0014303024608763257
Cerro Navia,2021-07-15,0.0013082933402711126
Cerro Navia,2021-07-16,0.0007939768594003938
Cerro Navia,2021-07-17,0.0005897592100915862
Cerro Navia,2021-07-18,0.00033286891373446315
Cerro Navia,2021-07-19,0.0010729429430531184
Cerro Navia,2021-07-20,0.0007029899965168133
Cerro Navia,2021-07-21,0.0008996623441331103
Cerro Navia,2021-07-22,0.000852264427885039
Cerro Navia,2021-07-23,0.000621487580374795
Cerro Navia,2021-07-25,0.0001979660917996405
Cerro Navia,2021-07-27,0.0006978944375737432
Cerro Navia,2021-07-28,0.0013685284295553457
Cerro Navia,2021-07-29,0.0008628915987330563
Cerro Navia,2021-07-30,0.0008642426210385189
Cerro Navia,2021-07-31,0.0007507940780433393
Cerro Navia,2021-08-01,0.00029940595113824584
Cerro Navia,2021-08-02,0.0005698612247423513
Cerro Navia,2021-08-03,0.0008347425466976169
Cerro Navia,2021-08-04,0.0006524393632170113
Cerro Navia,2021-08-05,0.0009902890207513114
Cerro Navia,2021-08-09,0.0006329102916301756
Cerro Navia,2021-08-10,0.00134154687282221
Cerro Navia,2021-08-11,0.0008311394604610533
Cerro Navia,2021-08-12,0.0005972614164719183
Cerro Navia,2021-08-13,0.0008804793564446986
Cerro Navia,2021-08-22,0.00029516994564877236
Cerro Navia,2021-08-23,0.0003271312745032132
Cerro Navia,2021-08-24,0.00037267456395466907
Cerro Navia,2021-08-25,0.000508307464283644
Cerro Navia,2021-08-26,0.0012536240470609993
Cerro Navia,2021-08-29,0.0001683598669995839
Cerro Navia,2021-08-30,0.00040916489821070915
Cerro Navia,2021-08-31,0.0009158755927158994
Cerro Navia,2021-09-02,0.00029872667324983406
Cerro Navia,2021-09-04,0.00029568387372853834
Cerro Navia,2021-09-05,0.00013524368036921372
Cerro Navia,2021-09-08,0.0005873588389386515
Cerro Navia,2021-09-09,0.0006989670232150345
Cerro Navia,2021-09-10,0.00011970095574529207
Cerro Navia,2021-09-14,0.0005701917396389086
Cerro Navia,2021-09-15,0.0004846793578874614
Cerro Navia,2021-09-16,0.00036142976121172215
Cerro Navia,2021-09-17,0.00017947144240212026
Cerro Navia,2021-09-18,9.074620711616431e-05
Cerro Navia,2021-09-19,9.794796580748865e-05
Cerro Navia,2021-09-20,0.00017088494901587722
Cerro Navia,2021-09-21,0.0001941169656782596
Cerro Navia,2021-09-22,0.0005533220769795567
Cerro Navia,2021-09-23,0.000932102394447365
Cerro Navia,2021-09-24,0.000232093334508531
Cerro Navia,2021-09-25,5.937482721318576e-05
Cerro Navia,2021-09-26,6.421775585648406e-05
Cerro Navia,2021-09-27,0.00018370568691133688
Cerro Navia,2021-09-28,0.00025527159780493316
Cerro Navia,2021-09-30,0.00012148274758074389
Cerro Navia,2021-10-01,0.00012766288166190932
Cerro Navia,2021-10-02,8.071227881390233e-05
Cerro Navia,2021-10-03,0.0001059478664983691
Cerro Navia,2021-10-04,6.458145274527063e-05
Cerro Navia,2021-10-05,0.00012441910861905262
Cerro Navia,2021-10-06,0.00010619315735439703
Cerro Navia,2021-10-07,0.0001230129038261099
Cerro Navia,2021-10-09,9.097389536717755e-05
Cerro Navia,2021-10-10,8.326974219571834e-05
Cerro Navia,2021-10-11,7.527184058380633e-05
Cerro Navia,2021-10-13,9.890014215381868e-05
Cerro Navia,2021-10-15,0.000202811930416528
Cerro Navia,2021-10-16,7.541339681651002e-05
Cerro Navia,2021-10-17,4.118184919228355e-05
Cerro Navia,2021-10-18,0.00011171184305861455
Cerro Navia,2021-10-19,0.00012519433813287228
Cerro Navia,2021-10-20,0.00012491591681196526
Cerro Navia,2021-10-21,0.00015357584336114425
Cerro Navia,2021-10-22,8.364451342750704e-05
Cerro Navia,2021-10-23,8.498785389719921e-05
Cerro Navia,2021-10-24,7.390579001677179e-05
Cerro Navia,2021-10-25,0.00020402367547603837
Cerro Navia,2021-10-26,9.004611836967692e-05
Cerro Navia,2021-10-27,7.184265260313445e-05
Cerro Navia,2021-10-28,0.00011911974246478808
Cerro Navia,2021-10-29,7.58673390580621e-05
Cerro Navia,2021-10-30,7.069858423524447e-05
Cerro Navia,2021-11-02,7.843053746741193e-05
Cerro Navia,2021-11-05,9.305959258553418e-05
Cerro Navia,2021-11-06,4.720461228965065e-05
Cerro Navia,2021-11-07,3.624202284160095e-05
Cerro Navia,2021-11-08,7.136577870034773e-05
Cerro Navia,2021-11-09,5.9136622135165085e-05
Cerro Navia,2021-11-10,9.208684370499325e-05
Cerro Navia,2021-11-11,6.015232291977613e-05
Cerro Navia,2021-11-12,6.243269429324415e-05
Cerro Navia,2021-11-13,4.279131461215276e-05
Cerro Navia,2021-11-14,4.239150393359074e-05
Cerro Navia,2021-11-15,6.894859058612283e-05
Cerro Navia,2021-11-16,5.767612536104209e-05
Cerro Navia,2021-11-17,5.965659837258109e-05
Cerro Navia,2021-11-18,5.98123146964301e-05
Cerro Navia,2021-11-19,7.082476747726791e-05
Cerro Navia,2021-11-20,5.285203427509349e-05
Cerro Navia,2021-11-21,3.971569476310372e-05
Cerro Navia,2021-11-22,8.067593310915751e-05
Cerro Navia,2021-11-23,5.5729003083976726e-05
Cerro Navia,2021-11-24,8.209729532113798e-05
Cerro Navia,2021-11-25,8.147318449762151e-05
Cerro Navia,2021-11-26,5.821923205049969e-05
Cerro Navia,2021-11-27,4.592910250205558e-05
Cerro Navia,2021-11-28,4.960208084583834e-05
Cerro Navia,2021-11-29,5.7677313003267494e-05
Cerro Navia,2021-11-30,7.19316568026451e-05
Cerro Navia,2021-12-01,9.857869526167003e-05
Cerro Navia,2021-12-02,5.594911303351468e-05
Cerro Navia,2021-12-03,4.549580068247824e-05
Cerro Navia,2021-12-04,4.834764921289416e-05
Cerro Navia,2021-12-05,3.877878785751156e-05
Cerro Navia,2021-12-06,7.984262637625147e-05
Cerro Navia,2021-12-07,9.809683122381676e-05
Cerro Navia,2021-12-08,4.515700127053645e-05
Cerro Navia,2021-12-09,5.143348793392001e-05
Cerro Navia,2021-12-10,4.323223421886514e-05
Cerro Navia,2021-12-12,4.17881707280309e-05
Cerro Navia,2021-12-13,6.69918265443042e-05
Cerro Navia,2021-12-14,6.199279648049984e-05
Cerro Navia,2021-12-15,7.861180260152228e-05
Cerro Navia,2021-12-16,7.591348841102934e-05
Cerro Navia,2021-12-17,8.743901906396457e-05
Cerro Navia,2021-12-18,5.224386157653965e-05
Cerro Navia,2021-12-19,3.1369337925553585e-05
Cerro Navia,2021-12-20,5.7101819742598936e-05
Cerro Navia,2021-12-21,5.328479372254534e-05
Cerro Navia,2021-12-22,5.6305200889617425e-05
Cerro Navia,2021-12-23,7.467049726983254e-05
Cerro Navia,2021-12-24,4.564353625155008e-05
Cerro Navia,2021-12-25,2.8430111870174332e-05
Cerro Navia,2021-12-26,4.158124210385028e-05
Cerro Navia,2021-12-27,5.547241258408875e-05
Cerro Navia,2021-12-28,5.6836348350798175e-05
Cerro Navia,2021-12-29,6.0965948913343555e-05
Cerro Navia,2021-12-30,5.334938639771454e-05
Cerro Navia,2021-12-31,3.444237055915284e-05
Cerro Navia,2022-01-01,3.2365545552240054e-05
Cerro Navia,2022-01-02,2.3660434260043402e-05
Cerro Navia,2022-01-03,3.568087450130723e-05
Cerro Navia,2022-01-04,2.9787750097350082e-05
Cerro Navia,2022-01-05,5.5495237674976146e-05
Cerro Navia,2022-01-06,4.7173777392511066e-05
Cerro Navia,2022-01-07,5.161473619876713e-05
Cerro Navia,2022-01-08,3.9607335294672176e-05
Cerro Navia,2022-01-09,2.0930558250874914e-05
Cerro Navia,2022-01-10,5.1320746975630584e-05
Cerro Navia,2022-01-11,4.759999716958527e-05
Cerro Navia,2022-01-12,6.049567917939028e-05
Cerro Navia,2022-01-13,5.0184711596200184e-05
Cerro Navia,2022-01-14,5.4689384551740634e-05
Cerro Navia,2022-01-15,2.6130040497585742e-05
Cerro Navia,2022-01-16,3.33234781972273e-05
Cerro Navia,2022-01-17,8.957800359267945e-05
Cerro Navia,2022-01-18,6.960467487826724e-05
Cerro Navia,2022-01-19,5.9756778841851664e-05
Cerro Navia,2022-01-20,5.938279485173958e-05
Cerro Navia,2022-01-21,6.715271322944733e-05
Cerro Navia,2022-01-22,3.816848484162673e-05
Cerro Navia,2022-01-23,2.3942713271028465e-05
Cerro Navia,2022-01-24,7.732309001848403e-05
Cerro Navia,2022-01-25,5.7987554875753484e-05
Cerro Navia,2022-01-26,3.523688243981217e-05
Cerro Navia,2022-01-27,4.499331411891976e-05
Cerro Navia,2022-01-28,5.238449678479643e-05
Cerro Navia,2022-01-29,3.548751073588719e-05
Cerro Navia,2022-01-30,2.6427477983459632e-05
Cerro Navia,2022-01-31,5.067497324554292e-05
Cerro Navia,2022-02-01,6.553757500647618e-05
Cerro Navia,2022-02-02,4.347401489316561e-05
Cerro Navia,2022-02-03,4.869095371742464e-05
Cerro Navia,2022-02-04,5.449830950707272e-05
Cerro Navia,2022-02-05,3.541025669421601e-05
Cerro Navia,2022-02-06,2.9819886950928407e-05
Cerro Navia,2022-02-07,4.914562842955921e-05
Cerro Navia,2022-02-08,6.80236706836855e-05
Cerro Navia,2022-02-09,5.5192695830797884e-05
Cerro Navia,2022-02-10,4.613360643214198e-05
Cerro Navia,2022-02-11,5.416309689532669e-05
Cerro Navia,2022-02-12,4.978722164474437e-05
Cerro Navia,2022-02-13,3.829515404336869e-05
Cerro Navia,2022-02-14,7.691266533099329e-05
Cerro Navia,2022-02-15,5.589404455513389e-05
Cerro Navia,2022-02-16,6.35955505149936e-05
Cerro Navia,2022-02-17,6.86420886636457e-05
Cerro Navia,2022-02-18,6.355992956192698e-05
Cerro Navia,2022-02-19,4.8847979124204866e-05
Cerro Navia,2022-02-20,1.14198684401499e-05
Cerro Navia,2022-02-21,3.691599727905621e-05
Cerro Navia,2022-02-22,4.992305808507603e-05
Cerro Navia,2022-02-23,6.119575857185043e-05
Cerro Navia,2022-02-24,8.455319280712518e-05
Cerro Navia,2022-02-25,8.08061711817427e-05
Cerro Navia,2022-02-26,6.307565424063962e-05
Cerro Navia,2022-02-27,2.4106666361271317e-05
Cerro Navia,2022-02-28,8.502295891847383e-05
Cerro Navia,2022-03-01,0.00010285653005328893
Cerro Navia,2022-03-02,9.197310584369096e-05
Cerro Navia,2022-03-03,7.876792029623923e-05
Cerro Navia,2022-03-04,5.548580156755428e-05
Cerro Navia,2022-03-05,5.823707102944477e-05
Cerro Navia,2022-03-07,0.00017995809842154639
Cerro Navia,2022-03-08,7.075996122049353e-05
Cerro Navia,2022-03-09,5.6936624844576706e-05
Cerro Navia,2022-03-10,8.338783078066787e-05
Cerro Navia,2022-03-11,7.653586024782137e-05
Cerro Navia,2022-03-12,5.688192356073443e-05
Cerro Navia,2022-03-13,5.8859465994768895e-05
Cerro Navia,2022-03-14,9.154703562998283e-05
Cerro Navia,2022-03-15,5.732776812787392e-05
Cerro Navia,2022-03-16,6.558120550435936e-05
Cerro Navia,2022-03-17,0.00011241785957506943
Cerro Navia,2022-03-18,0.00014521977525701313
Cerro Navia,2022-03-20,5.3989523600134646e-05
Cerro Navia,2022-03-21,8.89641947589437e-05
Cerro Navia,2022-03-22,0.00010857709979509638
Cerro Navia,2022-03-23,8.504598245162015e-05
Cerro Navia,2022-03-24,0.0002289383280386528
Cerro Navia,2022-03-25,0.0001013443266299377
Cerro Navia,2022-03-26,5.296371860634618e-05
Cerro Navia,2022-03-27,8.802211629874089e-05
Cerro Navia,2022-03-28,8.592621537293225e-05
Cerro Navia,2022-03-29,0.00011942232527346805
Cerro Navia,2022-03-30,0.00020265297973794962
Cerro Navia,2022-03-31,0.00013476896609312594
Cerro Navia,2022-04-01,0.00013276146632236742
Cerro Navia,2022-04-02,8.041677600348537e-05
Cerro Navia,2022-04-03,0.00010241268417170687
Cerro Navia,2022-04-04,0.00019910652211106825
Cerro Navia,2022-04-05,0.00011458125026836485
Cerro Navia,2022-04-06,0.00014919440977770933
Cerro Navia,2022-04-07,0.00037355736008695044
Cerro Navia,2022-04-08,0.0001635930226980619
Cerro Navia,2022-04-09,8.133499419375846e-05
Cerro Navia,2022-04-10,5.222565171309387e-05
Cerro Navia,2022-04-11,0.00013273326272026493
Cerro Navia,2022-04-13,0.00043869976031554714
Cerro Navia,2022-04-14,0.00018508287755850876
Cerro Navia,2022-04-15,0.00018554891801640444
Cerro Navia,2022-04-16,8.223888157479878e-05
Cerro Navia,2022-04-17,6.0142343167306184e-05
Cerro Navia,2022-04-18,0.00012234120566021028
Cerro Navia,2022-04-19,0.0003326819967406136
Cerro Navia,2022-04-20,0.00023213123755786802
Cerro Navia,2022-04-22,0.00035783819262494044
Cerro Navia,2022-04-23,0.00016761410401936624
Cerro Navia,2022-04-24,9.014182956406405e-05
Cerro Navia,2022-04-25,0.00016663470270118793
Cerro Navia,2022-04-28,0.0005386394502338894
Cerro Navia,2022-04-29,0.0007486881659060018
Cerro Navia,2022-04-30,0.0006034004951631623
Cerro Navia,2022-05-02,0.0007679230163855101
Cerro Navia,2022-05-03,0.0005351823864313674
Cerro Navia,2022-05-04,0.0004270574547631962
Cerro Navia,2022-05-05,0.00041576671786069583
Cerro Navia,2022-05-06,0.0005956858696302388
Cerro Navia,2022-05-07,0.0002439348202527489
Cerro Navia,2022-05-09,0.000733835057607899
Cerro Navia,2022-05-10,0.0006450386535974326
Cerro Navia,2022-05-13,0.0006694946836515546
Cerro Navia,2022-05-15,0.0002379444174699266
Cerro Navia,2022-05-16,0.0006409720194627213
Cerro Navia,2022-05-17,0.000794571606320151
Cerro Navia,2022-05-18,0.0005681650945916562
Cerro Navia,2022-05-20,0.0003255794215357733
Cerro Navia,2022-05-21,0.0006620085924843761
Cerro Navia,2022-05-25,0.0005741179978441839
Cerro Navia,2022-05-29,0.0004312979898227704
Cerro Navia,2022-05-30,0.0004599650217295753
Cerro Navia,2022-05-31,0.0006526969084314593
Cerro Navia,2022-06-01,0.0006801979932227799
Cerro Navia,2022-06-05,0.00024142214327368014
Cerro Navia,2022-06-06,0.0009585889448956994
Cerro Navia,2022-06-07,0.001052987082801035
Cerro Navia,2022-06-09,0.0009210249805230252
Cerro Navia,2022-06-10,0.0007953916900130356
Cerro Navia,2022-06-11,0.0008489837563819433
Cerro Navia,2022-06-12,0.0005340942007600444
Cerro Navia,2022-06-14,0.0006224267895667179
Cerro Navia,2022-06-15,0.000603937887179247
Cerro Navia,2022-06-17,0.0011890687662272409
Cerro Navia,2022-06-28,0.000425836005907681
Cerro Navia,2022-06-30,0.0007547333013822432
Cerro Navia,2022-07-02,0.0008088417467494993
Cerro Navia,2022-07-04,0.0005336422109386438
Cerro Navia,2022-07-05,0.0009309536774884925
Cerro Navia,2022-07-07,0.001411184007473515
Cerro Navia,2022-07-08,0.0007152401251985006
Cerro Navia,2022-07-12,0.0008032689163463288
Cerro Navia,2022-07-19,0.00039365677850978375
Cerro Navia,2022-07-20,0.00058748870146098
Cerro Navia,2022-07-21,0.00046454132134306973
Cerro Navia,2022-07-22,0.0006938690777349212
Cerro Navia,2022-07-23,0.00043828524654830576
Cerro Navia,2022-07-24,0.00029754182004097855
Cerro Navia,2022-07-26,0.0003913856223109694
Cerro Navia,2022-07-28,0.000722527313189578
Cerro Navia,2022-07-29,0.0003928329322821829
Cerro Navia,2022-07-31,0.0001937125429101084
Cerro Navia,2022-08-01,0.00024012700589951764
Cerro Navia,2022-08-02,0.0007363826695651055
Cerro Navia,2022-08-03,0.0005720068087392703
Cerro Navia,2022-08-04,0.0008475872824374714
Cerro Navia,2022-08-05,0.0006952500571271523
Cerro Navia,2022-08-07,0.00015448889419591172
Cerro Navia,2022-08-08,0.0005856310957429799
Cerro Navia,2022-08-10,0.0004412444214247198
Cerro Navia,2022-08-11,0.0004186223876462402
Cerro Navia,2022-08-12,0.0005274164206949064
Cerro Navia,2022-08-13,0.0003122241831976186
Cerro Navia,2022-08-15,6.827524997056774e-05
Cerro Navia,2022-08-18,0.0008190878099841744
Cerro Navia,2022-08-19,0.0006883836991969035
Cerro Navia,2022-08-20,0.000668972460367277
Cerro Navia,2022-08-21,0.00020019106174482562
Cerro Navia,2022-08-23,0.0004239938396130812
Cerro Navia,2022-08-25,0.0007120887231935404
Cerro Navia,2022-08-27,0.00018954012076460793
Cerro Navia,2022-08-28,0.00018952399461261607
Cerro Navia,2022-08-29,0.00018443445330315692
Cerro Navia,2022-08-30,0.0002549307845341178
Cerro Navia,2022-09-02,0.00033407851473051306
Cerro Navia,2022-09-03,0.0002035898633977646
Cerro Navia,2022-09-04,0.00030813065925921796
Cerro Navia,2022-09-05,0.0004697734417489254
Cerro Navia,2022-09-06,0.00028096952596872127
Cerro Navia,2022-09-09,0.0005710305481658841
Cerro Navia,2022-09-10,0.00023860622787467568
Cerro Navia,2022-09-12,0.00019034040436111794
Cerro Navia,2022-09-13,0.0004528402495430897
Cerro Navia,2022-09-14,0.0004680411204488681
Cerro Navia,2022-09-18,6.809646089579952e-05
Cerro Navia,2022-09-21,0.00019184230897655532
Cerro Navia,2022-09-22,0.0004186107964739625
Cerro Navia,2022-09-23,0.00019736703470778062
Cerro Navia,2022-09-25,5.674097506161074e-05
Cerro Navia,2022-09-26,0.00023150896114564507
Cerro Navia,2022-09-27,0.0002658331025042174
Cerro Navia,2022-09-28,8.67635483238589e-05
Cerro Navia,2022-09-29,8.317108138937138e-05
Cerro Navia,2022-09-30,0.00022335809031954302
Cerro Navia,2022-10-01,0.00011033557915829776
Cerro Navia,2022-10-02,7.289970857135537e-05
Cerro Navia,2022-10-04,0.00015705168016085682
Cerro Navia,2022-10-06,0.00014370176245722551
Cerro Navia,2022-10-07,9.093372217101902e-05
Cerro Navia,2022-10-08,5.4301306595884085e-05
Cerro Navia,2022-10-09,6.222064622098346e-05
Cerro Navia,2022-10-10,5.278192973750525e-05
Cerro Navia,2022-10-11,8.43739041743833e-05
Cerro Navia,2022-10-12,0.0001339844775683495
Cerro Navia,2022-10-13,0.00010823693020973641
Cerro Navia,2022-10-14,0.00012694291170145048
Cerro Navia,2022-10-15,6.582470501052045e-05
Cerro Navia,2022-10-16,5.475349291079049e-05
Cerro Navia,2022-10-17,7.719490999875649e-05
Cerro Navia,2022-10-18,7.231136186773605e-05
Cerro Navia,2022-10-19,5.295404919285977e-05
Cerro Navia,2022-10-20,0.0001256817320205678
Cerro Navia,2022-10-21,8.992725735791292e-05
Cerro Navia,2022-10-22,8.935658599410456e-05
Cerro Navia,2022-10-23,4.042976607764369e-05
Cerro Navia,2022-10-24,0.0001100685480190301
Cerro Navia,2022-10-25,6.846625420021108e-05
Cerro Navia,2022-10-26,0.00010840948132254551
Cerro Navia,2022-10-27,7.71232868906099e-05
Cerro Navia,2022-10-28,0.00014009982563865987
Cerro Navia,2022-10-29,6.029806653231695e-05
Cerro Navia,2022-10-31,7.523017278810472e-05
Cerro Navia,2022-11-01,5.6015232743409396e-05
Cerro Navia,2022-11-02,0.00011609562855557458
Cerro Navia,2022-11-03,0.00017239994872505352
Cerro Navia,2022-11-04,6.767330937658029e-05
Cerro Navia,2022-11-05,6.510182224382785e-05
Cerro Navia,2022-11-06,5.220055760960116e-05
Cerro Navia,2022-11-07,7.842682117814105e-05
Cerro Navia,2022-11-10,5.8214956426362285e-05
Cerro Navia,2022-11-14,0.00010412047154177682
Cerro Navia,2022-11-15,5.47935579786565e-05
Cerro Navia,2022-11-16,6.096980690713221e-05
Cerro Navia,2022-11-17,5.938791257869431e-05
Cerro Navia,2022-11-18,5.8479235343606575e-05
Cerro Navia,2022-11-19,4.1166563594096026e-05
Cerro Navia,2022-11-20,2.6375104209317324e-05
Cerro Navia,2022-11-21,6.813673128322993e-05
Cerro Navia,2022-11-22,6.787634146770062e-05
Cerro Navia,2022-11-23,6.445009408683225e-05
Cerro Navia,2022-11-24,6.961651273598761e-05
Cerro Navia,2022-11-25,5.8013020287507204e-05
Cerro Navia,2022-11-26,4.5539870547007e-05
Cerro Navia,2022-11-27,3.904751370947016e-05
Cerro Navia,2022-11-28,5.020757685640389e-05
Cerro Navia,2022-11-29,4.9221296049274636e-05
Cerro Navia,2022-11-30,6.391991334467154e-05
Cerro Navia,2022-12-01,5.700983462257774e-05
Cerro Navia,2022-12-02,6.049637992281837e-05
Cerro Navia,2022-12-03,4.6723220271699345e-05
Cerro Navia,2022-12-04,5.728240367501871e-05
Cerro Navia,2022-12-05,4.879959854324322e-05
Cerro Navia,2022-12-06,4.824049932310301e-05
Cerro Navia,2022-12-07,4.100527771536215e-05
Cerro Navia,2022-12-08,4.197996616058033e-05
Cerro Navia,2022-12-09,4.7066771845016855e-05
Cerro Navia,2022-12-10,5.6301439674244083e-05
Cerro Navia,2022-12-11,3.13649739951603e-05
Cerro Navia,2022-12-12,6.326302740587817e-05
Cerro Navia,2022-12-13,6.311412004655834e-05
Cerro Navia,2022-12-14,5.21014259808878e-05
Cerro Navia,2022-12-15,9.817273727163293e-05
Cerro Navia,2022-12-16,8.049803499552452e-05
Cerro Navia,2022-12-17,2.3315147446678513e-05
Cerro Navia,2022-12-18,4.663137706106428e-05
Cerro Navia,2022-12-19,6.560593936369433e-05
Cerro Navia,2022-12-20,8.047681222752274e-05
Cerro Navia,2022-12-21,7.486109903566957e-05
Cerro Navia,2022-12-22,5.766831025306688e-05
Cerro Navia,2022-12-23,4.7213556729022966e-05
Cerro Navia,2022-12-24,4.707699082842729e-05
Cerro Navia,2022-12-25,2.495733609530033e-05
Cerro Navia,2022-12-27,3.864476364750575e-05
Cerro Navia,2022-12-28,5.925478928598925e-05
Cerro Navia,2022-12-29,5.81962086307639e-05
Cerro Navia,2022-12-30,4.832670304192176e-05
Cerro Navia,2023-01-01,2.1080178600793898e-05
Cerro Navia,2023-01-02,3.0023834155490833e-05
Cerro Navia,2023-01-03,5.226233641223265e-05
Cerro Navia,2023-01-04,5.5740076548987504e-05
Cerro Navia,2023-01-05,5.717661909394577e-05
Cerro Navia,2023-01-06,5.4139169386906795e-05
Cerro Navia,2023-01-07,3.961487224984101e-05
Cerro Navia,2023-01-08,2.9609724367489894e-05
Cerro Navia,2023-01-09,4.68726924913926e-05
Cerro Navia,2023-01-10,4.236018336204188e-05
Cerro Navia,2023-01-11,7.365003644678858e-05
Cerro Navia,2023-01-12,5.0832932515564066e-05
Cerro Navia,2023-01-13,5.603927998827664e-05
Cerro Navia,2023-01-14,2.720493722557924e-05
Cerro Navia,2023-01-15,3.243964429119936e-05
Cerro Navia,2023-01-16,5.453035992477401e-05
Cerro Navia,2023-01-17,4.5622609360009044e-05
Cerro Navia,2023-01-18,4.338631745211436e-05
Cerro Navia,2023-01-19,3.524242079748351e-05
Cerro Navia,2023-01-20,4.753163470251582e-05
Cerro Navia,2023-01-21,3.193485668067029e-05
Cerro Navia,2023-01-22,3.332422135769152e-05
Cerro Navia,2023-01-23,3.961283261511804e-05
Cerro Navia,2023-01-24,4.629832204907543e-05
Cerro Navia,2023-01-25,6.253691929156129e-05
Cerro Navia,2023-01-26,4.785244659631961e-05
Cerro Navia,2023-01-27,8.744772143445656e-05
Cerro Navia,2023-01-28,4.643727084824573e-05
Cerro Navia,2023-01-29,2.5850357699584218e-05
Cerro Navia,2023-01-30,4.763387196207586e-05
Cerro Navia,2023-01-31,4.879402854760793e-05
Cerro Navia,2023-02-01,4.0670177554562546e-05
Cerro Navia,2023-02-02,6.497748825833169e-05
Cerro Navia,2023-02-03,4.9485727468134246e-05
Cerro Navia,2023-02-04,5.009081638117727e-05
Cerro Navia,2023-02-05,4.0007815255955624e-05
Cerro Navia,2023-02-06,7.144695261800648e-05
Cerro Navia,2023-02-07,5.526036538162614e-05
Cerro Navia,2023-02-08,5.486504380777399e-05
Cerro Navia,2023-02-09,6.408913536911806e-05
Cerro Navia,2023-02-10,7.382378028166979e-05
Cerro Navia,2023-02-11,5.044952512862907e-05
Cerro Navia,2023-02-12,3.724999503187237e-05
Cerro Navia,2023-02-13,5.338086318761543e-05
Cerro Navia,2023-02-14,5.755636304962606e-05
Cerro Navia,2023-02-15,5.4832875067647114e-05
Cerro Navia,2023-02-16,3.917971798547346e-05
Cerro Navia,2023-02-17,6.990822240460906e-05
Cerro Navia,2023-02-18,4.3991237765097466e-05
Cerro Navia,2023-02-19,1.9440777035739856e-05
Cerro Navia,2023-02-20,7.295222875297453e-05
Cerro Navia,2023-02-21,7.759150368004632e-05
Cerro Navia,2023-02-22,5.700660804915654e-05
Cerro Navia,2023-02-23,7.127067101556428e-05
Cerro Navia,2023-02-24,4.215898569825529e-05
Cerro Navia,2023-02-25,4.0409800581385635e-05
Cerro Navia,2023-02-26,3.276151440156427e-05
Cerro Navia,2023-02-27,7.61269917032559e-05
Cerro Navia,2023-02-28,8.561872623150754e-05
Cerro Navia,2023-03-01,8.397252437525665e-05
Cerro Navia,2023-03-02,5.875388482833288e-05
Cerro Navia,2023-03-03,7.496361706324387e-05
Cerro Navia,2023-03-04,6.382016804272723e-05
Cerro Navia,2023-03-05,4.4016642363467736e-05
Cerro Navia,2023-03-06,6.291491822658448e-05
Cerro Navia,2023-03-07,7.039151552048868e-05
Cerro Navia,2023-03-08,6.949687044279481e-05
Cerro Navia,2023-03-09,8.48966140429879e-05
Cerro Navia,2023-03-10,8.506147778136448e-05
Cerro Navia,2023-03-11,4.308872142840817e-05
Cerro Navia,2023-03-12,1.2462364687155618e-05
Cerro Navia,2023-03-13,4.785066069615519e-05
Cerro Navia,2023-03-14,6.250361501890349e-05
Cerro Navia,2023-03-15,7.885108137778829e-05
Cerro Navia,2023-03-16,6.485936363251509e-05
Cerro Navia,2023-03-17,9.426799220296966e-05
Cerro Navia,2023-03-18,4.448838889247453e-05
Cerro Navia,2023-03-19,4.1423459196280473e-05
Cerro Navia,2023-03-20,5.503591807524238e-05
Cerro Navia,2023-03-21,8.705413380260346e-05
Cerro Navia,2023-03-22,8.628789380079707e-05
Cerro Navia,2023-03-23,7.593387027508424e-05
Cerro Navia,2023-03-24,9.53020509503015e-05
Cerro Navia,2023-03-25,7.789419906394156e-05
Cerro Navia,2023-03-26,5.33383145246322e-05
Cerro Navia,2023-03-27,7.089257805434766e-05
Cerro Navia,2023-03-28,5.737869525184653e-05
Cerro Navia,2023-03-29,9.458228353577312e-05
Cerro Navia,2023-03-30,6.775965270888225e-05
Cerro Navia,2023-03-31,0.00023792471992077846
Cerro Navia,2023-04-01,0.00012665955932342663
Cerro Navia,2023-04-02,5.615202940017498e-05
Cerro Navia,2023-04-04,0.00011699755099202573
Cerro Navia,2023-04-06,0.00040503470842147916
Cerro Navia,2023-04-07,0.0001240594411748024
Cerro Navia,2023-04-08,4.218684556540923e-05
Cerro Navia,2023-04-09,8.966989123601081e-05
Cerro Navia,2023-04-10,0.00019602880327683714
Cerro Navia,2023-04-11,0.00012316870657100073
Cerro Navia,2023-04-13,9.58456094483719e-05
Cerro Navia,2023-04-15,6.956076746452039e-05
Cerro Navia,2023-04-16,9.248245334024013e-05
Cerro Navia,2023-04-17,0.00013418715297825503
Cerro Navia,2023-04-19,0.0004386383471173102
Cerro Navia,2023-04-20,0.00013589512881312174
Cerro Navia,2023-04-21,0.0003093377690949345
Cerro Navia,2023-04-22,0.00022492364675680428
Cerro Navia,2023-04-23,7.014828186493682e-05
Cerro Navia,2023-04-24,0.0001268961051133409
Cerro Navia,2023-04-25,0.00017077336595286451
Cerro Navia,2023-04-27,0.00028219278623387137
Cerro Navia,2023-04-28,0.00011630925042159545
Cerro Navia,2023-04-30,0.000103260441426737
Cerro Navia,2023-05-01,0.0001878357741371512
Cerro Navia,2023-05-02,0.0004389362495927359
Cerro Navia,2023-05-04,0.0006290892868606213
Cerro Navia,2023-05-05,0.00026808222896607906
Cerro Navia,2023-05-06,0.00021726383482986237
Cerro Navia,2023-05-07,0.00030385317222020113
Cerro Navia,2023-05-08,0.0004806351060215842
Cerro Navia,2023-05-09,0.0006309231285693386
Cerro Navia,2023-05-11,0.00022561467526677553
Cerro Navia,2023-05-12,0.0005194351516909856
Cerro Navia,2023-05-13,0.00041112825562568297
Cerro Navia,2023-05-14,0.00018514602259046706
Cerro Navia,2023-05-15,0.00024027121836468987
Cerro Navia,2023-05-16,0.00024218675927464812
Cerro Navia,2023-05-17,0.0003324712892629522
Cerro Navia,2023-05-19,0.0005220002489551861
Cerro Navia,2023-05-20,0.00032884570447335403
Cerro Navia,2023-06-01,0.0004933781906744159
Cerro Navia,2023-06-02,0.0005359915853113077
Cerro Navia,2023-06-04,7.414307037833803e-05
Cerro Navia,2023-06-05,0.000432122427105044
Cerro Navia,2023-06-11,0.00021962318873811133
Cerro Navia,2023-06-12,0.0005901114345105382
Cerro Navia,2023-06-13,0.000535242897775806
Cerro Navia,2023-06-15,0.0007383418581776192
Cerro Navia,2023-06-16,0.0005521751234004944
Cerro Navia,2023-06-17,0.00037380051823916093
Cerro Navia,2023-06-19,0.0005186748254261146
Cerro Navia,2023-06-29,0.0008308888694514384
Cerro Navia,2023-06-30,0.0006433867913773925
Cerro Navia,2023-07-01,0.00029672109467067896
Cerro Navia,2023-07-03,0.00020142034916928393
Cerro Navia,2023-07-04,0.00015317149393600244
Cerro Navia,2023-07-05,0.00021955544299348783
Cerro Navia,2023-07-08,0.0003498986252379224
Cerro Navia,2023-07-10,0.0003961907938389531
Cerro Navia,2023-07-13,0.00042014467153038166
Cerro Navia,2023-07-16,0.0006440669963472286
Cerro Navia,2023-07-24,0.00032788364484299655
Cerro Navia,2023-07-25,0.0001661339817161307
Cerro Navia,2023-07-26,0.0005296900961032245
Cerro Navia,2023-07-27,0.0005025447358857663
Cerro Navia,2023-07-29,0.0004301473617931003
Cerro Navia,2023-07-31,0.0003261794415387734
Cerro Navia,2023-08-01,0.0005914342756601207
Cerro Navia,2023-08-02,0.0004656552236678703
Cerro Navia,2023-08-03,0.0004311687444934139
Cerro Navia,2023-08-04,0.00021092673664053615
Cerro Navia,2023-08-06,0.00017631109697730437
Cerro Navia,2023-08-08,0.00038020224491478144
Cerro Navia,2023-08-10,4.8992499962208665e-05
Cerro Navia,2023-08-11,0.0005319826482084305
Cerro Navia,2023-08-12,0.00040783310824078794
Cerro Navia,2023-08-13,0.0001937808694108073
Cerro Navia,2023-08-14,0.0003922983265820536
Cerro Navia,2023-08-17,0.00026600758132554474
Cerro Navia,2023-08-25,0.0003854662045546437
Cerro Navia,2023-08-26,0.00023034921868163888
Cerro Navia,2023-08-27,0.0002357683118776477
Cerro Navia,2023-08-29,0.0002704259511007337
Cerro Navia,2023-08-30,0.0001575293454551748
Cerro Navia,2023-08-31,0.0002882746794997161
Cerro Navia,2023-09-11,0.0002333958673401433
Cerro Navia,2023-09-14,0.00044330218313333333
Cerro Navia,2023-09-15,0.0003307487726404136
Cerro Navia,2023-09-16,5.428654110062583e-05
Cerro Navia,2023-09-24,0.0001591718386675369
Cerro Navia,2023-09-25,0.0001360211170846436
Cerro Navia,2023-09-26,0.00010754190405302051
Cerro Navia,2023-09-27,0.00020479258938546364
Cerro Navia,2023-09-28,0.00016816601452672997
Cerro Navia,2023-09-29,0.00030768121915121337
Cerro Navia,2023-09-30,8.695634210987001e-05
Cerro Navia,2023-10-04,0.00020487720559808195
Cerro Navia,2023-10-05,9.819776109046915e-05
Cerro Navia,2023-10-06,8.097248564840941e-05
Cerro Navia,2023-10-07,9.331984535533339e-05
Cerro Navia,2023-10-08,7.539634662576579e-05
Cerro Navia,2023-10-09,6.653010679282414e-05
Cerro Navia,2023-10-11,0.0001139291786796453
Cerro Navia,2023-10-12,9.937100269600312e-05
Cerro Navia,2023-10-13,0.00010786694437911306
Cerro Navia,2023-10-14,6.7184079373714e-05
Cerro Navia,2023-10-15,6.210238299610187e-05
Cerro Navia,2023-10-16,0.0001152140805882456
Cerro Navia,2023-10-17,8.571167830764523e-05
Cerro Navia,2023-10-18,0.00012169614795797864
Cerro Navia,2023-10-22,5.150217780398737e-05
Cerro Navia,2023-10-23,0.00012899969392835746
Cerro Navia,2023-10-24,6.971444539519152e-05
Cerro Navia,2023-10-25,9.316555261827528e-05
Cerro Navia,2023-10-26,6.70507301359664e-05
Cerro Navia,2023-10-31,0.00013200689101126027
Cerro Navia,2023-11-02,0.0001039779108764603
Cerro Navia,2023-11-03,0.00016057915393960956
Cerro Navia,2023-11-04,7.409258731970964e-05
Cerro Navia,2023-11-05,4.262957631890094e-05
Cerro Navia,2023-11-06,6.0919090702674406e-05
Cerro Navia,2023-11-07,5.648265142274422e-05
Cerro Navia,2023-11-08,7.115860790481611e-05
Cerro Navia,2023-11-13,7.06560160454937e-05
Cerro Navia,2023-11-15,9.591365600688826e-05
Cerro Navia,2023-11-16,9.26073114178466e-05
Cerro Navia,2023-11-19,5.068563908104697e-05
Cerro Navia,2023-11-20,7.411246277713348e-05
Cerro Navia,2023-11-22,4.455396560942388e-05
Cerro Navia,2023-11-23,6.256519013843364e-05
Cerro Navia,2023-11-24,5.819600225170449e-05
Cerro Navia,2023-11-25,3.540549723673604e-05
Cerro Navia,2023-11-26,2.701851030277783e-05
Cerro Navia,2023-11-27,8.303886547503745e-05
Cerro Navia,2023-11-28,7.007290023626584e-05
Cerro Navia,2023-11-29,6.0638592176523405e-05
Cerro Navia,2023-11-30,5.84603990204588e-05
Cerro Navia,2023-12-01,3.8377436721080186e-05
Cerro Navia,2023-12-02,5.827389516279237e-05
Cerro Navia,2023-12-03,3.45021420745009e-05
Cerro Navia,2023-12-04,4.822730277783679e-05
Cerro Navia,2023-12-05,4.7517424691334426e-05
Cerro Navia,2023-12-06,6.147708555377731e-05
Cerro Navia,2023-12-07,8.235473174597924e-05
Cerro Navia,2023-12-08,3.5923993696934126e-05
Cerro Navia,2023-12-09,4.672022310775896e-05
Cerro Navia,2023-12-10,5.494790823884922e-05
Cerro Navia,2023-12-11,4.16532899187279e-05
Cerro Navia,2023-12-12,5.569884282303913e-05
Cerro Navia,2023-12-13,0.00010479859401172152
Cerro Navia,2023-12-14,5.1341214147956924e-05
Cerro Navia,2023-12-15,4.803390214463398e-05
Cerro Navia,2023-12-16,2.6260050140066343e-05
Cerro Navia,2023-12-17,3.398414191495265e-05
Cerro Navia,2023-12-18,9.325627883584911e-05
Cerro Navia,2023-12-19,5.006524972178003e-05
Cerro Navia,2023-12-21,6.446166482596462e-05
Cerro Navia,2023-12-22,8.431658213526439e-05
Cerro Navia,2023-12-24,3.6782672017935e-05
Cerro Navia,2023-12-25,3.968673666249234e-05
Cerro Navia,2023-12-26,5.564620802332009e-05
Cerro Navia,2023-12-29,9.957633695546182e-05
Cerro Navia,2023-12-30,3.607341292769859e-05
Cerro Navia,2023-12-31,3.479493305954201e-05
Cerro Navia,2024-01-01,2.9593199470664954e-05
Cerro Navia,2024-01-02,5.3905985725593794e-05
Cerro Navia,2024-01-03,5.567244506724036e-05
Cerro Navia,2024-01-04,5.966249376472209e-05
Cerro Navia,2024-01-05,4.4136639946399575e-05
Cerro Navia,2024-01-06,3.571094025916043e-05
Cerro Navia,2024-01-07,2.5718072993721917e-05
Cerro Navia,2024-01-08,5.5149445902895265e-05
Cerro Navia,2024-01-09,4.494439506759672e-05
Cerro Navia,2024-01-10,4.543895249145967e-05
Cerro Navia,2024-01-11,5.7720407995247724e-05
Cerro Navia,2024-01-12,6.638864392805159e-05
Cerro Navia,2024-01-13,4.177727248973545e-05
Cerro Navia,2024-01-14,4.954035542017997e-05
Cerro Navia,2024-01-15,4.5264625646474006e-05
Cerro Navia,2024-01-16,6.466618203356013e-05
Cerro Navia,2024-01-17,4.578262426499638e-05
Cerro Navia,2024-01-18,5.2338920353641164e-05
Cerro Navia,2024-01-19,8.246251104035516e-05
Cerro Navia,2024-01-20,4.4262001047880726e-05
Cerro Navia,2024-01-21,3.275840007595115e-05
Cerro Navia,2024-01-22,4.433483562946254e-05
Cerro Navia,2024-01-23,4.133935395282013e-05
Cerro Navia,2024-01-24,8.090580621353496e-05
Cerro Navia,2024-01-25,5.213966189284655e-05
Cerro Navia,2024-01-26,5.8113811517727445e-05
Cerro Navia,2024-01-27,4.1298557177076493e-05
Cerro Navia,2024-01-28,2.0187607967367176e-05
Cerro Navia,2024-01-29,5.3862146104911285e-05
Cerro Navia,2024-01-30,8.780995233446564e-05
Cerro Navia,2024-01-31,6.242705129308769e-05
Cerro Navia,2024-02-01,6.0056450942771136e-05
Cerro Navia,2024-02-02,8.138944034675907e-05
Cerro Navia,2024-02-03,5.2050796208734914e-05
Cerro Navia,2024-02-04,5.509373650237663e-05
Cerro Navia,2024-02-05,6.561438180731905e-05
Cerro Navia,2024-02-06,4.3884148705254574e-05
Cerro Navia,2024-02-07,6.146559608718324e-05
Cerro Navia,2024-02-08,5.64094236863254e-05
Cerro Navia,2024-02-09,6.011089623004857e-05
Cerro Navia,2024-02-10,3.828444334689964e-05
Cerro Navia,2024-02-11,2.0829187272400675e-05
Cerro Navia,2024-02-12,6.227927277232189e-05
Cerro Navia,2024-02-13,6.30372728041575e-05
Cerro Navia,2024-02-14,8.182951358727631e-05
Cerro Navia,2024-02-15,8.570921374206673e-05
Cerro Navia,2024-02-16,5.9495361992700394e-05
Cerro Navia,2024-02-17,3.2167766741192766e-05
Cerro Navia,2024-02-18,4.566481599449041e-05
Cerro Navia,2024-02-19,5.9526402671983186e-05
Cerro Navia,2024-02-20,7.214313063391118e-05
Cerro Navia,2024-02-21,5.483400068302372e-05
Cerro Navia,2024-02-23,0.00014013426557948672
Cerro Navia,2024-02-24,6.390908338377448e-05
Cerro Navia,2024-02-25,3.255794195976225e-05
Cerro Navia,2024-02-26,6.788101129942927e-05
Cerro Navia,2024-02-27,4.4146141615372255e-05
Cerro Navia,2024-02-28,6.422256890402061e-05
Cerro Navia,2024-02-29,7.476579098585565e-05
Cerro Navia,2024-03-01,6.248033103171221e-05
Cerro Navia,2024-03-03,3.809234282378706e-05
Cerro Navia,2024-03-04,6.041657509022488e-05
Cerro Navia,2024-03-05,6.721562238336732e-05
Cerro Navia,2024-03-06,7.043164012770035e-05
Cerro Navia,2024-03-07,7.270937543634484e-05
Cerro Navia,2024-03-08,8.117210988208953e-05
Cerro Navia,2024-03-09,5.517281420874768e-05
Cerro Navia,2024-03-10,3.277915604650914e-05
Cerro Navia,2024-03-11,6.836458176387981e-05
Cerro Navia,2024-03-12,9.079971972971473e-05
Cerro Navia,2024-03-13,0.00010391810274345214
Cerro Navia,2024-03-14,8.486916219755732e-05
Cerro Navia,2024-03-15,6.693531075035306e-05
Cerro Navia,2024-03-16,5.733709037812053e-05
Cerro Navia,2024-03-17,5.398756627822126e-05
Cerro Navia,2024-03-18,0.00014157587895682032
Cerro Navia,2024-03-19,0.00011699676059461721
Cerro Navia,2024-03-21,0.00012984274293189894
Cerro Navia,2024-03-22,0.00010145739633520242
Cerro Navia,2024-03-23,6.833144138576775e-05
Cerro Navia,2024-03-24,7.433611639489341e-05
Cerro Navia,2024-03-25,5.528603890231611e-05
Cerro Navia,2024-03-26,0.00010088748470912829
Cerro Navia,2024-03-27,9.599153821075862e-05
Cerro Navia,2024-03-28,9.850381292941316e-05
Cerro Navia,2024-03-29,8.268911957589031e-05
Cerro Navia,2024-03-30,3.8933319772072524e-05
Cerro Navia,2024-03-31,2.4745757399541628e-05
Cerro Navia,2024-04-01,0.00022918687379626574
Cerro Navia,2024-04-04,0.00025498897183130666
Cerro Navia,2024-04-05,9.068210032825353e-05
Cerro Navia,2024-04-06,5.7549704323509265e-05
Cerro Navia,2024-04-07,0.0001140560872465974
Cerro Navia,2024-04-08,0.00011394210180199247
Cerro Navia,2024-04-09,0.00017079966393130882
Cerro Navia,2024-04-10,5.299521944834654e-05
Cerro Navia,2024-04-13,0.00013725972077219652
Cerro Navia,2024-04-14,6.031722255419476e-05
Cerro Navia,2024-04-16,0.00037420534888896694
Cerro Navia,2024-04-17,0.0005395873108280311
Cerro Navia,2024-04-18,0.0002743359326576041
Cerro Navia,2024-04-22,0.0001053344797041987
Cerro Navia,2024-04-23,0.0002471332736832272
Cerro Navia,2024-04-24,0.0003152785184250949
Cerro Navia,2024-04-25,0.00015918432040124776
Cerro Navia,2024-04-26,0.00010317318599819271
Cerro Navia,2024-04-27,0.00020680298651341142
Cerro Navia,2024-04-29,0.00022589786341248633
Cerro Navia,2024-04-30,0.00010389307077237196
Cerro Navia,2024-05-03,0.00033563815266956837
Cerro Navia,2024-05-04,0.0003057860519335468
Cerro Navia,2024-05-06,0.0002323270004566486
Cerro Navia,2024-05-08,0.00043916356648274115
Cerro Navia,2024-05-09,0.0004974213750832862
Cerro Navia,2024-05-11,0.0004023666023576562
Cerro Navia,2024-05-12,9.195614828016966e-05
Cerro Navia,2024-05-13,0.000317456339245953
Cerro Navia,2024-05-14,0.000298166975491239
Cerro Navia,2024-05-16,0.0004236922896459065
Cerro Navia,2024-05-17,0.0002635366227003108
Cerro Navia,2024-05-18,0.0002723050026407208
Cerro Navia,2024-05-21,0.00025931768991029216
Cerro Navia,2024-05-23,0.00028576330257041465
Cerro Navia,2024-05-25,0.00040112239902740504
Cerro Navia,2024-05-26,0.00017812640359624239
Cerro Navia,2024-05-29,0.000817701336416199
Cerro Navia,2024-05-30,0.0005380436075190269
Cerro Navia,2024-06-01,0.0004842988071339313
Cerro Navia,2024-06-02,0.0003309305048973289
Cerro Navia,2024-06-15,0.00026825556417522695
Cerro Navia,2024-06-16,0.00028679808632501783
Cerro Navia,2024-06-19,0.00028456888188613786
Cerro Navia,2024-06-24,0.0001771957023585376
Cerro Navia,2024-06-25,0.00036003170285031264
Cerro Navia,2024-06-28,0.0007379478343679191
Cerro Navia,2024-06-29,0.0002406069108979984
Cerro Navia,2024-06-30,0.00017078923339412891
Cerro Navia,2024-07-01,0.00033509037758699267
Cerro Navia,2024-07-02,0.0005249679203597974
Cerro Navia,2024-07-03,0.00021577584428650624
Cerro Navia,2024-07-05,0.0005616668860501405
Cerro Navia,2024-07-06,0.00028601122060263037
Cerro Navia,2024-07-07,0.000372769914956926
Cerro Navia,2024-07-08,0.0006702210680836416
Cerro Navia,2024-07-09,0.0005565466072406388
Cerro Navia,2024-07-10,0.0005191389710520841
Cerro Navia,2024-07-11,0.0005857282034286784
Cerro Navia,2024-07-12,0.0003004840805466055
Cerro Navia,2024-07-13,0.00029353736702761687
Cerro Navia,2024-07-14,0.00029951625867984116
Cerro Navia,2024-07-16,0.00031619863426427544
Cerro Navia,2024-07-19,0.0008201081710231225
Cerro Navia,2024-07-20,0.00022290331522286798
Cerro Navia,2024-07-22,0.0004136536734972657
Cerro Navia,2024-07-24,0.0004942150010297977
Cerro Navia,2024-07-25,0.0003061884490307307
Cerro Navia,2024-07-27,0.00034759402438472016
Cerro Navia,2024-07-28,0.00020256614391895986
Cerro Navia,2024-07-29,0.0005540790111380611
Cerro Navia,2024-08-03,0.00038537509546283103
Cerro Navia,2024-08-04,0.00022889100447832597
Cerro Navia,2024-08-06,0.00026481204651138595
Cerro Navia,2024-08-08,0.0004023664665308738
Cerro Navia,2024-08-09,0.0006063113588396054
Cerro Navia,2024-08-10,0.0004997510328939356
Cerro Navia,2024-08-11,0.0002420043497701439
Cerro Navia,2024-08-12,0.00032619087269096714
Cerro Navia,2024-08-13,0.00036872090896653394
Cerro Navia,2024-08-23,0.0001803805897082682
Cerro Navia,2024-08-24,0.0003762809426429051
Cerro Navia,2024-08-25,0.00013205824119080095
Cerro Navia,2024-08-26,0.0001922970008615881
Cerro Navia,2024-08-27,0.0003249922569075313
Cerro Navia,2024-08-28,0.00024270333101973743
Cerro Navia,2024-08-30,0.0002911851372437627
Cerro Navia,2024-08-31,0.0002669442085971106
Cerro Navia,2024-09-01,8.955365093125657e-05
Cerro Navia,2024-09-04,0.0005280365793334589
Cerro Navia,2024-09-05,0.0003341820226277678
Cerro Navia,2024-09-06,0.0001253279731458865
Cerro Navia,2024-09-07,0.00014312698918594885
Cerro Navia,2024-09-08,0.00013229276020837742
Cerro Navia,2024-09-09,0.00044057119486991643
Cerro Navia,2024-09-10,0.00016347246808716905
Cerro Navia,2024-09-11,0.0003307502435171727
Cerro Navia,2024-09-12,0.00010681708541852556
Cerro Navia,2024-09-13,0.00026421450848258587
Cerro Navia,2024-09-14,0.0002147895621878086
Cerro Navia,2024-09-15,0.0002894043442146486
Cerro Navia,2024-09-17,5.961076759789142e-05
Cerro Navia,2024-09-19,2.833426471707027e-05
Cerro Navia,2024-09-21,6.54458747936344e-05
Cerro Navia,2024-09-24,0.0001244498042399661
Cerro Navia,2024-09-25,0.0001677451104995497
Cerro Navia,2024-09-26,0.00044008815612383905
Cerro Navia,2024-09-27,0.00016176585549192225
Cerro Navia,2024-09-28,0.00014800860319147792
Cerro Navia,2024-09-29,4.9939154032805165e-05
Cerro Navia,2024-09-30,0.0001525455557634587
Cerro Navia,2024-10-03,0.00014736972097740186
Cerro Navia,2024-10-04,0.00012592201791367038
Cerro Navia,2024-10-05,0.00010419028642988621
Cerro Navia,2024-10-07,0.00018131741712203986
Cerro Navia,2024-10-10,7.424067824204884e-05
Cerro Navia,2024-10-13,2.89486130649074e-05
Cerro Navia,2024-10-14,0.00012195337116759989
Cerro Navia,2024-10-15,0.000351825883847388
Cerro Navia,2024-10-16,9.225724426826934e-05
Cerro Navia,2024-10-17,0.0003748826178162022
Cerro Navia,2024-10-18,0.0001563794986790932
Cerro Navia,2024-10-19,5.607705939163615e-05
Cerro Navia,2024-10-20,2.837801882375734e-05
Cerro Navia,2024-10-21,9.437968325754607e-05
Cerro Navia,2024-10-22,9.201978147408007e-05
Cerro Navia,2024-10-23,6.372867170553878e-05
Cerro Navia,2024-10-24,8.293403196008082e-05
Cerro Navia,2024-10-25,0.00012101775698173108
Cerro Navia,2024-10-26,6.620783342040476e-05
Cerro Navia,2024-10-27,4.805451196667695e-05
Cerro Navia,2024-10-28,0.0001097205837358234
Cerro Navia,2024-10-29,7.170215862449811e-05
Cerro Navia,2024-10-30,5.620483102722354e-05
Cerro Navia,2024-10-31,5.036873671527632e-05
Cerro Navia,2024-11-02,5.723465994115092e-05
Cerro Navia,2024-11-04,7.704351225713247e-05
Cerro Navia,2024-11-05,9.393690889068479e-05
Cerro Navia,2024-11-06,7.991216796389143e-05
Cerro Navia,2024-11-08,7.64632071169623e-05
Cerro Navia,2024-11-09,3.91128193860005e-05
Cerro Navia,2024-11-10,3.897299463326774e-05
Cerro Navia,2024-11-11,7.460367356373257e-05
Cerro Navia,2024-11-12,0.0001140373104890525
Cerro Navia,2024-11-13,5.068765263626732e-05
Cerro Navia,2024-11-14,6.590016539182854e-05
Cerro Navia,2024-11-15,5.869019035734383e-05
Cerro Navia,2024-11-18,9.023765970131081e-05
Cerro Navia,2024-11-19,6.377933900116498e-05
Cerro Navia,2024-11-20,6.588050589764306e-05
Cerro Navia,2024-11-21,5.3903146029410375e-05
Cerro Navia,2024-11-22,5.5034736202545536e-05
Cerro Navia,2024-11-23,5.793597652795149e-05
Cerro Navia,2024-11-24,3.0829013748591294e-05
Cerro Navia,2024-11-25,5.297335821623497e-05
Cerro Navia,2024-11-26,5.259476153998745e-05
Cerro Navia,2024-11-27,5.575839543965179e-05
Cerro Navia,2024-11-28,6.103672932080289e-05
Cerro Navia,2024-11-29,6.86279936664248e-05
Cerro Navia,2024-11-30,3.398728433387525e-05
Cerro Navia,2024-12-01,2.645414621576978e-05
Cerro Navia,2024-12-02,5.430501376460899e-05
Cerro Navia,2024-12-03,4.799319896458976e-05
Cerro Navia,2024-12-04,4.390429259067623e-05
Cerro Navia,2024-12-05,6.715685824357974e-05
Cerro Navia,2024-12-06,3.635443329460683e-05
Cerro Navia,2024-12-07,4.329478043508311e-05
Cerro Navia,2024-12-08,2.6141689670248515e-05
Cerro Navia,2024-12-09,8.494377563870942e-05
Cerro Navia,2024-12-10,5.926092403862773e-05
Cerro Navia,2024-12-11,6.040620181039345e-05
Cerro Navia,2024-12-12,5.6135244058991025e-05
Cerro Navia,2024-12-13,6.093006357888405e-05
Cerro Navia,2024-12-14,4.579002992819099e-05
Cerro Navia,2024-12-15,2.6636488264450935e-05
Cerro Navia,2024-12-16,5.2237408095420854e-05
Cerro Navia,2024-12-17,4.5802696733833055e-05
Cerro Navia,2024-12-18,5.93434095350865e-05
Cerro Navia,2024-12-19,6.353932356123692e-05
Cerro Navia,2024-12-20,9.24716272264767e-05
Cerro Navia,2024-12-21,4.96728245071707e-05
Cerro Navia,2024-12-22,2.7226966587609726e-05
Cerro Navia,2024-12-23,5.2148046532700974e-05
Cerro Navia,2024-12-24,6.375028211342151e-05
Cerro Navia,2024-12-25,2.8067767604804624e-05
Cerro Navia,2024-12-26,3.783357161732985e-05
Cerro Navia,2024-12-27,4.281529077551121e-05
Cerro Navia,2024-12-28,3.2715419597593054e-05
Cerro Navia,2024-12-29,3.254183333709049e-05
Cerro Navia,2024-12-30,4.470411920530699e-05
Cerro Navia,2024-12-31,4.904516491720563e-05
Cerro Navia,2025-01-01,2.1105166192109616e-05
Cerro Navia,2025-01-02,4.78191826740044e-05
Cerro Navia,2025-01-03,5.895581846927303e-05
Cerro Navia,2025-01-04,5.123635236881112e-05
Cerro Navia,2025-01-05,4.0295836519752616e-05
Cerro Navia,2025-01-06,4.179026102059903e-05
Cerro Navia,2025-01-07,3.404057255976919e-05
Cerro Navia,2025-01-08,4.2452450675495627e-05
Cerro Navia,2025-01-09,5.011498457654203e-05
Cerro Navia,2025-01-10,4.985942083005942e-05
Cerro Navia,2025-01-11,3.664122292891913e-05
Cerro Navia,2025-01-12,1.6085254140813033e-06
Cerro Navia,2025-01-13,5.449085752237444e-05
Cerro Navia,2025-01-14,5.967226030161729e-05
Cerro Navia,2025-01-15,6.458247274544586e-05
Cerro Navia,2025-01-16,5.6034493201959856e-05
Cerro Navia,2025-01-17,4.590559711788254e-05
Cerro Navia,2025-01-18,3.33038268570163e-05
Cerro Navia,2025-01-19,3.991928316460618e-05
Cerro Navia,2025-01-20,4.5988834180091946e-05
Cerro Navia,2025-01-21,4.775025419634045e-05
Cerro Navia,2025-01-22,5.3460098562119424e-05
Cerro Navia,2025-01-23,3.518894732832922e-05
Cerro Navia,2025-01-24,5.641679378966016e-05
Cerro Navia,2025-01-25,4.0053923450123936e-05
Cerro Navia,2025-01-26,3.449997270255269e-05
Cerro Navia,2025-01-27,4.818391515487403e-05
Cerro Navia,2025-01-28,4.067928654372257e-05
Cerro Navia,2025-01-29,4.81954448511341e-05
Cerro Navia,2025-01-30,5.336231364329029e-05
Cerro Navia,2025-01-31,6.135545391038868e-05
Cerro Navia,2025-02-01,4.010707774737469e-05
Cerro Navia,2025-02-02,3.33484135081471e-05
Cerro Navia,2025-02-03,3.931783377823581e-05
Cerro Navia,2025-02-04,4.852746567285874e-05
Cerro Navia,2025-02-05,6.130342740620244e-05
Cerro Navia,2025-02-06,7.386345321032401e-05
Cerro Navia,2025-02-07,5.4042604594187305e-05
Cerro Navia,2025-02-08,4.4783361037331157e-05
Cerro Navia,2025-02-09,3.829086260901396e-05
Cerro Navia,2025-02-10,4.978016425572203e-05
Cerro Navia,2025-02-11,5.591257991537441e-05
Cerro Navia,2025-02-12,6.48529827682785e-05
Cerro Navia,2025-02-13,6.202789804512761e-05
Cerro Navia,2025-02-14,5.4164672668210384e-05
Cerro Navia,2025-02-15,3.673635404110628e-05
Cerro Navia,2025-02-16,3.365759462406674e-05
Cerro Navia,2025-02-17,6.759623763815757e-05
Cerro Navia,2025-02-18,8.362021305759406e-05
Cerro Navia,2025-02-19,5.7182978204461886e-05
Cerro Navia,2025-02-20,5.331572973773378e-05
Cerro Navia,2025-02-21,6.11941371906857e-05
Cerro Navia,2025-02-22,6.12431835520319e-05
Cerro Navia,2025-02-23,3.263909724358488e-05
Cerro Navia,2025-02-24,3.720100517942297e-05
Cerro Navia,2025-02-25,7.881505729016709e-05
Cerro Navia,2025-02-26,7.057867822536961e-05
Cerro Navia,2025-02-27,6.0601177497577195e-05
Cerro Navia,2025-02-28,5.527095961391606e-05
Cerro Navia,2025-03-01,3.172433294639187e-05
Cerro Navia,2025-03-02,2.2865710165119265e-05
Cerro Navia,2025-03-03,7.736146038069112e-05
Cerro Navia,2025-03-04,8.968122871459347e-05
Cerro Navia,2025-03-05,5.980368456739234e-05
Cerro Navia,2025-03-06,6.0795462163947794e-05
Cerro Navia,2025-03-07,3.2425724952969904e-05
Cerro Navia,2025-03-08,4.8530585884055075e-05
Cerro Navia,2025-03-09,4.08454330409008e-05
Cerro Navia,2025-03-10,9.096469964970427e-05
Cerro Navia,2025-03-11,7.245587262256166e-05
Cerro Navia,2025-03-12,4.897086174662147e-05
Cerro Navia,2025-03-13,5.832045024514763e-05
Cerro Navia,2025-03-14,7.886771055777258e-05
Cerro Navia,2025-03-15,8.420798075970972e-05
Cerro Navia,2025-03-16,4.092244827482782e-05
Cerro Navia,2025-03-17,9.777601093328052e-05
Cerro Navia,2025-03-18,0.00010300945526906342
Cerro Navia,2025-03-19,6.212227299720012e-05
Cerro Navia,2025-03-20,8.09651229802526e-05
Cerro Navia,2025-03-21,0.00011733830280747343
Cerro Navia,2025-03-22,6.930975012720719e-05
Cerro Navia,2025-03-24,0.00010856029380267922
Cerro Navia,2025-03-25,9.34351729328764e-05
Cerro Navia,2025-03-26,0.00030779688585418416
Cerro Navia,2025-03-27,6.733624105430005e-05
Cerro Navia,2025-03-29,6.642514369394977e-05
Cerro Navia,2025-03-31,0.0004164080687063444
Cerro Navia,2025-04-01,0.0002480545080556028
Cerro Navia,2025-04-02,0.0001768474474715953
Cerro Navia,2025-04-03,0.0003206456060149929
Cerro Navia,2025-04-04,0.00013021776508073804
Cerro Navia,2025-04-05,0.0001668814866610827
Cerro Navia,2025-04-06,9.779022153219829e-05
Cerro Navia,2025-04-07,0.0002792849378023918
Cerro Navia,2025-04-08,0.0001070840335101082
Cerro Navia,2025-04-09,0.0001228948166739093
Cerro Navia,2025-04-10,0.00015163777866119201
Cerro Navia,2025-04-12,0.0002058775327093651
Cerro Navia,2025-04-13,6.34905607343938e-05
Cerro Navia,2025-04-14,0.00016854476531026047
Cerro Navia,2025-04-15,0.00013433385047840262
Cerro Navia,2025-04-16,0.0002835686499805943
Cerro Navia,2025-04-18,6.920931030742157e-05
Cerro Navia,2025-04-20,0.00011629090751669553
Cerro Navia,2025-04-22,0.00039519286619288136
Cerro Navia,2025-04-24,0.00017583712580902593
Cerro Navia,2025-04-25,0.0001490806220490882
Cerro Navia,2025-04-26,0.0002570759910908929
Cerro Navia,2025-04-27,0.0001862747155177715
Cerro Navia,2025-04-28,0.00030872785079466396
Cerro Navia,2025-04-29,0.00013404900173910925
Cerro Navia,2025-05-01,0.00021620121820447558
Cerro Navia,2025-05-02,0.0003296563575256399
Cerro Navia,2025-05-03,0.00020691370196722586
Cerro Navia,2025-05-04,0.00011163989702097235
Cerro Navia,2025-05-05,0.00016015430227639388
Cerro Navia,2025-05-09,0.0002277361377373271
Cerro Navia,2025-05-10,0.0004105485809439557
Cerro Navia,2025-05-11,0.00023480510609508924
Cerro Navia,2025-05-12,0.00037340559306587413
Cerro Navia,2025-05-13,0.00047762822573894486
Cerro Navia,2025-05-14,0.0005729062398805167
Cerro Navia,2025-05-15,0.00042543777275264635
Cerro Navia,2025-05-16,0.00019273222436317895
Cerro Navia,2025-05-21,0.0004305439015888572
Cerro Navia,2025-05-22,0.000476799385551674
Cerro Navia,2025-05-24,0.0006071581868356868
Cerro Navia,2025-05-27,0.0001962816300682256
Cerro Navia,2025-05-28,0.0005280663444800647
Cerro Navia,2025-05-29,0.000498227987927614
Cerro Navia,2025-05-30,0.000679799632282729
Cerro Navia,2025-05-31,0.00043290169975316445
Cerro Navia,2025-06-01,0.00027659554065356974
Cerro Navia,2025-06-04,0.0009999764095924646
Cerro Navia,2025-06-05,0.00039758214397990856
Cerro Navia,2025-06-06,0.00027040453356177497
Cerro Navia,2025-06-07,0.0003617178344157166
Cerro Navia,2025-06-08,0.00029928593427347216
Cerro Navia,2025-06-09,0.0006221572413858719
Cerro Navia,2025-06-10,0.00035526073504964066
Cerro Navia,2025-06-13,0.0003063268389895618
Cerro Navia,2025-06-18,0.0005149441485664204
Cerro Navia,2025-06-19,0.00047895581721572406
Cerro Navia,2025-06-20,0.00048825455409031836
Cerro Navia,2025-06-21,0.00021210284955011993
Cerro Navia,2025-06-22,0.00014693712298781083
Cerro Navia,2025-06-23,0.00031882084144687484
Cerro Navia,2025-06-24,0.00037917317791976406
Cerro Navia,2025-06-25,0.0007351274761891216
Cerro Navia,2025-06-26,0.0005587893480473545
Cerro Navia,2025-06-28,0.00025479931260762175
Cerro Navia,2025-06-29,0.0003297224022218975
Cerro Navia,2025-07-01,0.0003452006489752512
Cerro Navia,2025-07-02,0.00036761910302631065
Cerro Navia,2025-07-03,0.00040603665662561496
Cerro Navia,2025-07-04,0.0004629142763136124
Cerro Navia,2025-07-06,0.0002115083207509565
Cerro Navia,2025-07-07,0.0005347217741784227
Cerro Navia,2025-07-08,0.00041019764824075237
Cerro Navia,2025-07-10,0.00044645597287197895
Cerro Navia,2025-07-11,0.0005479360342493918
Cerro Navia,2025-07-12,0.000672477706113328
Cerro Navia,2025-07-13,0.00024599789056596805
Cerro Navia,2025-07-16,0.00024686918552005975
Cerro Navia,2025-07-17,0.000384826620351199
Cerro Navia,2025-07-18,0.0005744818373675607
Cerro Navia,2025-07-19,0.0006013221298470408
Cerro Navia,2025-07-21,0.0007182819443775667
Cerro Navia,2025-07-22,0.0005715783338166419
Cerro Navia,2025-07-23,0.00030624632070434013
Cerro Navia,2025-07-24,0.00020979926267850375
Cerro Navia,2025-07-28,0.0005026849837533591
Cerro Navia,2025-08-04,0.0005607643010960055
Cerro Navia,2025-08-05,0.0005544621896079936
Cerro Navia,2025-08-06,0.0005830290401114684
Cerro Navia,2025-08-07,0.0003843430325640189
Cerro Navia,2025-08-08,0.0005502181205807527
Cerro Navia,2025-08-10,0.00031168807681029826
Cerro Navia,2025-08-11,0.0006298581050748986
Cerro Navia,2025-08-13,0.000601350788567557
Cerro Navia,2025-08-14,0.00015536242057797783
Cerro Navia,2025-08-16,0.0002861036204267143
Cerro Navia,2025-08-18,5.249347444099947e-05
Cerro Navia,2025-08-19,0.00018312165158935472
Cerro Navia,2025-08-24,0.0002562393655918469
Cerro Navia,2025-08-25,0.0010828771242947597
Cerro Navia,2025-08-26,0.0008443877240410544
Cerro Navia,2025-08-27,0.0003487948746128725
Cerro Navia,2025-09-01,0.0005506918364223088
Cerro Navia,2025-09-03,0.0004095721754116295
Cerro Navia,2025-09-04,0.00023323315322669184
Cerro Navia,2025-09-05,0.0002958244885448687
Cerro Navia,2025-09-08,0.00021761703345063882
Cerro Navia,2025-09-09,9.378640814281395e-05
Cerro Navia,2025-09-10,0.00014644496302389793
Cerro Navia,2025-09-11,0.00012461645982660385
Cerro Navia,2025-09-12,0.00013218366448556858
Cerro Navia,2025-09-13,5.305235611106796e-05
Cerro Navia,2025-09-14,4.476904459129813e-05
Cerro Navia,2025-09-15,0.0001825170038500733
Cerro Navia,2025-09-16,0.00028910349553603194
Cerro Navia,2025-09-17,0.00034551247463353416
Cerro Navia,2025-09-18,0.00010148473245778451
Cerro Navia,2025-09-19,6.758265258668347e-05
Cerro Navia,2025-09-21,4.166874913815267e-05
Cerro Navia,2025-09-22,0.0006050913763940563
Cerro Navia,2025-09-23,0.0003215129321021584
Cerro Navia,2025-09-24,0.0002446552139305966
Cerro Navia,2025-09-27,0.00020954127740168763
Cerro Navia,2025-09-28,0.000119384389209123
Cerro Navia,2025-09-29,0.00024783967678617183
Cerro Navia,2025-09-30,0.0002005923839743232
Cerro Navia,2025-10-01,0.00011251611022010712
Cerro Navia,2025-10-02,0.000154460133430253
Cerro Navia,2025-10-03,0.00013339037724759657
Cerro Navia,2025-10-04,8.930133002663538e-05
Cerro Navia,2025-10-05,4.395170526964694e-05
Cerro Navia,2025-10-06,0.00012407633853348042
Cerro Navia,2025-10-07,0.00013483923251602636
Cerro Navia,2025-10-08,0.00019795294006679247
Cerro Navia,2025-10-09,0.00016208524189018447
Cerro Navia,2025-10-10,7.460875358628605e-05
Cerro Navia,2025-10-11,5.805475816085055e-05
Cerro Navia,2025-10-12,5.580475723894309e-05
Cerro Navia,2025-10-13,8.804898860649049e-05
Cerro Navia,2025-10-14,0.00011196374653195802
Cerro Navia,2025-10-15,0.00013440088420778006
Cerro Navia,2025-10-16,6.704827642756064e-05
Cerro Navia,2025-10-17,0.00010067368151778118
Cerro Navia,2025-10-19,5.715165111571327e-05
Cerro Navia,2025-10-20,0.0001114550471347585
Cerro Navia,2025-10-21,6.8719346450128635e-06
Cerro Navia,2025-10-22,9.409698328553484e-05
Cerro Navia,2025-11-04,0.00010123713984035043
Cerro Navia,2025-11-05,8.526805871768115e-05
Cerro Navia,2025-11-07,0.0001648733397953584
Cerro Navia,2025-11-08,4.9564228397356456e-05
Cerro Navia,2025-11-09,4.7598738035427464e-05
Cerro Navia,2025-11-10,7.199620808876496e-05
Cerro Navia,2025-11-11,6.7204777367599e-05
Cerro Navia,2025-11-12,5.908053151698221e-05
Cerro Navia,2025-11-13,7.870029998524967e-05
Cerro Navia,2025-11-14,6.552310851554936e-05
Cerro Navia,2025-11-15,4.8820160375170186e-05
Cerro Navia,2025-11-16,4.3051831908904847e-05
Cerro Navia,2025-11-18,6.261923282773022e-05
Cerro Navia,2025-11-19,5.641424170223056e-05
Cerro Navia,2025-11-21,8.894196437772564e-05
Cerro Navia,2025-11-22,5.8455241795607064e-05
Cerro Navia,2025-11-23,3.232400813323125e-05
Cerro Navia,2025-11-24,4.9436123168087965e-05
Cerro Navia,2025-11-25,5.735966288493434e-05
Cerro Navia,2025-11-26,9.019774157418462e-05
Cerro Navia,2025-11-27,4.7540965600366574e-05
Cerro Navia,2025-11-28,4.475123192075646e-05
Cerro Navia,2025-11-29,3.949672585007872e-05
Cerro Navia,2025-11-30,4.103741924540784e-05
Cerro Navia,2025-12-01,5.4369324145112235e-05
Cerro Navia,2025-12-02,6.37559798361881e-05
Cerro Navia,2025-12-03,6.97281112312634e-05
Cerro Navia,2025-12-04,4.2722457417561275e-05
Cerro Navia,2025-12-05,7.087794195838085e-05
Cerro Navia,2025-12-08,4.5909296455903056e-05
Cerro Navia,2025-12-09,4.4617663290429156e-05
Cerro Navia,2025-12-10,4.2630167566575954e-05
Cerro Navia,2025-12-12,5.0916551513692894e-05
Cerro Navia,2025-12-13,2.8815407925568956e-05
Cerro Navia,2025-12-15,6.38189612110678e-05
Cerro Navia,2025-12-16,8.881579688953627e-05
Cerro Navia,2025-12-17,4.3945721793172466e-05
Cerro Navia,2025-12-18,7.479428463250645e-05
Cerro Navia,2025-12-19,4.368617843955591e-05
Cerro Navia,2025-12-20,3.267883690976767e-05
Cerro Navia,2025-12-21,4.188321849509129e-05
Cerro Navia,2025-12-22,7.158939458568017e-05
Cerro Navia,2025-12-23,8.16621628594338e-05
Cerro Navia,2025-12-24,4.93457331731433e-05
Cerro Navia,2025-12-25,2.7179534202622257e-05
Cerro Navia,2025-12-26,4.9462567441254204e-05
Cerro Navia,2025-12-27,5.162745412784402e-05
Cerro Navia,2025-12-28,3.8284470943335756e-05
Cerro Navia,2025-12-29,5.815104393604403e-05
Cerro Navia,2025-12-30,6.094181364328105e-05
Cerro Navia,2025-12-31,5.12763940342981e-05
El Bosque,2019-01-01,2.917433402515899e-05
El Bosque,2019-01-02,4.034590157181763e-05
El Bosque,2019-01-03,4.7368771151829294e-05
El Bosque,2019-01-04,3.750878920010441e-05
El Bosque,2019-01-05,2.6034231268567964e-05
El Bosque,2019-01-06,1.9971720035723613e-05
El Bosque,2019-01-07,3.8139287664165595e-05
El Bosque,2019-01-10,4.6396604381156966e-05
El Bosque,2019-01-11,3.764766501308113e-05
El Bosque,2019-01-12,2.8872977462148654e-05
El Bosque,2019-01-13,1.8745642591966316e-05
El Bosque,2019-01-14,3.483869295450859e-05
El Bosque,2019-01-15,6.1334180558496e-05
El Bosque,2019-01-16,2.7876071008832968e-05
El Bosque,2019-01-17,3.6925327560725644e-05
El Bosque,2019-01-18,5.3847924921014264e-05
El Bosque,2019-01-19,3.277330434231983e-05
El Bosque,2019-01-21,4.6681750973220915e-05
El Bosque,2019-01-22,3.627793810536657e-05
El Bosque,2019-01-23,4.825958088547271e-05
El Bosque,2019-01-24,4.294504602451237e-05
El Bosque,2019-01-25,5.029786095484253e-05
El Bosque,2019-01-26,4.689276271280682e-05
El Bosque,2019-01-27,3.3104446450358074e-05
El Bosque,2019-01-28,5.1789715054256225e-05
El Bosque,2019-01-29,3.883728244788595e-05
El Bosque,2019-01-30,4.295907268334259e-05
El Bosque,2019-01-31,4.3143428473638016e-05
El Bosque,2019-02-01,3.917443027050657e-05
El Bosque,2019-02-02,4.439300035011519e-05
El Bosque,2019-02-03,2.761975040725477e-05
El Bosque,2019-02-04,5.430075732186684e-05
El Bosque,2019-02-05,4.56341935045137e-05
El Bosque,2019-02-06,4.786700826090498e-05
El Bosque,2019-02-07,5.63239954865178e-05
El Bosque,2019-02-08,3.908019735416918e-05
El Bosque,2019-02-09,3.7856387906730674e-05
El Bosque,2019-02-12,3.835493777922446e-05
El Bosque,2019-02-13,2.9441378501360305e-05
El Bosque,2019-02-14,5.6694897611620485e-05
El Bosque,2019-02-15,6.627582409484378e-05
El Bosque,2019-02-16,4.549642959228758e-05
El Bosque,2019-02-17,2.7664050096264852e-05
El Bosque,2019-02-18,4.346947057659424e-05
El Bosque,2019-02-19,3.1650783632258384e-05
El Bosque,2019-02-20,4.2715326218647486e-05
El Bosque,2019-02-21,4.991675117342567e-05
El Bosque,2019-02-22,5.220783573726965e-05
El Bosque,2019-02-23,3.312099727986681e-05
El Bosque,2019-02-24,2.5503369843051895e-05
El Bosque,2019-02-25,5.0012251255327784e-05
El Bosque,2019-02-26,7.557531485762478e-05
El Bosque,2019-02-27,7.221854602269614e-05
El Bosque,2019-02-28,6.0337171556832314e-05
El Bosque,2019-03-01,5.849215451976924e-05
El Bosque,2019-03-02,3.7971572644669753e-05
El Bosque,2019-03-03,1.9241589922427877e-05
El Bosque,2019-03-04,5.42725833341357e-05
El Bosque,2019-03-05,8.36817707750015e-05
El Bosque,2019-03-06,8.479404334307338e-05
El Bosque,2019-03-07,4.713377222542452e-05
El Bosque,2019-03-08,4.890860754463135e-05
El Bosque,2019-03-09,4.813838929395084e-05
El Bosque,2019-03-10,2.703571242836462e-05
El Bosque,2019-03-11,6.627918305939529e-05
El Bosque,2019-03-12,5.1162373509301276e-05
El Bosque,2019-03-13,7.368976114101943e-05
El Bosque,2019-03-14,5.517011704537866e-05
El Bosque,2019-03-15,7.037730127375209e-05
El Bosque,2019-03-16,4.5301253496789104e-05
El Bosque,2019-03-17,2.9327739488716805e-05
El Bosque,2019-03-19,4.372728813678285e-05
El Bosque,2019-03-20,0.00014307119145258996
El Bosque,2019-03-21,0.00011719219527391557
El Bosque,2019-03-22,0.00016873532889959424
El Bosque,2019-03-23,5.449681382565031e-05
El Bosque,2019-03-24,4.093969579549082e-05
El Bosque,2019-03-25,8.662225912211162e-05
El Bosque,2019-03-26,0.0001541099550628757
El Bosque,2019-03-27,7.302267495561827e-05
El Bosque,2019-03-28,8.586297917645425e-05
El Bosque,2019-03-29,8.180190124514078e-05
El Bosque,2019-03-31,4.499398957763118e-05
El Bosque,2019-04-01,0.00011175154609567968
El Bosque,2019-04-03,7.114717572950734e-05
El Bosque,2019-04-04,0.00011521554997911202
El Bosque,2019-04-05,0.000259219779299075
El Bosque,2019-04-06,0.00012631024583242834
El Bosque,2019-04-07,8.533326702765131e-05
El Bosque,2019-04-08,6.255700607582768e-05
El Bosque,2019-04-09,9.675382272208723e-05
El Bosque,2019-04-10,0.00012887827404257912
El Bosque,2019-04-11,0.00018861597262972017
El Bosque,2019-04-12,0.00013382528068087957
El Bosque,2019-04-15,0.00031864315952434563
El Bosque,2019-04-16,0.00027474077069200575
El Bosque,2019-04-17,0.00033210712717846036
El Bosque,2019-04-19,6.932258666770239e-05
El Bosque,2019-04-20,9.111866098743473e-05
El Bosque,2019-04-21,8.759607126721032e-05
El Bosque,2019-04-22,0.0002665970713359241
El Bosque,2019-04-25,0.0003832388712598534
El Bosque,2019-04-26,0.00043525287821167066
El Bosque,2019-04-27,0.000396404761326818
El Bosque,2019-04-28,0.00020402314445122527
El Bosque,2019-04-29,0.000143688732234885
El Bosque,2019-04-30,0.00020607833593323162
El Bosque,2019-05-01,8.272280610853554e-05
El Bosque,2019-05-04,0.00014887016732245684
El Bosque,2019-05-07,0.0003967151588069106
El Bosque,2019-05-09,0.0002346825051321267
El Bosque,2019-05-10,0.00015239703269459649
El Bosque,2019-05-11,0.00027870067101158554
El Bosque,2019-05-12,0.00016754138913633107
El Bosque,2019-05-13,0.0006067483613057722
El Bosque,2019-05-14,0.00047803756618521704
El Bosque,2019-05-15,0.00015975416247968928
El Bosque,2019-05-17,0.00034607061686411656
El Bosque,2019-05-18,0.00010941868439904976
El Bosque,2019-05-21,0.00020592631466636482
El Bosque,2019-05-22,0.0003624438092866152
El Bosque,2019-05-23,0.0005348140257410705
El Bosque,2019-05-27,0.00016679589364427213
El Bosque,2019-05-28,0.00047528279642076153
El Bosque,2019-06-02,0.0006927588906618071
El Bosque,2019-06-07,0.0006033763872417368
El Bosque,2019-06-08,0.0004124685901574606
El Bosque,2019-06-09,0.0005706794263650577
El Bosque,2019-06-11,0.00030939705902710557
El Bosque,2019-06-15,0.0003149713449948732
El Bosque,2019-06-16,0.0003907326079527728
El Bosque,2019-06-18,0.0009147154693321368
El Bosque,2019-06-22,0.000705594027243583
El Bosque,2019-06-25,0.00061219164341958
El Bosque,2019-06-30,0.0003167573695209277
El Bosque,2019-07-01,0.0004773946857312694
El Bosque,2019-07-02,0.001068074139766395
El Bosque,2019-07-03,0.0013452265214598973
El Bosque,2019-07-04,0.0007854813229563467
El Bosque,2019-07-05,0.0011956295158281334
El Bosque,2019-07-08,0.0006620294771905238
El Bosque,2019-07-09,0.0013027036921302762
El Bosque,2019-07-11,0.0003846699315987983
El Bosque,2019-07-12,0.00046998850687747225
El Bosque,2019-07-13,0.00045768742280016394
El Bosque,2019-07-14,0.00018844355308478554
El Bosque,2019-07-15,0.0007765535783744415
El Bosque,2019-07-16,0.0004329369775585039
El Bosque,2019-07-18,0.00041546022332543837
El Bosque,2019-07-22,0.00023924029231055553
El Bosque,2019-07-23,0.0005694983783813722
El Bosque,2019-07-24,0.0004553666547693878
El Bosque,2019-07-25,0.0009498257765128981
El Bosque,2019-07-26,0.0006957476826577913
El Bosque,2019-07-30,0.0009368949368356503
El Bosque,2019-08-01,0.00016957623354745506
El Bosque,2019-08-02,0.0003788122119372277
El Bosque,2019-08-03,0.00047758439157199344
El Bosque,2019-08-04,0.0003939379010913034
El Bosque,2019-08-05,0.00033827218059468567
El Bosque,2019-08-07,0.00015176207779822376
El Bosque,2019-08-08,0.00021802655619849125
El Bosque,2019-08-09,0.0003856729507281891
El Bosque,2019-08-11,7.399631717457835e-05
El Bosque,2019-08-12,0.00025900964994003217
El Bosque,2019-08-15,0.0004273752810615588
El Bosque,2019-08-16,0.00014421353418070382
El Bosque,2019-08-22,0.0009806205161264048
El Bosque,2019-08-23,0.0003906780038960278
El Bosque,2019-08-24,0.0003709844604600221
El Bosque,2019-08-26,0.00026675365997794604
El Bosque,2019-08-28,6.44647516310215e-05
El Bosque,2019-08-29,8.531488102354534e-05
El Bosque,2019-08-30,7.247161965920286e-05
El Bosque,2019-08-31,0.00010254399399815311
El Bosque,2019-09-01,8.547751361780563e-05
El Bosque,2019-09-02,0.00020187663542173197
El Bosque,2019-09-03,0.0004032000272042509
El Bosque,2019-09-08,7.857401845491897e-05
El Bosque,2019-09-10,0.00012697005877271295
El Bosque,2019-09-11,0.00017699775624562106
El Bosque,2019-09-12,0.0002069765951993241
El Bosque,2019-09-13,0.00012890582073565255
El Bosque,2019-09-14,0.00014108123125008222
El Bosque,2019-09-15,2.7055471946368925e-05
El Bosque,2019-09-16,0.00011769273719604284
El Bosque,2019-09-17,8.01563250537005e-05
El Bosque,2019-09-18,9.347958156622614e-05
El Bosque,2019-09-20,3.851790653761681e-05
El Bosque,2019-09-21,5.5877939020073396e-05
El Bosque,2019-09-22,5.583046282650624e-05
El Bosque,2019-09-23,9.372282106486434e-05
El Bosque,2019-09-24,0.00011376095699809888
El Bosque,2019-09-25,9.484641235287016e-05
El Bosque,2019-09-26,0.00013654364002582575
El Bosque,2019-09-27,0.00020880688388966713
El Bosque,2019-09-28,0.00012779834786089153
El Bosque,2019-09-29,3.0714408949624575e-05
El Bosque,2019-10-02,0.00011559144833282674
El Bosque,2019-10-03,7.45269412562227e-05
El Bosque,2019-10-04,0.00010199212848797702
El Bosque,2019-10-05,0.00016949354370364198
El Bosque,2019-10-06,6.0900681758498224e-05
El Bosque,2019-10-07,9.500684141789518e-05
El Bosque,2019-10-08,7.334474395466875e-05
El Bosque,2019-10-15,8.643356271658652e-05
El Bosque,2019-10-17,6.221437247637464e-05
El Bosque,2019-10-18,8.213031226664326e-05
El Bosque,2019-10-20,6.169993366341006e-05
El Bosque,2019-10-21,6.132478239635128e-05
El Bosque,2019-10-22,4.97814793108101e-05
El Bosque,2019-10-23,4.671051169912897e-05
El Bosque,2019-10-24,4.1887445008074356e-05
El Bosque,2019-10-26,5.522428113238674e-05
El Bosque,2019-10-28,6.0411042740625365e-05
El Bosque,2019-10-29,7.879902154604612e-05
El Bosque,2019-10-30,0.00010307588923593814
El Bosque,2019-10-31,6.780206792769975e-05
El Bosque,2019-11-01,4.469413197083965e-05
El Bosque,2019-11-02,5.3767427474498984e-05
El Bosque,2019-11-03,3.24238926672298e-05
El Bosque,2019-11-05,6.42153405935811e-05
El Bosque,2019-11-06,6.542053287436466e-05
El Bosque,2019-11-07,7.08822861564298e-05
El Bosque,2019-11-09,6.044652231986956e-05
El Bosque,2019-11-10,2.5486195088327775e-05
El Bosque,2019-11-11,4.028890213723067e-05
El Bosque,2019-11-12,3.4457393205121226e-05
El Bosque,2019-11-13,4.5412877783249066e-05
El Bosque,2019-11-14,5.5637177020991354e-05
El Bosque,2019-11-15,5.9846830487227466e-05
El Bosque,2019-11-16,3.0335021773886598e-05
El Bosque,2019-11-17,1.4375990436151812e-05
El Bosque,2019-11-18,5.302927494174034e-05
El Bosque,2019-11-19,6.182501902788383e-05
El Bosque,2019-11-20,6.243745050245557e-05
El Bosque,2019-11-21,6.639688145421611e-05
El Bosque,2019-11-22,4.915235392978081e-05
El Bosque,2019-11-23,2.317342371795873e-05
El Bosque,2019-11-26,5.7784983872467554e-05
El Bosque,2019-11-27,5.9818872153247594e-05
El Bosque,2019-11-28,4.5125621466729904e-05
El Bosque,2019-11-29,4.661447863958125e-05
El Bosque,2019-11-30,4.863227261598206e-05
El Bosque,2019-12-02,6.17436962784268e-05
El Bosque,2019-12-03,3.267662463181683e-05
El Bosque,2019-12-04,4.012562570169223e-05
El Bosque,2019-12-05,6.565951454754906e-05
El Bosque,2019-12-06,4.555399119486578e-05
El Bosque,2019-12-07,3.294161586421704e-05
El Bosque,2019-12-08,2.571391282514359e-05
El Bosque,2019-12-09,3.746663749388209e-05
El Bosque,2019-12-10,4.3788918780337064e-05
El Bosque,2019-12-11,4.320379084840851e-05
El Bosque,2019-12-12,8.697225084918423e-05
El Bosque,2019-12-13,4.403382875028293e-05
El Bosque,2019-12-15,1.75131809231954e-05
El Bosque,2019-12-16,4.9256008754224936e-05
El Bosque,2019-12-17,7.149176284698839e-05
El Bosque,2019-12-18,5.452649666838606e-05
El Bosque,2019-12-20,4.9744849321367965e-05
El Bosque,2019-12-21,4.016105124692141e-05
El Bosque,2019-12-22,3.931053670386312e-05
El Bosque,2019-12-23,8.389019906337686e-05
El Bosque,2019-12-24,2.9273604804729857e-05
El Bosque,2019-12-25,2.0184533530633758e-05
El Bosque,2019-12-26,3.6432745203935987e-05
El Bosque,2019-12-27,4.286324841519915e-05
El Bosque,2019-12-28,5.195127964539568e-05
El Bosque,2019-12-29,2.2148865695018504e-05
El Bosque,2019-12-30,4.367344365379327e-05
El Bosque,2019-12-31,3.2074460433501627e-05
El Bosque,2020-01-01,1.6833749188811042e-05
El Bosque,2020-01-02,3.726706644448178e-05
El Bosque,2020-01-03,4.707248920544477e-05
El Bosque,2020-01-04,2.5715855018965538e-05
El Bosque,2020-01-06,4.3862809904203295e-05
El Bosque,2020-01-07,4.632933942704016e-05
El Bosque,2020-01-09,2.796173130266567e-05
El Bosque,2020-01-10,4.2017315817165416e-05
El Bosque,2020-01-11,3.386644161073485e-05
El Bosque,2020-01-12,2.5454910571254605e-05
El Bosque,2020-01-13,4.291525105320515e-05
El Bosque,2020-01-14,3.859757317052151e-05
El Bosque,2020-01-15,4.443532452569343e-05
El Bosque,2020-01-16,3.6783311829553644e-05
El Bosque,2020-01-17,5.205320444574972e-05
El Bosque,2020-01-18,3.5949475552718824e-05
El Bosque,2020-01-20,3.5814825611768594e-05
El Bosque,2020-01-21,4.0295333865199836e-05
El Bosque,2020-01-22,4.318925441021824e-05
El Bosque,2020-01-23,3.118113104911489e-05
El Bosque,2020-01-24,4.6522523518822585e-05
El Bosque,2020-01-25,3.4297328885816564e-05
El Bosque,2020-01-26,2.3305522912890375e-05
El Bosque,2020-01-27,5.1055470330609696e-05
El Bosque,2020-01-28,3.751404041176397e-05
El Bosque,2020-01-29,2.6739786841928282e-05
El Bosque,2020-01-30,3.5730651641460645e-05
El Bosque,2020-01-31,2.4661547286086716e-05
El Bosque,2020-02-01,2.5139577124478657e-05
El Bosque,2020-02-02,2.848530501585961e-05
El Bosque,2020-02-03,4.472485068226183e-05
El Bosque,2020-02-04,4.439568482645608e-05
El Bosque,2020-02-05,3.461141700244044e-05
El Bosque,2020-02-06,3.0326984115375824e-05
El Bosque,2020-02-07,4.084986961316618e-05
El Bosque,2020-02-08,4.411694475105573e-05
El Bosque,2020-02-09,2.74645460846642e-05
El Bosque,2020-02-10,3.358821352148306e-05
El Bosque,2020-02-11,3.320244914737779e-05
El Bosque,2020-02-12,2.4208040918978556e-05
El Bosque,2020-02-13,4.727090468723649e-05
El Bosque,2020-02-14,5.791602997054331e-05
El Bosque,2020-02-15,4.107421565862361e-05
El Bosque,2020-02-16,2.6941181204165332e-05
El Bosque,2020-02-17,3.39540340389271e-05
El Bosque,2020-02-18,4.207082468890432e-05
El Bosque,2020-02-19,5.453361591039717e-05
El Bosque,2020-02-20,5.0928762026521356e-05
El Bosque,2020-02-21,4.1909530144154265e-05
El Bosque,2020-02-22,2.9472237755501605e-05
El Bosque,2020-02-23,1.7111555211868725e-05
El Bosque,2020-02-24,3.477307893515009e-05
El Bosque,2020-02-25,7.01435793888333e-05
El Bosque,2020-02-26,6.626604852771432e-05
El Bosque,2020-02-27,3.9389743938199094e-05
El Bosque,2020-02-28,4.466277935290262e-05
El Bosque,2020-02-29,3.857400798703663e-05
El Bosque,2020-03-01,2.1506516595069812e-05
El Bosque,2020-03-02,4.591722447612994e-05
El Bosque,2020-03-03,4.9271045787681335e-05
El Bosque,2020-03-04,7.600349560280632e-05
El Bosque,2020-03-05,8.265905146866911e-05
El Bosque,2020-03-06,5.532344522186262e-05
El Bosque,2020-03-07,5.119225190776057e-05
El Bosque,2020-03-08,2.1276600598294328e-05
El Bosque,2020-03-09,6.784189964580602e-05
El Bosque,2020-03-10,6.285453235671388e-05
El Bosque,2020-03-11,6.379011767570529e-05
El Bosque,2020-03-12,5.1697403880406376e-05
El Bosque,2020-03-13,4.5402414925048635e-05
El Bosque,2020-03-14,3.67977242283187e-05
El Bosque,2020-03-15,4.289736459685112e-05
El Bosque,2020-03-16,6.251416231739542e-05
El Bosque,2020-03-17,5.350286064600595e-05
El Bosque,2020-03-18,5.91966283072777e-05
El Bosque,2020-03-19,4.162356414772204e-05
El Bosque,2020-03-20,5.2832921706614533e-05
El Bosque,2020-03-21,3.226101991435845e-05
El Bosque,2020-03-22,3.820860373913791e-05
El Bosque,2020-03-23,0.00010675350513046392
El Bosque,2020-03-24,8.251387294409596e-05
El Bosque,2020-03-25,6.023437086325028e-05
El Bosque,2020-03-26,4.788096294897692e-05
El Bosque,2020-03-27,9.222143985933241e-05
El Bosque,2020-03-28,4.150227970191418e-05
El Bosque,2020-03-29,3.438317343434529e-05
El Bosque,2020-03-30,4.4920012561728794e-05
El Bosque,2020-03-31,5.948541038636255e-05
El Bosque,2020-04-01,5.076117480746592e-05
El Bosque,2020-04-02,0.0002455814811093963
El Bosque,2020-04-03,0.00011418006707573111
El Bosque,2020-04-05,3.0613999014271176e-05
El Bosque,2020-04-06,8.266589299606042e-05
El Bosque,2020-04-07,0.0001552906323922798
El Bosque,2020-04-08,6.0463539564557185e-05
El Bosque,2020-04-09,0.00014671816120221033
El Bosque,2020-04-10,2.789062326313763e-05
El Bosque,2020-04-13,9.548166836981021e-05
El Bosque,2020-04-14,0.00015054657871479393
El Bosque,2020-04-16,0.0001397341104400528
El Bosque,2020-04-17,9.60361310942864e-05
El Bosque,2020-04-18,7.933703825571822e-05
El Bosque,2020-04-19,4.584961778304929e-05
El Bosque,2020-04-20,7.62702493710966e-05
El Bosque,2020-04-21,0.0001946954661971904
El Bosque,2020-04-22,0.0003394917199245296
El Bosque,2020-04-25,0.00013490880676451299
El Bosque,2020-04-27,9.791568798847534e-05
El Bosque,2020-04-28,0.00010440263510089265
El Bosque,2020-04-29,0.00040651585885107195
El Bosque,2020-04-30,0.00034076429016265206
El Bosque,2020-05-01,0.00013482104882326789
El Bosque,2020-05-02,0.0002462354837161455
El Bosque,2020-05-03,0.00010941822159450887
El Bosque,2020-05-05,0.0002109378417239933
El Bosque,2020-05-06,0.0006804321492542723
El Bosque,2020-05-07,0.00034868011214983605
El Bosque,2020-05-08,0.00037596843613988025
El Bosque,2020-05-09,0.00018638092779877532
El Bosque,2020-05-10,6.894485598239825e-05
El Bosque,2020-05-11,0.00025089290914552466
El Bosque,2020-05-13,0.00044590307416445246
El Bosque,2020-05-14,0.00014532749238848228
El Bosque,2020-05-15,0.00041569637930061713
El Bosque,2020-05-16,0.0001480177235187532
El Bosque,2020-05-17,7.106871060730232e-05
El Bosque,2020-05-18,0.00011773689089349607
El Bosque,2020-05-21,0.00029272058224125884
El Bosque,2020-05-22,0.0004633909981466958
El Bosque,2020-05-24,9.763331536008258e-05
El Bosque,2020-05-25,0.0005441989448532643
El Bosque,2020-05-26,0.0004544715728048557
El Bosque,2020-05-30,0.0003683831026760666
El Bosque,2020-06-01,0.0001646825449376293
El Bosque,2020-06-04,0.000250258642207845
El Bosque,2020-06-05,0.0005976350599389555
El Bosque,2020-06-10,0.000375100726932236
El Bosque,2020-06-12,0.0001820312271028625
El Bosque,2020-06-13,0.00048288747743055016
El Bosque,2020-06-14,0.0003819312602358541
El Bosque,2020-07-01,0.00019002960917094544
El Bosque,2020-07-02,0.0011932675111441585
El Bosque,2020-07-03,0.0005407248744914539
El Bosque,2020-07-08,0.0002518059465366122
El Bosque,2020-07-13,0.0005146819601372349
El Bosque,2020-07-14,0.0005879712255269053
El Bosque,2020-07-15,0.0005100342790935644
El Bosque,2020-07-19,8.623786676114477e-05
El Bosque,2020-07-20,0.00025827615158953
El Bosque,2020-07-24,0.00040892830220223624
El Bosque,2020-07-28,0.0007109033777986546
El Bosque,2020-07-29,0.0007824384078756873
El Bosque,2020-08-02,0.00045388681618435765
El Bosque,2020-08-03,0.0003598143882641099
El Bosque,2020-08-04,0.00037813365036252057
El Bosque,2020-08-05,0.0001155533968591453
El Bosque,2020-08-07,0.0003734184107161338
El Bosque,2020-08-08,0.0007534521188415288
El Bosque,2020-08-09,7.301559283236823e-05
El Bosque,2020-08-10,0.000177557806805852
El Bosque,2020-08-11,0.0001428440943248447
El Bosque,2020-08-12,0.00030891232502167206
El Bosque,2020-08-13,0.0003972873268448393
El Bosque,2020-08-15,0.00017988561100971547
El Bosque,2020-08-16,5.466576649170344e-05
El Bosque,2020-08-17,0.0002658601517556207
El Bosque,2020-08-19,0.00047700364702848124
El Bosque,2020-08-20,0.00028926162341474677
El Bosque,2020-08-21,0.00019604354282905438
El Bosque,2020-08-22,0.0001270023737728842
El Bosque,2020-08-23,0.00010421648924431306
El Bosque,2020-08-24,0.00019156469268555515
El Bosque,2020-08-27,0.00012501576651593874
El Bosque,2020-08-29,7.888265074200268e-05
El Bosque,2020-08-30,5.556007267030715e-05
El Bosque,2020-08-31,9.408413254854782e-05
El Bosque,2020-09-02,0.00010741634752299251
El Bosque,2020-09-03,0.00012347744798849681
El Bosque,2020-09-05,8.171645572109706e-05
El Bosque,2020-09-06,7.937784718178754e-05
El Bosque,2020-09-07,0.00011591600287601496
El Bosque,2020-09-09,0.00023386394480901502
El Bosque,2020-09-10,0.00011880866320314238
El Bosque,2020-09-11,6.77448170329997e-05
El Bosque,2020-09-12,7.322541328171559e-05
El Bosque,2020-09-13,2.7220965006769575e-05
El Bosque,2020-09-14,0.00026028064100256575
El Bosque,2020-09-15,7.525396410485161e-05
El Bosque,2020-09-16,9.641473655150554e-05
El Bosque,2020-09-17,6.446332084061968e-05
El Bosque,2020-09-18,4.399857510517134e-05
El Bosque,2020-09-19,5.191920958763656e-05
El Bosque,2020-09-20,4.3208855255779e-05
El Bosque,2020-09-21,0.0001235253427487654
El Bosque,2020-09-22,4.1191549418309506e-05
El Bosque,2020-09-26,6.797699711860276e-05
El Bosque,2020-09-27,3.085320288507666e-05
El Bosque,2020-09-28,0.0001818845500775261
El Bosque,2020-09-29,0.00011587488058098806
El Bosque,2020-09-30,9.576195589912711e-05
El Bosque,2020-10-01,7.026314619315325e-05
El Bosque,2020-10-02,8.028634522375844e-05
El Bosque,2020-10-03,4.7898061775679876e-05
El Bosque,2020-10-04,3.883860094937474e-05
El Bosque,2020-10-05,9.741132920352435e-05
El Bosque,2020-10-07,7.800621054725637e-05
El Bosque,2020-10-08,6.497804958791788e-05
El Bosque,2020-10-09,8.485532493933474e-05
El Bosque,2020-10-10,4.793201300950167e-05
El Bosque,2020-10-11,7.132136036288812e-05
El Bosque,2020-10-12,5.5976740473167226e-05
El Bosque,2020-10-14,8.233171066480079e-05
El Bosque,2020-10-15,9.421825442637367e-05
El Bosque,2020-10-16,5.911688988367929e-05
El Bosque,2020-10-17,4.525394311929304e-05
El Bosque,2020-10-18,3.357582498967865e-05
El Bosque,2020-10-19,4.991387712256274e-05
El Bosque,2020-10-20,7.18029648237214e-05
El Bosque,2020-10-21,4.7532940468936626e-05
El Bosque,2020-10-23,6.812434458700346e-05
El Bosque,2020-10-24,2.233789043849503e-05
El Bosque,2020-10-25,3.3617041557542245e-05
El Bosque,2020-10-26,5.5501884058779236e-05
El Bosque,2020-10-28,5.639087335701028e-05
El Bosque,2020-10-29,5.035553464887998e-05
El Bosque,2020-10-30,5.701065641768901e-05
El Bosque,2020-10-31,4.106638917670486e-05
El Bosque,2020-11-01,3.2476817405302027e-05
El Bosque,2020-11-02,4.509994795635599e-05
El Bosque,2020-11-03,5.884182041100148e-05
El Bosque,2020-11-04,5.313367223800061e-05
El Bosque,2020-11-05,5.335978000633288e-05
El Bosque,2020-11-06,5.2444513845542404e-05
El Bosque,2020-11-07,4.9979191811662464e-05
El Bosque,2020-11-08,2.4540005430019626e-05
El Bosque,2020-11-09,4.50511626517393e-05
El Bosque,2020-11-10,3.6769432933707025e-05
El Bosque,2020-11-11,5.545712671947066e-05
El Bosque,2020-11-12,7.878113756616602e-05
El Bosque,2020-11-14,2.759365689469598e-05
El Bosque,2020-11-15,2.3875556798777516e-05
El Bosque,2020-11-16,4.616012479384353e-05
El Bosque,2020-11-18,5.530225719677697e-05
El Bosque,2020-11-19,7.970529535985519e-06
El Bosque,2020-11-20,5.2021684161090725e-05
El Bosque,2020-11-21,4.6041879657741466e-05
El Bosque,2020-11-22,3.4605143389142036e-05
El Bosque,2020-11-23,5.7681209858968635e-05
El Bosque,2020-11-24,4.128563523709205e-05
El Bosque,2020-11-25,3.7521549610967525e-05
El Bosque,2020-11-26,5.805335869922826e-05
El Bosque,2020-11-27,4.744695356956416e-05
El Bosque,2020-11-28,4.183976217223698e-05
El Bosque,2020-11-29,3.347016515090395e-05
El Bosque,2020-11-30,4.933550278950471e-05
El Bosque,2020-12-02,5.308120685753288e-05
El Bosque,2020-12-03,5.3131464440195134e-05
El Bosque,2020-12-04,4.4892327243975925e-05
El Bosque,2020-12-05,4.442410506000366e-05
El Bosque,2020-12-06,2.7619039259143128e-05
El Bosque,2020-12-07,3.790855600981451e-05
El Bosque,2020-12-08,2.2611241714690172e-05
El Bosque,2020-12-09,5.761762792208862e-05
El Bosque,2020-12-10,2.582902742037925e-05
El Bosque,2020-12-11,4.4979315313953296e-05
El Bosque,2020-12-12,2.7904587859866447e-05
El Bosque,2020-12-13,1.6709922010674476e-05
El Bosque,2020-12-14,4.849031317725337e-05
El Bosque,2020-12-15,4.6525013276148904e-05
El Bosque,2020-12-16,4.732416427287627e-05
El Bosque,2020-12-17,4.237950321054539e-05
El Bosque,2020-12-18,4.7567520214781524e-05
El Bosque,2020-12-19,2.2056571736055184e-05
El Bosque,2020-12-20,2.356795758123215e-05
El Bosque,2020-12-21,5.3787889639822075e-05
El Bosque,2020-12-22,4.201516346017908e-05
El Bosque,2020-12-23,3.8639085886902896e-05
El Bosque,2020-12-24,4.570593028949971e-05
El Bosque,2020-12-25,2.790845221603804e-05
El Bosque,2020-12-26,2.8836387030044243e-05
El Bosque,2020-12-27,2.3274564884061783e-05
El Bosque,2020-12-28,3.61771014040115e-05
El Bosque,2020-12-29,4.697925768068087e-05
El Bosque,2020-12-30,5.17570151774229e-05
El Bosque,2020-12-31,3.4511147934609396e-05
El Bosque,2021-01-01,2.532810758534761e-05
El Bosque,2021-01-02,2.4517079527227972e-05
El Bosque,2021-01-03,2.0510417577498846e-05
El Bosque,2021-01-04,2.602177429370782e-05
El Bosque,2021-01-05,4.0957868146638393e-05
El Bosque,2021-01-07,4.070605211040847e-05
El Bosque,2021-01-08,4.682387568592996e-05
El Bosque,2021-01-10,1.1897890418810597e-05
El Bosque,2021-01-11,4.40299287841596e-05
El Bosque,2021-01-12,4.44906496356644e-05
El Bosque,2021-01-13,3.36732575325864e-05
El Bosque,2021-01-14,3.0428538859932245e-05
El Bosque,2021-01-15,5.574797858326761e-05
El Bosque,2021-01-16,1.7014429986029075e-05
El Bosque,2021-01-17,2.028546522096676e-05
El Bosque,2021-01-18,4.1388201251126465e-05
El Bosque,2021-01-19,4.142859014424801e-05
El Bosque,2021-01-20,7.576492319426905e-05
El Bosque,2021-01-21,5.46433825676979e-05
El Bosque,2021-01-22,6.599581918358095e-05
El Bosque,2021-01-23,3.704085428245075e-05
El Bosque,2021-01-24,2.3444677118484317e-05
El Bosque,2021-01-25,3.726490541873853e-05
El Bosque,2021-01-26,4.353747685904621e-05
El Bosque,2021-01-27,3.868685954490285e-05
El Bosque,2021-01-31,3.362629385702553e-05
El Bosque,2021-02-01,5.503729386060287e-05
El Bosque,2021-02-02,6.378931903231529e-05
El Bosque,2021-02-03,9.817845960415666e-05
El Bosque,2021-02-04,8.23632054695017e-05
El Bosque,2021-02-05,6.832766700470808e-05
El Bosque,2021-02-06,7.554378628253271e-05
El Bosque,2021-02-07,4.3530727833221804e-05
El Bosque,2021-02-08,5.2784390548259925e-05
El Bosque,2021-02-09,7.424998718580455e-05
El Bosque,2021-02-10,6.154635569890598e-05
El Bosque,2021-02-12,4.514799722205146e-05
El Bosque,2021-02-13,1.8550988957972247e-05
El Bosque,2021-02-14,1.8388120424232707e-05
El Bosque,2021-02-15,3.8126476492940035e-05
El Bosque,2021-02-17,3.990547749009145e-05
El Bosque,2021-02-18,3.413818475123442e-05
El Bosque,2021-02-19,5.2558641399664514e-05
El Bosque,2021-02-20,3.0061861893968714e-05
El Bosque,2021-02-21,2.0893727172190987e-05
El Bosque,2021-02-22,5.564222002945569e-05
El Bosque,2021-02-23,6.957395544411417e-05
El Bosque,2021-02-24,4.696884322116208e-05
El Bosque,2021-02-25,5.7785500707380116e-05
El Bosque,2021-02-26,5.317211662430463e-05
El Bosque,2021-02-27,5.2356693689183764e-05
El Bosque,2021-02-28,4.6839590755044624e-05
El Bosque,2021-03-02,4.892988406938751e-05
El Bosque,2021-03-03,6.455568986474672e-05
El Bosque,2021-03-04,7.613764254081003e-05
El Bosque,2021-03-05,4.485429540895231e-05
El Bosque,2021-03-06,3.010882806983622e-05
El Bosque,2021-03-07,3.656247074621367e-05
El Bosque,2021-03-08,6.390558777408498e-05
El Bosque,2021-03-09,4.098819832897642e-05
El Bosque,2021-03-10,5.929962812830832e-05
El Bosque,2021-03-12,4.863094109212792e-05
El Bosque,2021-03-13,3.61258944393136e-05
El Bosque,2021-03-14,2.4956371969424195e-05
El Bosque,2021-03-15,7.775831079177168e-05
El Bosque,2021-03-19,9.338482653483579e-05
El Bosque,2021-03-20,6.626693183759167e-05
El Bosque,2021-03-21,2.2472197542443396e-05
El Bosque,2021-03-22,0.00010170320428103162
El Bosque,2021-03-23,6.781017008913848e-05
El Bosque,2021-03-24,4.598021102405272e-05
El Bosque,2021-03-25,5.3488658031815594e-05
El Bosque,2021-03-26,9.495244386909439e-05
El Bosque,2021-03-27,8.502152681940776e-05
El Bosque,2021-03-28,2.9362853105551253e-05
El Bosque,2021-03-29,6.83100415533787e-05
El Bosque,2021-03-30,5.452583843023939e-05
El Bosque,2021-03-31,9.469239027965729e-05
El Bosque,2021-04-01,0.0001119693762125615
El Bosque,2021-04-03,5.0401069488423364e-05
El Bosque,2021-04-05,0.00018955630036697612
El Bosque,2021-04-06,0.000111775068993383
El Bosque,2021-04-07,7.120979231613946e-05
El Bosque,2021-04-08,7.402263999927754e-05
El Bosque,2021-04-09,7.793590698948283e-05
El Bosque,2021-04-10,6.349663566539481e-05
El Bosque,2021-04-11,7.570309163996633e-05
El Bosque,2021-04-12,0.00017610208857696578
El Bosque,2021-04-13,0.00016347992404613758
El Bosque,2021-04-14,0.00010643240868723943
El Bosque,2021-04-15,0.00011595803677000726
El Bosque,2021-04-16,0.00017683227213684285
El Bosque,2021-04-17,0.000145625254785798
El Bosque,2021-04-18,7.505131182506128e-05
El Bosque,2021-04-19,0.00011329472218434492
El Bosque,2021-04-20,0.000301892783023181
El Bosque,2021-04-21,0.0001257370890631361
El Bosque,2021-04-22,0.000384964042880705
El Bosque,2021-04-24,0.0001749546293906942
El Bosque,2021-04-25,8.451463404215409e-05
El Bosque,2021-04-26,0.0004361392796971606
El Bosque,2021-04-27,0.00031065706404409077
El Bosque,2021-04-28,0.000373376179897018
El Bosque,2021-04-29,0.00020512962090336805
El Bosque,2021-05-03,0.00011867972365084157
El Bosque,2021-05-05,0.00018299389999270664
El Bosque,2021-05-06,0.0003512075048596654
El Bosque,2021-05-09,8.409527785239196e-05
El Bosque,2021-05-10,0.00028321177373201374
El Bosque,2021-05-11,0.0007838043957810658
El Bosque,2021-05-12,0.0006130790049297652
El Bosque,2021-05-14,0.0015175479925535742
El Bosque,2021-05-17,0.0005762828452727989
El Bosque,2021-05-21,0.00022692803895773848
El Bosque,2021-05-22,0.0006300019514955134
El Bosque,2021-05-23,0.0005066399835035533
El Bosque,2021-05-24,0.001176555025729867
El Bosque,2021-05-25,0.0008154839162397504
El Bosque,2021-05-26,0.0013570358151848854
El Bosque,2021-05-27,0.0006245085017042636
El Bosque,2021-05-28,0.0006773112372791826
El Bosque,2021-05-30,0.0002745329423068444
El Bosque,2021-06-02,0.0007472152787520195
El Bosque,2021-06-03,0.0010527906799475762
El Bosque,2021-06-07,0.00099367177766187
El Bosque,2021-06-08,0.0009187148990319282
El Bosque,2021-06-10,0.0008548502671561206
El Bosque,2021-06-11,0.0011333790101017431
El Bosque,2021-06-12,0.0005323836887246024
El Bosque,2021-06-13,0.00028621804787021623
El Bosque,2021-06-15,0.0006131864691372637
El Bosque,2021-06-16,0.0009755796683357319
El Bosque,2021-06-17,0.00048496996395049215
El Bosque,2021-06-18,0.0010115096756827288
El Bosque,2021-06-26,0.00038183549858291076
El Bosque,2021-06-27,0.0004988661663030994
El Bosque,2021-06-28,0.0004624849257944625
El Bosque,2021-06-29,0.0008925508363322654
El Bosque,2021-07-02,0.0006248811259865722
El Bosque,2021-07-04,0.00048150458682232885
El Bosque,2021-07-05,0.001092824834239313
El Bosque,2021-07-06,0.0006135666801029851
El Bosque,2021-07-08,0.0008638663152500864
El Bosque,2021-07-10,0.0014534400232748552
El Bosque,2021-07-13,0.0006335543920365689
El Bosque,2021-07-14,0.0016993235386252793
El Bosque,2021-07-15,0.0014630229970298138
El Bosque,2021-07-16,0.0013344203533461798
El Bosque,2021-07-17,0.0005754009390144463
El Bosque,2021-07-18,0.0003360734628579846
El Bosque,2021-07-19,0.0015222080117044557
El Bosque,2021-07-20,0.0017404941158289718
El Bosque,2021-07-21,0.001698001983800526
El Bosque,2021-07-23,0.0007358099510001931
El Bosque,2021-07-25,0.00029277520243473776
El Bosque,2021-07-26,0.00029453939374763245
El Bosque,2021-07-27,0.0007371597811830664
El Bosque,2021-07-28,0.0010852753610609027
El Bosque,2021-07-29,0.0014642340896091018
El Bosque,2021-07-30,0.0013950534629719384
El Bosque,2021-07-31,0.0009739003718520875
El Bosque,2021-08-01,0.00041534118444779266
El Bosque,2021-08-02,0.0006388658097824236
El Bosque,2021-08-03,0.0008432285588835189
El Bosque,2021-08-04,0.0005595369677174567
El Bosque,2021-08-05,0.0008794290956794541
El Bosque,2021-08-06,0.0009610437889380992
El Bosque,2021-08-09,0.00043757979297194175
El Bosque,2021-08-10,0.0010354139200271163
El Bosque,2021-08-11,0.0009239827703009718
El Bosque,2021-08-12,0.0005917003995418705
El Bosque,2021-08-13,0.0007218396603553242
El Bosque,2021-08-22,0.0003418577266624838
El Bosque,2021-08-23,0.0002610069633406162
El Bosque,2021-08-24,0.0002536299092817517
El Bosque,2021-08-25,0.00029361388731936536
El Bosque,2021-08-26,0.00034669955646115207
El Bosque,2021-08-28,0.0007839725084676772
El Bosque,2021-08-29,9.236876867758403e-05
El Bosque,2021-08-30,0.00022663608886897284
El Bosque,2021-08-31,0.0005661908423320359
El Bosque,2021-09-02,0.0002211749290566113
El Bosque,2021-09-04,0.00016862828045316
El Bosque,2021-09-05,7.295796166357233e-05
El Bosque,2021-09-08,0.0002643706582501306
El Bosque,2021-09-09,0.0004001994688601925
El Bosque,2021-09-10,0.00025492917341602637
El Bosque,2021-09-14,0.00021094330124171937
El Bosque,2021-09-15,0.00019255993368913179
El Bosque,2021-09-16,0.0002653993926043814
El Bosque,2021-09-17,0.00015220262199726098
El Bosque,2021-09-18,6.760330968579595e-05
El Bosque,2021-09-19,8.063329970718696e-05
El Bosque,2021-09-20,9.616687181739826e-05
El Bosque,2021-09-21,8.778821999520667e-05
El Bosque,2021-09-22,0.00028621463391627925
El Bosque,2021-09-23,0.0003116456735979958
El Bosque,2021-09-24,0.00024839614783866136
El Bosque,2021-09-25,7.612758289916684e-05
El Bosque,2021-09-26,7.654012099702033e-05
El Bosque,2021-09-27,0.00010674370741198884
El Bosque,2021-09-28,0.00013830910723635853
El Bosque,2021-09-30,0.00010730027676389677
El Bosque,2021-10-01,0.00010183941932612215
El Bosque,2021-10-02,6.338012864675089e-05
El Bosque,2021-10-03,7.234712870640071e-05
El Bosque,2021-10-04,0.00010923686002829916
El Bosque,2021-10-05,0.00010029054924465256
El Bosque,2021-10-06,7.982320053145491e-05
El Bosque,2021-10-07,7.237790463558019e-05
El Bosque,2021-10-09,6.354446869820438e-05
El Bosque,2021-10-10,6.03848044430317e-05
El Bosque,2021-10-11,6.639422420691629e-05
El Bosque,2021-10-12,0.00019559120604853956
El Bosque,2021-10-13,9.225271889875565e-05
El Bosque,2021-10-15,0.00013837607476753288
El Bosque,2021-10-16,6.294547485074511e-05
El Bosque,2021-10-17,3.540831069271037e-05
El Bosque,2021-10-18,0.00010191353347467355
El Bosque,2021-10-19,0.00011489862279793036
El Bosque,2021-10-20,5.5204780000544767e-05
El Bosque,2021-10-21,8.276994773239162e-05
El Bosque,2021-10-22,6.273898083674072e-05
El Bosque,2021-10-23,5.9885849635657735e-05
El Bosque,2021-10-24,4.9601729836784095e-05
El Bosque,2021-10-25,9.208107169379938e-05
El Bosque,2021-10-26,9.073789501089626e-05
El Bosque,2021-10-27,5.233740499406638e-05
El Bosque,2021-10-28,7.910522786751524e-05
El Bosque,2021-10-29,6.166947264368849e-05
El Bosque,2021-10-30,6.321328223188235e-05
El Bosque,2021-11-02,5.3254469114898845e-05
El Bosque,2021-11-05,5.362037576829876e-05
El Bosque,2021-11-06,3.0286669401154314e-05
El Bosque,2021-11-07,2.6497376151425e-05
El Bosque,2021-11-08,6.360595842914858e-05
El Bosque,2021-11-09,4.413054051964312e-05
El Bosque,2021-11-10,5.538229479051671e-05
El Bosque,2021-11-11,5.050707336353542e-05
El Bosque,2021-11-12,4.410947604602246e-05
El Bosque,2021-11-13,3.5325566101618434e-05
El Bosque,2021-11-14,3.197813854974934e-05
El Bosque,2021-11-15,4.5553756725243545e-05
El Bosque,2021-11-16,5.1433868934922524e-05
El Bosque,2021-11-17,5.024349308559433e-05
El Bosque,2021-11-18,4.9676428152404965e-05
El Bosque,2021-11-19,4.559173879177539e-05
El Bosque,2021-11-20,4.415136230775634e-05
El Bosque,2021-11-21,2.627685305102993e-05
El Bosque,2021-11-22,4.970962943313084e-05
El Bosque,2021-11-23,5.186157262438571e-05
El Bosque,2021-11-24,6.092186650731519e-05
El Bosque,2021-11-25,6.53322872189196e-05
El Bosque,2021-11-26,5.271593542679181e-05
El Bosque,2021-11-27,2.809742155403177e-05
El Bosque,2021-11-28,2.0930753754579773e-05
El Bosque,2021-11-29,4.063424098216754e-05
El Bosque,2021-11-30,3.493712883432686e-05
El Bosque,2021-12-01,5.3510087989963915e-05
El Bosque,2021-12-02,3.981098069995887e-05
El Bosque,2021-12-03,3.410486704304312e-05
El Bosque,2021-12-04,4.527144756941031e-05
El Bosque,2021-12-05,2.9675943999383592e-05
El Bosque,2021-12-06,4.351517120041029e-05
El Bosque,2021-12-07,4.86766756749812e-05
El Bosque,2021-12-08,3.6150472843123486e-05
El Bosque,2021-12-09,3.6832376418043764e-05
El Bosque,2021-12-10,3.599218865311762e-05
El Bosque,2021-12-12,3.7396176545620183e-05
El Bosque,2021-12-13,5.349975807177405e-05
El Bosque,2021-12-14,4.580297875040368e-05
El Bosque,2021-12-15,5.092514734269701e-05
El Bosque,2021-12-16,5.012738198656145e-05
El Bosque,2021-12-17,6.124654376680653e-05
El Bosque,2021-12-18,3.423803068763133e-05
El Bosque,2021-12-19,2.9376102440837932e-05
El Bosque,2021-12-20,5.8127316258018276e-05
El Bosque,2021-12-21,5.119850672810099e-05
El Bosque,2021-12-22,4.444821052031595e-05
El Bosque,2021-12-23,5.550154951299389e-05
El Bosque,2021-12-24,3.164734672502064e-05
El Bosque,2021-12-25,2.919938512418079e-05
El Bosque,2021-12-26,2.8127241462125028e-05
El Bosque,2021-12-27,3.843721920988085e-05
El Bosque,2021-12-28,3.505694082714518e-05
El Bosque,2021-12-29,2.8033125375677777e-05
El Bosque,2021-12-30,3.724339021760478e-05
El Bosque,2021-12-31,3.238398270410307e-05
El Bosque,2022-01-01,2.0582826276372468e-05
El Bosque,2022-01-02,2.1843170818088123e-05
El Bosque,2022-01-03,2.745673851121889e-05
El Bosque,2022-01-04,2.3869684776293674e-05
El Bosque,2022-01-05,4.353590616424928e-05
El Bosque,2022-01-06,4.074407502351674e-05
El Bosque,2022-01-07,4.6385038212185725e-05
El Bosque,2022-01-08,2.385192756049898e-05
El Bosque,2022-01-09,-2.8162201404816467e-06
El Bosque,2022-01-10,4.283001359799264e-05
El Bosque,2022-01-11,4.151272815895551e-05
El Bosque,2022-01-12,4.7227349224392575e-05
El Bosque,2022-01-13,6.07743377411097e-05
El Bosque,2022-01-14,4.855606725836865e-05
El Bosque,2022-01-15,3.2079502201307885e-05
El Bosque,2022-01-16,2.433598950647402e-05
El Bosque,2022-01-18,4.5916504868812927e-05
El Bosque,2022-01-19,4.35747320037159e-05
El Bosque,2022-01-20,3.3436112373897815e-05
El Bosque,2022-01-21,4.050207557525561e-05
El Bosque,2022-01-22,1.4036466027092681e-05
El Bosque,2022-01-23,1.772243891845342e-05
El Bosque,2022-01-24,4.9872573809804427e-05
El Bosque,2022-01-25,3.753734244470489e-05
El Bosque,2022-01-26,3.723246145512281e-05
El Bosque,2022-01-27,3.169848768168278e-05
El Bosque,2022-01-28,4.986226025992853e-05
El Bosque,2022-01-29,3.456210503475732e-05
El Bosque,2022-01-30,2.0041600093033394e-05
El Bosque,2022-01-31,4.199378408259756e-05
El Bosque,2022-02-01,4.0752423677415124e-05
El Bosque,2022-02-02,3.717348296820419e-05
El Bosque,2022-02-03,2.8372509405015852e-05
El Bosque,2022-02-04,4.4868973565061364e-05
El Bosque,2022-02-05,3.550686862524439e-05
El Bosque,2022-02-06,1.7533347354065856e-05
El Bosque,2022-02-07,4.051014385983863e-05
El Bosque,2022-02-08,6.630317394730633e-05
El Bosque,2022-02-09,4.359856654255354e-05
El Bosque,2022-02-10,4.0925608214346514e-05
El Bosque,2022-02-11,4.3151506647705934e-05
El Bosque,2022-02-12,4.239713348678264e-05
El Bosque,2022-02-13,3.6570058449363456e-05
El Bosque,2022-02-14,4.595897730041099e-05
El Bosque,2022-02-15,3.429928484322057e-05
El Bosque,2022-02-16,2.3029145987490386e-05
El Bosque,2022-02-17,5.448923162585548e-05
El Bosque,2022-02-18,5.2240388953229746e-05
El Bosque,2022-02-19,4.3700458493133195e-05
El Bosque,2022-02-21,1.5838742964333864e-05
El Bosque,2022-02-22,2.6669064002673887e-05
El Bosque,2022-02-23,6.037148683963724e-05
El Bosque,2022-02-24,7.387397801960746e-05
El Bosque,2022-02-25,8.154768321571069e-05
El Bosque,2022-02-26,5.5620495163051484e-05
El Bosque,2022-02-27,2.1912256244565344e-05
El Bosque,2022-02-28,4.46697400170479e-05
El Bosque,2022-03-01,6.270279039078935e-05
El Bosque,2022-03-02,0.00012164876953175436
El Bosque,2022-03-03,4.611016092766791e-05
El Bosque,2022-03-04,3.171818566045905e-05
El Bosque,2022-03-05,4.849411871525352e-05
El Bosque,2022-03-07,8.032725730574457e-05
El Bosque,2022-03-08,4.6667878007104e-05
El Bosque,2022-03-09,5.5057845277021674e-05
El Bosque,2022-03-10,7.538134743871543e-05
El Bosque,2022-03-11,6.118156450210475e-05
El Bosque,2022-03-12,5.580733278534365e-05
El Bosque,2022-03-13,4.739007834351878e-05
El Bosque,2022-03-14,6.414059885275025e-05
El Bosque,2022-03-15,4.667208749276867e-05
El Bosque,2022-03-16,6.063545160860718e-05
El Bosque,2022-03-17,8.439303734957283e-05
El Bosque,2022-03-18,8.406635857505969e-05
El Bosque,2022-03-20,3.142967398761337e-05
El Bosque,2022-03-21,8.479357548334475e-05
El Bosque,2022-03-22,0.00012474167348519802
El Bosque,2022-03-23,5.211437647749887e-05
El Bosque,2022-03-24,0.00010148143974624177
El Bosque,2022-03-25,5.4313092511819955e-05
El Bosque,2022-03-26,3.553410564572158e-05
El Bosque,2022-03-28,7.390174857327708e-05
El Bosque,2022-03-29,4.8789210304802635e-05
El Bosque,2022-03-30,0.00014520002621557618
El Bosque,2022-03-31,0.00010916166974360628
El Bosque,2022-04-01,0.00016982118098266585
El Bosque,2022-04-02,7.383402850781835e-05
El Bosque,2022-04-03,6.0624337451005454e-05
El Bosque,2022-04-04,0.00022272062189785614
El Bosque,2022-04-05,0.00010162533692938667
El Bosque,2022-04-06,0.00011709688144180948
El Bosque,2022-04-07,0.0001462005870152356
El Bosque,2022-04-08,0.00016979011553016504
El Bosque,2022-04-09,4.2964254804062985e-05
El Bosque,2022-04-10,3.145695291502853e-05
El Bosque,2022-04-11,0.00012752819831663323
El Bosque,2022-04-13,0.0002452293723579605
El Bosque,2022-04-14,0.00015482418403703547
El Bosque,2022-04-15,0.00010205018633974362
El Bosque,2022-04-16,6.666503551231812e-05
El Bosque,2022-04-17,6.496464240218441e-05
El Bosque,2022-04-18,0.00019515256298488978
El Bosque,2022-04-20,0.00027207997070534986
El Bosque,2022-04-22,0.00038774706917436017
El Bosque,2022-04-23,0.00022719104112379495
El Bosque,2022-04-24,8.817726155278207e-05
El Bosque,2022-04-25,0.00020886606422245048
El Bosque,2022-04-28,0.0007310661797024943
El Bosque,2022-04-29,0.0011243515556089837
El Bosque,2022-04-30,0.00047098400110457745
El Bosque,2022-05-02,0.00045991054588745677
El Bosque,2022-05-03,0.0008120831871091446
El Bosque,2022-05-04,0.00026944495596218043
El Bosque,2022-05-05,0.000379487031078924
El Bosque,2022-05-06,0.0006502799058230107
El Bosque,2022-05-07,0.00024971848990635004
El Bosque,2022-05-09,0.0009402191592281917
El Bosque,2022-05-10,0.0012132595856828357
El Bosque,2022-05-13,0.0005933146961676417
El Bosque,2022-05-15,0.0003527787058756905
El Bosque,2022-05-16,0.0007464016948050668
El Bosque,2022-05-17,0.0006870924807502302
El Bosque,2022-05-18,0.0005816606821145644
El Bosque,2022-05-19,0.000582256237741663
El Bosque,2022-05-20,0.0003481468819194895
El Bosque,2022-05-21,0.0006917030143057927
El Bosque,2022-05-25,0.000471791502644096
El Bosque,2022-05-29,0.0004126982451053268
El Bosque,2022-05-30,0.001051136298294188
El Bosque,2022-05-31,0.0013225016592432158
El Bosque,2022-06-01,0.0009428070750809168
El Bosque,2022-06-05,0.00023251046392106588
El Bosque,2022-06-06,0.0009506199088586864
El Bosque,2022-06-07,0.00199523870419879
El Bosque,2022-06-09,0.0010520403507817261
El Bosque,2022-06-10,0.0013609371092898775
El Bosque,2022-06-11,0.0008642044580525343
El Bosque,2022-06-12,0.0005850737835214799
El Bosque,2022-06-14,0.0005868466496083547
El Bosque,2022-06-15,0.0013723796415463759
El Bosque,2022-06-17,0.0014117228267953232
El Bosque,2022-06-28,0.0005327087521647879
El Bosque,2022-07-02,0.0009513359111366365
El Bosque,2022-07-04,0.0009649418103358315
El Bosque,2022-07-05,0.0011010199100932895
El Bosque,2022-07-08,0.0005746787920531744
El Bosque,2022-07-12,0.001687576312126457
El Bosque,2022-07-19,0.0007857741696276976
El Bosque,2022-07-20,0.0008290563640090511
El Bosque,2022-07-21,0.0005135045074195498
El Bosque,2022-07-22,0.0009360588399337589
El Bosque,2022-07-23,0.0007802351484414551
El Bosque,2022-07-24,0.00033327729716676595
El Bosque,2022-07-26,0.00039196276804426863
El Bosque,2022-07-28,0.0006319125490518182
El Bosque,2022-07-31,0.0003692229619851447
El Bosque,2022-08-01,0.00022366567746769594
El Bosque,2022-08-02,0.0008678099275561833
El Bosque,2022-08-03,0.0003885298528583607
El Bosque,2022-08-04,0.0008301298775636459
El Bosque,2022-08-05,0.0007058186890231075
El Bosque,2022-08-08,0.0007345053997541124
El Bosque,2022-08-10,0.0003736231529817809
El Bosque,2022-08-11,0.00047907615258654436
El Bosque,2022-08-12,0.0006308891456534122
El Bosque,2022-08-13,0.00033585326256813433
El Bosque,2022-08-15,0.00012971548588512903
El Bosque,2022-08-18,0.0008866814701644049
El Bosque,2022-08-19,0.0008079258953399458
El Bosque,2022-08-20,0.0006893589232530867
El Bosque,2022-08-21,0.00032801263826010235
El Bosque,2022-08-23,0.0006941097232622332
El Bosque,2022-08-25,0.00114334850407727
El Bosque,2022-08-27,9.942230355028923e-05
El Bosque,2022-08-28,0.00018169744712172518
El Bosque,2022-08-29,0.00018418649875625063
El Bosque,2022-09-02,0.0004835692771892406
El Bosque,2022-09-03,0.0003237139214636246
El Bosque,2022-09-04,0.00018871254230102112
El Bosque,2022-09-05,0.0005765362367866707
El Bosque,2022-09-06,0.00021412220404157283
El Bosque,2022-09-09,0.00035875086659227013
El Bosque,2022-09-10,0.0001863114142026515
El Bosque,2022-09-12,0.00019191339531235722
El Bosque,2022-09-13,0.0002414130888162399
El Bosque,2022-09-14,0.0001719363080708565
El Bosque,2022-09-18,6.888682439016535e-05
El Bosque,2022-09-21,0.00021977837152312204
El Bosque,2022-09-22,0.00019624325069235514
El Bosque,2022-09-23,0.0002475481211313956
El Bosque,2022-09-25,5.430043927848449e-05
El Bosque,2022-09-26,0.00018526566311679053
El Bosque,2022-09-27,0.00012382215282253202
El Bosque,2022-09-28,0.00010305904529827578
El Bosque,2022-09-29,8.439050222692588e-05
El Bosque,2022-09-30,0.00018748049906832815
El Bosque,2022-10-01,8.689288978673116e-05
El Bosque,2022-10-02,6.917144288455011e-05
El Bosque,2022-10-06,0.0001008791766035567
El Bosque,2022-10-07,0.00011019805861317858
El Bosque,2022-10-08,4.023111547904137e-05
El Bosque,2022-10-09,5.809087623506854e-05
El Bosque,2022-10-10,3.47935960177681e-05
El Bosque,2022-10-11,9.048811118994843e-05
El Bosque,2022-10-12,0.00010217560402494068
El Bosque,2022-10-13,7.90681761580732e-05
El Bosque,2022-10-14,9.748889986655178e-05
El Bosque,2022-10-15,6.386071317378397e-05
El Bosque,2022-10-16,4.9440594207474526e-05
El Bosque,2022-10-17,6.373616197246708e-05
El Bosque,2022-10-18,6.278541280973148e-05
El Bosque,2022-10-19,5.095975736525715e-05
El Bosque,2022-10-20,9.614460954931023e-05
El Bosque,2022-10-21,7.510223899941241e-05
El Bosque,2022-10-22,8.399165789350232e-05
El Bosque,2022-10-23,3.345683358912967e-05
El Bosque,2022-10-24,7.087657067163166e-05
El Bosque,2022-10-25,6.484054144391586e-05
El Bosque,2022-10-26,7.437778529495178e-05
El Bosque,2022-10-27,8.001713377642283e-05
El Bosque,2022-10-28,0.00018576827984160337
El Bosque,2022-10-29,6.143980839552778e-05
El Bosque,2022-10-30,3.102747864339535e-05
El Bosque,2022-10-31,5.882397231934717e-05
El Bosque,2022-11-01,4.1329493678224484e-05
El Bosque,2022-11-02,0.00010151748049565284
El Bosque,2022-11-05,1.1695612903141179e-05
El Bosque,2022-11-06,3.472915131248332e-05
El Bosque,2022-11-07,6.924287047077045e-05
El Bosque,2022-11-14,4.486515066446166e-05
El Bosque,2022-11-15,4.236539629909146e-05
El Bosque,2022-11-16,5.6083784489918276e-05
El Bosque,2022-11-17,5.835246705397841e-05
El Bosque,2022-11-18,5.361083230789455e-05
El Bosque,2022-11-19,3.4528105132758285e-05
El Bosque,2022-11-20,2.3242200002966e-05
El Bosque,2022-11-21,5.4717584678059546e-05
El Bosque,2022-11-22,6.451274069630374e-05
El Bosque,2022-11-23,5.941983460616678e-05
El Bosque,2022-11-24,5.483410355788554e-05
El Bosque,2022-11-25,4.2193251346031317e-05
El Bosque,2022-11-26,2.8715296244576354e-05
El Bosque,2022-11-27,2.174250398717564e-05
El Bosque,2022-11-28,3.6720704012183695e-05
El Bosque,2022-11-29,4.240502597147637e-05
El Bosque,2022-11-30,4.5824693854989374e-05
El Bosque,2022-12-01,5.205022534937405e-05
El Bosque,2022-12-02,4.4853782374147895e-05
El Bosque,2022-12-03,3.319067590049254e-05
El Bosque,2022-12-04,2.740026924786693e-05
El Bosque,2022-12-05,3.811772960291984e-05
El Bosque,2022-12-06,3.53209893232204e-05
El Bosque,2022-12-07,3.922200342342055e-05
El Bosque,2022-12-08,4.211812928570011e-05
El Bosque,2022-12-09,5.259827349165774e-05
El Bosque,2022-12-10,3.43914248209466e-05
El Bosque,2022-12-11,2.343791128818581e-05
El Bosque,2022-12-12,4.7926767632512935e-05
El Bosque,2022-12-13,5.474853067441142e-05
El Bosque,2022-12-14,4.6143458727649096e-05
El Bosque,2022-12-15,6.155060800318003e-05
El Bosque,2022-12-16,3.334397892401866e-05
El Bosque,2022-12-17,1.585576109571275e-05
El Bosque,2022-12-18,2.9068563963798157e-05
El Bosque,2022-12-19,4.54012646916247e-05
El Bosque,2022-12-20,5.0934617833692915e-05
El Bosque,2022-12-21,4.549748542851928e-05
El Bosque,2022-12-22,3.7270516118837684e-05
El Bosque,2022-12-23,4.137141096937743e-05
El Bosque,2022-12-24,3.116856760571226e-05
El Bosque,2022-12-25,1.9088352907836235e-05
El Bosque,2022-12-26,2.1950412613968496e-05
El Bosque,2022-12-27,3.002854170862252e-05
El Bosque,2022-12-28,4.8176839326497316e-05
El Bosque,2022-12-29,5.3745529874389416e-05
El Bosque,2022-12-30,5.635188458909935e-05
El Bosque,2023-01-01,2.1452763390086432e-05
El Bosque,2023-01-02,2.8272199315880535e-05
El Bosque,2023-01-03,4.954548461540641e-05
El Bosque,2023-01-04,4.5582713304136824e-05
El Bosque,2023-01-05,4.401541363908819e-05
El Bosque,2023-01-06,3.560543683092382e-05
El Bosque,2023-01-07,2.231330353524514e-05
El Bosque,2023-01-08,2.583281617566946e-05
El Bosque,2023-01-09,3.232925769718012e-05
El Bosque,2023-01-10,3.615058165937495e-05
El Bosque,2023-01-11,5.050481160754803e-05
El Bosque,2023-01-12,3.230022612090478e-05
El Bosque,2023-01-13,4.49180877029516e-05
El Bosque,2023-01-14,1.4502983483980084e-05
El Bosque,2023-01-15,2.3353973288737075e-05
El Bosque,2023-01-16,3.487724847266458e-05
El Bosque,2023-01-17,3.723700108805106e-05
El Bosque,2023-01-18,2.1392777939781615e-05
El Bosque,2023-01-19,2.1249759383180225e-05
El Bosque,2023-01-20,3.808248131899397e-05
El Bosque,2023-01-21,3.042098224359388e-05
El Bosque,2023-01-22,2.645016141028504e-05
El Bosque,2023-01-23,3.0431963855227444e-05
El Bosque,2023-01-24,3.808910144061786e-05
El Bosque,2023-01-25,4.303970042126874e-05
El Bosque,2023-01-26,2.7104524710726613e-05
El Bosque,2023-01-27,4.1738596337380205e-05
El Bosque,2023-01-28,2.8632785022526472e-05
El Bosque,2023-01-29,2.1938159250105093e-05
El Bosque,2023-01-30,3.6783959110299384e-05
El Bosque,2023-01-31,3.9643761851642556e-05
El Bosque,2023-02-01,3.913001534086222e-05
El Bosque,2023-02-02,4.608998762155232e-05
El Bosque,2023-02-03,3.6186774940465946e-05
El Bosque,2023-02-04,3.8019885750910636e-05
El Bosque,2023-02-05,2.7706274132749875e-05
El Bosque,2023-02-06,5.777794689455813e-05
El Bosque,2023-02-07,4.555340741617115e-05
El Bosque,2023-02-08,4.387253341978563e-05
El Bosque,2023-02-09,6.245397193421483e-05
El Bosque,2023-02-10,5.7196156657634374e-05
El Bosque,2023-02-11,4.696512292088527e-05
El Bosque,2023-02-12,3.825895006836224e-05
El Bosque,2023-02-13,4.158420520020279e-05
El Bosque,2023-02-14,4.4639252648836826e-05
El Bosque,2023-02-15,4.2381336461393794e-05
El Bosque,2023-02-16,3.792261303696796e-05
El Bosque,2023-02-17,4.686055820213072e-05
El Bosque,2023-02-18,2.463302999994653e-05
El Bosque,2023-02-19,1.3828165234395301e-05
El Bosque,2023-02-20,5.3223583380754e-05
El Bosque,2023-02-21,5.560081074733772e-05
El Bosque,2023-02-22,5.1513436465496896e-05
El Bosque,2023-02-23,4.3739678600105845e-05
El Bosque,2023-02-24,2.896315668197315e-05
El Bosque,2023-02-25,2.449756706257884e-05
El Bosque,2023-02-26,1.733861873251236e-05
El Bosque,2023-02-27,6.493119326229089e-05
El Bosque,2023-02-28,6.096619389833767e-05
El Bosque,2023-03-01,5.112653072277673e-05
El Bosque,2023-03-02,6.277195131426399e-05
El Bosque,2023-03-03,5.973287519765595e-05
El Bosque,2023-03-04,4.9518840309501957e-05
El Bosque,2023-03-05,3.220414339748947e-05
El Bosque,2023-03-06,3.199754905316578e-05
El Bosque,2023-03-07,4.300732571868434e-05
El Bosque,2023-03-08,2.0279984534102526e-05
El Bosque,2023-03-09,4.22681692916949e-05
El Bosque,2023-03-10,4.469691684287363e-05
El Bosque,2023-03-11,2.2893531525912815e-05
El Bosque,2023-03-12,1.131739159493265e-05
El Bosque,2023-03-13,3.603272474112152e-05
El Bosque,2023-03-14,4.014600374154164e-05
El Bosque,2023-03-15,6.170825293220331e-05
El Bosque,2023-03-16,5.19238581054394e-05
El Bosque,2023-03-17,0.00010837955045250759
El Bosque,2023-03-18,3.74889016475884e-05
El Bosque,2023-03-19,3.149645111244343e-05
El Bosque,2023-03-20,3.887324239173812e-05
El Bosque,2023-03-21,5.271592014458718e-05
El Bosque,2023-03-22,7.428821228317069e-05
El Bosque,2023-03-23,6.260812431847668e-05
El Bosque,2023-03-24,9.548743258749991e-05
El Bosque,2023-03-25,6.339327856710254e-05
El Bosque,2023-03-26,5.8738419253456786e-05
El Bosque,2023-03-27,6.466780732419851e-05
El Bosque,2023-03-28,4.106053165742044e-05
El Bosque,2023-03-29,6.19630505247363e-05
El Bosque,2023-03-30,6.225274000802812e-05
El Bosque,2023-03-31,0.000138348029465809
El Bosque,2023-04-01,0.0001289301215943938
El Bosque,2023-04-02,4.0177013495935846e-05
El Bosque,2023-04-04,0.00012502242085021673
El Bosque,2023-04-06,0.0001570247685964112
El Bosque,2023-04-07,0.00010896201333774334
El Bosque,2023-04-08,3.845971951055702e-05
El Bosque,2023-04-09,6.437877518181437e-05
El Bosque,2023-04-10,0.00021166112154056408
El Bosque,2023-04-11,0.00010702902871232118
El Bosque,2023-04-13,6.137962804276402e-05
El Bosque,2023-04-15,7.807638062547922e-05
El Bosque,2023-04-16,6.797863415524792e-05
El Bosque,2023-04-17,0.0002017044486266847
El Bosque,2023-04-19,0.00035737603597361185
El Bosque,2023-04-20,0.00010605814875001296
El Bosque,2023-04-21,0.00037847223971058486
El Bosque,2023-04-22,0.0003680337882195502
El Bosque,2023-04-23,6.772072256342471e-05
El Bosque,2023-04-24,0.00019264440746992036
El Bosque,2023-04-25,0.00022157018538251932
El Bosque,2023-04-27,0.0002740610535276299
El Bosque,2023-04-30,9.307641047790397e-05
El Bosque,2023-05-01,0.00012840776008943866
El Bosque,2023-05-02,0.0008836910171307271
El Bosque,2023-05-04,0.000566774735067551
El Bosque,2023-05-05,0.00040149275839887255
El Bosque,2023-05-06,0.00014854908624088256
El Bosque,2023-05-08,0.0008272508914918543
El Bosque,2023-05-09,0.0006932301433072801
El Bosque,2023-05-11,0.0001658180706508014
El Bosque,2023-05-12,0.00041642775703431786
El Bosque,2023-05-13,0.00031784170362962084
El Bosque,2023-05-14,0.0001276775941991546
El Bosque,2023-05-15,0.00029871189584689456
El Bosque,2023-05-16,0.00022635648324639536
El Bosque,2023-05-17,0.00028642245020330746
El Bosque,2023-05-19,0.0008854771953957604
El Bosque,2023-05-20,0.00044701907838009993
El Bosque,2023-06-01,0.00026114898097466386
El Bosque,2023-06-02,0.0005721771219106226
El Bosque,2023-06-04,0.0002990198512072985
El Bosque,2023-06-05,0.0005279267830959687
El Bosque,2023-06-11,0.00020166898420389477
El Bosque,2023-06-12,0.0008357235586656357
El Bosque,2023-06-13,0.0006929383205975483
El Bosque,2023-06-14,0.0006345904387132574
El Bosque,2023-06-15,0.0006565489014295869
El Bosque,2023-06-16,0.0007051860451221031
El Bosque,2023-06-17,0.0006706263606608225
El Bosque,2023-06-19,0.0005594631703871085
El Bosque,2023-06-29,0.0003723783791267565
El Bosque,2023-06-30,0.0007961111926222686
El Bosque,2023-07-01,0.0004496238584194458
El Bosque,2023-07-03,0.0004356349038100352
El Bosque,2023-07-04,0.00020151046507118825
El Bosque,2023-07-05,0.00035121393509678973
El Bosque,2023-07-10,0.0003444941222788736
El Bosque,2023-07-13,0.0007659044417129794
El Bosque,2023-07-16,0.0006360293912947638
El Bosque,2023-07-24,0.0007300278344599299
El Bosque,2023-07-25,0.000199934773651402
El Bosque,2023-07-26,0.00047644395043077125
El Bosque,2023-07-27,0.0011570359816929139
El Bosque,2023-07-29,0.00041170428899079385
El Bosque,2023-07-31,0.0003678758072957355
El Bosque,2023-08-01,0.000499516410999713
El Bosque,2023-08-02,0.000607228689025615
El Bosque,2023-08-03,0.000752918691629742
El Bosque,2023-08-04,0.0003493545997695898
El Bosque,2023-08-06,0.00013936484003567123
El Bosque,2023-08-08,0.0005145840277670486
El Bosque,2023-08-10,0.00016767522579602307
El Bosque,2023-08-11,0.00044300812350208697
El Bosque,2023-08-12,0.0005692600420053496
El Bosque,2023-08-13,0.00013032414342250962
El Bosque,2023-08-14,0.000399446812816879
El Bosque,2023-08-25,0.00016484246986665617
El Bosque,2023-08-26,0.0002859906139714498
El Bosque,2023-08-27,0.00013837979751691015
El Bosque,2023-08-29,0.00037131780927565487
El Bosque,2023-08-30,0.0001517026363415995
El Bosque,2023-08-31,0.00024994303924249215
El Bosque,2023-09-11,0.0001716138390845014
El Bosque,2023-09-14,0.0001800460321570663
El Bosque,2023-09-15,0.00015406801573640522
El Bosque,2023-09-16,4.9214648757007615e-05
El Bosque,2023-09-21,0.00025220393274634706
El Bosque,2023-09-24,7.964940801174602e-05
El Bosque,2023-09-25,0.00011189183969644155
El Bosque,2023-09-26,7.206510423122814e-05
El Bosque,2023-09-27,0.00013955394320054243
El Bosque,2023-09-29,0.0002654550535203779
El Bosque,2023-09-30,0.00012294627271325234
El Bosque,2023-10-04,0.00012056524438791626
El Bosque,2023-10-05,8.943476519329548e-05
El Bosque,2023-10-06,5.924287627719911e-05
El Bosque,2023-10-07,7.781608969010696e-05
El Bosque,2023-10-08,5.307445565771645e-05
El Bosque,2023-10-09,6.545551803311838e-05
El Bosque,2023-10-11,7.830134853922178e-05
El Bosque,2023-10-12,8.690552322928428e-05
El Bosque,2023-10-14,5.510985125928305e-05
El Bosque,2023-10-15,5.332357875247262e-05
El Bosque,2023-10-16,7.43285512245353e-05
El Bosque,2023-10-17,6.761113984579335e-05
El Bosque,2023-10-18,9.300144479998439e-05
El Bosque,2023-10-19,6.255100178063633e-05
El Bosque,2023-10-23,7.623441238252148e-05
El Bosque,2023-10-24,5.734475784682645e-05
El Bosque,2023-10-26,5.8165888060118325e-05
El Bosque,2023-10-31,9.942107551292498e-05
El Bosque,2023-11-02,8.588272009905989e-05
El Bosque,2023-11-03,9.11853273990401e-05
El Bosque,2023-11-04,4.5259292284123935e-05
El Bosque,2023-11-05,2.8076257229953748e-05
El Bosque,2023-11-06,4.488770793318432e-05
El Bosque,2023-11-07,3.3848592968791316e-05
El Bosque,2023-11-08,4.6922553700520596e-05
El Bosque,2023-11-09,9.626455922707408e-05
El Bosque,2023-11-13,5.227463376596983e-05
El Bosque,2023-11-15,6.559033324535552e-05
El Bosque,2023-11-16,6.548764495527491e-05
El Bosque,2023-11-19,3.7579370944430365e-05
El Bosque,2023-11-20,5.4531329308144694e-05
El Bosque,2023-11-22,2.3559848608076366e-05
El Bosque,2023-11-23,2.7982980358311374e-05
El Bosque,2023-11-24,4.1093138434899314e-05
El Bosque,2023-11-25,2.2579760957899522e-05
El Bosque,2023-11-26,2.7143046923983736e-05
El Bosque,2023-11-27,3.693797740176787e-05
El Bosque,2023-11-28,5.3180727604817484e-05
El Bosque,2023-11-29,4.177176939033446e-05
El Bosque,2023-11-30,3.515601322025481e-05
El Bosque,2023-12-01,3.413149811058991e-05
El Bosque,2023-12-02,7.192789986983155e-05
El Bosque,2023-12-03,2.2520821011748937e-05
El Bosque,2023-12-04,3.8062200387690723e-05
El Bosque,2023-12-05,3.224674573278141e-05
El Bosque,2023-12-06,5.705246697007306e-05
El Bosque,2023-12-07,5.986185595323427e-05
El Bosque,2023-12-08,2.5164614206362594e-05
El Bosque,2023-12-09,3.0545430454362896e-05
El Bosque,2023-12-10,4.122284484913474e-05
El Bosque,2023-12-11,3.652093378099177e-05
El Bosque,2023-12-12,3.078737089463945e-05
El Bosque,2023-12-13,5.544445620599029e-05
El Bosque,2023-12-14,3.397687509555506e-05
El Bosque,2023-12-15,3.338776254318785e-05
El Bosque,2023-12-17,2.180490600758132e-05
El Bosque,2023-12-18,3.9244378258398805e-05
El Bosque,2023-12-19,3.592393510457847e-05
El Bosque,2023-12-21,4.001418286506651e-05
El Bosque,2023-12-22,4.460753428733967e-05
El Bosque,2023-12-24,2.0612124408955816e-05
El Bosque,2023-12-25,3.35480043215873e-05
El Bosque,2023-12-26,4.2335495815114375e-05
El Bosque,2023-12-29,4.242288374766884e-05
El Bosque,2023-12-30,3.166037536960887e-05
El Bosque,2023-12-31,2.5702383219427165e-05
El Bosque,2024-01-01,1.8545677705420038e-05
El Bosque,2024-01-02,3.679970512343875e-05
El Bosque,2024-01-03,4.406870192476102e-05
El Bosque,2024-01-04,4.114173816092618e-05
El Bosque,2024-01-05,3.2831796082703506e-05
El Bosque,2024-01-06,2.864806690449447e-05
El Bosque,2024-01-07,2.1570646001104232e-05
El Bosque,2024-01-08,3.6997040784626956e-05
El Bosque,2024-01-09,3.528952903486937e-05
El Bosque,2024-01-10,3.804105009508252e-05
El Bosque,2024-01-11,4.281941947940762e-05
El Bosque,2024-01-12,3.985525051785024e-05
El Bosque,2024-01-13,2.162508095484139e-05
El Bosque,2024-01-14,2.559236271393681e-05
El Bosque,2024-01-15,3.94466058417609e-05
El Bosque,2024-01-16,4.018573765133665e-05
El Bosque,2024-01-17,4.0264033861516956e-05
El Bosque,2024-01-18,5.27473609510034e-05
El Bosque,2024-01-19,6.214004787223013e-05
El Bosque,2024-01-20,3.3935018504180657e-05
El Bosque,2024-01-21,2.4506788999463568e-05
El Bosque,2024-01-22,3.8884148949921715e-05
El Bosque,2024-01-23,3.954572053217677e-05
El Bosque,2024-01-24,6.23809946373808e-05
El Bosque,2024-01-25,3.767929528162378e-05
El Bosque,2024-01-26,4.089978741695857e-05
El Bosque,2024-01-27,3.548701872668168e-05
El Bosque,2024-01-28,2.27532115309348e-05
El Bosque,2024-01-29,4.328428641557944e-05
El Bosque,2024-01-30,4.56853733065015e-05
El Bosque,2024-01-31,5.010480531143939e-05
El Bosque,2024-02-01,5.273061308451109e-05
El Bosque,2024-02-02,4.6432360759013685e-05
El Bosque,2024-02-03,4.0951962912042156e-05
El Bosque,2024-02-05,6.47549634685408e-05
El Bosque,2024-02-06,4.140550286501431e-05
El Bosque,2024-02-07,4.77795945800632e-05
El Bosque,2024-02-08,5.642501815780373e-05
El Bosque,2024-02-09,3.834179227946889e-05
El Bosque,2024-02-10,1.5738644143222764e-05
El Bosque,2024-02-11,1.6660908538634855e-05
El Bosque,2024-02-12,4.755497079371427e-05
El Bosque,2024-02-13,5.6988921439435675e-05
El Bosque,2024-02-14,5.55595649904291e-05
El Bosque,2024-02-15,5.54811773556604e-05
El Bosque,2024-02-16,3.824388730664812e-05
El Bosque,2024-02-17,3.01168021348381e-05
El Bosque,2024-02-18,2.5281840038398716e-05
El Bosque,2024-02-19,4.277809127057985e-05
El Bosque,2024-02-20,5.396813328109702e-05
El Bosque,2024-02-21,3.960595545006457e-05
El Bosque,2024-02-23,8.31229324396651e-05
El Bosque,2024-02-24,3.6721347777687185e-05
El Bosque,2024-02-25,3.0108009558608452e-05
El Bosque,2024-02-26,5.25030212143759e-05
El Bosque,2024-02-27,4.4633903351061785e-05
El Bosque,2024-02-28,5.507203777484614e-05
El Bosque,2024-02-29,7.142025399580154e-05
El Bosque,2024-03-01,5.836646578850674e-05
El Bosque,2024-03-02,4.1298053302867596e-05
El Bosque,2024-03-03,3.0364075245100772e-05
El Bosque,2024-03-04,5.0949723196249796e-05
El Bosque,2024-03-05,5.7423421398230074e-05
El Bosque,2024-03-06,5.5249830364352926e-05
El Bosque,2024-03-07,4.5699966024431974e-05
El Bosque,2024-03-08,6.302655753197771e-05
El Bosque,2024-03-09,4.0319189824736325e-05
El Bosque,2024-03-10,2.8833463561997348e-05
El Bosque,2024-03-11,4.335364810501809e-05
El Bosque,2024-03-12,0.00010320550722088727
El Bosque,2024-03-13,6.252120036663846e-05
El Bosque,2024-03-14,6.013212202171811e-05
El Bosque,2024-03-15,6.143307984740247e-05
El Bosque,2024-03-16,5.797683242544592e-05
El Bosque,2024-03-17,3.987379273340976e-05
El Bosque,2024-03-18,9.095541544194284e-05
El Bosque,2024-03-19,7.055899734701885e-05
El Bosque,2024-03-21,0.00011289611347796494
El Bosque,2024-03-22,7.762623949819014e-05
El Bosque,2024-03-23,5.0022297132125304e-05
El Bosque,2024-03-24,3.961684306093177e-05
El Bosque,2024-03-25,4.772249019175784e-05
El Bosque,2024-03-26,6.669337022948522e-05
El Bosque,2024-03-27,7.60816376494146e-05
El Bosque,2024-03-28,0.00012294635840944427
El Bosque,2024-03-29,5.7764232587598186e-05
El Bosque,2024-03-30,3.320951747864186e-05
El Bosque,2024-04-04,0.00018377444991362854
El Bosque,2024-04-05,8.209536495946019e-05
El Bosque,2024-04-06,6.208157750480353e-05
El Bosque,2024-04-07,6.525855567218825e-05
El Bosque,2024-04-08,0.00010595125542431968
El Bosque,2024-04-09,0.00013258119342152684
El Bosque,2024-04-10,5.665138455966326e-05
El Bosque,2024-04-13,0.00017465116697583415
El Bosque,2024-04-14,4.771966025127521e-05
El Bosque,2024-04-16,0.0003898520954484119
El Bosque,2024-04-17,0.00017310482481941995
El Bosque,2024-04-18,0.0003117952846368036
El Bosque,2024-04-22,0.00012199693396789997
El Bosque,2024-04-23,0.00044229869234541964
El Bosque,2024-04-24,0.00027598218172324515
El Bosque,2024-04-25,0.00023522767911141458
El Bosque,2024-04-26,0.00016728799996259776
El Bosque,2024-04-27,0.0001589606761077645
El Bosque,2024-05-03,0.00029466378980357613
El Bosque,2024-05-04,0.00020288780945359257
El Bosque,2024-05-06,0.0001376063597678427
El Bosque,2024-05-08,0.0004477627999057519
El Bosque,2024-05-11,0.0006439942493449927
El Bosque,2024-05-12,8.713724162726258e-05
El Bosque,2024-05-13,0.0007128764827391553
El Bosque,2024-05-14,0.00046132613378403715
El Bosque,2024-05-16,0.0006993943189830507
El Bosque,2024-05-17,0.0003261749150604685
El Bosque,2024-05-18,0.00029842392699720624
El Bosque,2024-05-23,0.0003995102831383075
El Bosque,2024-05-26,0.00018210919960458908
El Bosque,2024-05-30,0.0010575767722659948
El Bosque,2024-06-01,0.0005888096071165426
El Bosque,2024-06-02,0.0006952243623056153
El Bosque,2024-06-15,0.00039172742827120786
El Bosque,2024-06-19,0.00022877535532236476
El Bosque,2024-06-24,0.00029974765540582033
El Bosque,2024-06-25,0.0003762666289592738
El Bosque,2024-06-28,0.0006554651513980415
El Bosque,2024-06-29,0.0005423354693844276
El Bosque,2024-06-30,0.000295181574968104
El Bosque,2024-07-01,0.0006395497892604194
El Bosque,2024-07-02,0.00044407709456929697
El Bosque,2024-07-03,0.0003621339105711611
El Bosque,2024-07-05,0.0008838595477073429
El Bosque,2024-07-06,0.00033131747863966726
El Bosque,2024-07-07,0.0003958068339278493
El Bosque,2024-07-08,0.0008796395302383435
El Bosque,2024-07-09,0.0007147669888470245
El Bosque,2024-07-10,0.0006204203744811279
El Bosque,2024-07-11,0.0004880132806717931
El Bosque,2024-07-12,0.00035664490854122574
El Bosque,2024-07-13,0.0004964134581044589
El Bosque,2024-07-14,0.00036825146442502274
El Bosque,2024-07-16,0.0002757549104755598
El Bosque,2024-07-19,0.0006784051050201988
El Bosque,2024-07-20,0.00017393853226675503
El Bosque,2024-07-21,0.00010972288879552718
El Bosque,2024-07-22,0.0005534193477037361
El Bosque,2024-07-23,0.000128317978489871
El Bosque,2024-07-24,0.00048317845019087906
El Bosque,2024-07-25,0.00026456348433867235
El Bosque,2024-07-27,0.0001902635521924958
El Bosque,2024-07-28,0.00034320501758911
El Bosque,2024-07-29,0.0007863832873868661
El Bosque,2024-08-03,0.0004541470043678038
El Bosque,2024-08-06,0.00014268399807536249
El Bosque,2024-08-08,0.0006359714790057021
El Bosque,2024-08-09,0.0006149678371317587
El Bosque,2024-08-10,0.0005621370308692222
El Bosque,2024-08-11,0.000348571088310317
El Bosque,2024-08-12,0.0007167838073894726
El Bosque,2024-08-13,0.0005020448239064226
El Bosque,2024-08-23,0.00021055877605111778
El Bosque,2024-08-24,0.00035035993913917253
El Bosque,2024-08-25,0.0001488924249347088
El Bosque,2024-08-26,0.0002743313752900723
El Bosque,2024-08-27,0.0005499942332832862
El Bosque,2024-08-28,0.0003806914474230729
El Bosque,2024-08-30,0.0001231256109328982
El Bosque,2024-08-31,0.0003032467792288844
El Bosque,2024-09-01,9.269483596044276e-05
El Bosque,2024-09-04,0.0002667960863477498
El Bosque,2024-09-05,0.00027176616556033286
El Bosque,2024-09-06,0.00010330378900816747
El Bosque,2024-09-07,0.0001201841263405057
El Bosque,2024-09-09,0.00046474503705365146
El Bosque,2024-09-10,0.00015855414682852526
El Bosque,2024-09-11,0.00025140503194138715
El Bosque,2024-09-12,0.00011865447879141964
El Bosque,2024-09-13,0.0001468898005225954
El Bosque,2024-09-14,0.0001249747000271853
El Bosque,2024-09-15,9.310715569381792e-05
El Bosque,2024-09-21,6.0006272555242645e-05
El Bosque,2024-09-24,0.00010803768791552368
El Bosque,2024-09-25,0.00012871886422980466
El Bosque,2024-09-26,0.0003544662008653519
El Bosque,2024-09-27,0.00013027800573770735
El Bosque,2024-09-28,0.0001285482446968066
El Bosque,2024-09-29,3.93739637501904e-05
El Bosque,2024-10-02,0.00018730270676314137
El Bosque,2024-10-03,0.00013973115468665832
El Bosque,2024-10-04,8.797365512684496e-05
El Bosque,2024-10-05,9.084005391420675e-05
El Bosque,2024-10-07,9.130697209400228e-05
El Bosque,2024-10-10,5.482718606799874e-05
El Bosque,2024-10-13,4.242167017363505e-05
El Bosque,2024-10-14,0.00013405534461597739
El Bosque,2024-10-16,5.78745281404999e-05
El Bosque,2024-10-17,0.00034940169412743077
El Bosque,2024-10-18,0.00012637528893819541
El Bosque,2024-10-19,3.335551376975681e-05
El Bosque,2024-10-20,3.240809566590731e-05
El Bosque,2024-10-21,3.73703279871601e-05
El Bosque,2024-10-22,6.275376000800407e-05
El Bosque,2024-10-23,5.567560404742485e-05
El Bosque,2024-10-24,6.155356760323309e-05
El Bosque,2024-10-25,7.687215284189186e-05
El Bosque,2024-10-26,6.979423074076149e-05
El Bosque,2024-10-27,3.7218237822075145e-05
El Bosque,2024-10-28,7.83857426459601e-05
El Bosque,2024-10-29,5.404835386214516e-05
El Bosque,2024-10-30,3.9375944461652164e-05
El Bosque,2024-10-31,4.135704075279865e-05
El Bosque,2024-11-02,2.9652842991042135e-05
El Bosque,2024-11-04,4.252569815932519e-05
El Bosque,2024-11-05,6.706434657585811e-05
El Bosque,2024-11-06,6.472185962653898e-05
El Bosque,2024-11-08,6.103551069861893e-05
El Bosque,2024-11-09,4.623119020067498e-06
El Bosque,2024-11-10,2.0158932157409013e-05
El Bosque,2024-11-11,5.108431592790684e-05
El Bosque,2024-11-12,8.082629209594314e-05
El Bosque,2024-11-13,5.5052703396130066e-05
El Bosque,2024-11-14,5.023412948557524e-05
El Bosque,2024-11-15,5.395820980867162e-05
El Bosque,2024-11-17,4.508259256007893e-05
El Bosque,2024-11-18,3.735151485629381e-05
El Bosque,2024-11-19,4.858432148111265e-05
El Bosque,2024-11-20,4.002562378956379e-05
El Bosque,2024-11-21,3.0750232121074974e-05
El Bosque,2024-11-22,6.043185384054645e-05
El Bosque,2024-11-23,3.9652035614044326e-05
El Bosque,2024-11-24,3.46412004849582e-05
El Bosque,2024-11-25,3.392875169485252e-05
El Bosque,2024-11-26,3.755090739114883e-05
El Bosque,2024-11-27,4.6183219069557337e-05
El Bosque,2024-11-28,2.8105521740651357e-05
El Bosque,2024-11-29,5.1670903200930223e-05
El Bosque,2024-11-30,3.103115691701386e-05
El Bosque,2024-12-01,1.4962198143465872e-05
El Bosque,2024-12-02,4.072274075714811e-05
El Bosque,2024-12-03,3.675603285170932e-05
El Bosque,2024-12-04,2.4223581899211055e-05
El Bosque,2024-12-05,4.31845464595803e-05
El Bosque,2024-12-07,2.2423703066565323e-05
El Bosque,2024-12-08,2.492245623204961e-05
El Bosque,2024-12-09,6.215593769242042e-05
El Bosque,2024-12-10,4.6670493246466036e-05
El Bosque,2024-12-11,4.3535403767841396e-05
El Bosque,2024-12-12,5.551194516557888e-05
El Bosque,2024-12-13,6.001955324120084e-05
El Bosque,2024-12-14,3.5435398440743454e-05
El Bosque,2024-12-15,2.213868797812136e-05
El Bosque,2024-12-16,3.75365355592751e-05
El Bosque,2024-12-17,3.588276943480406e-05
El Bosque,2024-12-18,5.158454660165298e-05
El Bosque,2024-12-19,5.715325285862733e-05
El Bosque,2024-12-20,7.557155114833739e-05
El Bosque,2024-12-21,3.531184182030938e-05
El Bosque,2024-12-22,3.5371679788071256e-05
El Bosque,2024-12-23,4.779064590746988e-05
El Bosque,2024-12-24,4.300915986739183e-05
El Bosque,2024-12-25,3.53657205624452e-05
El Bosque,2024-12-26,3.641312097172272e-05
El Bosque,2024-12-27,3.326852445351306e-05
El Bosque,2024-12-28,3.10959847155682e-05
El Bosque,2024-12-29,2.5394331801890574e-05
El Bosque,2024-12-30,4.597703856049648e-05
El Bosque,2024-12-31,3.400276081080959e-05
El Bosque,2025-01-01,2.5649257224696317e-05
El Bosque,2025-01-02,3.8152493437420105e-05
El Bosque,2025-01-03,4.4918138950081644e-05
El Bosque,2025-01-04,4.356838996946174e-05
El Bosque,2025-01-05,1.7112549516731172e-05
El Bosque,2025-01-06,3.0205635231540515e-05
El Bosque,2025-01-07,2.724843022114423e-05
El Bosque,2025-01-08,3.5913622946204854e-05
El Bosque,2025-01-09,3.8281228696406513e-05
El Bosque,2025-01-10,4.686735847851462e-05
El Bosque,2025-01-11,3.314281338847688e-05
El Bosque,2025-01-12,1.3869721438088977e-05
El Bosque,2025-01-13,3.612938033273954e-05
El Bosque,2025-01-14,3.3769516199282464e-05
El Bosque,2025-01-15,4.723095097973552e-05
El Bosque,2025-01-16,3.2263368656092496e-05
El Bosque,2025-01-17,2.609956405756742e-05
El Bosque,2025-01-18,2.1404856720204544e-05
El Bosque,2025-01-19,2.1224851840325043e-05
El Bosque,2025-01-20,4.4052849792545e-05
El Bosque,2025-01-21,3.590495438434877e-05
El Bosque,2025-01-22,3.496419019381092e-05
El Bosque,2025-01-23,2.4880167383178233e-05
El Bosque,2025-01-24,5.594650597817494e-05
El Bosque,2025-01-25,3.192892767207098e-05
El Bosque,2025-01-26,3.5670173722592093e-05
El Bosque,2025-01-27,4.247154588451117e-05
El Bosque,2025-01-28,3.566416810882219e-05
El Bosque,2025-01-29,3.293028153717132e-05
El Bosque,2025-01-30,4.3788986571368716e-05
El Bosque,2025-01-31,3.966179722997344e-05
El Bosque,2025-02-01,3.419672060643367e-05
El Bosque,2025-02-02,2.1052676303068087e-05
El Bosque,2025-02-03,3.2235855593571644e-05
El Bosque,2025-02-04,5.591216659284595e-05
El Bosque,2025-02-05,5.0879120287372746e-05
El Bosque,2025-02-06,4.700054765632029e-05
El Bosque,2025-02-07,5.2864573083297926e-05
El Bosque,2025-02-08,3.231955477640174e-05
El Bosque,2025-02-09,1.5647336304808083e-05
El Bosque,2025-02-10,4.3228406620649105e-05
El Bosque,2025-02-11,4.412020010854237e-05
El Bosque,2025-02-12,4.280049317072954e-05
El Bosque,2025-02-13,4.35626578571038e-05
El Bosque,2025-02-14,4.1789973073185596e-05
El Bosque,2025-02-15,1.948107313416509e-05
El Bosque,2025-02-16,3.4971828369088264e-05
El Bosque,2025-02-17,4.556922836975588e-05
El Bosque,2025-02-18,7.996016745934103e-05
El Bosque,2025-02-19,4.431000760588563e-05
El Bosque,2025-02-20,3.435986025804968e-05
El Bosque,2025-02-21,3.4461967097600685e-05
El Bosque,2025-02-22,3.767824278684169e-05
El Bosque,2025-02-23,2.3195845752872606e-05
El Bosque,2025-02-24,4.148582931139241e-05
El Bosque,2025-02-25,5.0742709747949855e-05
El Bosque,2025-02-26,6.279216509996887e-05
El Bosque,2025-02-27,5.061460578923125e-05
El Bosque,2025-02-28,2.7972906755147295e-05
El Bosque,2025-03-01,2.121782690214858e-05
El Bosque,2025-03-02,2.2467873313378787e-05
El Bosque,2025-03-03,4.5344477349731775e-05
El Bosque,2025-03-04,6.551574274864922e-05
El Bosque,2025-03-05,5.8892183599687806e-05
El Bosque,2025-03-06,3.3302120687315766e-05
El Bosque,2025-03-07,3.0324063793932268e-05
El Bosque,2025-03-08,3.8127199334723636e-05
El Bosque,2025-03-09,4.513623942157413e-05
El Bosque,2025-03-10,6.252408892511272e-05
El Bosque,2025-03-11,8.44537135049537e-05
El Bosque,2025-03-12,4.440071168312608e-05
El Bosque,2025-03-13,5.4140912308712035e-05
El Bosque,2025-03-14,4.6927056810172756e-05
El Bosque,2025-03-15,4.831950924470281e-05
El Bosque,2025-03-16,2.106511548051393e-05
El Bosque,2025-03-17,6.492835791113661e-05
El Bosque,2025-03-18,8.620447142989968e-05
El Bosque,2025-03-19,5.148658917713871e-05
El Bosque,2025-03-20,8.330612678698374e-05
El Bosque,2025-03-21,5.893378197949297e-05
El Bosque,2025-03-22,4.265288758458809e-05
El Bosque,2025-03-23,7.368669189390999e-06
El Bosque,2025-03-24,8.872775671274706e-05
El Bosque,2025-03-25,6.52958711315558e-05
El Bosque,2025-03-26,0.00016471956544573816
El Bosque,2025-03-27,5.184958366278045e-05
El Bosque,2025-03-29,3.1945616754879556e-05
El Bosque,2025-03-31,0.00036014396604633553
El Bosque,2025-04-01,0.00027963431814463836
El Bosque,2025-04-02,0.00022037500679521232
El Bosque,2025-04-03,0.0001612803152168918
El Bosque,2025-04-04,0.00016255977431826917
El Bosque,2025-04-05,9.965089750512543e-05
El Bosque,2025-04-06,9.191933249447259e-05
El Bosque,2025-04-07,0.00028871478808076284
El Bosque,2025-04-08,0.00010351527629622398
El Bosque,2025-04-09,9.41985768781087e-05
El Bosque,2025-04-12,0.00017810277842615654
El Bosque,2025-04-13,4.609536258250668e-05
El Bosque,2025-04-14,0.00012113009230764654
El Bosque,2025-04-15,0.00016658417775582634
El Bosque,2025-04-16,0.0001907371324733799
El Bosque,2025-04-18,0.00014482199481523266
El Bosque,2025-04-20,0.0001253939903904856
El Bosque,2025-04-22,0.00021120111405069033
El Bosque,2025-04-24,0.0001225919823616762
El Bosque,2025-04-26,0.0002063259108516106
El Bosque,2025-04-27,0.00019322799868761595
El Bosque,2025-04-28,0.0003501330832928307
El Bosque,2025-04-29,0.00015772226805507112
El Bosque,2025-05-01,0.0002059424409923393
El Bosque,2025-05-02,0.0005829022756437491
El Bosque,2025-05-03,0.0002977799555881073
El Bosque,2025-05-04,0.00011539653728620396
El Bosque,2025-05-05,0.00021531546256610366
El Bosque,2025-05-09,0.0005184258494638542
El Bosque,2025-05-10,0.0004686839880729023
El Bosque,2025-05-11,0.00022354180943019483
El Bosque,2025-05-12,0.00043530148731269765
El Bosque,2025-05-13,0.0007579002458456254
El Bosque,2025-05-14,0.00048616639906670937
El Bosque,2025-05-15,0.000684079438942719
El Bosque,2025-05-16,0.00026067109001389724
El Bosque,2025-05-21,0.0002639037071086171
El Bosque,2025-05-24,0.0007045700943899839
El Bosque,2025-05-27,0.0001948162397206264
El Bosque,2025-05-28,0.0007788491154038697
El Bosque,2025-05-29,0.0009526134134533576
El Bosque,2025-05-30,0.00046114264608086887
El Bosque,2025-05-31,0.0006462479313462299
El Bosque,2025-06-01,0.0003051467058209539
El Bosque,2025-06-04,0.0008655698441870597
El Bosque,2025-06-05,0.0007374383489509473
El Bosque,2025-06-06,0.00016339261774496417
El Bosque,2025-06-07,0.0004596021978689668
El Bosque,2025-06-08,0.00039188590855001026
El Bosque,2025-06-09,0.0008470726731507805
El Bosque,2025-06-10,0.0005115782764803171
El Bosque,2025-06-13,0.0007874471526885883
El Bosque,2025-06-18,0.0009221984749288726
El Bosque,2025-06-19,0.000747278508926901
El Bosque,2025-06-20,0.0005616488492154391
El Bosque,2025-06-21,0.0002527320812717005
El Bosque,2025-06-22,0.00018467151720658523
El Bosque,2025-06-23,0.0006354362414404323
El Bosque,2025-06-24,0.0006152317387001215
El Bosque,2025-06-25,0.0011373541137198492
El Bosque,2025-06-26,0.000656345426704703
El Bosque,2025-06-28,0.0005146956943874324
El Bosque,2025-06-29,0.00031879144696244483
El Bosque,2025-06-30,0.0005067937299841759
El Bosque,2025-07-01,0.0007119161254422205
El Bosque,2025-07-02,0.0007326589894102151
El Bosque,2025-07-03,0.0010450128413215826
El Bosque,2025-07-04,0.0009456407389991981
El Bosque,2025-07-06,0.0002153187623169906
El Bosque,2025-07-07,0.0006197694995952627
El Bosque,2025-07-08,0.0007307391638170423
El Bosque,2025-07-10,0.0006570660341380347
El Bosque,2025-07-11,0.0006378977667065337
El Bosque,2025-07-12,0.0007665617651970785
El Bosque,2025-07-13,0.00028041467002222134
El Bosque,2025-07-15,0.0007205943630954278
El Bosque,2025-07-16,0.0006045724845104573
El Bosque,2025-07-17,0.0004990635253736964
El Bosque,2025-07-18,0.000664761234688163
El Bosque,2025-07-19,0.0005750529312327559
El Bosque,2025-07-21,0.00034654426236742846
El Bosque,2025-07-22,0.0009870834275107594
El Bosque,2025-07-23,0.0002715179735334528
El Bosque,2025-07-24,0.00015120026122007453
El Bosque,2025-07-28,0.0007113580187529247
El Bosque,2025-08-05,0.001004152962555514
El Bosque,2025-08-06,0.000543613868863334
El Bosque,2025-08-07,0.00047004058106706937
El Bosque,2025-08-08,0.00040273527734752953
El Bosque,2025-08-10,0.000347228246363312
El Bosque,2025-08-11,0.0008102574472306985
El Bosque,2025-08-13,0.0007993823156030361
El Bosque,2025-08-14,0.00021812132200116677
El Bosque,2025-08-16,0.00043055876940935675
El Bosque,2025-08-17,5.6466084874693405e-05
El Bosque,2025-08-19,0.00027181424152801704
El Bosque,2025-08-24,0.00012264224615808763
El Bosque,2025-08-25,0.00031732077914736875
El Bosque,2025-08-26,0.00047061073736103193
El Bosque,2025-08-27,0.00034309735315124625
El Bosque,2025-09-01,0.0003273287094932521
El Bosque,2025-09-03,0.0003041165702625524
El Bosque,2025-09-04,0.0002026130597965538
El Bosque,2025-09-05,0.0001920111331465469
El Bosque,2025-09-08,0.00024132580999783982
El Bosque,2025-09-09,0.0001155646133799914
El Bosque,2025-09-10,9.679983788803575e-05
El Bosque,2025-09-11,0.0002137181367488206
El Bosque,2025-09-12,0.00015122722969674983
El Bosque,2025-09-13,8.681858444562186e-05
El Bosque,2025-09-15,9.8924948665718e-05
El Bosque,2025-09-16,0.0002677268812052299
El Bosque,2025-09-17,0.00014285492073209334
El Bosque,2025-09-18,7.851480342800548e-05
El Bosque,2025-09-19,4.9392066497054266e-05
El Bosque,2025-09-21,4.065469204953191e-05
El Bosque,2025-09-22,0.0002303574856563868
El Bosque,2025-09-23,0.00034771504209070463
El Bosque,2025-09-24,0.00016971889473702342
El Bosque,2025-09-27,5.98143090379486e-05
El Bosque,2025-09-29,0.0001659355896455766
El Bosque,2025-09-30,0.0001566299016178761
El Bosque,2025-10-01,0.00011777673089724822
El Bosque,2025-10-02,0.00011944826880515617
El Bosque,2025-10-03,8.469056890242151e-05
El Bosque,2025-10-04,9.779205618944664e-05
El Bosque,2025-10-05,3.4611534926360434e-05
El Bosque,2025-10-06,5.620347428618739e-05
El Bosque,2025-10-07,8.036856844685511e-05
El Bosque,2025-10-08,0.0001160744994460314
El Bosque,2025-10-09,0.00010682717925425593
El Bosque,2025-10-10,6.849597630944746e-05
El Bosque,2025-10-11,4.558988788581452e-05
El Bosque,2025-10-12,5.646782453591428e-05
El Bosque,2025-10-13,8.505880084900678e-05
El Bosque,2025-10-14,9.835959182714126e-05
El Bosque,2025-10-15,7.352609514461487e-05
El Bosque,2025-10-16,5.0984239168445274e-05
El Bosque,2025-10-17,8.070881772861796e-05
El Bosque,2025-10-19,4.929262694930751e-05
El Bosque,2025-10-20,8.552483343139732e-05
El Bosque,2025-10-21,6.329694576243382e-05
El Bosque,2025-10-22,6.986948665443762e-05
El Bosque,2025-11-04,9.493262394855117e-05
El Bosque,2025-11-05,6.903055791331682e-05
El Bosque,2025-11-07,0.00014504233714769524
El Bosque,2025-11-08,4.2478228178933365e-05
El Bosque,2025-11-09,3.913650655458319e-05
El Bosque,2025-11-10,5.600813262928814e-05
El Bosque,2025-11-11,5.7295003651601183e-05
El Bosque,2025-11-12,6.068421005821946e-05
El Bosque,2025-11-13,6.78009042897314e-05
El Bosque,2025-11-14,5.954010836456573e-05
El Bosque,2025-11-15,2.7417342318126673e-05
El Bosque,2025-11-16,2.7908783539608075e-05
El Bosque,2025-11-17,2.2388372154440358e-05
El Bosque,2025-11-18,5.3421747015172744e-05
El Bosque,2025-11-19,4.855671700996916e-05
El Bosque,2025-11-21,6.818463590677824e-05
El Bosque,2025-11-22,5.2261009138145596e-05
El Bosque,2025-11-23,2.9545307692057674e-05
El Bosque,2025-11-24,4.9609451787524626e-05
El Bosque,2025-11-25,4.10758418990322e-05
El Bosque,2025-11-26,3.9896596001501867e-05
El Bosque,2025-11-27,3.370859824409842e-05
El Bosque,2025-11-28,3.2921591238885716e-05
El Bosque,2025-11-29,3.221024103305343e-05
El Bosque,2025-11-30,1.9720125686687682e-05
El Bosque,2025-12-01,4.0454736054099035e-05
El Bosque,2025-12-02,5.89320623299032e-05
El Bosque,2025-12-03,5.9093019802248896e-05
El Bosque,2025-12-04,3.266259193837514e-05
El Bosque,2025-12-05,7.502975264647024e-05
El Bosque,2025-12-08,4.1850397103980484e-05
El Bosque,2025-12-09,3.6365871128354546e-05
El Bosque,2025-12-10,3.989627092813092e-05
El Bosque,2025-12-12,4.7332665263454514e-05
El Bosque,2025-12-13,1.6935589999079597e-05
El Bosque,2025-12-15,5.009224369756818e-05
El Bosque,2025-12-16,5.3606726641721255e-05
El Bosque,2025-12-17,4.487500515846203e-05
El Bosque,2025-12-18,4.2201081302331754e-05
El Bosque,2025-12-19,3.572240291297219e-05
El Bosque,2025-12-20,2.0172197775075647e-05
El Bosque,2025-12-22,5.9456750431538336e-05
El Bosque,2025-12-23,4.1467241003578843e-05
El Bosque,2025-12-24,3.3523281085749454e-05
El Bosque,2025-12-25,2.137230373744151e-05
El Bosque,2025-12-26,3.782273314485187e-05
El Bosque,2025-12-27,4.471460108486619e-05
El Bosque,2025-12-28,2.4981525491320742e-05
El Bosque,2025-12-29,4.459323584631554e-05
El Bosque,2025-12-30,4.1627389729257506e-05
El Bosque,2025-12-31,3.963457141809701e-05
Independencia,2019-01-01,3.3103316918821696e-05
Independencia,2019-01-02,9.885459014702249e-05
Independencia,2019-01-03,0.00012165158587651151
Independencia,2019-01-04,9.95212165460181e-05
Independencia,2019-01-05,6.375150731247239e-05
Independencia,2019-01-06,3.320149251588746e-05
Independencia,2019-01-07,6.54188115731813e-05
Independencia,2019-01-08,8.584446919155243e-05
Independencia,2019-01-10,0.00013410022112229935
Independencia,2019-01-11,7.871631425264086e-05
Independencia,2019-01-12,4.835485643077782e-05
Independencia,2019-01-14,7.988861183343924e-05
Independencia,2019-01-15,0.00013559255408271813
Independencia,2019-01-16,6.564919910852018e-05
Independencia,2019-01-17,6.931222237412259e-05
Independencia,2019-01-18,0.00010984958800940238
Independencia,2019-01-19,6.189832158619955e-05
Independencia,2019-01-20,5.225871069811338e-05
Independencia,2019-01-21,0.00010074757301542854
Independencia,2019-01-22,7.625053465466303e-05
Independencia,2019-01-23,8.701288283758208e-05
Independencia,2019-01-24,0.00010931925922819924
Independencia,2019-01-25,0.00011174986603371466
Independencia,2019-01-26,7.84321862415282e-05
Independencia,2019-01-27,3.733136742789075e-05
Independencia,2019-01-28,7.491263526525447e-05
Independencia,2019-01-29,7.384524854833526e-05
Independencia,2019-01-30,9.978962420410662e-05
Independencia,2019-01-31,0.00010838742876518983
Independencia,2019-02-01,8.810915691392693e-05
Independencia,2019-02-02,6.686441261330525e-05
Independencia,2019-02-03,3.943361195884196e-05
Independencia,2019-02-04,0.00010977972437046778
Independencia,2019-02-05,0.00012993307269343828
Independencia,2019-02-06,9.039253120834784e-05
Independencia,2019-02-07,8.563290113564875e-05
Independencia,2019-02-08,7.662403744765094e-05
Independencia,2019-02-09,7.077379522668116e-05
Independencia,2019-02-11,0.00011180396064955415
Independencia,2019-02-12,8.351746683200967e-05
Independencia,2019-02-13,7.663463046609351e-05
Independencia,2019-02-14,0.00016561671646442565
Independencia,2019-02-15,0.0001225001204190085
Independencia,2019-02-16,9.713910889705253e-05
Independencia,2019-02-17,4.7426044824436476e-05
Independencia,2019-02-18,7.520607225483663e-05
Independencia,2019-02-19,6.575871784834037e-05
Independencia,2019-02-20,0.00010130792713327513
Independencia,2019-02-21,0.00012874396115506966
Independencia,2019-02-22,0.00012298625439185947
Independencia,2019-02-23,5.944460335929005e-05
Independencia,2019-02-24,3.780141829285168e-05
Independencia,2019-02-25,0.00010334803420335704
Independencia,2019-02-26,0.00020425959378574622
Independencia,2019-02-27,0.00015554726562082933
Independencia,2019-02-28,0.00013872361489046078
Independencia,2019-03-01,0.00012359222024694284
Independencia,2019-03-02,8.337917829358476e-05
Independencia,2019-03-03,5.3405600680879035e-05
Independencia,2019-03-04,0.00012890900620822138
Independencia,2019-03-05,0.00025800448098623125
Independencia,2019-03-06,0.00015362128107612196
Independencia,2019-03-07,0.0001613605854799971
Independencia,2019-03-08,0.00013337951112588048
Independencia,2019-03-09,0.00012166548145927323
Independencia,2019-03-10,5.9468396311819855e-05
Independencia,2019-03-11,0.000123463625794724
Independencia,2019-03-12,0.00015490821704215453
Independencia,2019-03-14,0.0001523684156542264
Independencia,2019-03-15,0.00013096064493950567
Independencia,2019-03-16,8.689252890193904e-05
Independencia,2019-03-17,4.748269316342442e-05
Independencia,2019-03-19,0.00015181356048121685
Independencia,2019-03-20,0.00024815535289235413
Independencia,2019-03-21,0.0002999172720592469
Independencia,2019-03-22,0.00033684447136700737
Independencia,2019-03-23,0.0001003841221969186
Independencia,2019-03-24,8.300783290184778e-05
Independencia,2019-03-25,0.00014874861210824428
Independencia,2019-03-26,0.0002945556743333599
Independencia,2019-03-27,0.00018159580954234017
Independencia,2019-03-28,0.00025723203885453887
Independencia,2019-03-29,0.00021790831584419902
Independencia,2019-03-31,9.025044340741007e-05
Independencia,2019-04-01,0.000315575980875855
Independencia,2019-04-03,0.0001876621572801492
Independencia,2019-04-04,0.000336010779166869
Independencia,2019-04-05,0.00036814761887679295
Independencia,2019-04-06,0.0002970821942807248
Independencia,2019-04-07,0.00013892902223396314
Independencia,2019-04-08,0.00013317987525729547
Independencia,2019-04-09,0.00026808240689168896
Independencia,2019-04-10,0.0006726297008148756
Independencia,2019-04-11,0.0005600988216895776
Independencia,2019-04-12,0.0003108583916263656
Independencia,2019-04-15,0.0005378040859494401
Independencia,2019-04-16,0.00047530039086346877
Independencia,2019-04-17,0.00039059964775460575
Independencia,2019-04-19,0.00026053746756837484
Independencia,2019-04-20,0.00019843029824634029
Independencia,2019-04-21,0.00013266352819101324
Independencia,2019-04-22,0.0005174644979952236
Independencia,2019-04-25,0.0006032236117037784
Independencia,2019-04-26,0.0005046961675723176
Independencia,2019-04-27,0.0004718099237295207
Independencia,2019-04-28,0.00021358938737038344
Independencia,2019-04-30,0.00032492945140455247
Independencia,2019-05-01,0.0002718142691195961
Independencia,2019-05-04,0.0003392334037926048
Independencia,2019-05-07,0.0005485449983501318
Independencia,2019-05-09,0.000302538809948968
Independencia,2019-05-10,0.0004451480139141627
Independencia,2019-05-11,0.0004970530650708415
Independencia,2019-05-12,0.00033066338236439435
Independencia,2019-05-13,0.0006275879641740166
Independencia,2019-05-14,0.0005156728760455688
Independencia,2019-05-15,0.00031891033927328703
Independencia,2019-05-17,0.00022660311001995823
Independencia,2019-05-18,0.00020242262007960415
Independencia,2019-05-21,0.00016149727467017772
Independencia,2019-05-22,0.0006653281497950662
Independencia,2019-05-23,0.0009244855651997874
Independencia,2019-05-27,0.0001671070161670787
Independencia,2019-05-28,0.0007177971117266542
Independencia,2019-06-02,0.00034639267642790945
Independencia,2019-06-03,0.0008111920324154198
Independencia,2019-06-07,0.0005908788692503631
Independencia,2019-06-08,0.0008303741095836859
Independencia,2019-06-09,0.0005489578759894922
Independencia,2019-06-11,0.0005165783219816236
Independencia,2019-06-15,0.00036782170753171177
Independencia,2019-06-16,0.00044346902945318424
Independencia,2019-06-18,0.000550082571877179
Independencia,2019-06-19,0.0009096363210119307
Independencia,2019-06-21,0.001289059524424374
Independencia,2019-06-22,0.0013405116552751666
Independencia,2019-06-25,0.0005978915723972023
Independencia,2019-06-30,0.00031980453038444353
Independencia,2019-07-01,0.0006934356372285822
Independencia,2019-07-02,0.0013933837308442412
Independencia,2019-07-03,0.0010692691835527935
Independencia,2019-07-04,0.0013999606292884308
Independencia,2019-07-05,0.001613462227396667
Independencia,2019-07-08,0.000700513752363158
Independencia,2019-07-09,0.0012446782060148733
Independencia,2019-07-12,0.0005008883517927883
Independencia,2019-07-13,0.0005596080440040979
Independencia,2019-07-14,0.0005803702598156219
Independencia,2019-07-15,0.0008900459404321456
Independencia,2019-07-16,0.0005884305335870799
Independencia,2019-07-18,0.000794582191143897
Independencia,2019-07-22,0.0004250713961300406
Independencia,2019-07-23,0.00047461105555036054
Independencia,2019-07-24,0.0005611383496598046
Independencia,2019-07-25,0.0009558087135593505
Independencia,2019-07-26,0.0010109315261318482
Independencia,2019-07-30,0.0007096889795181288
Independencia,2019-08-01,0.0003482392866426882
Independencia,2019-08-02,0.0007248465285428338
Independencia,2019-08-03,0.0005813842517107934
Independencia,2019-08-04,0.000575698763879271
Independencia,2019-08-05,0.0006871582550587999
Independencia,2019-08-07,0.0002818782254815058
Independencia,2019-08-08,0.00028101026914884345
Independencia,2019-08-09,0.000567433864973953
Independencia,2019-08-11,0.00010792225312657068
Independencia,2019-08-12,0.0005973488925740673
Independencia,2019-08-16,0.00029627852651277964
Independencia,2019-08-20,0.0006771574262529612
Independencia,2019-08-22,0.001551746972836554
Independencia,2019-08-24,0.0004534395120572299
Independencia,2019-08-26,0.0003913350396872838
Independencia,2019-08-29,0.00014769486733712256
Independencia,2019-08-30,0.00020447581314740918
Independencia,2019-08-31,0.0002986504872133666
Independencia,2019-09-01,0.00022564499582378164
Independencia,2019-09-02,0.0004752407090861634
Independencia,2019-09-08,0.00012633533789312883
Independencia,2019-09-10,0.0004717382835224271
Independencia,2019-09-11,0.00034033605529698124
Independencia,2019-09-12,0.0007676150555944979
Independencia,2019-09-13,0.0003428753030802404
Independencia,2019-09-14,0.0001713249672682312
Independencia,2019-09-16,0.00037057360785850216
Independencia,2019-09-17,0.0002045388349096181
Independencia,2019-09-18,0.00016797271658163418
Independencia,2019-09-20,8.58125991444939e-05
Independencia,2019-09-21,0.00018562329337942977
Independencia,2019-09-22,0.0001231441194122199
Independencia,2019-09-23,0.00020349165424704552
Independencia,2019-09-24,0.0002659845215158867
Independencia,2019-09-25,0.00017317466565974052
Independencia,2019-09-26,0.000324554085113456
Independencia,2019-09-27,0.0003521697514050817
Independencia,2019-09-28,0.0002506572463441245
Independencia,2019-09-29,7.919609731391697e-05
Independencia,2019-10-02,0.0002138028330997998
Independencia,2019-10-03,0.0001163294568825867
Independencia,2019-10-04,0.00022267651857191362
Independencia,2019-10-05,0.00024049861568201613
Independencia,2019-10-06,0.0001411395383126778
Independencia,2019-10-07,0.00018098590376074348
Independencia,2019-10-08,0.00027811695330258343
Independencia,2019-10-15,0.00020188945857975882
Independencia,2019-10-17,0.00012938857350151538
Independencia,2019-10-18,0.00017676963117488857
Independencia,2019-10-20,0.00010998702337365878
Independencia,2019-10-21,0.00012849536784192864
Independencia,2019-10-22,9.76438750512898e-05
Independencia,2019-10-23,0.00013940225870671122
Independencia,2019-10-24,0.00011730150337651713
Independencia,2019-10-26,0.00013247308187927704
Independencia,2019-10-28,9.873266536993417e-05
Independencia,2019-10-29,0.0001353815297402049
Independencia,2019-10-30,0.00029001731536654863
Independencia,2019-10-31,0.00011276746937555137
Independencia,2019-11-02,0.00010840201010609929
Independencia,2019-11-03,5.948941905047617e-05
Independencia,2019-11-05,0.0001348627036689595
Independencia,2019-11-06,0.00013582233517506973
Independencia,2019-11-07,0.00012970028729292768
Independencia,2019-11-09,9.770928462953322e-05
Independencia,2019-11-10,6.941521454077124e-05
Independencia,2019-11-11,4.785629137627035e-05
Independencia,2019-11-12,5.062173377765327e-05
Independencia,2019-11-13,8.862000365499225e-05
Independencia,2019-11-14,0.00012396188623125794
Independencia,2019-11-15,0.00015348866021535306
Independencia,2019-11-16,5.248559955714331e-05
Independencia,2019-11-17,4.1706840997749234e-05
Independencia,2019-11-18,0.00015712974158724216
Independencia,2019-11-19,9.386953081287527e-05
Independencia,2019-11-20,0.00013223200130372214
Independencia,2019-11-22,8.431322969742271e-05
Independencia,2019-11-23,4.3554035671743334e-05
Independencia,2019-11-26,0.00012555370300392684
Independencia,2019-11-27,0.0001330494036411432
Independencia,2019-11-28,9.700778215530954e-05
Independencia,2019-11-29,0.00010898314103062893
Independencia,2019-11-30,0.00010969209561806955
Independencia,2019-12-01,4.5686751918784055e-05
Independencia,2019-12-02,7.137118518585339e-05
Independencia,2019-12-03,5.730106128959254e-05
Independencia,2019-12-04,7.498960474035471e-05
Independencia,2019-12-05,0.00012202213800219805
Independencia,2019-12-06,0.00011187142435119992
Independencia,2019-12-07,8.018697081594945e-05
Independencia,2019-12-08,3.776681604114876e-05
Independencia,2019-12-09,6.868676639461032e-05
Independencia,2019-12-10,8.880996822868426e-05
Independencia,2019-12-11,0.00011793482032554644
Independencia,2019-12-12,0.00017811060990349765
Independencia,2019-12-13,9.258000137519497e-05
Independencia,2019-12-15,4.007584501583766e-05
Independencia,2019-12-16,0.00011615004208266136
Independencia,2019-12-17,0.00014155980693277288
Independencia,2019-12-18,0.00010651863409040911
Independencia,2019-12-20,0.00011568638503440748
Independencia,2019-12-21,9.133519093207353e-05
Independencia,2019-12-22,8.747297540256127e-05
Independencia,2019-12-23,0.0001316831896429824
Independencia,2019-12-24,6.360196184809672e-05
Independencia,2019-12-25,4.0889734549398975e-05
Independencia,2019-12-26,0.00010235940933130896
Independencia,2019-12-27,0.0001026912279605517
Independencia,2019-12-28,8.520589277722263e-05
Independencia,2019-12-29,1.1526507885877488e-05
Independencia,2019-12-30,7.150253291181893e-05
Independencia,2019-12-31,6.120708035388254e-05
Independencia,2020-01-01,3.1120246018449373e-05
Independencia,2020-01-02,8.442380680884338e-05
Independencia,2020-01-03,7.793964704193576e-05
Independencia,2020-01-04,4.996148777574841e-05
Independencia,2020-01-05,4.4865928122919595e-05
Independencia,2020-01-06,9.181534909120985e-05
Independencia,2020-01-07,9.119486628923445e-05
Independencia,2020-01-09,6.715511355055365e-05
Independencia,2020-01-10,8.858198491507273e-05
Independencia,2020-01-11,6.937785634491719e-05
Independencia,2020-01-12,5.243696513535976e-05
Independencia,2020-01-13,9.196595106135416e-05
Independencia,2020-01-14,7.355069590743862e-05
Independencia,2020-01-15,7.819555392046677e-05
Independencia,2020-01-16,8.047868479766413e-05
Independencia,2020-01-17,0.0001043320555559436
Independencia,2020-01-18,5.148454887860581e-05
Independencia,2020-01-20,7.142901893104472e-05
Independencia,2020-01-21,7.117215203383015e-05
Independencia,2020-01-22,0.00011862185278835067
Independencia,2020-01-23,9.124535534577368e-05
Independencia,2020-01-24,8.936978151589812e-05
Independencia,2020-01-25,4.938339101812357e-05
Independencia,2020-01-26,4.1077195540774395e-05
Independencia,2020-01-27,6.86040760386598e-05
Independencia,2020-01-28,7.605178157121235e-05
Independencia,2020-01-29,7.601085291345105e-05
Independencia,2020-01-30,7.604812959315034e-05
Independencia,2020-01-31,8.264242358364155e-05
Independencia,2020-02-01,5.474549069221738e-05
Independencia,2020-02-02,3.822945037903529e-05
Independencia,2020-02-03,9.570185234822776e-05
Independencia,2020-02-04,0.00011658192941776996
Independencia,2020-02-05,6.155068922223067e-05
Independencia,2020-02-06,8.54012675272978e-05
Independencia,2020-02-07,0.00010406897994146195
Independencia,2020-02-08,6.488104240268608e-05
Independencia,2020-02-09,6.0389401028540746e-05
Independencia,2020-02-10,6.08285408907656e-05
Independencia,2020-02-11,5.579687827976001e-05
Independencia,2020-02-12,8.066318758740703e-05
Independencia,2020-02-13,0.00010081975621346542
Independencia,2020-02-14,0.00014110545276738322
Independencia,2020-02-15,5.6812057065947424e-05
Independencia,2020-02-16,3.299562670078866e-05
Independencia,2020-02-17,7.485116630668243e-05
Independencia,2020-02-18,0.00012370467400312713
Independencia,2020-02-19,0.0001323650985889023
Independencia,2020-02-20,9.52678826802623e-05
Independencia,2020-02-21,0.00010809343473446698
Independencia,2020-02-22,4.691273262617023e-05
Independencia,2020-02-23,3.95726366303003e-05
Independencia,2020-02-24,7.382625857058645e-05
Independencia,2020-02-25,0.00021396673911197218
Independencia,2020-02-26,0.0001538686408440307
Independencia,2020-02-27,8.176551199071167e-05
Independencia,2020-02-28,0.00010141171741296115
Independencia,2020-02-29,6.757241285364005e-05
Independencia,2020-03-01,4.110052103898095e-05
Independencia,2020-03-02,9.442948695673246e-05
Independencia,2020-03-03,0.00012239482231959236
Independencia,2020-03-04,0.0001321745066616448
Independencia,2020-03-05,0.00023038952620166536
Independencia,2020-03-06,0.00014986583504962483
Independencia,2020-03-07,0.00014670476904741995
Independencia,2020-03-08,4.177275770627884e-05
Independencia,2020-03-09,0.00013420796487816991
Independencia,2020-03-10,0.00012430690274492734
Independencia,2020-03-11,0.0001386002829381926
Independencia,2020-03-12,0.00013143691756010168
Independencia,2020-03-13,0.00012581185285868055
Independencia,2020-03-14,9.32012983886598e-05
Independencia,2020-03-15,7.517390789664168e-05
Independencia,2020-03-16,0.0001401989951451832
Independencia,2020-03-17,0.0002079180879602872
Independencia,2020-03-18,0.00012090458936122132
Independencia,2020-03-19,0.0001379732173046219
Independencia,2020-03-20,0.00011196948005021231
Independencia,2020-03-21,8.448915787254702e-05
Independencia,2020-03-22,4.6346207775450355e-05
Independencia,2020-03-23,0.00021248510571232545
Independencia,2020-03-24,0.00011141552684627467
Independencia,2020-03-25,9.083406251055285e-05
Independencia,2020-03-26,0.00010522970183186222
Independencia,2020-03-27,0.00020244100785646706
Independencia,2020-03-28,0.00012019946949700886
Independencia,2020-03-29,4.1156171405893504e-05
Independencia,2020-03-30,0.00010279307512596489
Independencia,2020-03-31,0.00011482563955514138
Independencia,2020-04-01,0.00012812349156521841
Independencia,2020-04-02,0.0002692521707400711
Independencia,2020-04-03,0.0002099204614857024
Independencia,2020-04-05,4.7999952436729466e-05
Independencia,2020-04-06,0.00026734451439883454
Independencia,2020-04-07,0.0002297528157617631
Independencia,2020-04-08,0.0001677027063715488
Independencia,2020-04-09,0.00018425611423970113
Independencia,2020-04-10,5.7131123294645326e-05
Independencia,2020-04-13,0.0003707465128082397
Independencia,2020-04-14,0.0002620518911026964
Independencia,2020-04-16,0.0003387226899337082
Independencia,2020-04-17,0.0003627626103461687
Independencia,2020-04-18,0.00017851730645005554
Independencia,2020-04-19,7.191921786589503e-05
Independencia,2020-04-20,0.00013588427074669345
Independencia,2020-04-21,0.00029187768332574864
Independencia,2020-04-22,0.00045068325732454455
Independencia,2020-04-25,0.00016280111523933903
Independencia,2020-04-27,0.00016474655190241844
Independencia,2020-04-28,0.00036056765342784146
Independencia,2020-04-29,0.00038695148084329196
Independencia,2020-04-30,0.0004987193589537216
Independencia,2020-05-01,0.000139628969542091
Independencia,2020-05-02,0.0002716963591356275
Independencia,2020-05-03,0.00013178723231546238
Independencia,2020-05-05,0.00037172353320980315
Independencia,2020-05-06,0.0005483177379168768
Independencia,2020-05-07,0.00038641766848824085
Independencia,2020-05-08,0.000568355499205365
Independencia,2020-05-09,0.00016015292409488608
Independencia,2020-05-10,7.41845793543568e-05
Independencia,2020-05-11,0.0004923158785186815
Independencia,2020-05-13,0.00039105145678985665
Independencia,2020-05-14,0.00044523942400353215
Independencia,2020-05-15,0.0005082470822255653
Independencia,2020-05-16,0.0002426448998354552
Independencia,2020-05-17,9.086955074433566e-05
Independencia,2020-05-18,0.00013751755247557495
Independencia,2020-05-21,0.00017309000068856277
Independencia,2020-05-22,0.0006481636146865209
Independencia,2020-05-23,0.0007199545659263241
Independencia,2020-05-24,0.00023682151444503417
Independencia,2020-05-25,0.0007643675831727642
Independencia,2020-05-26,0.00046745726452498775
Independencia,2020-05-30,0.0003847640162632068
Independencia,2020-05-31,0.00023757275010847823
Independencia,2020-06-01,0.0002192421616099823
Independencia,2020-06-04,0.0003122342613649975
Independencia,2020-06-05,0.0005916770599657406
Independencia,2020-06-07,0.00022868317530859157
Independencia,2020-06-09,0.0010518802019622662
Independencia,2020-06-10,0.0005864738469720331
Independencia,2020-06-12,0.00013681297686092537
Independencia,2020-06-13,0.0003192146136730152
Independencia,2020-06-14,0.0004208555566044863
Independencia,2020-07-02,0.0007123073859332585
Independencia,2020-07-03,0.00044021232935100257
Independencia,2020-07-05,0.0002279016148975541
Independencia,2020-07-08,0.000419441379675413
Independencia,2020-07-13,0.0002533769612555219
Independencia,2020-07-14,0.0005195884559528138
Independencia,2020-07-15,0.0004894181112482662
Independencia,2020-07-19,0.00012845876541207982
Independencia,2020-07-20,0.00015700630559737695
Independencia,2020-07-24,0.0004322549472639902
Independencia,2020-07-28,0.0007060330683255794
Independencia,2020-07-29,0.0007702496905305423
Independencia,2020-08-02,0.0005601937689674527
Independencia,2020-08-04,0.0004210064487065709
Independencia,2020-08-05,0.00017275548290549293
Independencia,2020-08-07,0.0008298256627092411
Independencia,2020-08-08,0.0003739045063806305
Independencia,2020-08-09,0.00013654838415814844
Independencia,2020-08-10,0.0005271538231640675
Independencia,2020-08-11,0.00025349496927132964
Independencia,2020-08-12,0.00045597096899797375
Independencia,2020-08-15,0.00029630529704867967
Independencia,2020-08-16,0.0001382122821320773
Independencia,2020-08-17,0.00035892636335557477
Independencia,2020-08-19,0.0005071948335975291
Independencia,2020-08-20,0.0003472222574957598
Independencia,2020-08-21,0.00029084510361175765
Independencia,2020-08-22,0.00016156293297048618
Independencia,2020-08-23,8.646353656136264e-05
Independencia,2020-08-24,0.00010947658431361946
Independencia,2020-08-27,0.0002675956756925328
Independencia,2020-08-29,0.00025061513712497065
Independencia,2020-08-30,0.00013463316995462041
Independencia,2020-08-31,0.00020468516798917327
Independencia,2020-09-02,0.00030803201089418076
Independencia,2020-09-03,0.0002844088043302855
Independencia,2020-09-05,0.00015465130502929954
Independencia,2020-09-06,8.191418626931585e-05
Independencia,2020-09-07,0.0007650798449997264
Independencia,2020-09-09,0.0003759316459763656
Independencia,2020-09-10,0.00019561012876513094
Independencia,2020-09-11,0.00016964825681566286
Independencia,2020-09-12,0.00014586655434510555
Independencia,2020-09-13,9.619952411966911e-05
Independencia,2020-09-14,0.00027820899676945463
Independencia,2020-09-15,0.000261815925163231
Independencia,2020-09-16,0.00020679531941712287
Independencia,2020-09-17,0.0001362207894829575
Independencia,2020-09-18,8.991824922071941e-05
Independencia,2020-09-19,6.981376595960003e-05
Independencia,2020-09-20,6.30883550074334e-05
Independencia,2020-09-21,0.00023352699112247108
Independencia,2020-09-22,9.124998543187216e-05
Independencia,2020-09-26,9.534387754538075e-05
Independencia,2020-09-27,5.701210761091284e-05
Independencia,2020-09-28,0.0005739097376736496
Independencia,2020-09-29,0.00024865935651191925
Independencia,2020-09-30,0.00017910840998266184
Independencia,2020-10-01,0.00026240794798067306
Independencia,2020-10-02,0.0001529587878803664
Independencia,2020-10-03,7.392668021508288e-05
Independencia,2020-10-04,7.260186186598272e-05
Independencia,2020-10-05,0.00019524847854393275
Independencia,2020-10-07,0.00020157360829439386
Independencia,2020-10-08,0.00012794979294757534
Independencia,2020-10-09,0.00021031604750852367
Independencia,2020-10-10,0.00010377870589929143
Independencia,2020-10-11,9.297265434331207e-05
Independencia,2020-10-12,8.286208721982122e-05
Independencia,2020-10-13,9.684718856954009e-05
Independencia,2020-10-14,0.00016379129296547156
Independencia,2020-10-15,0.00022612957159947017
Independencia,2020-10-16,0.0001364745906464549
Independencia,2020-10-17,7.483688096050329e-05
Independencia,2020-10-18,4.287224680582176e-05
Independencia,2020-10-19,0.00010977426226792986
Independencia,2020-10-20,0.00014346306144392127
Independencia,2020-10-21,0.00011453838761615694
Independencia,2020-10-23,0.00014233724307697405
Independencia,2020-10-24,4.736516348202537e-05
Independencia,2020-10-25,6.497230801663095e-05
Independencia,2020-10-26,0.00014535850177640154
Independencia,2020-10-28,0.00012173563445992808
Independencia,2020-10-29,9.454614202514819e-05
Independencia,2020-10-30,0.0001475586394588096
Independencia,2020-10-31,6.441516731749664e-05
Independencia,2020-11-01,4.614787667828257e-05
Independencia,2020-11-02,0.00012731397638113398
Independencia,2020-11-03,0.00012356934830996818
Independencia,2020-11-04,6.986354043687599e-05
Independencia,2020-11-05,9.840934768083304e-05
Independencia,2020-11-06,0.00011853792732919928
Independencia,2020-11-07,8.381731799917806e-05
Independencia,2020-11-08,3.54717989382374e-05
Independencia,2020-11-09,8.509938339144176e-05
Independencia,2020-11-10,5.263298892394261e-05
Independencia,2020-11-11,0.00012276542928635445
Independencia,2020-11-12,0.00015416274133046363
Independencia,2020-11-14,4.844587116714609e-05
Independencia,2020-11-15,3.218637247097515e-05
Independencia,2020-11-16,9.46088838847137e-05
Independencia,2020-11-18,8.763352724996737e-05
Independencia,2020-11-19,5.905324344606874e-05
Independencia,2020-11-20,0.00012702146104641944
Independencia,2020-11-21,8.392764419301394e-05
Independencia,2020-11-22,6.545263108234848e-05
Independencia,2020-11-23,9.837334049958056e-05
Independencia,2020-11-24,5.780730948050703e-05
Independencia,2020-11-25,9.333030900075931e-05
Independencia,2020-11-26,0.00011643580665760304
Independencia,2020-11-27,9.287677959855163e-05
Independencia,2020-11-28,6.95687842545144e-05
Independencia,2020-11-29,3.8316279168528217e-05
Independencia,2020-11-30,8.270924722896027e-05
Independencia,2020-12-01,5.1853119807005455e-05
Independencia,2020-12-02,0.00011563577242864852
Independencia,2020-12-03,0.00011005412116647015
Independencia,2020-12-04,0.00011210087470349789
Independencia,2020-12-05,5.6403108911664e-05
Independencia,2020-12-06,4.2107193475092794e-05
Independencia,2020-12-07,8.56510503225481e-05
Independencia,2020-12-08,5.8878359543194e-05
Independencia,2020-12-09,0.00011756622058429247
Independencia,2020-12-10,3.452579749364503e-05
Independencia,2020-12-11,8.893170829432433e-05
Independencia,2020-12-12,4.234678116946403e-05
Independencia,2020-12-13,3.6864625622251336e-05
Independencia,2020-12-14,0.00013769182440889955
Independencia,2020-12-15,8.5988476771632e-05
Independencia,2020-12-16,8.566854562572629e-05
Independencia,2020-12-17,0.00011854650178920167
Independencia,2020-12-18,9.514694480286604e-05
Independencia,2020-12-19,4.678687691805699e-05
Independencia,2020-12-20,4.232095356614565e-05
Independencia,2020-12-21,0.00011490170242925795
Independencia,2020-12-22,6.371095704166831e-05
Independencia,2020-12-23,8.879413089507336e-05
Independencia,2020-12-24,8.538463158232726e-05
Independencia,2020-12-25,3.121301714157455e-05
Independencia,2020-12-26,2.9034431495996686e-05
Independencia,2020-12-27,2.540343105528711e-05
Independencia,2020-12-28,7.05972612588563e-05
Independencia,2020-12-29,7.848814654675085e-05
Independencia,2020-12-30,0.00012304095050002077
Independencia,2020-12-31,6.355413882904679e-05
Independencia,2021-01-01,2.1812185877933295e-05
Independencia,2021-01-02,3.714323939847459e-05
Independencia,2021-01-03,2.966788827005042e-05
Independencia,2021-01-04,5.0721370943828006e-05
Independencia,2021-01-05,7.080261099286767e-05
Independencia,2021-01-07,6.490742562740391e-05
Independencia,2021-01-08,7.593076148431878e-05
Independencia,2021-01-10,3.1341555191809285e-05
Independencia,2021-01-11,9.173114109498084e-05
Independencia,2021-01-12,8.423021917230433e-05
Independencia,2021-01-13,9.879538512687061e-05
Independencia,2021-01-14,9.45531438679541e-05
Independencia,2021-01-15,0.00011067482959375664
Independencia,2021-01-16,2.761343969103444e-05
Independencia,2021-01-17,2.6346449181672812e-05
Independencia,2021-01-18,7.914686550317876e-05
Independencia,2021-01-19,8.956348026519702e-05
Independencia,2021-01-20,0.0001144458554250266
Independencia,2021-01-21,9.488365540394355e-05
Independencia,2021-01-22,0.00011687849962816114
Independencia,2021-01-23,4.4553320919412394e-05
Independencia,2021-01-24,3.990430192887633e-05
Independencia,2021-01-25,7.147943286600214e-05
Independencia,2021-01-26,8.936545730460817e-05
Independencia,2021-01-27,7.908681328849531e-05
Independencia,2021-01-31,4.495584770204111e-05
Independencia,2021-02-01,8.556263042257893e-05
Independencia,2021-02-02,8.883129108362482e-05
Independencia,2021-02-03,0.0001956976903609457
Independencia,2021-02-04,0.00014451320273406898
Independencia,2021-02-05,0.00016117217321413705
Independencia,2021-02-06,0.00013793497352162482
Independencia,2021-02-07,6.795696020335052e-05
Independencia,2021-02-08,8.720508251981264e-05
Independencia,2021-02-09,9.260922814476029e-05
Independencia,2021-02-10,0.00012956430539901538
Independencia,2021-02-11,9.971437970706104e-05
Independencia,2021-02-12,8.861232154093636e-05
Independencia,2021-02-13,4.753788082556416e-05
Independencia,2021-02-14,3.518367592323597e-05
Independencia,2021-02-15,9.971261981676886e-05
Independencia,2021-02-17,0.0001016031812214373
Independencia,2021-02-18,8.185371268745421e-05
Independencia,2021-02-19,0.00011070668502013235
Independencia,2021-02-20,6.994059266514068e-05
Independencia,2021-02-21,4.534763320835305e-05
Independencia,2021-02-22,0.00012771495400394257
Independencia,2021-02-23,0.00018570834836595206
Independencia,2021-02-24,0.0001076896152967611
Independencia,2021-02-25,0.00011453314173775551
Independencia,2021-02-26,0.00014448284539329254
Independencia,2021-02-27,9.264080019595017e-05
Independencia,2021-02-28,4.373953184104513e-05
Independencia,2021-03-02,0.00011436428806673638
Independencia,2021-03-03,0.0001433018487884967
Independencia,2021-03-04,0.00025982957457528996
Independencia,2021-03-05,0.0001356481729600015
Independencia,2021-03-06,5.311273310935609e-05
Independencia,2021-03-07,5.7908163486822735e-05
Independencia,2021-03-08,0.00013432816625812954
Independencia,2021-03-09,0.00014272533451653596
Independencia,2021-03-10,0.00010508300031037522
Independencia,2021-03-11,0.00019004041893863404
Independencia,2021-03-12,0.0001075454750050958
Independencia,2021-03-13,6.525967322763211e-05
Independencia,2021-03-14,3.9885656244291264e-05
Independencia,2021-03-20,0.00018303878921367613
Independencia,2021-03-21,4.644700384143175e-05
Independencia,2021-03-22,0.0003380401952057612
Independencia,2021-03-23,0.00011449072880904684
Independencia,2021-03-24,0.00011409473630963969
Independencia,2021-03-25,7.584217763222246e-05
Independencia,2021-03-26,0.0003372569627879818
Independencia,2021-03-27,9.942419945323399e-05
Independencia,2021-03-28,5.3983613798363937e-05
Independencia,2021-03-29,0.00019030560099215553
Independencia,2021-03-30,0.00021152593682068643
Independencia,2021-03-31,0.0003559685041696289
Independencia,2021-04-01,0.0002071717364834299
Independencia,2021-04-02,0.00011012705936266893
Independencia,2021-04-03,9.053549469772906e-05
Independencia,2021-04-05,0.0005397869792807654
Independencia,2021-04-06,0.0002927143438746882
Independencia,2021-04-07,0.0001634329662226379
Independencia,2021-04-08,0.00011341899746751996
Independencia,2021-04-09,0.0001812328672755319
Independencia,2021-04-10,0.00010282292381634144
Independencia,2021-04-11,9.416297184612934e-05
Independencia,2021-04-12,0.00025574142529839874
Independencia,2021-04-13,0.00022207470856341446
Independencia,2021-04-14,0.0003922384109292744
Independencia,2021-04-15,0.0004556517255960288
Independencia,2021-04-16,0.00047987239777812376
Independencia,2021-04-17,0.00019673555633551744
Independencia,2021-04-18,9.749606852571848e-05
Independencia,2021-04-19,0.0003001534103205186
Independencia,2021-04-20,0.0004547502127662544
Independencia,2021-04-21,0.00010885723739878384
Independencia,2021-04-22,0.0003255266495551233
Independencia,2021-04-24,0.00034778035405954997
Independencia,2021-04-25,0.0001321271888645509
Independencia,2021-04-26,0.0005647089303792333
Independencia,2021-04-27,0.00041123710850918634
Independencia,2021-04-28,0.0005979774316538012
Independencia,2021-04-29,0.00036363385284206344
Independencia,2021-04-30,0.00043361981556557893
Independencia,2021-05-03,0.00017301821797099102
Independencia,2021-05-05,0.0004233765926203747
Independencia,2021-05-06,0.0005043718023662908
Independencia,2021-05-07,0.0003522803709483346
Independencia,2021-05-09,0.00018833308422471629
Independencia,2021-05-10,0.000380019174588831
Independencia,2021-05-11,0.0008000143376610794
Independencia,2021-05-12,0.0006494652010560057
Independencia,2021-05-14,0.0011311389618665424
Independencia,2021-05-17,0.0009735248099040678
Independencia,2021-05-19,0.001041237372002767
Independencia,2021-05-22,0.0007120469257626071
Independencia,2021-05-23,0.0006946662995913583
Independencia,2021-05-24,0.0010774923658762596
Independencia,2021-05-25,0.0010601673799914095
Independencia,2021-05-26,0.0017510872991466431
Independencia,2021-05-27,0.0007050374365463211
Independencia,2021-05-28,0.0009820577304459127
Independencia,2021-05-30,0.0008443618508125477
Independencia,2021-05-31,0.001048091006416774
Independencia,2021-06-02,0.0011787759322177867
Independencia,2021-06-03,0.001343418693181218
Independencia,2021-06-07,0.0008439311481327336
Independencia,2021-06-08,0.0009587612800879821
Independencia,2021-06-09,0.0007786018510391591
Independencia,2021-06-10,0.0010424068395209988
Independencia,2021-06-11,0.0012635007665986978
Independencia,2021-06-12,0.0005862564353574238
Independencia,2021-06-13,0.000525477922000582
Independencia,2021-06-15,0.0007310803597166478
Independencia,2021-06-16,0.0008486529457318474
Independencia,2021-06-17,0.0006631881975353701
Independencia,2021-06-18,0.0011504867738248744
Independencia,2021-06-19,0.0007718020844910905
Independencia,2021-06-21,0.0005020607351577105
Independencia,2021-06-27,0.00046783099725997504
Independencia,2021-06-28,0.0005684923526046404
Independencia,2021-06-29,0.0014266236451378235
Independencia,2021-07-01,0.0007030097868070977
Independencia,2021-07-02,0.0016989545889978422
Independencia,2021-07-04,0.000641289293352588
Independencia,2021-07-05,0.0012976180186285557
Independencia,2021-07-06,0.0003205654681100818
Independencia,2021-07-07,0.0007792664687806985
Independencia,2021-07-08,0.0010858632623297218
Independencia,2021-07-10,0.001116939927724458
Independencia,2021-07-13,0.0017317351580802256
Independencia,2021-07-14,0.001906208372100081
Independencia,2021-07-15,0.0018569461701747026
Independencia,2021-07-16,0.0014943962756234555
Independencia,2021-07-17,0.0007283663817270725
Independencia,2021-07-18,0.0005869923032665997
Independencia,2021-07-19,0.0012130622887734184
Independencia,2021-07-20,0.001196626467960004
Independencia,2021-07-21,0.0013871246114021717
Independencia,2021-07-22,0.0014202587001720668
Independencia,2021-07-23,0.0011396889608598609
Independencia,2021-07-25,0.00023744303285000434
Independencia,2021-07-27,0.0008211251192705508
Independencia,2021-07-28,0.0014743656690482804
Independencia,2021-07-29,0.001443350756260062
Independencia,2021-07-30,0.0016996134701751189
Independencia,2021-07-31,0.0012286247679776016
Independencia,2021-08-01,0.00046651184100187124
Independencia,2021-08-02,0.0007011167709930679
Independencia,2021-08-03,0.001727217656018962
Independencia,2021-08-04,0.0011557936145954678
Independencia,2021-08-05,0.0013355074842237027
Independencia,2021-08-09,0.0010336715067873516
Independencia,2021-08-10,0.00156806678952617
Independencia,2021-08-11,0.001246553272035786
Independencia,2021-08-12,0.0009497566188613473
Independencia,2021-08-13,0.001163052577809815
Independencia,2021-08-22,0.00026151552423944713
Independencia,2021-08-24,0.0006457110576024727
Independencia,2021-08-26,0.0017230564178955289
Independencia,2021-08-29,0.000255293216854258
Independencia,2021-08-30,0.0007299753569701528
Independencia,2021-08-31,0.0011417280193374722
Independencia,2021-09-02,0.0008007913366571613
Independencia,2021-09-04,0.000599282833866454
Independencia,2021-09-05,0.00019748979574174747
Independencia,2021-09-08,0.0006310808472383751
Independencia,2021-09-09,0.0013600472604822426
Independencia,2021-09-10,0.0006519326287115318
Independencia,2021-09-14,0.0008862052932400391
Independencia,2021-09-15,0.000944671882706171
Independencia,2021-09-16,0.0008578105351056585
Independencia,2021-09-17,0.00026312711554311245
Independencia,2021-09-18,0.00016155340595673295
Independencia,2021-09-19,0.00012701987970084244
Independencia,2021-09-20,0.00032319611664442615
Independencia,2021-09-21,0.00031696198371461106
Independencia,2021-09-22,0.0005552393783864808
Independencia,2021-09-23,0.00091548821697312
Independencia,2021-09-24,0.0003612820651090612
Independencia,2021-09-25,0.00011638964764519886
Independencia,2021-09-26,0.00010684526559881167
Independencia,2021-09-27,0.0004079687947780734
Independencia,2021-09-28,0.00036510331918511576
Independencia,2021-09-30,0.00018075291369087457
Independencia,2021-10-01,0.00021234185572629167
Independencia,2021-10-02,0.00013982627244051677
Independencia,2021-10-03,0.00013764849873629655
Independencia,2021-10-04,0.0003914768411478984
Independencia,2021-10-05,0.00016558488908096437
Independencia,2021-10-06,0.0001691156220592495
Independencia,2021-10-07,0.00017907282159584304
Independencia,2021-10-09,0.00012164317076456082
Independencia,2021-10-10,9.029157542503074e-05
Independencia,2021-10-11,9.032548767541885e-05
Independencia,2021-10-13,0.00022828040121686087
Independencia,2021-10-15,0.00033377018922762266
Independencia,2021-10-16,8.872057387311818e-05
Independencia,2021-10-17,6.533261838332391e-05
Independencia,2021-10-18,0.000180858561807008
Independencia,2021-10-19,0.0002277593759679803
Independencia,2021-10-20,0.00020747632904304512
Independencia,2021-10-21,0.00020475295824309245
Independencia,2021-10-22,0.00010490858188254485
Independencia,2021-10-23,0.00012258215166435394
Independencia,2021-10-24,0.00011725516031858038
Independencia,2021-10-25,0.00025812407571457646
Independencia,2021-10-26,0.00014122589931543097
Independencia,2021-10-27,0.00010071711788874223
Independencia,2021-10-28,0.00018721491330416689
Independencia,2021-10-29,0.00011660233511764702
Independencia,2021-10-30,0.00011563685513555678
Independencia,2021-11-02,0.00011720589893374046
Independencia,2021-11-05,0.0001670540489739096
Independencia,2021-11-06,5.731334564054928e-05
Independencia,2021-11-07,5.7158822835713307e-05
Independencia,2021-11-08,0.00013010969501670353
Independencia,2021-11-09,8.183335966354268e-05
Independencia,2021-11-10,0.00013441842996734073
Independencia,2021-11-11,8.679654846904046e-05
Independencia,2021-11-12,8.811944579164207e-05
Independencia,2021-11-13,6.111471831610716e-05
Independencia,2021-11-14,6.754363057015367e-05
Independencia,2021-11-15,0.00011239207930068579
Independencia,2021-11-16,9.027434963609625e-05
Independencia,2021-11-17,8.624727061001052e-05
Independencia,2021-11-18,0.00010110621144056851
Independencia,2021-11-19,0.00011089518194737553
Independencia,2021-11-20,8.215238340406861e-05
Independencia,2021-11-21,5.5097380111898565e-05
Independencia,2021-11-22,0.00010313034464180484
Independencia,2021-11-23,0.00010486902455827225
Independencia,2021-11-24,0.00015170104689450032
Independencia,2021-11-25,0.0001343858990763911
Independencia,2021-11-26,8.733058601483352e-05
Independencia,2021-11-27,4.9630479440743004e-05
Independencia,2021-11-28,5.6441234154432427e-05
Independencia,2021-11-29,7.809653820094385e-05
Independencia,2021-11-30,0.00010601038469301157
Independencia,2021-12-01,0.00014421000672853223
Independencia,2021-12-02,7.257581626896745e-05
Independencia,2021-12-03,7.473951665074038e-05
Independencia,2021-12-04,8.726287027570311e-05
Independencia,2021-12-05,6.0037349049272384e-05
Independencia,2021-12-06,0.00014952458235548797
Independencia,2021-12-07,0.00012865805405785417
Independencia,2021-12-08,5.412438069798164e-05
Independencia,2021-12-09,8.158037813653276e-05
Independencia,2021-12-10,9.18813163623132e-05
Independencia,2021-12-12,5.3532188216382274e-05
Independencia,2021-12-13,8.314708072936282e-05
Independencia,2021-12-14,9.529481758363193e-05
Independencia,2021-12-15,0.0001127138663850941
Independencia,2021-12-16,0.000115572590006614
Independencia,2021-12-17,0.00014025576727273349
Independencia,2021-12-18,6.029935406437106e-05
Independencia,2021-12-19,4.3988045551785556e-05
Independencia,2021-12-20,0.00010244309436120095
Independencia,2021-12-21,0.00010188102903111204
Independencia,2021-12-22,0.00010277500550274777
Independencia,2021-12-23,0.0001054684826195614
Independencia,2021-12-24,7.164392073010508e-05
Independencia,2021-12-25,4.20744885402262e-05
Independencia,2021-12-26,4.591732676068869e-05
Independencia,2021-12-27,8.380884191774107e-05
Independencia,2021-12-28,7.165780154079712e-05
Independencia,2021-12-29,6.9276869287457e-05
Independencia,2021-12-30,7.820315345715391e-05
Independencia,2021-12-31,4.832410969831797e-05
Independencia,2022-01-01,3.3023468819243e-05
Independencia,2022-01-02,4.3540219312801494e-05
Independencia,2022-01-03,5.657985310092841e-05
Independencia,2022-01-04,5.964521762962659e-05
Independencia,2022-01-05,8.514067213816841e-05
Independencia,2022-01-06,9.14155692699732e-05
Independencia,2022-01-07,9.772667235440504e-05
Independencia,2022-01-08,5.579601432549306e-05
Independencia,2022-01-09,3.111657932027468e-05
Independencia,2022-01-10,7.784421551156829e-05
Independencia,2022-01-11,7.97199022467878e-05
Independencia,2022-01-12,8.216260409137102e-05
Independencia,2022-01-13,8.561101852026668e-05
Independencia,2022-01-14,6.105962549794477e-05
Independencia,2022-01-15,4.318060860742869e-05
Independencia,2022-01-16,4.333564964695136e-05
Independencia,2022-01-18,0.00011077910320635844
Independencia,2022-01-19,7.202030572460358e-05
Independencia,2022-01-20,7.895354407522398e-05
Independencia,2022-01-21,8.690498459032779e-05
Independencia,2022-01-22,5.9315837802390164e-05
Independencia,2022-01-23,4.3328512461546996e-05
Independencia,2022-01-24,0.00010136136660871902
Independencia,2022-01-25,6.922862083101795e-05
Independencia,2022-01-26,7.411950609161341e-05
Independencia,2022-01-27,8.142902214908184e-05
Independencia,2022-01-28,9.7804788298055e-05
Independencia,2022-01-29,4.5825505634040676e-05
Independencia,2022-01-30,2.9620433187940377e-05
Independencia,2022-01-31,6.892303942351365e-05
Independencia,2022-02-01,8.774192221844153e-05
Independencia,2022-02-02,9.549092166390844e-05
Independencia,2022-02-03,5.7750491575100295e-05
Independencia,2022-02-04,6.947989474019348e-05
Independencia,2022-02-05,5.464455848214026e-05
Independencia,2022-02-06,4.063896626904841e-05
Independencia,2022-02-07,7.978293570558706e-05
Independencia,2022-02-08,0.00010905596925887259
Independencia,2022-02-09,0.00010060672150703509
Independencia,2022-02-10,8.026362588723044e-05
Independencia,2022-02-11,6.85470381111821e-05
Independencia,2022-02-12,6.700170153626261e-05
Independencia,2022-02-13,5.149215083877742e-05
Independencia,2022-02-14,0.00012035414970338771
Independencia,2022-02-15,7.621650828202212e-05
Independencia,2022-02-16,8.836563567775692e-05
Independencia,2022-02-17,0.00011258901212041528
Independencia,2022-02-18,0.00011321577478230882
Independencia,2022-02-19,7.255425360740814e-05
Independencia,2022-02-21,5.6092767142668716e-05
Independencia,2022-02-22,7.405642326320446e-05
Independencia,2022-02-23,7.091224699506417e-05
Independencia,2022-02-24,0.0001614974863563542
Independencia,2022-02-25,0.00014333523964930932
Independencia,2022-02-26,8.203859702842758e-05
Independencia,2022-02-27,3.973552061454529e-05
Independencia,2022-02-28,0.00012648654540274904
Independencia,2022-03-01,0.00019013152985852163
Independencia,2022-03-02,0.00015954354006179696
Independencia,2022-03-03,9.46967227139148e-05
Independencia,2022-03-04,7.779503855747253e-05
Independencia,2022-03-05,7.531802070700927e-05
Independencia,2022-03-07,0.0002929083144367966
Independencia,2022-03-08,9.236339828448511e-05
Independencia,2022-03-09,0.00010427197900083043
Independencia,2022-03-10,0.00013478153247737236
Independencia,2022-03-11,0.000118682725138613
Independencia,2022-03-12,9.304085059079454e-05
Independencia,2022-03-13,9.024548056373049e-05
Independencia,2022-03-14,0.0001655797814293131
Independencia,2022-03-15,0.00010346831421813647
Independencia,2022-03-16,0.0001320097436812521
Independencia,2022-03-17,0.00020649066356017627
Independencia,2022-03-18,0.00023891993376461788
Independencia,2022-03-21,0.00019765364982346197
Independencia,2022-03-22,0.0002847953089351538
Independencia,2022-03-23,0.0001339631804865311
Independencia,2022-03-24,0.00029321569391421205
Independencia,2022-03-25,0.0001534419695718618
Independencia,2022-03-26,0.00010699835629540191
Independencia,2022-03-27,0.00015082650805518092
Independencia,2022-03-28,0.00018363755759173464
Independencia,2022-03-29,0.00016525533763292236
Independencia,2022-03-30,0.0002799764809912419
Independencia,2022-03-31,0.0002650690367298862
Independencia,2022-04-01,0.00028414428821847145
Independencia,2022-04-02,0.00013395570192722598
Independencia,2022-04-03,0.00012070561424380058
Independencia,2022-04-04,0.0002744715451258598
Independencia,2022-04-05,0.00020417579421273073
Independencia,2022-04-06,0.0002973687310802137
Independencia,2022-04-07,0.00045194447931709895
Independencia,2022-04-08,0.0003509938528657662
Independencia,2022-04-09,9.70545495670191e-05
Independencia,2022-04-10,7.832426000762871e-05
Independencia,2022-04-11,0.0003139229271119132
Independencia,2022-04-12,0.000399723127886622
Independencia,2022-04-13,0.0006291267238323092
Independencia,2022-04-14,0.00037241981006609523
Independencia,2022-04-15,0.00018557176851926357
Independencia,2022-04-16,0.00012658395240285107
Independencia,2022-04-17,0.00011376150902262506
Independencia,2022-04-18,0.00026441970419145705
Independencia,2022-04-19,0.0005596657498740818
Independencia,2022-04-20,0.0003066106571019892
Independencia,2022-04-22,0.0005164337378247118
Independencia,2022-04-23,0.00024527294507963797
Independencia,2022-04-24,0.00013226729807328978
Independencia,2022-04-25,0.00021106607819947423
Independencia,2022-04-28,0.0009117636135872638
Independencia,2022-04-29,0.0009779330799117565
Independencia,2022-04-30,0.0007681939236914023
Independencia,2022-05-02,0.0009992299849844687
Independencia,2022-05-03,0.0008987830232423205
Independencia,2022-05-04,0.0005806117218416701
Independencia,2022-05-05,0.00046299622174489043
Independencia,2022-05-06,0.0006502486176656894
Independencia,2022-05-07,0.00032171656934133584
Independencia,2022-05-09,0.0009964515811204404
Independencia,2022-05-10,0.0010428392748814094
Independencia,2022-05-13,0.0011310724922582857
Independencia,2022-05-15,0.0003517864431566545
Independencia,2022-05-16,0.000938429826666596
Independencia,2022-05-17,0.0009485344978679441
Independencia,2022-05-18,0.0010244367287744016
Independencia,2022-05-20,0.0007639842616351759
Independencia,2022-05-21,0.000726615233517897
Independencia,2022-05-25,0.0008063242185691218
Independencia,2022-05-29,0.0004918811945640095
Independencia,2022-05-30,0.000879121312777482
Independencia,2022-05-31,0.0012594644179087326
Independencia,2022-06-01,0.0010313270389515719
Independencia,2022-06-05,0.0003078502462728951
Independencia,2022-06-06,0.0011901394845573448
Independencia,2022-06-07,0.0013481737638284552
Independencia,2022-06-09,0.001587979780651301
Independencia,2022-06-10,0.0016276528886945561
Independencia,2022-06-11,0.0011431781891517224
Independencia,2022-06-12,0.0006131133915980501
Independencia,2022-06-14,0.0007355509358950263
Independencia,2022-06-15,0.0008262262146812823
Independencia,2022-06-17,0.0013589032930797133
Independencia,2022-06-28,0.0005315103542316332
Independencia,2022-06-30,0.001210684047982266
Independencia,2022-07-02,0.0008447225123274717
Independencia,2022-07-04,0.0007958756318275839
Independencia,2022-07-05,0.0016007855450089776
Independencia,2022-07-08,0.0008246850874669722
Independencia,2022-07-12,0.0010799416904713674
Independencia,2022-07-21,0.0008485121163457267
Independencia,2022-07-22,0.0011838295935285895
Independencia,2022-07-23,0.0006553794803591868
Independencia,2022-07-24,0.0004654862212217662
Independencia,2022-07-26,0.0006453443128800213
Independencia,2022-07-28,0.0009129541597698757
Independencia,2022-07-29,0.0005143890473500371
Independencia,2022-07-31,0.0003202962837079305
Independencia,2022-08-01,0.0005149632342556902
Independencia,2022-08-02,0.0009084446462621712
Independencia,2022-08-03,0.0007368301391037335
Independencia,2022-08-04,0.0008839913651873576
Independencia,2022-08-05,0.0007593879176894382
Independencia,2022-08-07,0.0001887512879642118
Independencia,2022-08-08,0.0007798252627919179
Independencia,2022-08-10,0.0005502998880036185
Independencia,2022-08-11,0.0008733599873839317
Independencia,2022-08-12,0.0007412765568585663
Independencia,2022-08-13,0.000610677421813127
Independencia,2022-08-15,7.894967150246654e-05
Independencia,2022-08-18,0.0009055087781990217
Independencia,2022-08-19,0.0006028813615313223
Independencia,2022-08-20,0.0007744308702529359
Independencia,2022-08-21,0.00023931621328868204
Independencia,2022-08-22,0.0009992290193177435
Independencia,2022-08-23,0.0007101801214039795
Independencia,2022-08-25,0.0010544740123494115
Independencia,2022-08-27,0.00043219088067084554
Independencia,2022-08-28,0.0002746536477742191
Independencia,2022-08-29,0.00032717011159003365
Independencia,2022-08-30,0.000470624651152106
Independencia,2022-09-02,0.0005982646624742569
Independencia,2022-09-03,0.0003959096089899287
Independencia,2022-09-04,0.0003686442296270611
Independencia,2022-09-05,0.0005254796716516701
Independencia,2022-09-06,0.0003745536841083774
Independencia,2022-09-07,0.00015111741900446118
Independencia,2022-09-09,0.0007344802264261062
Independencia,2022-09-10,0.00035220509595892176
Independencia,2022-09-12,0.00030496736515625106
Independencia,2022-09-13,0.0005825434291523338
Independencia,2022-09-14,0.0008657485674188003
Independencia,2022-09-18,7.42837655072253e-05
Independencia,2022-09-21,0.00031879169555082995
Independencia,2022-09-22,0.0004246140584673571
Independencia,2022-09-23,0.0004862191797261783
Independencia,2022-09-25,0.00010527835155138738
Independencia,2022-09-26,0.0004015296428257984
Independencia,2022-09-27,0.0003057575606011241
Independencia,2022-09-28,0.00017382285346053826
Independencia,2022-09-29,0.00014997451274741775
Independencia,2022-09-30,0.00040260042740629306
Independencia,2022-10-01,0.00016290734374777873
Independencia,2022-10-02,9.130732897089901e-05
Independencia,2022-10-04,0.0002771718513826715
Independencia,2022-10-06,0.00019713213443191805
Independencia,2022-10-07,0.0001285759105577621
Independencia,2022-10-08,7.241504994425815e-05
Independencia,2022-10-09,7.813047610386874e-05
Independencia,2022-10-10,6.054755773669838e-05
Independencia,2022-10-11,0.00017788094258339564
Independencia,2022-10-12,0.00017431639610599196
Independencia,2022-10-13,0.00016847721442410802
Independencia,2022-10-14,0.000197370268310681
Independencia,2022-10-15,0.00011376396116389369
Independencia,2022-10-16,7.301346991933414e-05
Independencia,2022-10-17,0.00012497783512078215
Independencia,2022-10-18,0.00011738677034580154
Independencia,2022-10-19,7.474194425230868e-05
Independencia,2022-10-20,0.00020075952561166404
Independencia,2022-10-21,0.00013910216893729883
Independencia,2022-10-22,0.00012359391204846872
Independencia,2022-10-23,9.032542306137216e-05
Independencia,2022-10-24,0.00014581627077785823
Independencia,2022-10-25,0.0001018381014899474
Independencia,2022-10-26,0.00016931190192486263
Independencia,2022-10-27,0.00014878517679565092
Independencia,2022-10-28,0.0002816532266657037
Independencia,2022-10-29,7.438404772688569e-05
Independencia,2022-10-31,8.53080965971248e-05
Independencia,2022-11-01,7.891658877324998e-05
Independencia,2022-11-02,0.0001677225447097647
Independencia,2022-11-05,9.99492429651578e-05
Independencia,2022-11-06,5.332524932195186e-05
Independencia,2022-11-07,0.00011485002840376981
Independencia,2022-11-10,8.992306041231443e-05
Independencia,2022-11-14,0.00013012486526219627
Independencia,2022-11-15,8.051043703447995e-05
Independencia,2022-11-16,0.00012102751993421159
Independencia,2022-11-17,0.00011056685673018717
Independencia,2022-11-18,0.00013221886183600382
Independencia,2022-11-19,5.2521026937619406e-05
Independencia,2022-11-20,4.021054729621904e-05
Independencia,2022-11-21,0.00012215704318366987
Independencia,2022-11-22,0.0001256530005401443
Independencia,2022-11-23,0.00011847294010535839
Independencia,2022-11-24,9.736683432974473e-05
Independencia,2022-11-25,7.280155953779115e-05
Independencia,2022-11-26,5.440375269993782e-05
Independencia,2022-11-27,3.795555907351582e-05
Independencia,2022-11-28,9.02483835343967e-05
Independencia,2022-11-29,8.302671562157184e-05
Independencia,2022-11-30,8.68165253924139e-05
Independencia,2022-12-01,8.201644691941385e-05
Independencia,2022-12-02,9.63022031896152e-05
Independencia,2022-12-03,7.124664193195734e-05
Independencia,2022-12-04,5.0813981770325325e-05
Independencia,2022-12-05,6.173583192526345e-05
Independencia,2022-12-06,6.78156842337773e-05
Independencia,2022-12-07,8.68638736230112e-05
Independencia,2022-12-08,6.983705773050098e-05
Independencia,2022-12-09,8.804067944729311e-05
Independencia,2022-12-10,5.745990244684213e-05
Independencia,2022-12-11,3.548938820655162e-05
Independencia,2022-12-12,0.00010053047691181106
Independencia,2022-12-13,0.00010842548473426287
Independencia,2022-12-14,8.549221806497276e-05
Independencia,2022-12-15,0.00016338644632765394
Independencia,2022-12-16,6.752070626164101e-05
Independencia,2022-12-17,3.539337535477776e-05
Independencia,2022-12-18,5.3656095000842e-05
Independencia,2022-12-19,9.188564235281355e-05
Independencia,2022-12-20,0.000126589110461847
Independencia,2022-12-21,8.496540022834173e-05
Independencia,2022-12-22,8.163094221477861e-05
Independencia,2022-12-23,7.282347484214555e-05
Independencia,2022-12-24,7.087935981743455e-05
Independencia,2022-12-25,2.553766408168493e-05
Independencia,2022-12-27,5.767353794407194e-05
Independencia,2022-12-28,8.432093362291336e-05
Independencia,2022-12-29,9.970142472498822e-05
Independencia,2022-12-30,8.50353456869047e-05
Independencia,2023-01-01,2.4605608185519974e-05
Independencia,2023-01-02,3.30060148768176e-05
Independencia,2023-01-03,9.509189970398593e-05
Independencia,2023-01-04,0.00010977070592775209
Independencia,2023-01-05,9.549262242232024e-05
Independencia,2023-01-06,5.687180998610581e-05
Independencia,2023-01-07,5.2672413864697145e-05
Independencia,2023-01-08,3.802344007742392e-05
Independencia,2023-01-09,6.978749596642283e-05
Independencia,2023-01-10,6.542707784758628e-05
Independencia,2023-01-11,9.129440658426606e-05
Independencia,2023-01-12,5.7798564836590977e-05
Independencia,2023-01-13,0.00011778226251413064
Independencia,2023-01-14,4.072138849965241e-05
Independencia,2023-01-15,5.03240599273056e-05
Independencia,2023-01-16,7.316185510861689e-05
Independencia,2023-01-17,6.297518906654336e-05
Independencia,2023-01-18,4.996877944162704e-05
Independencia,2023-01-19,6.445749228945221e-05
Independencia,2023-01-20,8.961047250449255e-05
Independencia,2023-01-21,5.082307149990034e-05
Independencia,2023-01-22,3.585287253744431e-05
Independencia,2023-01-23,5.834953777712938e-05
Independencia,2023-01-24,7.66791131057787e-05
Independencia,2023-01-25,6.949150512876975e-05
Independencia,2023-01-26,6.795435642740267e-05
Independencia,2023-01-27,0.00010239166702260387
Independencia,2023-01-28,4.894375357826439e-05
Independencia,2023-01-29,4.3850043800525586e-05
Independencia,2023-01-30,7.495687159110245e-05
Independencia,2023-01-31,8.219728646549466e-05
Independencia,2023-02-01,7.156600622692811e-05
Independencia,2023-02-02,8.226107758918223e-05
Independencia,2023-02-03,8.323140615910611e-05
Independencia,2023-02-04,7.384975891717017e-05
Independencia,2023-02-05,4.363556826852677e-05
Independencia,2023-02-06,0.00010707190933030056
Independencia,2023-02-07,8.017784532512305e-05
Independencia,2023-02-08,6.312608360257067e-05
Independencia,2023-02-09,0.00010279446299156378
Independencia,2023-02-10,9.508958652633811e-05
Independencia,2023-02-11,7.842672957327999e-05
Independencia,2023-02-12,4.3335879095467046e-05
Independencia,2023-02-13,7.011472351992683e-05
Independencia,2023-02-14,9.112324917358129e-05
Independencia,2023-02-15,8.180717864581625e-05
Independencia,2023-02-16,7.853511608651285e-05
Independencia,2023-02-17,0.00010583735306578953
Independencia,2023-02-18,4.6067911069110824e-05
Independencia,2023-02-19,3.114542207791869e-05
Independencia,2023-02-20,0.00011729841237929166
Independencia,2023-02-21,0.00010180760738525908
Independencia,2023-02-22,9.288322446117756e-05
Independencia,2023-02-23,8.251824097843682e-05
Independencia,2023-02-24,5.1405234011559594e-05
Independencia,2023-02-25,4.938720089868543e-05
Independencia,2023-02-26,6.602637746458755e-05
Independencia,2023-02-27,0.00012631811939927765
Independencia,2023-02-28,0.0001337984551094115
Independencia,2023-03-01,0.00012554954133985665
Independencia,2023-03-02,0.00011564819426401243
Independencia,2023-03-03,0.00015347265855517058
Independencia,2023-03-04,9.235276674777089e-05
Independencia,2023-03-05,5.1034054195621006e-05
Independencia,2023-03-06,8.461909922184294e-05
Independencia,2023-03-07,0.00010708727008830994
Independencia,2023-03-08,9.24251406221123e-05
Independencia,2023-03-09,0.00010903339943139498
Independencia,2023-03-10,0.00014388798548493545
Independencia,2023-03-11,5.752483621246219e-05
Independencia,2023-03-12,3.24713397081911e-05
Independencia,2023-03-13,9.93784693793549e-05
Independencia,2023-03-14,9.162508679983662e-05
Independencia,2023-03-15,0.00015686137066003367
Independencia,2023-03-16,0.0001427101272622882
Independencia,2023-03-17,0.00014341487478154459
Independencia,2023-03-18,7.393371237637477e-05
Independencia,2023-03-19,5.043288064113342e-05
Independencia,2023-03-20,0.00010781668948025942
Independencia,2023-03-21,0.00012770624544477076
Independencia,2023-03-22,0.0001386934590474942
Independencia,2023-03-23,0.00010880474687390452
Independencia,2023-03-24,0.0001649818030955613
Independencia,2023-03-25,0.00011731228773281786
Independencia,2023-03-26,8.857791553919798e-05
Independencia,2023-03-27,0.00014652099858707655
Independencia,2023-03-28,0.00011775759027971332
Independencia,2023-03-29,0.00019056770631606254
Independencia,2023-03-30,0.00015762951801095908
Independencia,2023-03-31,0.0005546583266297608
Independencia,2023-04-01,0.00021691530451761485
Independencia,2023-04-02,7.398181630135607e-05
Independencia,2023-04-04,0.0002772122586029121
Independencia,2023-04-05,0.00032217652340697355
Independencia,2023-04-06,0.00042888639911567504
Independencia,2023-04-07,0.00013217454355796888
Independencia,2023-04-08,6.54455575718153e-05
Independencia,2023-04-09,0.0001306189723713872
Independencia,2023-04-10,0.0003370761141784947
Independencia,2023-04-11,0.00022661020886594028
Independencia,2023-04-13,0.00014047267528350394
Independencia,2023-04-15,0.00019257363278568624
Independencia,2023-04-16,0.0001309286421763548
Independencia,2023-04-17,0.0002642479644261873
Independencia,2023-04-19,0.000548828027118331
Independencia,2023-04-20,0.00027373407041211833
Independencia,2023-04-21,0.0003828135805679167
Independencia,2023-04-22,0.000330451011268419
Independencia,2023-04-23,0.00010063209679832007
Independencia,2023-04-24,0.00021583787109772683
Independencia,2023-04-25,0.000276444709781275
Independencia,2023-04-27,0.0004525629247026526
Independencia,2023-04-28,0.00016013022112293124
Independencia,2023-05-01,0.00026037322116215814
Independencia,2023-05-02,0.0006578561953498792
Independencia,2023-05-04,0.0007216724193263282
Independencia,2023-05-05,0.0005024234894491386
Independencia,2023-05-06,0.0005100394268392233
Independencia,2023-05-07,0.00046709552020508723
Independencia,2023-05-08,0.0007028418786054903
Independencia,2023-05-09,0.0007142091127379198
Independencia,2023-05-11,0.00024785384195253924
Independencia,2023-05-12,0.0006309987625971959
Independencia,2023-05-13,0.0005978330556647356
Independencia,2023-05-14,0.000201530372332608
Independencia,2023-05-15,0.000456571471840991
Independencia,2023-05-16,0.0003292666006425019
Independencia,2023-05-17,0.0003925541383088809
Independencia,2023-05-19,0.0006831200816475896
Independencia,2023-05-20,0.000404868655521781
Independencia,2023-06-01,0.00047901433009040666
Independencia,2023-06-02,0.000574934013368689
Independencia,2023-06-04,0.00011863815511537086
Independencia,2023-06-05,0.0005620697518517116
Independencia,2023-06-11,0.0003665225786334548
Independencia,2023-06-12,0.0007338606093397422
Independencia,2023-06-13,0.0007474657544959814
Independencia,2023-06-15,0.0008866395040830091
Independencia,2023-06-16,0.000864633644927025
Independencia,2023-06-17,0.0006117046056081687
Independencia,2023-06-19,0.0008968732990745005
Independencia,2023-06-29,0.000978105086323182
Independencia,2023-06-30,0.000929239308516116
Independencia,2023-07-01,0.00032363194110983227
Independencia,2023-07-03,0.0003239913773389609
Independencia,2023-07-04,0.00031511459790463354
Independencia,2023-07-05,0.00036999297118783196
Independencia,2023-07-10,0.0005938133293976254
Independencia,2023-07-13,0.0006397310292808928
Independencia,2023-07-16,0.0006381747026364903
Independencia,2023-07-24,0.0006280791335971565
Independencia,2023-07-25,0.0003147107908165483
Independencia,2023-07-26,0.0008968853948332086
Independencia,2023-07-27,0.0006159888629154026
Independencia,2023-07-28,0.00041004741655006254
Independencia,2023-07-29,0.0007322809225269478
Independencia,2023-07-31,0.000646454491390503
Independencia,2023-08-01,0.0009982604282126276
Independencia,2023-08-02,0.0005735810461159881
Independencia,2023-08-03,0.0005351386045002474
Independencia,2023-08-04,0.0004958922934487248
Independencia,2023-08-06,0.0002155238095180664
Independencia,2023-08-08,0.00046646089472150037
Independencia,2023-08-10,9.136230898018665e-05
Independencia,2023-08-11,0.00075273330720914
Independencia,2023-08-12,0.0005650696866561968
Independencia,2023-08-13,0.00018432452846165023
Independencia,2023-08-14,0.0005769695539621536
Independencia,2023-08-25,0.0006109678652435958
Independencia,2023-08-26,0.00034080797546714433
Independencia,2023-08-27,0.00031891784825383295
Independencia,2023-08-29,0.00039408322490057347
Independencia,2023-08-30,0.0003971190925552121
Independencia,2023-08-31,0.0006761036162027288
Independencia,2023-09-11,0.00036388053446503816
Independencia,2023-09-14,0.0005712381134777879
Independencia,2023-09-15,0.00035862734760972755
Independencia,2023-09-16,8.965058619576273e-05
Independencia,2023-09-24,0.00015885619143953615
Independencia,2023-09-25,0.00015288885202642254
Independencia,2023-09-26,0.00014409115273039804
Independencia,2023-09-27,0.0004822867656165621
Independencia,2023-09-28,0.0002507320311139127
Independencia,2023-09-29,0.0005007840051154871
Independencia,2023-09-30,0.00015353002784460192
Independencia,2023-10-04,0.00036161681662110645
Independencia,2023-10-05,0.00013817348796568208
Independencia,2023-10-06,0.0001427366625305293
Independencia,2023-10-07,0.0001337663035435602
Independencia,2023-10-08,9.524706633634227e-05
Independencia,2023-10-09,8.780088378149747e-05
Independencia,2023-10-11,0.00017339459349561447
Independencia,2023-10-12,0.00018255764901900065
Independencia,2023-10-13,0.00020044537012917874
Independencia,2023-10-14,0.00011309801425777512
Independencia,2023-10-15,7.983730834825562e-05
Independencia,2023-10-16,0.0001584037808230576
Independencia,2023-10-17,0.0001351964473638397
Independencia,2023-10-18,0.0001872608547212397
Independencia,2023-10-22,5.150217837501501e-05
Independencia,2023-10-23,0.0002406083978801653
Independencia,2023-10-24,0.00014569597288018808
Independencia,2023-10-25,0.00015376326331132024
Independencia,2023-10-26,0.00011067915580436751
Independencia,2023-10-27,9.423569999488731e-05
Independencia,2023-10-31,0.00022235262508225084
Independencia,2023-11-02,7.47774312472717e-05
Independencia,2023-11-03,0.0002993689993596738
Independencia,2023-11-04,9.300381454460652e-05
Independencia,2023-11-05,5.8704744687629045e-05
Independencia,2023-11-06,9.057371221274658e-05
Independencia,2023-11-07,0.00010527493577682956
Independencia,2023-11-08,0.0001042579437003502
Independencia,2023-11-13,9.957496715888924e-05
Independencia,2023-11-14,0.00011092587121578525
Independencia,2023-11-15,0.00013605065537220407
Independencia,2023-11-16,0.00013028470372653293
Independencia,2023-11-19,7.516573202985846e-05
Independencia,2023-11-20,0.00014331703868964392
Independencia,2023-11-22,4.456238331618527e-05
Independencia,2023-11-23,4.871332437304434e-05
Independencia,2023-11-24,7.505793913843427e-05
Independencia,2023-11-25,6.060884414100347e-05
Independencia,2023-11-26,4.40917274313234e-05
Independencia,2023-11-27,9.755305985922663e-05
Independencia,2023-11-28,7.429227422322816e-05
Independencia,2023-11-29,0.00010625004563721797
Independencia,2023-11-30,7.599416214075505e-05
Independencia,2023-12-01,0.00010148731938638045
Independencia,2023-12-02,7.300213284532151e-05
Independencia,2023-12-03,3.48415737253827e-05
Independencia,2023-12-04,6.746187932242989e-05
Independencia,2023-12-05,7.08759387634083e-05
Independencia,2023-12-06,0.00012741974740881776
Independencia,2023-12-07,0.00015599301202900634
Independencia,2023-12-08,4.004541009367964e-05
Independencia,2023-12-09,6.188831428910433e-05
Independencia,2023-12-10,8.349665548524349e-05
Independencia,2023-12-11,9.135093533535879e-05
Independencia,2023-12-12,0.0001036701557152199
Independencia,2023-12-13,0.00013468990126076362
Independencia,2023-12-14,6.307704061644199e-05
Independencia,2023-12-15,0.0001078874120139477
Independencia,2023-12-16,2.925807240270119e-05
Independencia,2023-12-17,6.245375240554955e-05
Independencia,2023-12-18,0.00014072933674564168
Independencia,2023-12-19,6.855558030768984e-05
Independencia,2023-12-21,0.00010032300273220465
Independencia,2023-12-22,0.0001304587682252612
Independencia,2023-12-24,4.582583798514975e-05
Independencia,2023-12-25,4.278712803975382e-05
Independencia,2023-12-26,9.292647187699544e-05
Independencia,2023-12-29,0.00012071020707592034
Independencia,2023-12-30,4.0763122401966075e-05
Independencia,2023-12-31,4.482455986139384e-05
Independencia,2024-01-01,3.793915212304658e-05
Independencia,2024-01-02,8.832816391509527e-05
Independencia,2024-01-03,7.880268313694008e-05
Independencia,2024-01-04,6.817005378005854e-05
Independencia,2024-01-05,6.702912067408998e-05
Independencia,2024-01-06,5.0475741366957286e-05
Independencia,2024-01-07,4.138973162354026e-05
Independencia,2024-01-08,8.158260269468805e-05
Independencia,2024-01-09,6.520698021738838e-05
Independencia,2024-01-10,5.903396302227882e-05
Independencia,2024-01-11,8.271326198442635e-05
Independencia,2024-01-12,9.498345778168701e-05
Independencia,2024-01-13,5.0940945927561354e-05
Independencia,2024-01-14,5.013746827985332e-05
Independencia,2024-01-15,5.0066526862777504e-05
Independencia,2024-01-16,0.00010613259852031421
Independencia,2024-01-17,7.893650322096733e-05
Independencia,2024-01-18,0.00010045249769108364
Independencia,2024-01-19,0.00014271860032630064
Independencia,2024-01-20,4.797340297947196e-05
Independencia,2024-01-21,3.687491316858691e-05
Independencia,2024-01-22,9.976169556362533e-05
Independencia,2024-01-23,7.858984126950484e-05
Independencia,2024-01-24,0.00014988662064911726
Independencia,2024-01-25,5.929331632804883e-05
Independencia,2024-01-26,7.135735521424661e-05
Independencia,2024-01-27,5.943321845991786e-05
Independencia,2024-01-28,4.466597606514393e-05
Independencia,2024-01-29,7.347823132197449e-05
Independencia,2024-01-30,0.00010734500760984644
Independencia,2024-01-31,7.99248406696217e-05
Independencia,2024-02-01,9.320060149978407e-05
Independencia,2024-02-02,0.00013569193529300774
Independencia,2024-02-03,7.689615952962843e-05
Independencia,2024-02-04,3.8741112824594476e-05
Independencia,2024-02-05,9.037425608454094e-05
Independencia,2024-02-06,6.509011152047302e-05
Independencia,2024-02-07,9.545566102075675e-05
Independencia,2024-02-08,9.63605456355686e-05
Independencia,2024-02-09,8.220099450050874e-05
Independencia,2024-02-10,3.4852006258169124e-05
Independencia,2024-02-11,2.783893251034794e-05
Independencia,2024-02-12,0.0001082881223582692
Independencia,2024-02-13,0.00010215969243824743
Independencia,2024-02-14,0.00014035533306477213
Independencia,2024-02-15,0.0001081544002722067
Independencia,2024-02-16,8.033545807501124e-05
Independencia,2024-02-17,5.518192800717279e-05
Independencia,2024-02-18,4.8840265443666633e-05
Independencia,2024-02-19,0.0001016240531865179
Independencia,2024-02-20,0.00013008699235464007
Independencia,2024-02-21,8.156946723660466e-05
Independencia,2024-02-23,0.0002485698505785773
Independencia,2024-02-24,8.0507440462738e-05
Independencia,2024-02-25,4.669399244327159e-05
Independencia,2024-02-26,0.00010614623294542374
Independencia,2024-02-27,7.563021616156425e-05
Independencia,2024-02-28,0.00011166200084606691
Independencia,2024-02-29,0.00012521689980294669
Independencia,2024-03-01,0.0001110245365438425
Independencia,2024-03-02,6.434774961923057e-05
Independencia,2024-03-03,5.5125387155525966e-05
Independencia,2024-03-04,9.539926648500905e-05
Independencia,2024-03-05,0.00011117211877413659
Independencia,2024-03-06,0.00012168793378150325
Independencia,2024-03-07,0.00012773873676260648
Independencia,2024-03-08,0.00012658020350254007
Independencia,2024-03-09,7.598035635545028e-05
Independencia,2024-03-10,4.972135713586771e-05
Independencia,2024-03-11,0.00014309756309811289
Independencia,2024-03-12,0.00023663972914797957
Independencia,2024-03-13,0.00011130973818862037
Independencia,2024-03-14,0.00012318498510379493
Independencia,2024-03-15,0.00013523005772604293
Independencia,2024-03-16,0.0001146216820277659
Independencia,2024-03-17,8.380274874074721e-05
Independencia,2024-03-18,0.0003160355599053196
Independencia,2024-03-19,0.0001551048350550064
Independencia,2024-03-21,0.0002933540036980991
Independencia,2024-03-22,0.0001521811434426752
Independencia,2024-03-23,0.0001229823817032523
Independencia,2024-03-24,8.583361943370428e-05
Independencia,2024-03-25,0.00010352099112298774
Independencia,2024-03-26,0.0002489588332888459
Independencia,2024-03-27,0.00017147285329430112
Independencia,2024-03-28,0.0001792753401634963
Independencia,2024-03-29,9.75541341710513e-05
Independencia,2024-03-30,5.867976045285471e-05
Independencia,2024-03-31,4.2820974501115796e-05
Independencia,2024-04-04,0.0003078851017760551
Independencia,2024-04-05,0.00017033941499607799
Independencia,2024-04-06,0.00012909980615289743
Independencia,2024-04-07,0.0001388330952176054
Independencia,2024-04-08,0.0003161031427960197
Independencia,2024-04-09,0.00023870298766261037
Independencia,2024-04-10,9.572068348841471e-05
Independencia,2024-04-13,0.00021461916275158582
Independencia,2024-04-14,7.000038176926882e-05
Independencia,2024-04-16,0.0005801379359428049
Independencia,2024-04-17,0.0006009749369819673
Independencia,2024-04-18,0.0007004767539910713
Independencia,2024-04-22,0.00016651971912902712
Independencia,2024-04-23,0.00046420090257858306
Independencia,2024-04-24,0.0004177088342600473
Independencia,2024-04-25,0.00016891685299902544
Independencia,2024-04-26,0.0001933927004572899
Independencia,2024-04-27,0.00032756007884151786
Independencia,2024-04-29,0.0002042116302961424
Independencia,2024-04-30,9.962503336816385e-05
Independencia,2024-05-03,0.0005580069448098767
Independencia,2024-05-04,0.00035850265174544127
Independencia,2024-05-06,0.000259873518096773
Independencia,2024-05-08,0.0006106076437340703
Independencia,2024-05-09,0.0006308723194557176
Independencia,2024-05-11,0.000568046941966147
Independencia,2024-05-12,0.00013853710392426082
Independencia,2024-05-13,0.00048037568939773433
Independencia,2024-05-14,0.00046802062984785495
Independencia,2024-05-16,0.0006278753238322544
Independencia,2024-05-17,0.0003932422083967327
Independencia,2024-05-18,0.000314538543029634
Independencia,2024-05-23,0.00030464078617566093
Independencia,2024-05-25,0.0005358993676341671
Independencia,2024-05-26,0.00021185845253056995
Independencia,2024-05-29,0.0011748902643275026
Independencia,2024-05-30,0.0012173487474713921
Independencia,2024-06-01,0.0006022727057050021
Independencia,2024-06-02,0.0003865208730673845
Independencia,2024-06-15,0.0004648592766875159
Independencia,2024-06-16,0.0003891218513164009
Independencia,2024-06-19,0.0004186045965431452
Independencia,2024-06-25,0.0004051033301789374
Independencia,2024-06-28,0.0008523889993990664
Independencia,2024-06-29,0.00031166036035750014
Independencia,2024-06-30,0.00026295535250687356
Independencia,2024-07-01,0.0006210531469682643
Independencia,2024-07-02,0.000788207428215225
Independencia,2024-07-03,0.00034620275296689255
Independencia,2024-07-05,0.0010399273426998214
Independencia,2024-07-06,0.0005293811157837628
Independencia,2024-07-07,0.0004913717352544913
Independencia,2024-07-08,0.0008403367770976926
Independencia,2024-07-09,0.0006443997325393122
Independencia,2024-07-10,0.0006094682296157676
Independencia,2024-07-11,0.0009580541132559207
Independencia,2024-07-12,0.00047324459218382064
Independencia,2024-07-13,0.0005816868492839409
Independencia,2024-07-14,0.00036889026754430884
Independencia,2024-07-16,0.0005782972111047917
Independencia,2024-07-19,0.000871933312142909
Independencia,2024-07-20,0.00030973195647562715
Independencia,2024-07-22,0.0005922733046071666
Independencia,2024-07-24,0.0005172251060180486
Independencia,2024-07-25,0.00045014180393654037
Independencia,2024-07-27,0.0006628985948114565
Independencia,2024-07-28,0.00027885228601041333
Independencia,2024-07-29,0.0007390999681119367
Independencia,2024-08-03,0.0005024779398457453
Independencia,2024-08-04,0.0002525049914737267
Independencia,2024-08-06,0.0004609834581626956
Independencia,2024-08-08,0.0005533389437671567
Independencia,2024-08-09,0.0006535805648664493
Independencia,2024-08-10,0.0006000153881255799
Independencia,2024-08-11,0.00036650337873555665
Independencia,2024-08-12,0.000692966394268852
Independencia,2024-08-13,0.0006419039980751425
Independencia,2024-08-23,0.0002986658691069961
Independencia,2024-08-24,0.0005114337352405977
Independencia,2024-08-25,0.0002230569043152619
Independencia,2024-08-26,0.0003215180292559515
Independencia,2024-08-27,0.0005196056757924346
Independencia,2024-08-28,0.0004968842207581524
Independencia,2024-08-30,0.0003014567085984177
Independencia,2024-08-31,0.00033857722732122766
Independencia,2024-09-01,0.00012081151148737437
Independencia,2024-09-02,7.378903937224847e-05
Independencia,2024-09-04,0.000591971672509892
Independencia,2024-09-05,0.0003659291806711003
Independencia,2024-09-06,0.0001840656278016387
Independencia,2024-09-07,0.0002589593067746599
Independencia,2024-09-09,0.0006281283628709136
Independencia,2024-09-10,0.00023697939412744773
Independencia,2024-09-11,0.00042651268926977167
Independencia,2024-09-12,0.0002490956032922283
Independencia,2024-09-13,0.000476266467490694
Independencia,2024-09-14,0.0003555662577188388
Independencia,2024-09-15,0.00035328481209678206
Independencia,2024-09-17,0.0001273382888844522
Independencia,2024-09-19,3.603418741099741e-05
Independencia,2024-09-21,8.721079518240239e-05
Independencia,2024-09-24,0.00023719534539201652
Independencia,2024-09-25,0.0002670434594021068
Independencia,2024-09-26,0.0004136765268442506
Independencia,2024-09-27,0.00016170702162979312
Independencia,2024-09-28,0.0002630643341645531
Independencia,2024-09-30,0.0001868192227736313
Independencia,2024-10-03,0.00033420954853869084
Independencia,2024-10-04,0.00017666044780930253
Independencia,2024-10-05,0.00015436405086702746
Independencia,2024-10-07,0.00018131741623935812
Independencia,2024-10-09,0.00020438317638471484
Independencia,2024-10-10,0.00012083718954649982
Independencia,2024-10-14,0.00020366876162236774
Independencia,2024-10-15,0.0005904495136979903
Independencia,2024-10-16,0.00010899773063322081
Independencia,2024-10-17,0.00039365065364400806
Independencia,2024-10-18,0.00021710542175253339
Independencia,2024-10-19,5.548372557548667e-05
Independencia,2024-10-20,4.692640688096707e-05
Independencia,2024-10-21,0.00016204575601024148
Independencia,2024-10-22,0.0001207558878001192
Independencia,2024-10-23,9.119340860455642e-05
Independencia,2024-10-24,0.00014346557431391046
Independencia,2024-10-25,0.00020501343016882342
Independencia,2024-10-26,0.0001050654937655622
Independencia,2024-10-27,8.453826677472077e-05
Independencia,2024-10-28,0.00018312847524073428
Independencia,2024-10-29,0.0001100892814865756
Independencia,2024-10-30,9.217206557718089e-05
Independencia,2024-10-31,8.462714559266472e-05
Independencia,2024-11-02,7.802391424432778e-05
Independencia,2024-11-04,0.0001274586396715691
Independencia,2024-11-05,0.0001576597590140593
Independencia,2024-11-06,0.00013704119663923576
Independencia,2024-11-08,7.897753689213227e-05
Independencia,2024-11-09,3.357548483815052e-05
Independencia,2024-11-10,3.83945433023314e-05
Independencia,2024-11-11,0.00012404553931206512
Independencia,2024-11-12,0.00016330834744047708
Independencia,2024-11-13,0.0001060804043753276
Independencia,2024-11-14,0.00010086707679562255
Independencia,2024-11-15,7.936810395349589e-05
Independencia,2024-11-17,5.753292279981764e-05
Independencia,2024-11-18,0.0001128093485718977
Independencia,2024-11-19,8.402278412039928e-05
Independencia,2024-11-20,9.192203975067765e-05
Independencia,2024-11-21,7.185360681485908e-05
Independencia,2024-11-22,0.00010355837124531707
Independencia,2024-11-23,8.305317923314625e-05
Independencia,2024-11-24,3.9540353556049486e-05
Independencia,2024-11-25,7.126966926889391e-05
Independencia,2024-11-26,8.267028492906021e-05
Independencia,2024-11-27,9.236887243459263e-05
Independencia,2024-11-28,9.430136942925978e-05
Independencia,2024-11-29,0.0001061821386806029
Independencia,2024-11-30,4.980519885112184e-05
Independencia,2024-12-01,4.291672303224755e-05
Independencia,2024-12-02,8.18796303913258e-05
Independencia,2024-12-03,8.927096213226437e-05
Independencia,2024-12-04,7.588521779947188e-05
Independencia,2024-12-05,0.0001085930400788894
Independencia,2024-12-07,5.963127997884531e-05
Independencia,2024-12-08,4.025052472926424e-05
Independencia,2024-12-09,0.0001366043077220734
Independencia,2024-12-10,7.03561090471752e-05
Independencia,2024-12-11,8.038560980465845e-05
Independencia,2024-12-12,0.00010305718483577485
Independencia,2024-12-13,0.00011108069243387479
Independencia,2024-12-14,6.61744516722066e-05
Independencia,2024-12-15,2.2251088264601856e-05
Independencia,2024-12-16,7.499075932184219e-05
Independencia,2024-12-17,5.5596353884001e-05
Independencia,2024-12-18,0.00010501595661682424
Independencia,2024-12-19,0.00011217932349814583
Independencia,2024-12-20,0.00014174791692863042
Independencia,2024-12-21,5.762513906547008e-05
Independencia,2024-12-22,5.295392060065264e-05
Independencia,2024-12-23,7.297488902605593e-05
Independencia,2024-12-24,8.759068075490989e-05
Independencia,2024-12-25,4.087661098936377e-05
Independencia,2024-12-26,3.924728911259828e-05
Independencia,2024-12-27,6.168819814225709e-05
Independencia,2024-12-28,4.2309792856689696e-05
Independencia,2024-12-29,4.786058195498715e-05
Independencia,2024-12-30,7.765841310679803e-05
Independencia,2024-12-31,5.977441066081593e-05
Independencia,2025-01-01,2.469978080185899e-05
Independencia,2025-01-02,6.205654757413457e-05
Independencia,2025-01-03,7.444017155709985e-05
Independencia,2025-01-04,6.50872370234654e-05
Independencia,2025-01-05,5.6605646622354786e-05
Independencia,2025-01-06,5.0349853366698786e-05
Independencia,2025-01-07,5.5993957535842463e-05
Independencia,2025-01-08,7.298970722747254e-05
Independencia,2025-01-09,9.728117883066938e-05
Independencia,2025-01-10,8.500140343397959e-05
Independencia,2025-01-11,4.541579197630243e-05
Independencia,2025-01-12,-5.342517374313313e-07
Independencia,2025-01-13,6.946719233928681e-05
Independencia,2025-01-14,7.170688120387806e-05
Independencia,2025-01-15,0.00010360328588614503
Independencia,2025-01-16,6.543400827451063e-05
Independencia,2025-01-17,6.234234476427328e-05
Independencia,2025-01-18,3.9242400646056365e-05
Independencia,2025-01-19,4.6654774245229545e-05
Independencia,2025-01-20,8.436112969656223e-05
Independencia,2025-01-21,7.46627888653704e-05
Independencia,2025-01-22,6.212799805088817e-05
Independencia,2025-01-23,6.673480606732064e-05
Independencia,2025-01-24,0.00010349241815486398
Independencia,2025-01-25,6.475106999427968e-05
Independencia,2025-01-26,4.5612498011630784e-05
Independencia,2025-01-27,6.248443945689272e-05
Independencia,2025-01-28,7.153042489229634e-05
Independencia,2025-01-29,6.434604036137665e-05
Independencia,2025-01-30,8.21472789638541e-05
Independencia,2025-01-31,0.00010763752129317182
Independencia,2025-02-01,6.880887984171008e-05
Independencia,2025-02-02,2.8944861478201793e-05
Independencia,2025-02-03,7.740301640567575e-05
Independencia,2025-02-04,8.100965659745018e-05
Independencia,2025-02-05,0.00011331405574746172
Independencia,2025-02-06,0.00011144769235325514
Independencia,2025-02-07,7.203224473562787e-05
Independencia,2025-02-08,6.303695815675439e-05
Independencia,2025-02-09,4.361909112526366e-05
Independencia,2025-02-10,6.151011741495781e-05
Independencia,2025-02-11,7.8807612114384e-05
Independencia,2025-02-12,8.370743142931636e-05
Independencia,2025-02-13,7.614794729317228e-05
Independencia,2025-02-14,8.817697666913321e-05
Independencia,2025-02-15,4.7460037942727474e-05
Independencia,2025-02-16,5.030510179411921e-05
Independencia,2025-02-17,0.00010961156697948623
Independencia,2025-02-18,0.00014207282905423174
Independencia,2025-02-19,8.178556841670509e-05
Independencia,2025-02-20,8.88648209864682e-05
Independencia,2025-02-21,0.0001109739572742387
Independencia,2025-02-22,7.14315757077183e-05
Independencia,2025-02-23,3.825293506481242e-05
Independencia,2025-02-24,7.789100498980378e-05
Independencia,2025-02-25,0.00012586366500237536
Independencia,2025-02-26,0.00013838871417889439
Independencia,2025-02-27,0.00010571941320545902
Independencia,2025-02-28,5.95227393598965e-05
Independencia,2025-03-01,3.74265929811262e-05
Independencia,2025-03-02,3.6356405465793165e-05
Independencia,2025-03-03,0.00014608262161201882
Independencia,2025-03-04,0.00014044948153854784
Independencia,2025-03-05,0.00011908890460759831
Independencia,2025-03-06,9.01658319212597e-05
Independencia,2025-03-07,8.003371658769523e-05
Independencia,2025-03-08,8.648609379310834e-05
Independencia,2025-03-09,7.059661288885707e-05
Independencia,2025-03-10,0.00012590005123798624
Independencia,2025-03-11,0.0001253571461129233
Independencia,2025-03-12,8.771759119783972e-05
Independencia,2025-03-13,0.00010896367451427703
Independencia,2025-03-14,0.00015659947320905473
Independencia,2025-03-15,0.00011457241202468125
Independencia,2025-03-16,4.5385450105983694e-05
Independencia,2025-03-17,0.00015095526260521975
Independencia,2025-03-18,0.00022122015778454788
Independencia,2025-03-19,0.00017033364763881136
Independencia,2025-03-20,0.00017408576155415528
Independencia,2025-03-21,0.0003367768630631232
Independencia,2025-03-22,8.208718802438278e-05
Independencia,2025-03-24,0.0001778134085613335
Independencia,2025-03-25,0.0001501965680935975
Independencia,2025-03-26,0.00042624582697792327
Independencia,2025-03-29,8.568659098516115e-05
Independencia,2025-03-31,0.00039106724465416877
Independencia,2025-04-01,0.0004293705713645723
Independencia,2025-04-02,0.0002776920534613744
Independencia,2025-04-03,0.0005923456866984667
Independencia,2025-04-04,0.00031971391936749203
Independencia,2025-04-05,0.00021066190751602845
Independencia,2025-04-06,0.00016300012847025053
Independencia,2025-04-07,0.00034963109544776264
Independencia,2025-04-08,0.0001825160154293146
Independencia,2025-04-09,0.00022204890995623292
Independencia,2025-04-10,0.0001703533425259258
Independencia,2025-04-12,0.00026822558812351655
Independencia,2025-04-13,0.00010236278033950855
Independencia,2025-04-14,0.00029926443613636095
Independencia,2025-04-15,0.0003751020220521292
Independencia,2025-04-16,0.0003794780982593331
Independencia,2025-04-18,0.00014653652370800224
Independencia,2025-04-20,0.00018431840919249683
Independencia,2025-04-22,0.00041819461503687325
Independencia,2025-04-24,0.0002485804241358024
Independencia,2025-04-26,0.0002992373605207404
Independencia,2025-04-27,0.00020208749170756016
Independencia,2025-04-28,0.00041602635156077854
Independencia,2025-04-29,0.0002762689755960841
Independencia,2025-05-01,0.0003494084913244297
Independencia,2025-05-02,0.0004904017307753629
Independencia,2025-05-03,0.00037002203882351663
Independencia,2025-05-04,0.00019553665599229304
Independencia,2025-05-05,0.0003662794449520573
Independencia,2025-05-09,0.00038189566134329647
Independencia,2025-05-10,0.000622230318202287
Independencia,2025-05-11,0.0004223263863781944
Independencia,2025-05-12,0.0005990555722705277
Independencia,2025-05-13,0.0007326080813072352
Independencia,2025-05-14,0.0006509564858124483
Independencia,2025-05-15,0.0007122845272533332
Independencia,2025-05-16,0.0005240798547500663
Independencia,2025-05-21,0.0005650935940217525
Independencia,2025-05-22,0.0008999189498524072
Independencia,2025-05-24,0.0007868825907459758
Independencia,2025-05-27,0.0003629861876766455
Independencia,2025-05-28,0.0009082836840179856
Independencia,2025-05-29,0.0007988020110847099
Independencia,2025-05-30,0.0007220652733149915
Independencia,2025-05-31,0.0007342389224051763
Independencia,2025-06-01,0.0004752062958573536
Independencia,2025-06-04,0.0011184539467326256
Independencia,2025-06-05,0.0007818774320184895
Independencia,2025-06-06,0.00043941961920954174
Independencia,2025-06-07,0.0004753555639827219
Independencia,2025-06-08,0.0004600436253149051
Independencia,2025-06-09,0.0007332288757235035
Independencia,2025-06-10,0.0005220637874289757
Independencia,2025-06-13,0.0007299279897166397
Independencia,2025-06-18,0.0008297970846381731
Independencia,2025-06-19,0.0008977981622079572
Independencia,2025-06-20,0.0006113549296141029
Independencia,2025-06-22,0.0002498181520202721
Independencia,2025-06-23,0.00031423498832310216
Independencia,2025-06-24,0.0005509388915671138
Independencia,2025-06-25,0.0008736499801960264
Independencia,2025-06-26,0.0008063213622073429
Independencia,2025-06-28,0.0003613868910527544
Independencia,2025-06-29,0.0005393745389784836
Independencia,2025-07-01,0.00045677623516902894
Independencia,2025-07-02,0.0004402710898304436
Independencia,2025-07-03,0.0005488642626838018
Independencia,2025-07-04,0.0009820866094172656
Independencia,2025-07-06,0.00025835364502588043
Independencia,2025-07-07,0.0007174744940713696
Independencia,2025-07-08,0.0007108618984497853
Independencia,2025-07-10,0.0007459799934942451
Independencia,2025-07-11,0.0006583319524705697
Independencia,2025-07-12,0.0006934917201115655
Independencia,2025-07-13,0.00035087661132155807
Independencia,2025-07-15,0.0005698651817332453
Independencia,2025-07-16,0.00043237814016229803
Independencia,2025-07-17,0.0004887667215496271
Independencia,2025-07-18,0.0008601920955558322
Independencia,2025-07-19,0.0009225770713668267
Independencia,2025-07-21,0.0010817924999060077
Independencia,2025-07-22,0.0006908123928188823
Independencia,2025-07-23,0.0006926071314821642
Independencia,2025-07-24,0.0002405936654041975
Independencia,2025-07-28,0.0004796138446849927
Independencia,2025-08-04,0.0005607642829776892
Independencia,2025-08-05,0.0006830387851699043
Independencia,2025-08-06,0.0007523626602442847
Independencia,2025-08-07,0.0005051818761510239
Independencia,2025-08-08,0.000732210895981822
Independencia,2025-08-10,0.0003161414931468401
Independencia,2025-08-11,0.0008852457680596837
Independencia,2025-08-13,0.000670934011216154
Independencia,2025-08-14,0.00034726538597183693
Independencia,2025-08-16,0.0003611678321897392
Independencia,2025-08-19,0.0003263798874878849
Independencia,2025-08-24,0.00029266130160769476
Independencia,2025-08-25,0.0009562823722336722
Independencia,2025-08-26,0.0009198638284724347
Independencia,2025-08-27,0.0006924701643804963
Independencia,2025-09-01,0.0006807554165149538
Independencia,2025-09-03,0.0006118794694300632
Independencia,2025-09-04,0.00047937650866642766
Independencia,2025-09-05,0.0005113220703207167
Independencia,2025-09-08,0.0002706595835446475
Independencia,2025-09-09,0.00019730165084827958
Independencia,2025-09-10,0.000253377883918406
Independencia,2025-09-11,0.00025994148096607927
Independencia,2025-09-12,0.00026806834579962943
Independencia,2025-09-13,0.00010959763022525779
Independencia,2025-09-14,5.1477593195126776e-05
Independencia,2025-09-15,0.0003341278026724659
Independencia,2025-09-16,0.0006269886668178324
Independencia,2025-09-17,0.0003813326783447507
Independencia,2025-09-18,0.00013363914441375188
Independencia,2025-09-19,6.179365607229688e-05
Independencia,2025-09-21,6.196856072001671e-05
Independencia,2025-09-22,0.0005998193458577586
Independencia,2025-09-23,0.0005155030464793369
Independencia,2025-09-24,0.0002784577353839613
Independencia,2025-09-27,0.0003278896569920451
Independencia,2025-09-28,0.00015676632241583594
Independencia,2025-09-29,0.00026969230308600137
Independencia,2025-09-30,0.00029449694519591605
Independencia,2025-10-01,0.0001973439000877746
Independencia,2025-10-02,0.00031572900446937214
Independencia,2025-10-03,0.00020525931853175786
Independencia,2025-10-04,9.537978732542913e-05
Independencia,2025-10-05,5.015571242014213e-05
Independencia,2025-10-06,0.00013903035212329374
Independencia,2025-10-07,0.0002137329228834264
Independencia,2025-10-08,0.0004358845697476877
Independencia,2025-10-09,0.00022404617049075833
Independencia,2025-10-10,7.883427112288968e-05
Independencia,2025-10-11,7.336707606147871e-05
Independencia,2025-10-12,7.929858707150622e-05
Independencia,2025-10-13,0.00019553138603511195
Independencia,2025-10-14,0.00019436525207188127
Independencia,2025-10-15,0.00014699802271916953
Independencia,2025-10-16,8.63521078809044e-05
Independencia,2025-10-17,0.00014520907453755756
Independencia,2025-10-19,6.999812927467605e-05
Independencia,2025-10-20,0.00020173525018863346
Independencia,2025-10-22,0.00013759648682791896
Independencia,2025-11-04,0.00016800175286663902
Independencia,2025-11-05,0.00011659074923894518
Independencia,2025-11-07,0.00022196984549278456
Independencia,2025-11-08,6.362708510941498e-05
Independencia,2025-11-09,6.630616854902307e-05
Independencia,2025-11-10,0.00011093507100449198
Independencia,2025-11-11,0.00011216292052437565
Independencia,2025-11-12,9.832493378780418e-05
Independencia,2025-11-13,0.0001391655101336125
Independencia,2025-11-14,0.00012359684698586888
Independencia,2025-11-15,6.509854828222292e-05
Independencia,2025-11-16,4.149923535908937e-05
Independencia,2025-11-18,0.00010044783090719037
Independencia,2025-11-19,0.00010106963960541815
Independencia,2025-11-21,0.00013573872621411146
Independencia,2025-11-22,6.835538415691459e-05
Independencia,2025-11-23,4.054880029419247e-05
Independencia,2025-11-24,0.00010222568041437718
Independencia,2025-11-25,9.285254766283705e-05
Independencia,2025-11-26,0.00015955882473922035
Independencia,2025-11-27,5.077791496735891e-05
Independencia,2025-11-28,8.875891217030255e-05
Independencia,2025-11-29,6.028685406115709e-05
Independencia,2025-11-30,4.8614604645730924e-05
Independencia,2025-12-01,0.00010097201593538135
Independencia,2025-12-02,9.873864234912567e-05
Independencia,2025-12-03,0.00010261881756348405
Independencia,2025-12-04,7.313751778460062e-05
Independencia,2025-12-05,0.00010946905611812952
Independencia,2025-12-08,6.419148568276414e-05
Independencia,2025-12-09,6.903385309819022e-05
Independencia,2025-12-10,7.519514915679938e-05
Independencia,2025-12-12,9.867380794425715e-05
Independencia,2025-12-13,3.122825871695496e-05
Independencia,2025-12-15,9.069632023931269e-05
Independencia,2025-12-16,0.00015370377387963056
Independencia,2025-12-17,7.824280279034792e-05
Independencia,2025-12-18,7.938980869185185e-05
Independencia,2025-12-19,5.7979035550037606e-05
Independencia,2025-12-20,5.0845614929185675e-05
Independencia,2025-12-21,4.90181404948804e-05
Independencia,2025-12-22,0.00012389974965114296
Independencia,2025-12-23,0.00011071433044171591
Independencia,2025-12-24,5.226735792609601e-05
Independencia,2025-12-25,3.517586663702839e-05
Independencia,2025-12-26,6.681509740153108e-05
Independencia,2025-12-27,8.055219415903596e-05
Independencia,2025-12-28,4.783948442530292e-05
Independencia,2025-12-29,6.927652503468473e-05
Independencia,2025-12-30,7.761717122024162e-05
Independencia,2025-12-31,6.628695544258828e-05
Las Condes,2019-01-01,3.04502608366444e-05
Las Condes,2019-01-02,5.285818784471903e-05
Las Condes,2019-01-03,0.00012269631852989898
Las Condes,2019-01-04,0.00010983074467331511
Las Condes,2019-01-05,6.230386561782926e-05
Las Condes,2019-01-06,2.6301703137950385e-05
Las Condes,2019-01-07,5.870558743481524e-05
Las Condes,2019-01-08,8.59770022059371e-05
Las Condes,2019-01-10,0.00015426413794760016
Las Condes,2019-01-11,9.348831530624865e-05
Las Condes,2019-01-12,4.1410921097091305e-05
Las Condes,2019-01-13,2.7312193196848966e-05
Las Condes,2019-01-14,8.609066777085452e-05
Las Condes,2019-01-15,0.00014384127515909494
Las Condes,2019-01-16,7.391209510387853e-05
Las Condes,2019-01-17,7.878559041421185e-05
Las Condes,2019-01-18,0.00012950140367937193
Las Condes,2019-01-19,5.4147748638232144e-05
Las Condes,2019-01-20,4.285432853924289e-05
Las Condes,2019-01-21,9.100585386425739e-05
Las Condes,2019-01-22,6.22740015087007e-05
Las Condes,2019-01-23,9.557644684438439e-05
Las Condes,2019-01-24,0.00011583957653527745
Las Condes,2019-01-25,0.00014337005892314837
Las Condes,2019-01-26,4.9579342534688914e-05
Las Condes,2019-01-27,3.478525417367595e-05
Las Condes,2019-01-28,8.119076535445851e-05
Las Condes,2019-01-29,0.00010589305018046781
Las Condes,2019-01-30,7.948639501863833e-05
Las Condes,2019-01-31,9.704815919226551e-05
Las Condes,2019-02-01,8.974750492625934e-05
Las Condes,2019-02-02,7.052150589496664e-05
Las Condes,2019-02-03,3.3339339471756526e-05
Las Condes,2019-02-04,0.0001083321732901755
Las Condes,2019-02-05,0.00010660458336938
Las Condes,2019-02-06,5.8005491155199707e-05
Las Condes,2019-02-07,7.525539431412555e-05
Las Condes,2019-02-08,7.339648719955742e-05
Las Condes,2019-02-09,6.619890833666252e-05
Las Condes,2019-02-12,9.776930680396932e-05
Las Condes,2019-02-13,0.00011211641807203048
Las Condes,2019-02-14,0.00021764303261290245
Las Condes,2019-02-15,0.00014582071607745879
Las Condes,2019-02-16,9.370792633117892e-05
Las Condes,2019-02-17,3.840863822817679e-05
Las Condes,2019-02-18,9.389787158087373e-05
Las Condes,2019-02-19,8.424739088459088e-05
Las Condes,2019-02-20,9.24039988817278e-05
Las Condes,2019-02-21,0.00012280344252297792
Las Condes,2019-02-22,0.00016337134561479573
Las Condes,2019-02-23,4.081107503962318e-05
Las Condes,2019-02-24,3.662518992873529e-05
Las Condes,2019-02-25,0.00013555465012936573
Las Condes,2019-02-26,0.000321038097795921
Las Condes,2019-02-27,0.00028103900889508743
Las Condes,2019-02-28,0.00016519458618001424
Las Condes,2019-03-01,0.00013436739391181618
Las Condes,2019-03-02,0.00010620578649829363
Las Condes,2019-03-03,5.321341643063046e-05
Las Condes,2019-03-04,0.00015324419383309397
Las Condes,2019-03-05,0.0003350583027206797
Las Condes,2019-03-06,0.0002287093994588621
Las Condes,2019-03-07,0.00022253518477290883
Las Condes,2019-03-08,0.00016650095739272915
Las Condes,2019-03-09,0.00014338463780802382
Las Condes,2019-03-10,4.573202386382036e-05
Las Condes,2019-03-11,0.00012543992870426928
Las Condes,2019-03-12,0.0003300518146716058
Las Condes,2019-03-14,0.0002738475285258756
Las Condes,2019-03-15,0.00024093268036869957
Las Condes,2019-03-16,0.00011945831109436891
Las Condes,2019-03-17,8.139675377347234e-05
Las Condes,2019-03-19,0.00016632204339221723
Las Condes,2019-03-20,0.0003886882409026683
Las Condes,2019-03-21,0.00040079671613690296
Las Condes,2019-03-22,0.00029857451554634305
Las Condes,2019-03-23,0.0001377603259437028
Las Condes,2019-03-24,8.10219662053994e-05
Las Condes,2019-03-25,0.00033074563117636055
Las Condes,2019-03-26,0.00040341801998128307
Las Condes,2019-03-27,0.0002421562944590425
Las Condes,2019-03-28,0.00034897690584403805
Las Condes,2019-03-31,8.702847844688222e-05
Las Condes,2019-04-01,0.0002669168591204706
Las Condes,2019-04-03,0.000260897760926968
Las Condes,2019-04-04,0.00039595046030186705
Las Condes,2019-04-05,0.00040545703771078514
Las Condes,2019-04-06,0.0002792792133242399
Las Condes,2019-04-07,0.00010471827983553869
Las Condes,2019-04-08,0.0003160798036724477
Las Condes,2019-04-09,0.00039711758014676537
Las Condes,2019-04-10,0.00039890869046478887
Las Condes,2019-04-11,0.0006675794288143952
Las Condes,2019-04-12,0.0003181544401972289
Las Condes,2019-04-15,0.0004303304047258841
Las Condes,2019-04-16,0.0005181802545378932
Las Condes,2019-04-17,0.00037890387438199426
Las Condes,2019-04-19,0.00023178900546207598
Las Condes,2019-04-20,0.0001713789838493998
Las Condes,2019-04-21,0.00013142948579929786
Las Condes,2019-04-22,0.00033098794986780565
Las Condes,2019-04-25,0.0004341255191108883
Las Condes,2019-04-26,0.00045685165369093676
Las Condes,2019-04-27,0.00023641533334739506
Las Condes,2019-04-28,0.00013001443254785663
Las Condes,2019-04-30,0.0005762419896895798
Las Condes,2019-05-01,0.0002227487648398637
Las Condes,2019-05-04,0.00032244919948046154
Las Condes,2019-05-07,0.0005318667610980785
Las Condes,2019-05-09,0.0002618825830454783
Las Condes,2019-05-10,0.0005155716518708784
Las Condes,2019-05-11,0.0004523978166433562
Las Condes,2019-05-12,0.00022331526017628207
Las Condes,2019-05-13,0.0001767101830422043
Las Condes,2019-05-14,0.0004782290275663521
Las Condes,2019-05-15,0.0004999330129402547
Las Condes,2019-05-18,0.00024338855970466446
Las Condes,2019-05-21,8.658077099262474e-05
Las Condes,2019-05-22,0.0003791780590449119
Las Condes,2019-05-23,0.00028493724839058406
Las Condes,2019-05-27,0.00026368623619653185
Las Condes,2019-05-28,0.0004462820536512553
Las Condes,2019-06-02,0.0002177505145484424
Las Condes,2019-06-03,0.00021871525677852333
Las Condes,2019-06-07,0.0003314996138215065
Las Condes,2019-06-08,0.00042103653008899284
Las Condes,2019-06-09,0.0002246208458696211
Las Condes,2019-06-15,0.00019096030155196786
Las Condes,2019-06-16,0.00022573955357074738
Las Condes,2019-06-18,0.0001860527272772692
Las Condes,2019-06-19,0.00019448647385210207
Las Condes,2019-06-21,0.0006982439663379934
Las Condes,2019-06-22,0.0005993115127890218
Las Condes,2019-06-25,0.0005357369413242012
Las Condes,2019-06-30,0.00022334490389920697
Las Condes,2019-07-01,0.00048243117635138333
Las Condes,2019-07-02,0.0010652664715240022
Las Condes,2019-07-03,0.0008972897180096997
Las Condes,2019-07-04,0.0008391243848701096
Las Condes,2019-07-05,0.0005087357935439551
Las Condes,2019-07-08,0.00027275214142700636
Las Condes,2019-07-09,0.0005479136598296463
Las Condes,2019-07-12,0.0003511881611766917
Las Condes,2019-07-13,0.0003117718166757339
Las Condes,2019-07-14,0.0002838292253380034
Las Condes,2019-07-15,0.00043856920908556536
Las Condes,2019-07-16,0.0003511525796471364
Las Condes,2019-07-18,0.0005131084656456757
Las Condes,2019-07-22,0.0003246887354180217
Las Condes,2019-07-23,0.00034956222582583447
Las Condes,2019-07-24,0.0005357933929804505
Las Condes,2019-07-25,0.0005482383294788982
Las Condes,2019-07-26,0.000675068764013587
Las Condes,2019-07-30,0.0007368712288656373
Las Condes,2019-08-01,0.0008173943195957096
Las Condes,2019-08-02,0.0004808336718435377
Las Condes,2019-08-03,0.0004372872372554756
Las Condes,2019-08-04,0.0003384605142875581
Las Condes,2019-08-05,0.0005344764003144838
Las Condes,2019-08-07,0.0002940376984710843
Las Condes,2019-08-08,0.00043010555574841594
Las Condes,2019-08-09,0.0005930173636924334
Las Condes,2019-08-10,0.00039119009788032415
Las Condes,2019-08-11,0.0001453137743552309
Las Condes,2019-08-12,0.0001975996574928118
Las Condes,2019-08-14,0.000803488389111531
Las Condes,2019-08-15,0.000571112959895039
Las Condes,2019-08-16,0.0003021444331124637
Las Condes,2019-08-24,0.0003187355468980968
Las Condes,2019-08-26,0.00022577392145520236
Las Condes,2019-08-27,0.0005223015761162797
Las Condes,2019-08-30,0.00022803189722666166
Las Condes,2019-08-31,0.00048118279310106624
Las Condes,2019-09-01,0.0002270292586557293
Las Condes,2019-09-02,0.000493408541892094
Las Condes,2019-09-08,0.000119896673430497
Las Condes,2019-09-11,0.00030532594920290845
Las Condes,2019-09-12,0.00043895587950349514
Las Condes,2019-09-13,0.0003844284391296667
Las Condes,2019-09-14,0.00019755420164737397
Las Condes,2019-09-16,0.0002751966244202488
Las Condes,2019-09-17,0.00029106154044077266
Las Condes,2019-09-18,0.00013001261582379177
Las Condes,2019-09-20,9.100801997769282e-05
Las Condes,2019-09-21,0.00021689200373921081
Las Condes,2019-09-22,0.00016776440121848608
Las Condes,2019-09-23,0.0003131005412524474
Las Condes,2019-09-24,0.00025885108682931803
Las Condes,2019-09-25,0.0003415646450694058
Las Condes,2019-09-26,0.000494550757850018
Las Condes,2019-09-27,0.00017892094679947823
Las Condes,2019-09-28,0.0003263572716538684
Las Condes,2019-09-29,8.584602306783127e-05
Las Condes,2019-10-02,0.0003467821272886191
Las Condes,2019-10-04,0.0002481824843104216
Las Condes,2019-10-05,0.0002876533632208908
Las Condes,2019-10-06,0.00013680931873069144
Las Condes,2019-10-07,0.00018307552819800402
Las Condes,2019-10-08,0.00020722655002042105
Las Condes,2019-10-15,0.00033246976046411323
Las Condes,2019-10-17,0.00017416576227960554
Las Condes,2019-10-18,0.00024596161802475247
Las Condes,2019-10-20,6.225677131586347e-05
Las Condes,2019-10-21,0.00011146406472663886
Las Condes,2019-10-22,0.00013636029879523189
Las Condes,2019-10-23,0.00016057543331434256
Las Condes,2019-10-24,0.0001768752754084227
Las Condes,2019-10-26,0.0001262948808644402
Las Condes,2019-10-28,0.00010671887084621878
Las Condes,2019-10-29,0.00020993766674841423
Las Condes,2019-10-30,0.00038455098925337236
Las Condes,2019-11-02,8.293682038331363e-05
Las Condes,2019-11-03,5.2769213588801006e-05
Las Condes,2019-11-05,0.00016410908007864582
Las Condes,2019-11-06,0.0001647222465246197
Las Condes,2019-11-07,0.000144742405718251
Las Condes,2019-11-09,0.00010514071733667492
Las Condes,2019-11-10,8.418335167911398e-05
Las Condes,2019-11-11,0.0001029486722073179
Las Condes,2019-11-12,5.2273581531841717e-05
Las Condes,2019-11-13,0.00010749974255750136
Las Condes,2019-11-14,0.000129055763955323
Las Condes,2019-11-15,0.00014377591373693994
Las Condes,2019-11-16,5.187784847843256e-05
Las Condes,2019-11-17,3.7118711826887e-05
Las Condes,2019-11-18,0.00012077650924161698
Las Condes,2019-11-19,0.00014853753052805705
Las Condes,2019-11-20,0.0001236832053182235
Las Condes,2019-11-22,8.93098657471631e-05
Las Condes,2019-11-23,2.980828369742073e-05
Las Condes,2019-11-24,2.7841988412546925e-05
Las Condes,2019-11-26,0.0001463020920809894
Las Condes,2019-11-27,0.00015125686773830632
Las Condes,2019-11-28,0.00010689859818683872
Las Condes,2019-11-29,0.00015717789399060113
Las Condes,2019-11-30,0.00010468420188917426
Las Condes,2019-12-01,4.617377492918126e-05
Las Condes,2019-12-02,8.485674334224313e-05
Las Condes,2019-12-03,5.341404061629524e-05
Las Condes,2019-12-04,9.106035767727198e-05
Las Condes,2019-12-05,0.0001592880965865883
Las Condes,2019-12-06,9.798190197373371e-05
Las Condes,2019-12-07,7.056105210198664e-05
Las Condes,2019-12-08,3.3068111421559834e-05
Las Condes,2019-12-09,8.920858544890691e-05
Las Condes,2019-12-10,0.00011030361493930155
Las Condes,2019-12-11,0.00010592452976087691
Las Condes,2019-12-12,0.0001583881293640705
Las Condes,2019-12-13,0.00011291244287835606
Las Condes,2019-12-15,4.318597902679962e-05
Las Condes,2019-12-16,0.00013823570908551457
Las Condes,2019-12-17,0.0001310423464855407
Las Condes,2019-12-18,0.00011363430001696727
Las Condes,2019-12-20,0.00012319770946685575
Las Condes,2019-12-21,8.004040564409783e-05
Las Condes,2019-12-22,5.4085300199565484e-05
Las Condes,2019-12-23,0.00010608564059241124
Las Condes,2019-12-24,6.809903332905475e-05
Las Condes,2019-12-25,1.8537050462614345e-05
Las Condes,2019-12-26,0.00013066572208817527
Las Condes,2019-12-27,0.00014197146748382123
Las Condes,2019-12-28,6.297549900100333e-05
Las Condes,2019-12-30,7.317927668683283e-05
Las Condes,2019-12-31,6.939484586559807e-05
Las Condes,2020-01-01,3.134280447259311e-05
Las Condes,2020-01-02,9.727689481545332e-05
Las Condes,2020-01-03,7.822352711781275e-05
Las Condes,2020-01-04,4.1739680432250516e-05
Las Condes,2020-01-06,0.0001065883883076278
Las Condes,2020-01-07,9.405057483567218e-05
Las Condes,2020-01-09,6.352908188238772e-05
Las Condes,2020-01-10,0.00011449110374329909
Las Condes,2020-01-11,7.035023017427657e-05
Las Condes,2020-01-12,4.580781835351422e-05
Las Condes,2020-01-13,9.833398260890828e-05
Las Condes,2020-01-14,7.444439701731481e-05
Las Condes,2020-01-15,3.9035846616062494e-05
Las Condes,2020-01-16,0.00010141648126936565
Las Condes,2020-01-17,0.00010664618702934559
Las Condes,2020-01-18,6.760142765041583e-05
Las Condes,2020-01-19,2.0799510821234435e-05
Las Condes,2020-01-20,7.550083612361746e-05
Las Condes,2020-01-21,8.806603008392422e-05
Las Condes,2020-01-22,9.594733772616478e-05
Las Condes,2020-01-23,8.974171948768069e-05
Las Condes,2020-01-24,8.759616331760165e-05
Las Condes,2020-01-25,4.037788931391844e-05
Las Condes,2020-01-26,3.792128757996321e-05
Las Condes,2020-01-27,7.29902863342679e-05
Las Condes,2020-01-28,8.335430776499035e-05
Las Condes,2020-01-29,7.273044791784804e-05
Las Condes,2020-01-30,8.534906833363343e-05
Las Condes,2020-01-31,8.254713130668442e-05
Las Condes,2020-02-01,3.742148419245165e-05
Las Condes,2020-02-02,4.09558377944108e-05
Las Condes,2020-02-03,0.00013733066784052067
Las Condes,2020-02-04,0.00011575699441983892
Las Condes,2020-02-05,6.330061771895325e-05
Las Condes,2020-02-06,8.962355815209546e-05
Las Condes,2020-02-07,0.00021071360083718495
Las Condes,2020-02-08,7.88385465471606e-05
Las Condes,2020-02-09,4.501913208845455e-05
Las Condes,2020-02-10,7.569648170552103e-05
Las Condes,2020-02-11,6.4647675287983e-05
Las Condes,2020-02-12,6.23154915257247e-05
Las Condes,2020-02-13,9.55732466173001e-05
Las Condes,2020-02-14,0.00020808964695162935
Las Condes,2020-02-15,6.460656541286403e-05
Las Condes,2020-02-16,3.358782914857845e-05
Las Condes,2020-02-17,7.079303330648368e-05
Las Condes,2020-02-18,0.00023910469115441055
Las Condes,2020-02-19,0.00016683039573052422
Las Condes,2020-02-20,0.00012554728373600333
Las Condes,2020-02-21,0.00010579846924583799
Las Condes,2020-02-22,5.883652617635685e-05
Las Condes,2020-02-23,3.760669234649711e-05
Las Condes,2020-02-24,0.00012194213279105176
Las Condes,2020-02-25,0.00022418437751236465
Las Condes,2020-02-26,0.00018159232133646745
Las Condes,2020-02-27,0.00011199720855703737
Las Condes,2020-02-28,0.00012279043541120702
Las Condes,2020-02-29,0.00012221012008517508
Las Condes,2020-03-01,5.694192562574409e-05
Las Condes,2020-03-02,0.00014436727106344248
Las Condes,2020-03-03,0.00012049876233995907
Las Condes,2020-03-04,0.00014684565044896812
Las Condes,2020-03-05,0.0004071126018433663
Las Condes,2020-03-06,0.0001919161626504426
Las Condes,2020-03-07,0.00014865857317050268
Las Condes,2020-03-08,3.16744484907258e-05
Las Condes,2020-03-09,0.00014105485412032484
Las Condes,2020-03-10,0.0002685964911003878
Las Condes,2020-03-11,0.00021752263044049318
Las Condes,2020-03-12,0.00021796190211286837
Las Condes,2020-03-13,0.0001599422611684832
Las Condes,2020-03-14,8.789803410231324e-05
Las Condes,2020-03-15,7.775704711124666e-05
Las Condes,2020-03-16,0.00019048773590943464
Las Condes,2020-03-17,0.0002740222059019084
Las Condes,2020-03-18,0.00013706078719468524
Las Condes,2020-03-19,0.00017552706121534256
Las Condes,2020-03-20,0.00013601722726998855
Las Condes,2020-03-21,9.030225785967722e-05
Las Condes,2020-03-22,5.4008921946773294e-05
Las Condes,2020-03-23,0.00011416195506844912
Las Condes,2020-03-24,0.00010661283739790007
Las Condes,2020-03-25,0.00014296909097634541
Las Condes,2020-03-26,0.00019336060569680375
Las Condes,2020-03-27,0.0002205769280686525
Las Condes,2020-03-28,0.00011988516079177591
Las Condes,2020-03-29,2.5966460998704083e-05
Las Condes,2020-03-30,0.00013934364469582052
Las Condes,2020-03-31,0.00016311823969297474
Las Condes,2020-04-01,0.0002006926629596001
Las Condes,2020-04-02,0.00023763381258264275
Las Condes,2020-04-03,0.00021915643784726303
Las Condes,2020-04-05,4.477969498544019e-05
Las Condes,2020-04-06,0.000195737005726963
Las Condes,2020-04-07,0.00021750174062828254
Las Condes,2020-04-08,0.00016528207452039056
Las Condes,2020-04-09,0.000176619029927145
Las Condes,2020-04-10,9.40176659174039e-05
Las Condes,2020-04-13,0.0001969836126662702
Las Condes,2020-04-14,0.0003087199317413746
Las Condes,2020-04-16,0.00021995327288611738
Las Condes,2020-04-17,0.0002361902980377905
Las Condes,2020-04-18,0.00018439286431208752
Las Condes,2020-04-19,4.268232142048431e-05
Las Condes,2020-04-20,0.00022216152865441914
Las Condes,2020-04-21,0.0002858665687789536
Las Condes,2020-04-22,0.0003617996231778177
Las Condes,2020-04-25,0.0001229362317433218
Las Condes,2020-04-27,0.00018991522215709415
Las Condes,2020-04-28,0.00019349674177502132
Las Condes,2020-04-29,0.00035830029300423246
Las Condes,2020-04-30,0.0003218803860497103
Las Condes,2020-05-01,0.00014327421576202246
Las Condes,2020-05-02,0.0002178852413331958
Las Condes,2020-05-03,8.957448173648239e-05
Las Condes,2020-05-05,0.00022378460634324272
Las Condes,2020-05-06,0.00033144613437061094
Las Condes,2020-05-07,0.0003465413873909406
Las Condes,2020-05-08,0.0004039866643863153
Las Condes,2020-05-09,0.00013262411733436742
Las Condes,2020-05-10,6.463731319000228e-05
Las Condes,2020-05-11,0.00037485558235334377
Las Condes,2020-05-13,0.0002575889207700733
Las Condes,2020-05-14,0.0003397533660147932
Las Condes,2020-05-15,0.00018976776804829575
Las Condes,2020-05-16,0.0001320445380403027
Las Condes,2020-05-17,0.00011155467324689773
Las Condes,2020-05-18,0.00035490219127434194
Las Condes,2020-05-22,0.0002644044518911005
Las Condes,2020-05-23,0.00022802486836422364
Las Condes,2020-05-24,0.00021919137269960193
Las Condes,2020-05-25,0.00014759079136909746
Las Condes,2020-05-26,0.0003574754335676291
Las Condes,2020-05-30,0.0001308299605597884
Las Condes,2020-05-31,0.0001503927921102957
Las Condes,2020-06-01,0.00018196601232215923
Las Condes,2020-06-04,0.0002638146240988011
Las Condes,2020-06-05,0.00032141565073518267
Las Condes,2020-06-07,0.00021610701430943544
Las Condes,2020-06-09,0.0005995691005937788
Las Condes,2020-06-10,0.00036574546039539146
Las Condes,2020-06-12,6.656289669931555e-05
Las Condes,2020-06-13,0.00017383499072191414
Las Condes,2020-06-14,0.00012486804355217132
Las Condes,2020-07-02,0.0003213580050508788
Las Condes,2020-07-03,0.0005366574186718166
Las Condes,2020-07-05,0.00038119761160946577
Las Condes,2020-07-13,0.0001387650930206972
Las Condes,2020-07-14,0.0002191263142113113
Las Condes,2020-07-15,0.0004029870113912645
Las Condes,2020-07-19,0.00012289818529729801
Las Condes,2020-07-20,0.00012087242515945574
Las Condes,2020-07-24,0.00026182278127787637
Las Condes,2020-07-28,0.0002339859677383833
Las Condes,2020-07-29,0.000602473974124691
Las Condes,2020-08-02,0.00014148781594217473
Las Condes,2020-08-04,0.0003897027651395418
Las Condes,2020-08-07,0.0004763726789615395
Las Condes,2020-08-09,0.00011081710174513066
Las Condes,2020-08-10,0.00040457008086005193
Las Condes,2020-08-11,0.0004250794763659005
Las Condes,2020-08-12,0.0004508284030034042
Las Condes,2020-08-15,0.0002251723350237345
Las Condes,2020-08-16,0.00016394676901307782
Las Condes,2020-08-17,0.0004231170735834923
Las Condes,2020-08-19,0.00021016277245007353
Las Condes,2020-08-20,0.0001501200192130959
Las Condes,2020-08-21,0.0003393543163859855
Las Condes,2020-08-22,0.00019490051482198712
Las Condes,2020-08-23,5.9673850092138605e-05
Las Condes,2020-08-27,0.00031048101276521823
Las Condes,2020-08-29,0.00017110393894176833
Las Condes,2020-08-30,3.153659322558735e-06
Las Condes,2020-08-31,0.00023164619051479636
Las Condes,2020-09-01,9.575126764494626e-05
Las Condes,2020-09-02,0.00034581270230668387
Las Condes,2020-09-03,0.0003347369433165977
Las Condes,2020-09-05,0.00013485928440213463
Las Condes,2020-09-06,8.356414686868483e-05
Las Condes,2020-09-07,0.00029707938179407564
Las Condes,2020-09-09,0.0003749211113813764
Las Condes,2020-09-10,0.0002078865148543769
Las Condes,2020-09-11,0.00017601832223592258
Las Condes,2020-09-12,0.0002163112581603798
Las Condes,2020-09-13,0.00011359399647359676
Las Condes,2020-09-14,0.0003278505247011997
Las Condes,2020-09-15,0.0002681994157775133
Las Condes,2020-09-16,0.00018128938357431338
Las Condes,2020-09-17,0.0001275820369104311
Las Condes,2020-09-18,5.653276283726886e-05
Las Condes,2020-09-19,9.021552816202077e-05
Las Condes,2020-09-20,5.61595307477245e-05
Las Condes,2020-09-22,0.00017140127668671074
Las Condes,2020-09-26,7.603411199473241e-05
Las Condes,2020-09-27,5.50518164179602e-05
Las Condes,2020-09-28,0.0005072164578866512
Las Condes,2020-09-29,0.00021323789690555974
Las Condes,2020-09-30,0.00021476277254943378
Las Condes,2020-10-01,0.00028468251288813373
Las Condes,2020-10-02,0.00015929719045196375
Las Condes,2020-10-03,7.739386780485925e-05
Las Condes,2020-10-04,6.484859219316877e-05
Las Condes,2020-10-05,0.00025126474249836353
Las Condes,2020-10-07,0.00016405202165080336
Las Condes,2020-10-08,0.0001433254978611222
Las Condes,2020-10-09,0.00024310581068658882
Las Condes,2020-10-10,0.00013657045699166782
Las Condes,2020-10-11,7.338476943719808e-05
Las Condes,2020-10-12,8.491392565766154e-05
Las Condes,2020-10-14,0.00022159140145602677
Las Condes,2020-10-15,0.00020211113934619267
Las Condes,2020-10-16,0.00019058840508212602
Las Condes,2020-10-17,8.676598983556578e-05
Las Condes,2020-10-18,4.5874784245958635e-05
Las Condes,2020-10-19,0.00017530193661638988
Las Condes,2020-10-20,0.0002036247823251124
Las Condes,2020-10-21,0.0001393405158335125
Las Condes,2020-10-23,0.00015187684483499448
Las Condes,2020-10-24,5.037625959616973e-05
Las Condes,2020-10-25,4.002880999769632e-05
Las Condes,2020-10-26,0.00020875083435778708
Las Condes,2020-10-28,0.00012087663372394917
Las Condes,2020-10-29,0.00010608197228195197
Las Condes,2020-10-30,0.00018124785275336623
Las Condes,2020-10-31,7.663305452208242e-05
Las Condes,2020-11-01,5.619462157169987e-05
Las Condes,2020-11-02,0.00016331407557994735
Las Condes,2020-11-03,0.00013466686953341297
Las Condes,2020-11-04,8.95527196902587e-05
Las Condes,2020-11-05,0.000100480541963342
Las Condes,2020-11-06,0.00014593220611627169
Las Condes,2020-11-07,9.861127630834119e-05
Las Condes,2020-11-08,3.3880961457358086e-05
Las Condes,2020-11-09,0.00011510817916998985
Las Condes,2020-11-10,0.00010468433718523926
Las Condes,2020-11-11,0.00018284089666893903
Las Condes,2020-11-12,0.00016371304554520762
Las Condes,2020-11-14,5.0089019849905906e-05
Las Condes,2020-11-15,3.492507843224191e-05
Las Condes,2020-11-16,0.00014080989776715235
Las Condes,2020-11-17,0.000205113577177305
Las Condes,2020-11-18,0.00016317090294884102
Las Condes,2020-11-19,9.47929491606559e-05
Las Condes,2020-11-20,0.000130361203199656
Las Condes,2020-11-21,7.72351916551309e-05
Las Condes,2020-11-22,2.839861328083234e-05
Las Condes,2020-11-23,0.00010740995823062443
Las Condes,2020-11-24,6.878133225027961e-05
Las Condes,2020-11-25,8.53864420523076e-05
Las Condes,2020-11-26,0.00012055215670860045
Las Condes,2020-11-27,0.00011762738254548124
Las Condes,2020-11-28,6.37000933665302e-05
Las Condes,2020-11-29,4.4538769185243114e-05
Las Condes,2020-11-30,8.970054622425402e-05
Las Condes,2020-12-01,5.895212825140374e-05
Las Condes,2020-12-02,0.00011578712981184783
Las Condes,2020-12-03,9.986005616222e-05
Las Condes,2020-12-04,0.000121655287813518
Las Condes,2020-12-05,4.8457456533995273e-05
Las Condes,2020-12-06,3.8985633414299785e-05
Las Condes,2020-12-07,9.148875634211656e-05
Las Condes,2020-12-08,5.2505157776131345e-05
Las Condes,2020-12-09,0.00011900466093834298
Las Condes,2020-12-10,5.2160574334250055e-05
Las Condes,2020-12-11,0.00011732069833671004
Las Condes,2020-12-12,5.399054974708265e-05
Las Condes,2020-12-13,2.7897075272975055e-05
Las Condes,2020-12-14,9.910862904167849e-05
Las Condes,2020-12-15,9.249949792667568e-05
Las Condes,2020-12-16,0.00010096700134455322
Las Condes,2020-12-17,0.00012146568515963797
Las Condes,2020-12-18,0.00014459696480612294
Las Condes,2020-12-19,4.387952915660161e-05
Las Condes,2020-12-20,2.7099961234876315e-05
Las Condes,2020-12-21,0.00011150390230966776
Las Condes,2020-12-22,9.763334169341604e-05
Las Condes,2020-12-23,9.774275311838074e-05
Las Condes,2020-12-24,7.150282966861282e-05
Las Condes,2020-12-25,2.0581495454463967e-05
Las Condes,2020-12-26,2.317240758434713e-05
Las Condes,2020-12-27,2.4214726397749913e-05
Las Condes,2020-12-28,9.615773324188945e-05
Las Condes,2020-12-29,9.316458373872387e-05
Las Condes,2020-12-30,9.533694453456239e-05
Las Condes,2020-12-31,5.507166877742415e-05
Las Condes,2021-01-01,2.0716143180863656e-05
Las Condes,2021-01-02,3.382428462413869e-05
Las Condes,2021-01-03,2.5516227722609207e-05
Las Condes,2021-01-04,5.6696006946259344e-05
Las Condes,2021-01-05,6.543795546943381e-05
Las Condes,2021-01-07,7.647760726689544e-05
Las Condes,2021-01-08,4.7394760609576984e-05
Las Condes,2021-01-10,1.6835208924019246e-05
Las Condes,2021-01-11,7.914898302041582e-05
Las Condes,2021-01-12,8.293022754498908e-05
Las Condes,2021-01-13,0.00011373565112436868
Las Condes,2021-01-14,9.836234798123774e-05
Las Condes,2021-01-15,9.019676851293485e-05
Las Condes,2021-01-16,2.5946242762959724e-05
Las Condes,2021-01-17,2.235452167075851e-05
Las Condes,2021-01-18,9.273430637584061e-05
Las Condes,2021-01-19,9.763257127130754e-05
Las Condes,2021-01-20,0.00013336373449196928
Las Condes,2021-01-21,0.00011641906048657306
Las Condes,2021-01-22,8.565035204125682e-05
Las Condes,2021-01-23,3.892672802884632e-05
Las Condes,2021-01-24,3.345378785519825e-05
Las Condes,2021-01-25,7.664766025491648e-05
Las Condes,2021-01-26,5.8962161334252675e-05
Las Condes,2021-01-27,7.818037976843877e-05
Las Condes,2021-01-31,2.650055450232132e-05
Las Condes,2021-02-01,7.439357297641362e-05
Las Condes,2021-02-02,0.00010196139854557734
Las Condes,2021-02-03,0.00025869721140821597
Las Condes,2021-02-04,0.0001393129994779664
Las Condes,2021-02-05,0.00017652605251831357
Las Condes,2021-02-06,0.00014063840800004288
Las Condes,2021-02-07,6.011905529165877e-05
Las Condes,2021-02-08,0.00010071201033379253
Las Condes,2021-02-09,0.00013666280077045286
Las Condes,2021-02-10,0.00016510508468078953
Las Condes,2021-02-11,9.561778740362245e-05
Las Condes,2021-02-12,8.683668872579012e-05
Las Condes,2021-02-13,4.331333691030944e-05
Las Condes,2021-02-14,3.9990054621532776e-05
Las Condes,2021-02-15,0.0001272566852185969
Las Condes,2021-02-17,9.951483754524187e-05
Las Condes,2021-02-18,8.655063568408353e-05
Las Condes,2021-02-19,0.00015308931517049048
Las Condes,2021-02-20,7.5874309924844e-05
Las Condes,2021-02-21,3.841540951499978e-05
Las Condes,2021-02-22,0.00015607163627206285
Las Condes,2021-02-23,0.0001401541235782396
Las Condes,2021-02-24,0.00012799585894056315
Las Condes,2021-02-25,0.00012947729659774544
Las Condes,2021-02-26,0.00017685970003650792
Las Condes,2021-02-27,7.35010642705141e-05
Las Condes,2021-02-28,4.200070909917186e-05
Las Condes,2021-03-02,0.00015156532294721063
Las Condes,2021-03-03,0.00011440586937336727
Las Condes,2021-03-04,0.00023551635705424727
Las Condes,2021-03-05,0.0001364780933161493
Las Condes,2021-03-06,5.837182982468001e-05
Las Condes,2021-03-07,3.756311412704586e-05
Las Condes,2021-03-08,0.00024000696046685803
Las Condes,2021-03-09,0.0002033373053133323
Las Condes,2021-03-10,0.00016864413642198273
Las Condes,2021-03-11,0.00010219922990134623
Las Condes,2021-03-12,0.00013529206312488075
Las Condes,2021-03-13,7.616987629578887e-05
Las Condes,2021-03-14,6.294716920930075e-05
Las Condes,2021-03-17,0.00021522635470044076
Las Condes,2021-03-20,9.216061434151231e-05
Las Condes,2021-03-21,2.5422510588691307e-05
Las Condes,2021-03-22,0.00031057073885801397
Las Condes,2021-03-23,0.0001946769251182619
Las Condes,2021-03-24,0.0001390568398879541
Las Condes,2021-03-26,0.00018663185431471005
Las Condes,2021-03-27,8.454006821623737e-05
Las Condes,2021-03-28,5.045590883731696e-05
Las Condes,2021-03-29,0.00030610372489306317
Las Condes,2021-03-30,0.00030290257297624503
Las Condes,2021-03-31,0.0004848660904364689
Las Condes,2021-04-01,0.00021794485890516075
Las Condes,2021-04-03,8.060049163504799e-05
Las Condes,2021-04-05,0.0002436573496366616
Las Condes,2021-04-06,0.00025560999554027984
Las Condes,2021-04-07,0.0002429453420194258
Las Condes,2021-04-08,0.00013796781862096923
Las Condes,2021-04-09,0.00032664223705332264
Las Condes,2021-04-10,6.714041605060784e-05
Las Condes,2021-04-11,3.913597130974069e-05
Las Condes,2021-04-12,0.0002364318257183611
Las Condes,2021-04-13,0.0002700004872331354
Las Condes,2021-04-14,0.00031306606384021586
Las Condes,2021-04-15,0.00038571366299417696
Las Condes,2021-04-16,0.0002859245607117765
Las Condes,2021-04-17,0.00017652660940422227
Las Condes,2021-04-18,8.041526535472678e-05
Las Condes,2021-04-19,0.0003666358685046943
Las Condes,2021-04-20,0.00046288060128981876
Las Condes,2021-04-21,3.9427362988015826e-05
Las Condes,2021-04-22,0.0003542618886739347
Las Condes,2021-04-24,0.0002516154616776518
Las Condes,2021-04-25,0.00010753863665220791
Las Condes,2021-04-26,0.0003206653912808294
Las Condes,2021-04-27,0.00039263173763966945
Las Condes,2021-04-28,0.00046548866338372405
Las Condes,2021-04-29,0.0004637159394450974
Las Condes,2021-04-30,0.00036467360044449153
Las Condes,2021-05-03,0.00024109047102632565
Las Condes,2021-05-05,0.00043483483162471087
Las Condes,2021-05-06,0.0004879634278036267
Las Condes,2021-05-07,0.0005547810639349194
Las Condes,2021-05-09,0.00015197486966355024
Las Condes,2021-05-10,0.0006737137926991145
Las Condes,2021-05-11,0.0003766059907953439
Las Condes,2021-05-12,0.0003448161160806358
Las Condes,2021-05-14,0.0009627920909993776
Las Condes,2021-05-17,0.00044744135648858055
Las Condes,2021-05-19,0.000843523844818139
Las Condes,2021-05-22,0.00025808082665302766
Las Condes,2021-05-23,0.00012484650218334468
Las Condes,2021-05-24,0.0006204023915507163
Las Condes,2021-05-25,0.0011623241642437939
Las Condes,2021-05-26,0.0005953759221319512
Las Condes,2021-05-27,0.0010330144071552469
Las Condes,2021-05-28,0.0009007324700212574
Las Condes,2021-05-30,0.00036945948627575885
Las Condes,2021-06-02,0.00043512142909936136
Las Condes,2021-06-03,0.0005899551110552979
Las Condes,2021-06-07,0.0003755668685663297
Las Condes,2021-06-08,0.0004927548579872156
Las Condes,2021-06-10,0.0006093623635429348
Las Condes,2021-06-11,0.00039935854919810696
Las Condes,2021-06-12,0.00028689214785662876
Las Condes,2021-06-13,0.0005552602861970649
Las Condes,2021-06-14,0.00036492905801018086
Las Condes,2021-06-15,0.00043069659248262855
Las Condes,2021-06-16,0.0005947446238772934
Las Condes,2021-06-17,0.0006451337974149809
Las Condes,2021-06-18,0.0008644735541747804
Las Condes,2021-06-19,0.00018038478420375064
Las Condes,2021-06-20,0.00010627373238683734
Las Condes,2021-06-21,0.00025761170754043774
Las Condes,2021-06-27,0.0003951367729219043
Las Condes,2021-06-28,0.00018213857843451655
Las Condes,2021-06-29,0.0004284339688148117
Las Condes,2021-07-02,0.0012929528162171605
Las Condes,2021-07-04,0.0003700608592654735
Las Condes,2021-07-05,0.00036753074325964635
Las Condes,2021-07-06,0.00019817288692924596
Las Condes,2021-07-07,0.0008775956984252003
Las Condes,2021-07-08,0.0009065522780491655
Las Condes,2021-07-10,0.0005239528683201987
Las Condes,2021-07-13,0.0008553298094088456
Las Condes,2021-07-14,0.0007662131096176522
Las Condes,2021-07-15,0.0008030785632717416
Las Condes,2021-07-16,0.00076923204909226
Las Condes,2021-07-17,0.0002164336619995196
Las Condes,2021-07-18,0.00029622936926086745
Las Condes,2021-07-19,0.0004077812884533123
Las Condes,2021-07-20,0.0003215154176644712
Las Condes,2021-07-21,0.0006277574340993457
Las Condes,2021-07-22,0.0007585387534887718
Las Condes,2021-07-23,0.0011948480705192446
Las Condes,2021-07-25,0.00014596372417781788
Las Condes,2021-07-26,0.0004270563932102432
Las Condes,2021-07-27,0.0007642701761280802
Las Condes,2021-07-28,0.000479335181652997
Las Condes,2021-07-29,0.0007942810964979364
Las Condes,2021-07-30,0.0008208290651731554
Las Condes,2021-07-31,0.00075157232491695
Las Condes,2021-08-01,0.00021681006383363196
Las Condes,2021-08-02,0.0004484177340412175
Las Condes,2021-08-03,0.001070870336459521
Las Condes,2021-08-04,0.0008898412497687372
Las Condes,2021-08-05,0.000708599089692525
Las Condes,2021-08-07,0.00010387615461906341
Las Condes,2021-08-09,0.0006637268755885951
Las Condes,2021-08-10,0.0005013192416737953
Las Condes,2021-08-11,0.0007933341615502691
Las Condes,2021-08-12,0.0006422479594555505
Las Condes,2021-08-13,0.0005549254936343539
Las Condes,2021-08-22,0.00022119958915063357
Las Condes,2021-08-26,0.0007093487836236273
Las Condes,2021-08-29,0.000373908830714228
Las Condes,2021-08-30,0.0006851921431128451
Las Condes,2021-08-31,0.0006676169640283971
Las Condes,2021-09-02,0.0006542242863605781
Las Condes,2021-09-03,0.0002997445335511385
Las Condes,2021-09-04,0.00044012341526080973
Las Condes,2021-09-05,0.00023229933753358454
Las Condes,2021-09-08,0.000338173930556838
Las Condes,2021-09-09,0.0009560564191834672
Las Condes,2021-09-10,0.0010213036174021785
Las Condes,2021-09-14,0.0012101242427055721
Las Condes,2021-09-15,0.0008485648381429964
Las Condes,2021-09-16,0.0009104236109575759
Las Condes,2021-09-17,0.00023776314764253862
Las Condes,2021-09-18,0.00012289224459943997
Las Condes,2021-09-19,0.00010341076960868139
Las Condes,2021-09-20,0.00025360486765164703
Las Condes,2021-09-21,0.00039829875075648823
Las Condes,2021-09-22,0.0002550087464909831
Las Condes,2021-09-23,0.0005463477910155582
Las Condes,2021-09-24,0.00035856985698554653
Las Condes,2021-09-25,0.00017622210197464926
Las Condes,2021-09-26,0.0001224608394283599
Las Condes,2021-09-27,0.0004573935373737301
Las Condes,2021-09-28,0.00034191197437190654
Las Condes,2021-09-30,0.00026476341488480853
Las Condes,2021-10-01,0.00042161888257876584
Las Condes,2021-10-02,0.00012945523002487832
Las Condes,2021-10-03,0.00011514359678370887
Las Condes,2021-10-04,0.00047818382147921617
Las Condes,2021-10-05,0.00020262278143673115
Las Condes,2021-10-06,0.00023985639720736868
Las Condes,2021-10-07,0.00023408483965796546
Las Condes,2021-10-09,0.00014363160165560012
Las Condes,2021-10-10,5.8531245883346276e-05
Las Condes,2021-10-11,8.953853709478771e-05
Las Condes,2021-10-12,0.00012365776585453707
Las Condes,2021-10-13,0.000347690796976523
Las Condes,2021-10-15,0.00022005238749295012
Las Condes,2021-10-16,0.0001301817276329606
Las Condes,2021-10-17,5.831809461732157e-05
Las Condes,2021-10-18,0.000291107197230802
Las Condes,2021-10-19,0.0003191801441900876
Las Condes,2021-10-20,0.0002460226143272295
Las Condes,2021-10-21,0.00019043205391753193
Las Condes,2021-10-22,0.0001345305305649217
Las Condes,2021-10-23,0.00011374268892882836
Las Condes,2021-10-24,7.203891929528076e-05
Las Condes,2021-10-25,0.0002667878816868753
Las Condes,2021-10-26,0.00015489140878048807
Las Condes,2021-10-27,0.00010256420095496457
Las Condes,2021-10-28,0.0002525310268621433
Las Condes,2021-10-29,0.00015871487396777037
Las Condes,2021-10-30,0.00014398926069998286
Las Condes,2021-11-02,0.00016894861328816494
Las Condes,2021-11-03,9.554515419422368e-05
Las Condes,2021-11-04,9.472056965802725e-05
Las Condes,2021-11-05,0.00024202589649754757
Las Condes,2021-11-06,6.940144034061043e-05
Las Condes,2021-11-07,3.548447564587309e-05
Las Condes,2021-11-08,0.00014167843929666714
Las Condes,2021-11-09,0.00010726801573635748
Las Condes,2021-11-10,0.00017668861344008712
Las Condes,2021-11-11,9.222344519986513e-05
Las Condes,2021-11-12,0.00011850843955151535
Las Condes,2021-11-13,7.176548929381488e-05
Las Condes,2021-11-14,6.06820184739347e-05
Las Condes,2021-11-15,0.00013571852359570545
Las Condes,2021-11-16,0.00011304376310050483
Las Condes,2021-11-17,0.00010598064115828174
Las Condes,2021-11-18,0.0001288922959497056
Las Condes,2021-11-19,0.00013763061454911713
Las Condes,2021-11-20,7.409159216974925e-05
Las Condes,2021-11-21,4.256264431683257e-05
Las Condes,2021-11-22,0.00010752627415596444
Las Condes,2021-11-23,9.543675633557915e-05
Las Condes,2021-11-24,0.000148754810693264
Las Condes,2021-11-25,0.0001679128486769997
Las Condes,2021-11-26,8.648487313047188e-05
Las Condes,2021-11-28,5.590747992737918e-05
Las Condes,2021-11-29,0.00010609366863997744
Las Condes,2021-11-30,0.00012817522607851782
Las Condes,2021-12-01,0.00017948756597258134
Las Condes,2021-12-02,8.093506633735378e-05
Las Condes,2021-12-03,8.235369203951802e-05
Las Condes,2021-12-04,7.892308742234916e-05
Las Condes,2021-12-05,6.797682856451458e-05
Las Condes,2021-12-06,0.00012728216807869684
Las Condes,2021-12-07,0.00012492182764581978
Las Condes,2021-12-08,4.783724099702949e-05
Las Condes,2021-12-09,9.512124856378189e-05
Las Condes,2021-12-10,8.713715043080501e-05
Las Condes,2021-12-12,4.216106269661041e-05
Las Condes,2021-12-13,8.065447982709818e-05
Las Condes,2021-12-14,0.00010965514564687067
Las Condes,2021-12-15,0.00012693555712972327
Las Condes,2021-12-16,0.0001459617890341949
Las Condes,2021-12-17,0.00017847464827927282
Las Condes,2021-12-18,5.617538859543606e-05
Las Condes,2021-12-19,4.3652303086401945e-05
Las Condes,2021-12-20,0.00010874397319192743
Las Condes,2021-12-21,0.0001250572758008818
Las Condes,2021-12-22,0.00012228412060267488
Las Condes,2021-12-23,0.00011535271706290119
Las Condes,2021-12-24,5.7773562718615524e-05
Las Condes,2021-12-25,4.2260663337726624e-05
Las Condes,2021-12-26,2.9152154285078574e-05
Las Condes,2021-12-27,5.899274490780701e-05
Las Condes,2021-12-28,6.931990291658718e-05
Las Condes,2021-12-29,7.265822637996648e-05
Las Condes,2021-12-30,7.449412893695796e-05
Las Condes,2021-12-31,4.6072015584002874e-05
Las Condes,2022-01-01,3.077096688581837e-05
Las Condes,2022-01-02,2.5790202899903227e-05
Las Condes,2022-01-03,5.051504141856099e-05
Las Condes,2022-01-04,6.028838761901935e-05
Las Condes,2022-01-05,7.773310179705592e-05
Las Condes,2022-01-06,7.969348174783601e-05
Las Condes,2022-01-07,9.118510052086916e-05
Las Condes,2022-01-08,3.616434232504571e-05
Las Condes,2022-01-09,2.0120461521686428e-05
Las Condes,2022-01-10,7.177104580309725e-05
Las Condes,2022-01-11,7.8193963776693e-05
Las Condes,2022-01-12,9.529342598978785e-05
Las Condes,2022-01-13,8.66263602130908e-05
Las Condes,2022-01-14,6.175905072157084e-05
Las Condes,2022-01-15,3.69463461659055e-05
Las Condes,2022-01-16,1.425791066808068e-05
Las Condes,2022-01-18,0.00013496316629052284
Las Condes,2022-01-19,9.081961151272949e-05
Las Condes,2022-01-20,7.795082855020524e-05
Las Condes,2022-01-21,0.00010890937259110356
Las Condes,2022-01-22,4.7411177152139696e-05
Las Condes,2022-01-23,3.7726093694495905e-05
Las Condes,2022-01-24,9.934573337656444e-05
Las Condes,2022-01-25,8.125130327861695e-05
Las Condes,2022-01-26,7.420056499541562e-05
Las Condes,2022-01-27,9.412156466267292e-05
Las Condes,2022-01-28,0.000126661826139836
Las Condes,2022-01-29,4.0197490953543995e-05
Las Condes,2022-01-30,2.2846767010729023e-05
Las Condes,2022-01-31,6.920962932741591e-05
Las Condes,2022-02-01,8.953393049630724e-05
Las Condes,2022-02-02,7.77805183087268e-05
Las Condes,2022-02-03,5.306655896579882e-05
Las Condes,2022-02-04,5.8710371614341355e-05
Las Condes,2022-02-05,4.726900795906893e-05
Las Condes,2022-02-06,3.042634774518341e-05
Las Condes,2022-02-07,9.906480599047079e-05
Las Condes,2022-02-08,0.00012025089821668551
Las Condes,2022-02-09,7.961182520894257e-05
Las Condes,2022-02-10,5.967326225842156e-05
Las Condes,2022-02-11,8.221415604519262e-05
Las Condes,2022-02-12,5.549285290286089e-05
Las Condes,2022-02-13,4.211292442098804e-05
Las Condes,2022-02-14,0.00012059016703396612
Las Condes,2022-02-15,8.66496117065969e-05
Las Condes,2022-02-16,8.548037065328874e-05
Las Condes,2022-02-17,0.00010492119198349359
Las Condes,2022-02-18,0.00013125784594016958
Las Condes,2022-02-19,7.044583915703061e-05
Las Condes,2022-02-21,6.995286028986873e-05
Las Condes,2022-02-22,5.982161749026805e-05
Las Condes,2022-02-24,0.00018589106571597865
Las Condes,2022-02-25,0.00020653141735271785
Las Condes,2022-02-26,7.285628466541991e-05
Las Condes,2022-02-27,3.035839731225231e-05
Las Condes,2022-02-28,0.00019825433880500754
Las Condes,2022-03-01,0.00026433299889796455
Las Condes,2022-03-02,0.00025379020287797814
Las Condes,2022-03-03,9.20683968212587e-05
Las Condes,2022-03-04,7.671118230940117e-05
Las Condes,2022-03-05,8.368988373398881e-05
Las Condes,2022-03-07,0.00032587411728623745
Las Condes,2022-03-08,0.00010662242237618872
Las Condes,2022-03-09,0.0001234507871141168
Las Condes,2022-03-10,0.00017291687489293111
Las Condes,2022-03-11,0.00018131487010115225
Las Condes,2022-03-12,0.00013713578811309286
Las Condes,2022-03-13,8.337529209274304e-05
Las Condes,2022-03-14,0.00021086339942639746
Las Condes,2022-03-15,0.00013945180334054032
Las Condes,2022-03-16,0.00027143642510181346
Las Condes,2022-03-17,0.0002904579986482407
Las Condes,2022-03-18,0.00027850823824755494
Las Condes,2022-03-21,0.0002940883955595434
Las Condes,2022-03-22,0.00035128943094413277
Las Condes,2022-03-23,0.00020646219029534657
Las Condes,2022-03-24,0.0002143394563436311
Las Condes,2022-03-25,0.00023819635916343706
Las Condes,2022-03-26,0.00014265856823949497
Las Condes,2022-03-27,0.0001053969966878822
Las Condes,2022-03-28,0.00034642051375581546
Las Condes,2022-03-29,0.00023844782710822406
Las Condes,2022-03-30,0.00023515415665543808
Las Condes,2022-03-31,0.00035983375552929266
Las Condes,2022-04-01,0.0004528883835940795
Las Condes,2022-04-02,0.0001779383013563102
Las Condes,2022-04-03,9.376442896012876e-05
Las Condes,2022-04-04,0.00019471151426470973
Las Condes,2022-04-05,0.00028567421468856866
Las Condes,2022-04-06,0.0003452353749240876
Las Condes,2022-04-07,0.0003219922033741049
Las Condes,2022-04-08,0.00043437590594785805
Las Condes,2022-04-09,0.00011187131533255544
Las Condes,2022-04-10,6.767046202855007e-05
Las Condes,2022-04-11,0.00041650741193860935
Las Condes,2022-04-13,0.0003800321167844371
Las Condes,2022-04-14,0.0004509600809307393
Las Condes,2022-04-15,0.00011913506974863268
Las Condes,2022-04-16,0.0001866377528413439
Las Condes,2022-04-17,0.00013891214738463993
Las Condes,2022-04-18,0.0005112268626183969
Las Condes,2022-04-19,0.0005440378486002275
Las Condes,2022-04-20,0.0002718600439127698
Las Condes,2022-04-22,0.00047908793638897477
Las Condes,2022-04-23,0.00032049619216557336
Las Condes,2022-04-25,0.00019399971349444997
Las Condes,2022-04-28,0.0006849681617070711
Las Condes,2022-04-29,0.0004296530414842139
Las Condes,2022-04-30,0.00043123338423986356
Las Condes,2022-05-02,0.0003826104956855065
Las Condes,2022-05-03,0.0006642901667521611
Las Condes,2022-05-04,0.0005805212718980259
Las Condes,2022-05-05,0.00047133408104123943
Las Condes,2022-05-06,0.00046213376823350187
Las Condes,2022-05-07,0.000367977917654753
Las Condes,2022-05-09,0.0005004416684416358
Las Condes,2022-05-10,0.0006531251195081728
Las Condes,2022-05-13,0.0007193143060919888
Las Condes,2022-05-15,0.0002334953946835306
Las Condes,2022-05-16,0.00043103622121516477
Las Condes,2022-05-17,0.000539809486761359
Las Condes,2022-05-18,0.0009272550534530994
Las Condes,2022-05-19,0.0004069045799166684
Las Condes,2022-05-20,0.0005262857621125075
Las Condes,2022-05-21,0.0002672549364241083
Las Condes,2022-05-25,0.0014060543692659278
Las Condes,2022-05-29,0.0004851390826104035
Las Condes,2022-05-30,0.0006538383493584947
Las Condes,2022-05-31,0.0009036721225371854
Las Condes,2022-06-01,0.0008350612641219087
Las Condes,2022-06-05,0.00010018792128656995
Las Condes,2022-06-06,0.0005084383615039615
Las Condes,2022-06-07,0.0009535473053020082
Las Condes,2022-06-09,0.0006925682135427534
Las Condes,2022-06-10,0.00047768647759328215
Las Condes,2022-06-11,0.0003065486924793007
Las Condes,2022-06-12,0.00022693816241663888
Las Condes,2022-06-13,0.0008506235900255995
Las Condes,2022-06-14,0.0006223933022002117
Las Condes,2022-06-15,0.000553739490130011
Las Condes,2022-06-17,0.0005797933555609702
Las Condes,2022-06-28,0.0001683359571122247
Las Condes,2022-06-29,0.0005783652323725347
Las Condes,2022-06-30,0.00047251030569925615
Las Condes,2022-07-02,0.00041390690539881665
Las Condes,2022-07-04,0.0004383870422833582
Las Condes,2022-07-05,0.0010197505810275482
Las Condes,2022-07-08,0.0004389351530208746
Las Condes,2022-07-12,0.0002683605024913703
Las Condes,2022-07-20,0.000550721346542891
Las Condes,2022-07-21,0.0012019536922129163
Las Condes,2022-07-22,0.0005246889208304366
Las Condes,2022-07-23,0.0006891334849215175
Las Condes,2022-07-24,0.00048139721011744476
Las Condes,2022-07-26,0.0006916425168300456
Las Condes,2022-07-28,0.0005273925709054742
Las Condes,2022-07-29,0.00023268449977231493
Las Condes,2022-07-31,0.0005023898244015599
Las Condes,2022-08-01,0.0006246432185181594
Las Condes,2022-08-02,0.0005387583458505371
Las Condes,2022-08-04,0.0007226677150481593
Las Condes,2022-08-05,0.0007571704804094332
Las Condes,2022-08-08,0.00045455975342247626
Las Condes,2022-08-10,0.0005889157389948911
Las Condes,2022-08-11,0.0007259718663792531
Las Condes,2022-08-12,0.000581927847630698
Las Condes,2022-08-13,0.00033029864990386773
Las Condes,2022-08-18,0.0005380824197952293
Las Condes,2022-08-19,0.00025913641656766164
Las Condes,2022-08-20,0.0008337725979400473
Las Condes,2022-08-21,0.00033479134528599226
Las Condes,2022-08-22,0.0006450585160965782
Las Condes,2022-08-23,0.0005744157687170833
Las Condes,2022-08-25,0.0007436851142684489
Las Condes,2022-08-27,0.0005522003853793381
Las Condes,2022-08-28,0.00012295446401651514
Las Condes,2022-08-29,0.0006241345542833275
Las Condes,2022-08-30,0.0005952782237150044
Las Condes,2022-09-02,0.00047164121059306455
Las Condes,2022-09-03,0.00026592500529756954
Las Condes,2022-09-04,0.00027105417660042304
Las Condes,2022-09-05,0.0002695867567125807
Las Condes,2022-09-06,0.0003246985612228219
Las Condes,2022-09-07,8.460296467403316e-05
Las Condes,2022-09-09,0.0005126034585378923
Las Condes,2022-09-10,0.0005341851733689345
Las Condes,2022-09-13,0.00025800061169527113
Las Condes,2022-09-14,0.0005688311314635269
Las Condes,2022-09-21,0.0003977049588775173
Las Condes,2022-09-22,0.00037638000622944843
Las Condes,2022-09-25,0.00014954576932226118
Las Condes,2022-09-26,0.0003788195131365289
Las Condes,2022-09-27,0.00034866958674273146
Las Condes,2022-09-28,0.00026790095441427505
Las Condes,2022-09-29,0.00032106341762775704
Las Condes,2022-09-30,0.00047488783725363834
Las Condes,2022-10-01,0.00020887596088314193
Las Condes,2022-10-02,0.00010945037469726805
Las Condes,2022-10-03,0.00013056634416553657
Las Condes,2022-10-04,0.00037890061763972695
Las Condes,2022-10-05,0.00022625671577631328
Las Condes,2022-10-06,0.0003270451439552075
Las Condes,2022-10-07,0.00014369347797174353
Las Condes,2022-10-08,6.404981104424875e-05
Las Condes,2022-10-09,7.776549461224603e-05
Las Condes,2022-10-10,6.463924564351505e-05
Las Condes,2022-10-11,0.00024465477648475585
Las Condes,2022-10-12,0.0002034878431274924
Las Condes,2022-10-13,0.00020663486859953624
Las Condes,2022-10-14,0.00025694597642386815
Las Condes,2022-10-15,0.00014085278295536158
Las Condes,2022-10-16,7.514141644604828e-05
Las Condes,2022-10-17,0.00016668887641968307
Las Condes,2022-10-18,0.000134849074171045
Las Condes,2022-10-19,8.749040676986428e-05
Las Condes,2022-10-20,0.0002643857748170715
Las Condes,2022-10-21,0.00019022705897637642
Las Condes,2022-10-22,0.00012651108162496077
Las Condes,2022-10-23,7.351550878735791e-05
Las Condes,2022-10-24,0.00017784939143145027
Las Condes,2022-10-25,0.00010650825609302332
Las Condes,2022-10-26,0.00020654622893443838
Las Condes,2022-10-27,0.00021693632236384865
Las Condes,2022-10-28,0.00026878656996553264
Las Condes,2022-10-29,8.321936232005153e-05
Las Condes,2022-10-31,8.673100530878007e-05
Las Condes,2022-11-01,8.078273125238666e-05
Las Condes,2022-11-02,0.0002314081619033169
Las Condes,2022-11-03,0.00020446060489985262
Las Condes,2022-11-05,7.804440456407655e-05
Las Condes,2022-11-06,4.4113362361512564e-05
Las Condes,2022-11-07,0.0002248741148841002
Las Condes,2022-11-10,0.00015121067418787223
Las Condes,2022-11-13,2.4881566867750204e-05
Las Condes,2022-11-14,0.00015052158990473124
Las Condes,2022-11-15,8.275910885156086e-05
Las Condes,2022-11-16,0.00010893480129187131
Las Condes,2022-11-17,9.660295477055887e-05
Las Condes,2022-11-18,8.801993032084378e-05
Las Condes,2022-11-19,4.023194993356066e-05
Las Condes,2022-11-20,3.965462804573506e-05
Las Condes,2022-11-21,0.00012023832587843896
Las Condes,2022-11-22,0.00012297927116737304
Las Condes,2022-11-23,0.0001172682752432792
Las Condes,2022-11-24,0.0001045330380780092
Las Condes,2022-11-25,6.068082087914265e-05
Las Condes,2022-11-26,5.8560705352042624e-05
Las Condes,2022-11-27,3.795931600182848e-05
Las Condes,2022-11-28,8.295261128880606e-05
Las Condes,2022-11-29,7.344264242976607e-05
Las Condes,2022-11-30,9.324032081374949e-05
Las Condes,2022-12-01,8.47295376100867e-05
Las Condes,2022-12-02,9.891457304539271e-05
Las Condes,2022-12-03,6.753394367662816e-05
Las Condes,2022-12-04,4.429085603634993e-05
Las Condes,2022-12-05,6.967575151711052e-05
Las Condes,2022-12-06,7.679518533674656e-05
Las Condes,2022-12-07,7.801518822985646e-05
Las Condes,2022-12-08,5.7281047919364226e-05
Las Condes,2022-12-09,7.93552882688358e-05
Las Condes,2022-12-10,3.7841255837473174e-05
Las Condes,2022-12-11,2.259029860706029e-05
Las Condes,2022-12-12,7.866803988252559e-05
Las Condes,2022-12-13,0.00011035511152730427
Las Condes,2022-12-14,8.684907958248933e-05
Las Condes,2022-12-15,0.00017797139229135713
Las Condes,2022-12-16,6.103418925185343e-05
Las Condes,2022-12-17,2.478588627425646e-05
Las Condes,2022-12-18,4.649991927123847e-05
Las Condes,2022-12-19,0.00010382817499583944
Las Condes,2022-12-20,0.00012681591415470057
Las Condes,2022-12-21,0.00010830471156844453
Las Condes,2022-12-22,7.609764369945965e-05
Las Condes,2022-12-23,6.493243913775597e-05
Las Condes,2022-12-24,4.787892706782675e-05
Las Condes,2022-12-25,3.519299466654291e-05
Las Condes,2022-12-27,4.333281551769927e-05
Las Condes,2022-12-28,8.123248287973113e-05
Las Condes,2022-12-29,8.756795189745306e-05
Las Condes,2022-12-30,0.00012159405635318225
Las Condes,2023-01-01,2.2138540682257342e-05
Las Condes,2023-01-02,3.487391172586483e-05
Las Condes,2023-01-03,8.408113183464674e-05
Las Condes,2023-01-04,9.958409838509803e-05
Las Condes,2023-01-05,7.722501414748863e-05
Las Condes,2023-01-06,6.900651811603554e-05
Las Condes,2023-01-07,4.068260246622665e-05
Las Condes,2023-01-08,3.105881153604642e-05
Las Condes,2023-01-09,7.22595616011887e-05
Las Condes,2023-01-10,7.501834934650388e-05
Las Condes,2023-01-11,7.346475956543335e-05
Las Condes,2023-01-12,5.942583505856255e-05
Las Condes,2023-01-13,0.00012774406336370198
Las Condes,2023-01-14,3.7367763789819575e-05
Las Condes,2023-01-15,3.041045776578627e-05
Las Condes,2023-01-16,8.60722216970615e-05
Las Condes,2023-01-17,5.6748906589511544e-05
Las Condes,2023-01-18,6.916543733288596e-05
Las Condes,2023-01-19,6.246429345009841e-05
Las Condes,2023-01-20,0.0001065231817910079
Las Condes,2023-01-21,3.557306841771638e-05
Las Condes,2023-01-22,2.5042042395003756e-05
Las Condes,2023-01-23,5.5980661272775486e-05
Las Condes,2023-01-24,6.386018542293851e-05
Las Condes,2023-01-25,7.995438312315899e-05
Las Condes,2023-01-26,6.902365273070573e-05
Las Condes,2023-01-27,0.00011480205292360269
Las Condes,2023-01-28,3.287972443752442e-05
Las Condes,2023-01-29,3.274887660654689e-05
Las Condes,2023-01-30,9.74842592860176e-05
Las Condes,2023-01-31,7.864514174083848e-05
Las Condes,2023-02-01,8.853666556083967e-05
Las Condes,2023-02-02,7.345671358321102e-05
Las Condes,2023-02-03,7.757215980828635e-05
Las Condes,2023-02-04,5.98181914994143e-05
Las Condes,2023-02-05,4.176801498435356e-05
Las Condes,2023-02-06,8.57316181450908e-05
Las Condes,2023-02-07,7.671855118351031e-05
Las Condes,2023-02-08,6.081308029651018e-05
Las Condes,2023-02-09,9.014213294064218e-05
Las Condes,2023-02-10,8.815733641777999e-05
Las Condes,2023-02-11,6.95387906732706e-05
Las Condes,2023-02-12,4.779806324933526e-05
Las Condes,2023-02-13,7.055218507687222e-05
Las Condes,2023-02-14,6.304402727182118e-05
Las Condes,2023-02-15,9.037597634697914e-05
Las Condes,2023-02-16,7.58558580958699e-05
Las Condes,2023-02-17,0.00013439319299417182
Las Condes,2023-02-18,3.100851936949454e-05
Las Condes,2023-02-19,2.28822140497626e-05
Las Condes,2023-02-20,0.00010138084225573729
Las Condes,2023-02-21,0.00010200445780574356
Las Condes,2023-02-22,0.00010334845345768003
Las Condes,2023-02-23,9.784869443073776e-05
Las Condes,2023-02-24,4.7158809646764466e-05
Las Condes,2023-02-25,4.263978580240831e-05
Las Condes,2023-02-26,4.272316799196078e-05
Las Condes,2023-02-27,0.00019878618756077434
Las Condes,2023-02-28,0.00016587838237086435
Las Condes,2023-03-01,0.00012088301396658879
Las Condes,2023-03-02,0.00015947981618881464
Las Condes,2023-03-03,0.00016642303781454906
Las Condes,2023-03-04,8.65082465420287e-05
Las Condes,2023-03-05,5.777104414718965e-05
Las Condes,2023-03-06,8.968291536520453e-05
Las Condes,2023-03-07,0.00010212460622568346
Las Condes,2023-03-08,0.00013656713081022334
Las Condes,2023-03-09,0.00014037711670718034
Las Condes,2023-03-10,0.0002549693126047802
Las Condes,2023-03-11,6.044988124132731e-05
Las Condes,2023-03-12,2.513419842035388e-05
Las Condes,2023-03-13,0.0001191979954373589
Las Condes,2023-03-14,0.0001333870687850027
Las Condes,2023-03-15,0.00027184383835981166
Las Condes,2023-03-16,0.00019594783509741198
Las Condes,2023-03-17,0.00016951826410132042
Las Condes,2023-03-18,6.0303015028028994e-05
Las Condes,2023-03-19,3.230942204364262e-05
Las Condes,2023-03-20,0.00018549123402124284
Las Condes,2023-03-21,0.00016217636165179235
Las Condes,2023-03-22,0.00013582199913008135
Las Condes,2023-03-23,0.00015521981831590753
Las Condes,2023-03-24,0.00028459120598734334
Las Condes,2023-03-25,0.0002136945521097719
Las Condes,2023-03-26,7.652669843707446e-05
Las Condes,2023-03-27,0.00017329233680951053
Las Condes,2023-03-28,0.00014465046173491576
Las Condes,2023-03-29,0.0003687001504217896
Las Condes,2023-03-30,0.00025676743171221337
Las Condes,2023-03-31,0.000557377200942941
Las Condes,2023-04-01,0.000224534682345194
Las Condes,2023-04-02,6.266374693893471e-05
Las Condes,2023-04-04,0.0004011646987044582
Las Condes,2023-04-05,0.0003442033194700757
Las Condes,2023-04-06,0.0002777074817094483
Las Condes,2023-04-07,0.00010478369564825144
Las Condes,2023-04-08,9.97565711005301e-05
Las Condes,2023-04-09,0.00010367983739372165
Las Condes,2023-04-10,0.0003449798037390414
Las Condes,2023-04-11,0.0003189475398691332
Las Condes,2023-04-13,0.00023983086907699343
Las Condes,2023-04-15,0.000227703217113546
Las Condes,2023-04-16,0.0001151775897228376
Las Condes,2023-04-17,0.00032526200487299794
Las Condes,2023-04-19,0.0004269586243892261
Las Condes,2023-04-20,0.00035141142267659976
Las Condes,2023-04-21,0.00020868111113831335
Las Condes,2023-04-22,0.00033478288205621864
Las Condes,2023-04-23,9.311760671624643e-05
Las Condes,2023-04-24,0.0003459930875848421
Las Condes,2023-04-25,0.0005235457053472367
Las Condes,2023-04-27,0.00044057553713754306
Las Condes,2023-05-01,0.00017701367931813363
Las Condes,2023-05-02,0.0003616130498485262
Las Condes,2023-05-04,0.0007130553906594004
Las Condes,2023-05-05,0.0005820935014616756
Las Condes,2023-05-06,0.0003797565912824039
Las Condes,2023-05-07,0.0002213398865100186
Las Condes,2023-05-08,0.0003221305240342253
Las Condes,2023-05-09,0.0005199117044344026
Las Condes,2023-05-11,0.0009643577681342901
Las Condes,2023-05-12,0.0005275455175932233
Las Condes,2023-05-13,0.0004376855755477704
Las Condes,2023-05-14,0.00021601096646510273
Las Condes,2023-05-15,0.0005013807520799547
Las Condes,2023-05-16,0.0005318535623541393
Las Condes,2023-05-19,0.00039941331607462805
Las Condes,2023-05-20,0.0003760848804605191
Las Condes,2023-06-01,0.00037875724267010126
Las Condes,2023-06-02,0.00017867718531623872
Las Condes,2023-06-05,0.00032339832645262656
Las Condes,2023-06-11,0.0003292227743601865
Las Condes,2023-06-12,0.00032674783423749414
Las Condes,2023-06-13,0.0004182295857680564
Las Condes,2023-06-14,0.0003437279663960288
Las Condes,2023-06-15,0.0005217646071349442
Las Condes,2023-06-16,0.0002338399640725782
Las Condes,2023-06-17,0.00030247142686802727
Las Condes,2023-06-19,0.0004437635873082165
Las Condes,2023-06-29,0.00023441664890071033
Las Condes,2023-06-30,0.00026783636789351397
Las Condes,2023-07-01,0.000135923618815621
Las Condes,2023-07-02,0.00016918139995794013
Las Condes,2023-07-03,0.00040169300827441176
Las Condes,2023-07-04,0.00046614015483110766
Las Condes,2023-07-05,0.0003943922949102482
Las Condes,2023-07-10,0.00035091269489395465
Las Condes,2023-07-16,0.00019158024420427578
Las Condes,2023-07-24,0.00040890140837337465
Las Condes,2023-07-25,0.0004576051196458988
Las Condes,2023-07-26,0.00045799077529742156
Las Condes,2023-07-27,0.0006141076908552104
Las Condes,2023-07-29,0.0005597690953185676
Las Condes,2023-07-31,0.0007073031568634694
Las Condes,2023-08-01,0.0004989918755062855
Las Condes,2023-08-02,0.0004557494643574336
Las Condes,2023-08-03,0.00034427162657972745
Las Condes,2023-08-04,0.0006239773905938013
Las Condes,2023-08-06,0.0001639509214685079
Las Condes,2023-08-08,0.0005735981959559397
Las Condes,2023-08-10,0.00010943414803355206
Las Condes,2023-08-11,0.00040728596533919895
Las Condes,2023-08-12,0.000383859223805231
Las Condes,2023-08-13,0.0001317050790184396
Las Condes,2023-08-24,0.00012150649298380256
Las Condes,2023-08-25,0.0006377429995049754
Las Condes,2023-08-26,0.00022138091536610846
Las Condes,2023-08-27,0.0001400033679006667
Las Condes,2023-08-29,0.0003980504514821834
Las Condes,2023-08-30,0.0004958611635320428
Las Condes,2023-09-11,0.00022211783703483435
Las Condes,2023-09-14,0.00045048073677528587
Las Condes,2023-09-15,0.00013947804245309248
Las Condes,2023-09-16,7.216739535700137e-05
Las Condes,2023-09-19,0.00011193416101503135
Las Condes,2023-09-24,0.0001138548065634594
Las Condes,2023-09-26,0.00012159044741978874
Las Condes,2023-09-27,0.0005122819509154514
Las Condes,2023-09-28,0.0002363399278944026
Las Condes,2023-09-29,0.0003970758482067806
Las Condes,2023-09-30,0.00013470754390455746
Las Condes,2023-10-04,0.0004085091136108553
Las Condes,2023-10-05,0.0001529848997283792
Las Condes,2023-10-06,0.00015897962768103658
Las Condes,2023-10-07,0.00016283258176088308
Las Condes,2023-10-08,0.00011373394907875904
Las Condes,2023-10-09,0.0001115886932011877
Las Condes,2023-10-11,0.0001768396210888464
Las Condes,2023-10-12,0.00019255656033018726
Las Condes,2023-10-13,0.00025969170769154294
Las Condes,2023-10-14,0.0001202945031655175
Las Condes,2023-10-15,8.879641876693585e-05
Las Condes,2023-10-16,0.00014470000126572954
Las Condes,2023-10-17,0.00016716225353061046
Las Condes,2023-10-18,0.00020112589508303284
Las Condes,2023-10-22,5.179118375460172e-05
Las Condes,2023-10-23,0.00018412142919558758
Las Condes,2023-10-24,0.00022580404473257555
Las Condes,2023-10-26,0.00013731620068109938
Las Condes,2023-10-31,0.0002516386143626045
Las Condes,2023-11-02,6.767346355879504e-05
Las Condes,2023-11-03,0.0003416481024652738
Las Condes,2023-11-04,8.43587128551417e-05
Las Condes,2023-11-05,4.176460788988973e-05
Las Condes,2023-11-06,9.985292197779892e-05
Las Condes,2023-11-07,8.781651519610324e-05
Las Condes,2023-11-08,0.00011744694371724037
Las Condes,2023-11-13,0.00011491568343313096
Las Condes,2023-11-14,0.00011921572809642381
Las Condes,2023-11-15,0.00013903739372281775
Las Condes,2023-11-16,0.00018221902863303137
Las Condes,2023-11-19,6.962613650308428e-05
Las Condes,2023-11-20,0.00017102157225605988
Las Condes,2023-11-22,0.00010419915000292476
Las Condes,2023-11-23,9.172492730853941e-05
Las Condes,2023-11-24,0.00010705404477700214
Las Condes,2023-11-25,5.575411919863946e-05
Las Condes,2023-11-26,3.926792087911302e-05
Las Condes,2023-11-27,0.000116622344475314
Las Condes,2023-11-28,9.297479965103116e-05
Las Condes,2023-11-29,8.864226022696271e-05
Las Condes,2023-11-30,9.21741193459331e-05
Las Condes,2023-12-01,0.00017659806444061477
Las Condes,2023-12-02,5.659552269269922e-05
Las Condes,2023-12-03,2.9888185991348586e-05
Las Condes,2023-12-04,7.706555143072806e-05
Las Condes,2023-12-05,9.193424582188453e-05
Las Condes,2023-12-06,0.00013293470120786965
Las Condes,2023-12-07,0.00014950935709107872
Las Condes,2023-12-08,3.2815578697145884e-05
Las Condes,2023-12-09,4.892769021721245e-05
Las Condes,2023-12-10,6.438712476189449e-05
Las Condes,2023-12-11,8.731923614448996e-05
Las Condes,2023-12-12,9.908319819625386e-05
Las Condes,2023-12-13,0.0001209522902954099
Las Condes,2023-12-14,5.885233612856584e-05
Las Condes,2023-12-15,0.00010763366092424975
Las Condes,2023-12-16,1.5724613522705337e-05
Las Condes,2023-12-17,3.550007518195911e-05
Las Condes,2023-12-18,0.0001452280078862106
Las Condes,2023-12-19,5.9006734044349905e-05
Las Condes,2023-12-21,9.403173751567049e-05
Las Condes,2023-12-22,0.00010015535512222062
Las Condes,2023-12-24,3.499528066383848e-05
Las Condes,2023-12-25,3.9877433305380466e-05
Las Condes,2023-12-26,7.001145962365831e-05
Las Condes,2023-12-29,0.00011651990783549634
Las Condes,2023-12-30,3.546803661426039e-05
Las Condes,2023-12-31,3.4181598380885996e-05
Las Condes,2024-01-01,2.963360507802556e-05
Las Condes,2024-01-02,8.459442910815191e-05
Las Condes,2024-01-03,7.141499583396265e-05
Las Condes,2024-01-04,6.608104442479759e-05
Las Condes,2024-01-05,6.915920318400642e-05
Las Condes,2024-01-06,5.3723775198711714e-05
Las Condes,2024-01-07,3.59505033396525e-05
Las Condes,2024-01-08,8.098908098654896e-05
Las Condes,2024-01-09,7.032858422757434e-05
Las Condes,2024-01-10,6.0368443029108925e-05
Las Condes,2024-01-11,7.168509546391316e-05
Las Condes,2024-01-12,0.00010155282632590773
Las Condes,2024-01-13,6.544686981603616e-05
Las Condes,2024-01-14,7.809167834959038e-05
Las Condes,2024-01-15,5.3072950663136804e-05
Las Condes,2024-01-16,7.581805066887788e-05
Las Condes,2024-01-17,7.562573505313303e-05
Las Condes,2024-01-18,7.299394391721919e-05
Las Condes,2024-01-19,9.870957880303971e-05
Las Condes,2024-01-20,3.7886876657136e-05
Las Condes,2024-01-21,3.979828514978175e-05
Las Condes,2024-01-22,7.54948445387424e-05
Las Condes,2024-01-23,8.670743635650819e-05
Las Condes,2024-01-24,0.0001581298745155582
Las Condes,2024-01-25,4.788901085323457e-05
Las Condes,2024-01-26,4.789450119842748e-05
Las Condes,2024-01-27,4.645972457810439e-05
Las Condes,2024-01-28,4.4749207453131105e-05
Las Condes,2024-01-29,7.415961288820375e-05
Las Condes,2024-01-30,6.769094132328868e-05
Las Condes,2024-01-31,6.720197433545641e-05
Las Condes,2024-02-01,9.097471403138469e-05
Las Condes,2024-02-02,8.629071229301957e-05
Las Condes,2024-02-03,5.981384099481604e-05
Las Condes,2024-02-05,7.672036967768848e-05
Las Condes,2024-02-06,7.866674994186028e-05
Las Condes,2024-02-07,6.621166954840022e-05
Las Condes,2024-02-08,6.506071026658458e-05
Las Condes,2024-02-09,8.556718007144617e-05
Las Condes,2024-02-10,5.775243101162356e-05
Las Condes,2024-02-11,2.9350033601170605e-05
Las Condes,2024-02-12,7.759084887027542e-05
Las Condes,2024-02-13,0.00010736013474095972
Las Condes,2024-02-14,0.0001218608719784162
Las Condes,2024-02-15,8.50430773463223e-05
Las Condes,2024-02-16,6.930131598584566e-05
Las Condes,2024-02-17,3.260832192047052e-05
Las Condes,2024-02-18,5.0521770255482185e-05
Las Condes,2024-02-19,0.0001107765302506359
Las Condes,2024-02-20,0.0001030715051666405
Las Condes,2024-02-21,7.904500035997011e-05
Las Condes,2024-02-23,0.00014122810055248517
Las Condes,2024-02-24,6.093506344291623e-05
Las Condes,2024-02-25,4.300233634757862e-05
Las Condes,2024-02-26,8.765194133436037e-05
Las Condes,2024-02-27,7.472869042971405e-05
Las Condes,2024-02-28,9.884041786355655e-05
Las Condes,2024-02-29,0.00010992991629615707
Las Condes,2024-03-01,0.00014007647264047604
Las Condes,2024-03-03,4.384463583829726e-05
Las Condes,2024-03-04,0.00014870254259835225
Las Condes,2024-03-05,0.00013862845404995626
Las Condes,2024-03-06,0.00016618411902826255
Las Condes,2024-03-07,0.00014956651934342857
Las Condes,2024-03-08,0.00011616868919845768
Las Condes,2024-03-09,7.811969765695132e-05
Las Condes,2024-03-10,4.604890155134143e-05
Las Condes,2024-03-11,0.0002218378991789176
Las Condes,2024-03-12,0.0003029848440247069
Las Condes,2024-03-13,0.00015371289024815983
Las Condes,2024-03-14,0.00015187173755040493
Las Condes,2024-03-15,0.00019104302455601456
Las Condes,2024-03-16,0.00013735253218576232
Las Condes,2024-03-17,6.63327512658353e-05
Las Condes,2024-03-18,0.000278251776316346
Las Condes,2024-03-19,0.00012915418361670155
Las Condes,2024-03-21,0.00039800690331101183
Las Condes,2024-03-22,0.00025365557404666907
Las Condes,2024-03-23,0.00018916334543217722
Las Condes,2024-03-24,6.363352241459626e-05
Las Condes,2024-03-25,0.00014208676677190406
Las Condes,2024-03-26,0.00024783000803976784
Las Condes,2024-03-27,0.00018268234934711204
Las Condes,2024-03-28,0.00023491200221026413
Las Condes,2024-03-29,7.29707425331756e-05
Las Condes,2024-03-30,5.869082384649982e-05
Las Condes,2024-03-31,3.982945489633709e-05
Las Condes,2024-04-04,0.0003086589980503655
Las Condes,2024-04-05,0.0003225344713886995
Las Condes,2024-04-06,0.00017090117505837144
Las Condes,2024-04-07,9.09695073617429e-05
Las Condes,2024-04-08,0.0002924322568425194
Las Condes,2024-04-09,0.0002069281652763147
Las Condes,2024-04-10,0.00014794414608538557
Las Condes,2024-04-13,0.00029214405367558046
Las Condes,2024-04-14,9.913634540727991e-05
Las Condes,2024-04-16,0.000372179553298937
Las Condes,2024-04-17,0.0002971047516312963
Las Condes,2024-04-18,0.0005710179130115694
Las Condes,2024-04-22,0.00018390380426133891
Las Condes,2024-04-23,0.0003252067941592733
Las Condes,2024-04-24,0.0002986194164663805
Las Condes,2024-04-25,0.00027033693672856216
Las Condes,2024-04-26,0.0002812517915819933
Las Condes,2024-04-27,0.00020478838588529712
Las Condes,2024-04-29,0.00014021773172497322
Las Condes,2024-05-03,0.0005938905413813835
Las Condes,2024-05-04,0.00031140906764190446
Las Condes,2024-05-06,0.0002468421555499718
Las Condes,2024-05-08,0.00025032967710849653
Las Condes,2024-05-09,0.0006767934614176456
Las Condes,2024-05-11,0.0005462627346234096
Las Condes,2024-05-12,0.00013656785845797987
Las Condes,2024-05-13,0.00031995630236234353
Las Condes,2024-05-14,0.0005088765064785799
Las Condes,2024-05-16,0.0004747940363692773
Las Condes,2024-05-17,0.0003381546805071824
Las Condes,2024-05-18,0.0002969644917829428
Las Condes,2024-05-23,0.00013830224711354935
Las Condes,2024-05-26,0.00022910751303272046
Las Condes,2024-05-29,0.0004049204292288515
Las Condes,2024-05-30,0.0005656660576907498
Las Condes,2024-06-01,0.0005080155719681344
Las Condes,2024-06-02,0.000181159231862575
Las Condes,2024-06-15,0.0004369702077468976
Las Condes,2024-06-16,0.00015220419224246866
Las Condes,2024-06-19,0.00022142894764117362
Las Condes,2024-06-25,0.0001892546781512818
Las Condes,2024-06-28,0.0005849456021773465
Las Condes,2024-06-29,8.675875032818855e-05
Las Condes,2024-06-30,0.00017791910314485988
Las Condes,2024-07-01,0.0003284105093251574
Las Condes,2024-07-02,0.0004588105768618106
Las Condes,2024-07-05,0.0005535296322278497
Las Condes,2024-07-06,0.0005457229975963826
Las Condes,2024-07-07,0.0002571332635986253
Las Condes,2024-07-08,0.0008241937073975903
Las Condes,2024-07-09,0.0008069456386934268
Las Condes,2024-07-10,0.0003792924247911312
Las Condes,2024-07-11,0.0004018636559710984
Las Condes,2024-07-12,0.0005189026974984291
Las Condes,2024-07-14,0.00040056786472046255
Las Condes,2024-07-16,0.0002146830002774695
Las Condes,2024-07-19,0.0005943465955836589
Las Condes,2024-07-20,0.0003598141887544273
Las Condes,2024-07-21,0.0001920633185884124
Las Condes,2024-07-22,0.00030710789180253247
Las Condes,2024-07-24,0.00026716978754850963
Las Condes,2024-07-25,0.0004927584775369148
Las Condes,2024-07-27,0.0008224727105359285
Las Condes,2024-07-28,0.00018834318835490773
Las Condes,2024-07-29,0.0002198183295213164
Las Condes,2024-08-03,0.0004030315931119271
Las Condes,2024-08-04,0.00023562030438489822
Las Condes,2024-08-08,0.0003312125314729402
Las Condes,2024-08-10,0.0007247721128579228
Las Condes,2024-08-11,0.00024950956193441374
Las Condes,2024-08-12,0.00042396657891675455
Las Condes,2024-08-13,0.0004704987731294037
Las Condes,2024-08-23,0.00013134069942061233
Las Condes,2024-08-24,0.0002872497012077726
Las Condes,2024-08-25,0.00020098742646566738
Las Condes,2024-08-26,0.000367247729902737
Las Condes,2024-08-27,0.00040384859087599115
Las Condes,2024-08-28,0.0006201210438624185
Las Condes,2024-08-31,0.000293787289267906
Las Condes,2024-09-01,0.00013506305104138256
Las Condes,2024-09-02,0.00010333746707807719
Las Condes,2024-09-04,0.0002759458455226667
Las Condes,2024-09-05,0.000545385147288858
Las Condes,2024-09-06,0.0002594232085118789
Las Condes,2024-09-07,0.00026805721860876416
Las Condes,2024-09-08,0.0001408248784529896
Las Condes,2024-09-09,0.0005604223643500044
Las Condes,2024-09-10,0.000232235355169933
Las Condes,2024-09-11,0.0003489059157145127
Las Condes,2024-09-12,0.00042189497532165533
Las Condes,2024-09-13,0.0004074317211344991
Las Condes,2024-09-14,0.00042581798430270195
Las Condes,2024-09-15,0.00023116722508704233
Las Condes,2024-09-17,0.00017431137060366586
Las Condes,2024-09-21,9.585405945873998e-05
Las Condes,2024-09-24,0.00039782846737088
Las Condes,2024-09-25,0.0003957338043310214
Las Condes,2024-09-26,0.00016582301434028715
Las Condes,2024-09-28,0.00026293451435562503
Las Condes,2024-10-03,0.0004325028248562275
Las Condes,2024-10-04,0.0002276315993768803
Las Condes,2024-10-05,0.00017058485938834872
Las Condes,2024-10-09,0.0002718585424881841
Las Condes,2024-10-10,0.00017700983277355896
Las Condes,2024-10-15,0.00039235613714379915
Las Condes,2024-10-16,9.863920480409045e-05
Las Condes,2024-10-17,0.00019367981905915382
Las Condes,2024-10-18,0.0001777733553436393
Las Condes,2024-10-19,8.073521391033386e-05
Las Condes,2024-10-20,4.703590942087538e-05
Las Condes,2024-10-21,0.00014289019004572905
Las Condes,2024-10-22,0.0001320298050061023
Las Condes,2024-10-24,0.00019091917499399746
Las Condes,2024-10-25,0.00012780275203596792
Las Condes,2024-10-26,0.00012515470227831397
Las Condes,2024-10-27,8.816944374421869e-05
Las Condes,2024-10-28,0.0002820745280926023
Las Condes,2024-10-29,0.0001182823038729936
Las Condes,2024-10-30,0.0001400307203256722
Las Condes,2024-10-31,8.133009703454823e-05
Las Condes,2024-11-02,7.309981637722061e-05
Las Condes,2024-11-04,0.00013695727635742113
Las Condes,2024-11-05,0.00014177182910383207
Las Condes,2024-11-06,0.0001535879690078756
Las Condes,2024-11-08,0.00011082099222057984
Las Condes,2024-11-09,4.024064532810491e-05
Las Condes,2024-11-10,3.67670426952773e-05
Las Condes,2024-11-11,8.57600405093649e-05
Las Condes,2024-11-12,0.00015001274019303752
Las Condes,2024-11-13,0.00012710657249203862
Las Condes,2024-11-14,0.00010361148626696168
Las Condes,2024-11-15,9.232429985616028e-05
Las Condes,2024-11-17,3.104416106583304e-05
Las Condes,2024-11-18,0.00013489407743869157
Las Condes,2024-11-19,0.00010872016336293572
Las Condes,2024-11-21,9.539641816063301e-05
Las Condes,2024-11-22,0.00013424685373771347
Las Condes,2024-11-23,6.562579381703378e-05
Las Condes,2024-11-24,3.4705833525940544e-05
Las Condes,2024-11-25,6.86995687431578e-05
Las Condes,2024-11-26,9.214733538129272e-05
Las Condes,2024-11-27,9.334719982241298e-05
Las Condes,2024-11-28,0.00011686413182427244
Las Condes,2024-11-29,0.00012543648753631368
Las Condes,2024-11-30,5.092301368926008e-05
Las Condes,2024-12-01,3.691654044245587e-05
Las Condes,2024-12-02,9.96570424411725e-05
Las Condes,2024-12-03,0.00010410376262391717
Las Condes,2024-12-04,9.1816417274198e-05
Las Condes,2024-12-05,9.611743451252671e-05
Las Condes,2024-12-07,5.502674431922887e-05
Las Condes,2024-12-08,5.4060480668506585e-05
Las Condes,2024-12-09,0.00018917574658546059
Las Condes,2024-12-10,8.45483441609484e-05
Las Condes,2024-12-11,8.396365881302134e-05
Las Condes,2024-12-12,9.581086958786551e-05
Las Condes,2024-12-13,9.828581622966778e-05
Las Condes,2024-12-14,6.222850262878362e-05
Las Condes,2024-12-16,8.516905759919891e-05
Las Condes,2024-12-17,5.589333934636592e-05
Las Condes,2024-12-18,8.183418443758375e-05
Las Condes,2024-12-19,0.00012940340791002745
Las Condes,2024-12-20,0.0001337230201383532
Las Condes,2024-12-21,4.112944411568881e-05
Las Condes,2024-12-22,5.094761368950861e-05
Las Condes,2024-12-23,8.484049449716227e-05
Las Condes,2024-12-24,9.123052778926129e-05
Las Condes,2024-12-25,4.7313351142209994e-05
Las Condes,2024-12-26,4.8149200662031244e-05
Las Condes,2024-12-27,5.373793613690935e-05
Las Condes,2024-12-28,4.094517205040621e-05
Las Condes,2024-12-29,3.399655022382584e-05
Las Condes,2024-12-30,6.466777740855381e-05
Las Condes,2024-12-31,2.9904144977019244e-05
Las Condes,2025-01-01,1.4442669018459106e-05
Las Condes,2025-01-02,6.576432254956592e-05
Las Condes,2025-01-03,8.053045080841778e-05
Las Condes,2025-01-04,5.4903684719954096e-05
Las Condes,2025-01-05,5.3587282626930174e-05
Las Condes,2025-01-06,4.640120963504696e-05
Las Condes,2025-01-07,5.800263595844568e-05
Las Condes,2025-01-08,6.0501960323221046e-05
Las Condes,2025-01-09,6.737034061244106e-05
Las Condes,2025-01-10,7.557922563386642e-05
Las Condes,2025-01-11,2.116874873844564e-05
Las Condes,2025-01-12,7.454482359080396e-06
Las Condes,2025-01-13,7.436456132789958e-05
Las Condes,2025-01-14,6.615551556963464e-05
Las Condes,2025-01-15,7.898923817366865e-05
Las Condes,2025-01-16,4.24692033010038e-05
Las Condes,2025-01-17,7.145771014388806e-05
Las Condes,2025-01-18,3.741409745963107e-05
Las Condes,2025-01-19,4.5613678904308366e-05
Las Condes,2025-01-20,7.379649578220408e-05
Las Condes,2025-01-21,6.474782213844514e-05
Las Condes,2025-01-22,6.235461252368814e-05
Las Condes,2025-01-23,3.629184858816683e-05
Las Condes,2025-01-24,8.393538845197133e-05
Las Condes,2025-01-25,5.827008687493399e-05
Las Condes,2025-01-26,5.7593263015096914e-05
Las Condes,2025-01-27,6.210192375920318e-05
Las Condes,2025-01-28,6.517709987185077e-05
Las Condes,2025-01-29,8.544127987169819e-05
Las Condes,2025-01-30,8.768899720138239e-05
Las Condes,2025-01-31,9.116954375101465e-05
Las Condes,2025-02-01,6.300659887455551e-05
Las Condes,2025-02-02,2.2583507242070372e-05
Las Condes,2025-02-03,7.124944260468411e-05
Las Condes,2025-02-04,8.830534829038293e-05
Las Condes,2025-02-05,0.000107137783082307
Las Condes,2025-02-06,0.00012604102210793096
Las Condes,2025-02-07,7.275039890629635e-05
Las Condes,2025-02-08,4.080659637844059e-05
Las Condes,2025-02-09,3.361166915822568e-05
Las Condes,2025-02-10,6.921702715195566e-05
Las Condes,2025-02-11,8.137113682884714e-05
Las Condes,2025-02-12,9.268925512358256e-05
Las Condes,2025-02-13,6.893144150090561e-05
Las Condes,2025-02-14,8.136164793065101e-05
Las Condes,2025-02-15,5.737123981393232e-05
Las Condes,2025-02-16,4.167782001293273e-05
Las Condes,2025-02-17,0.00010492271742610447
Las Condes,2025-02-18,0.00015476297709721154
Las Condes,2025-02-19,6.99833573227504e-05
Las Condes,2025-02-20,9.895423970447178e-05
Las Condes,2025-02-21,0.0001199934204903987
Las Condes,2025-02-22,5.739633496303517e-05
Las Condes,2025-02-23,3.884987516891423e-05
Las Condes,2025-02-24,5.735496930083615e-05
Las Condes,2025-02-25,0.00013933083160232962
Las Condes,2025-02-26,0.00017318313810056932
Las Condes,2025-02-27,0.00010947415446955255
Las Condes,2025-02-28,6.010773007460437e-05
Las Condes,2025-03-01,4.373763786209149e-05
Las Condes,2025-03-02,4.0275817951803914e-05
Las Condes,2025-03-03,0.00023695885156206604
Las Condes,2025-03-04,0.00019103077044215565
Las Condes,2025-03-05,0.00015556470772703894
Las Condes,2025-03-06,0.00012019516749857054
Las Condes,2025-03-07,9.822668355376194e-05
Las Condes,2025-03-08,8.896033370704025e-05
Las Condes,2025-03-09,7.08011709162931e-05
Las Condes,2025-03-10,0.00018609279145328077
Las Condes,2025-03-11,0.00016799490977666113
Las Condes,2025-03-12,0.00014510993424587617
Las Condes,2025-03-13,0.00014845855970762247
Las Condes,2025-03-14,0.0001951475548777549
Las Condes,2025-03-15,0.0001398443830770549
Las Condes,2025-03-16,4.175108054576352e-05
Las Condes,2025-03-17,0.0002479196380167925
Las Condes,2025-03-18,0.0003014944459210712
Las Condes,2025-03-19,0.00016835022891947582
Las Condes,2025-03-20,0.00028145920740389426
Las Condes,2025-03-21,0.0002012055618271598
Las Condes,2025-03-22,7.2680207178873e-05
Las Condes,2025-03-24,0.00021590105796001442
Las Condes,2025-03-25,0.00019145283570965038
Las Condes,2025-03-26,0.000224660755003741
Las Condes,2025-03-29,0.00012379197357538895
Las Condes,2025-03-31,0.00026014678933201815
Las Condes,2025-04-01,0.0003904597063895614
Las Condes,2025-04-02,0.000627035468849415
Las Condes,2025-04-03,0.0004681796499673035
Las Condes,2025-04-04,0.0005230742925618877
Las Condes,2025-04-05,0.00022292071352266252
Las Condes,2025-04-07,0.00021978171632585204
Las Condes,2025-04-08,0.00027472766970251805
Las Condes,2025-04-09,0.0003542384660495022
Las Condes,2025-04-10,0.00019046388866359628
Las Condes,2025-04-12,0.00019307752873639586
Las Condes,2025-04-13,0.00013745936811097577
Las Condes,2025-04-15,0.0004936590847253022
Las Condes,2025-04-16,0.00024999650666010704
Las Condes,2025-04-18,0.00018308286345847819
Las Condes,2025-04-19,0.00021545564620066294
Las Condes,2025-04-20,9.941689521515338e-05
Las Condes,2025-04-22,0.0004177478933798191
Las Condes,2025-04-24,0.00036443823294188466
Las Condes,2025-04-26,0.00018862092800059512
Las Condes,2025-04-27,6.262643783350126e-05
Las Condes,2025-04-28,0.0003259694759466593
Las Condes,2025-04-29,0.00043952571663164944
Las Condes,2025-05-01,0.000278812368951839
Las Condes,2025-05-02,0.00025915329196027603
Las Condes,2025-05-03,0.0002942960471593464
Las Condes,2025-05-04,0.00015586134585809054
Las Condes,2025-05-05,0.00045848001546573046
Las Condes,2025-05-09,0.0002500244510768468
Las Condes,2025-05-10,0.0002624780092474977
Las Condes,2025-05-11,0.0005354604889725505
Las Condes,2025-05-12,0.0004205536450047791
Las Condes,2025-05-13,0.000983195401682675
Las Condes,2025-05-14,0.000653673944541235
Las Condes,2025-05-15,0.00040775333383301604
Las Condes,2025-05-16,0.0005372993819879262
Las Condes,2025-05-21,0.00032179857137665073
Las Condes,2025-05-22,0.0003619666386850435
Las Condes,2025-05-24,0.0004748981966206429
Las Condes,2025-05-27,0.000838815400907363
Las Condes,2025-05-28,0.0002606739333930373
Las Condes,2025-05-29,0.0007650597792539082
Las Condes,2025-05-31,0.0005038312831218627
Las Condes,2025-06-01,0.00027611985262304006
Las Condes,2025-06-04,0.0007391729635723261
Las Condes,2025-06-05,0.00065987087407242
Las Condes,2025-06-06,0.0005943482970251166
Las Condes,2025-06-07,0.0003224530359527424
Las Condes,2025-06-08,0.00035749370127784744
Las Condes,2025-06-09,0.0002298630026392054
Las Condes,2025-06-10,0.00027163156188654417
Las Condes,2025-06-13,0.000528226189024357
Las Condes,2025-06-18,0.0005550349045673828
Las Condes,2025-06-19,0.0011018217789445447
Las Condes,2025-06-20,0.0003896147222144168
Las Condes,2025-06-22,0.0004202808784217915
Las Condes,2025-06-23,0.00029091663407830023
Las Condes,2025-06-24,0.00046803436807206473
Las Condes,2025-06-26,0.0013030052650721206
Las Condes,2025-06-29,0.0006406796394488557
Las Condes,2025-07-01,0.0005900955927819252
Las Condes,2025-07-03,0.0005657275418842593
Las Condes,2025-07-04,0.00036522318099408135
Las Condes,2025-07-06,0.00012875168942201394
Las Condes,2025-07-07,0.0003510920796543717
Las Condes,2025-07-08,0.0005021522680297466
Las Condes,2025-07-09,0.0004067842087604047
Las Condes,2025-07-10,0.0006642389760643931
Las Condes,2025-07-11,0.00028696659906356854
Las Condes,2025-07-12,0.0006348440548977181
Las Condes,2025-07-13,0.00030947458804219687
Las Condes,2025-07-15,0.0009504187091153809
Las Condes,2025-07-16,0.0004038001369086584
Las Condes,2025-07-17,0.000305355758776462
Las Condes,2025-07-18,0.00048474943251674294
Las Condes,2025-07-19,0.0004574610442081705
Las Condes,2025-07-22,0.0004402472952865445
Las Condes,2025-07-23,0.0008331582768003022
Las Condes,2025-07-24,0.00023911091878391227
Las Condes,2025-07-28,0.0003371624534287967
Las Condes,2025-08-05,0.0008088812010682359
Las Condes,2025-08-06,0.0007407657294328193
Las Condes,2025-08-07,0.00043376602141703317
Las Condes,2025-08-08,0.0003702175781187925
Las Condes,2025-08-10,0.00028772736904772515
Las Condes,2025-08-11,0.00040519367933248993
Las Condes,2025-08-13,0.0003869011321703068
Las Condes,2025-08-14,0.0004097921137994093
Las Condes,2025-08-19,0.000414169997467042
Las Condes,2025-08-24,0.00015402618715449587
Las Condes,2025-08-25,0.0007002059414717313
Las Condes,2025-08-26,0.0005526053936385441
Las Condes,2025-08-27,0.0008128545130923622
Las Condes,2025-09-01,0.0004103201761293781
Las Condes,2025-09-03,0.00039426426475247224
Las Condes,2025-09-04,0.0005357931921202768
Las Condes,2025-09-05,0.00044567158150541486
Las Condes,2025-09-06,0.00027071835036518503
Las Condes,2025-09-08,0.0002017345316205949
Las Condes,2025-09-09,0.0002753919877101861
Las Condes,2025-09-10,0.0002609511266476587
Las Condes,2025-09-11,0.0003811211457655425
Las Condes,2025-09-12,0.0004246900036271977
Las Condes,2025-09-13,0.00016587764310361088
Las Condes,2025-09-15,0.00046381135032025724
Las Condes,2025-09-16,0.0005220865857034828
Las Condes,2025-09-17,0.0002662487047395047
Las Condes,2025-09-18,0.000172440632833215
Las Condes,2025-09-23,0.00048375052173643506
Las Condes,2025-09-24,0.000385335115396889
Las Condes,2025-09-25,0.0001764517174695012
Las Condes,2025-09-27,0.0002638129410014175
Las Condes,2025-09-28,0.00017856354165154354
Las Condes,2025-09-29,0.00016465993209036618
Las Condes,2025-09-30,0.0002563748435855869
Las Condes,2025-10-01,0.0002842104029345121
Las Condes,2025-10-02,0.0003948847381355174
Las Condes,2025-10-03,0.0002461769595440241
Las Condes,2025-10-06,0.00014985847504207789
Las Condes,2025-10-07,0.00022730858354032076
Las Condes,2025-10-08,0.00037242150878086537
Las Condes,2025-10-09,0.00034038716814409765
Las Condes,2025-10-10,8.948884022976586e-05
Las Condes,2025-10-11,8.244284930214664e-05
Las Condes,2025-10-12,0.00010001396702078686
Las Condes,2025-10-13,0.0003373276545950326
Las Condes,2025-10-14,0.0002560197797601299
Las Condes,2025-10-15,0.00019041225852342274
Las Condes,2025-10-16,9.932895916548918e-05
Las Condes,2025-10-17,0.00016998699908997826
Las Condes,2025-10-19,9.251513229170254e-05
Las Condes,2025-10-20,0.0002548683313477653
Las Condes,2025-10-22,0.00015519719851804408
Las Condes,2025-11-04,0.00024877526186432527
Las Condes,2025-11-05,0.00014146029919699622
Las Condes,2025-11-07,0.00022111432629772065
Las Condes,2025-11-08,6.32148184964111e-05
Las Condes,2025-11-09,5.451949585409566e-05
Las Condes,2025-11-10,0.00012996585085723033
Las Condes,2025-11-11,0.00010674931605744292
Las Condes,2025-11-12,0.00012100809047831491
Las Condes,2025-11-13,0.0001309476965210075
Las Condes,2025-11-14,0.0001044058998027683
Las Condes,2025-11-15,7.400507461130415e-05
Las Condes,2025-11-16,2.0334434682284808e-05
Las Condes,2025-11-18,7.340148867731768e-05
Las Condes,2025-11-19,0.00011890756516998345
Las Condes,2025-11-21,0.00017342724187288742
Las Condes,2025-11-22,5.3197381283697946e-05
Las Condes,2025-11-23,5.387780140425107e-05
Las Condes,2025-11-24,0.0001187048903772922
Las Condes,2025-11-25,9.547778763896704e-05
Las Condes,2025-11-26,0.000124896029615841
Las Condes,2025-11-27,5.8807173330225784e-05
Las Condes,2025-11-28,8.96455684906679e-05
Las Condes,2025-11-29,6.229139114714663e-05
Las Condes,2025-11-30,3.3230440632046264e-05
Las Condes,2025-12-01,9.828755894985174e-05
Las Condes,2025-12-02,0.00011417241053419731
Las Condes,2025-12-03,7.802665071554265e-05
Las Condes,2025-12-04,6.731751544651126e-05
Las Condes,2025-12-05,0.00011426409797909591
Las Condes,2025-12-08,5.427802543269936e-05
Las Condes,2025-12-09,7.529489152234449e-05
Las Condes,2025-12-10,8.51046103478311e-05
Las Condes,2025-12-12,0.0001271039899634232
Las Condes,2025-12-13,3.010833291354354e-05
Las Condes,2025-12-15,8.795594862577713e-05
Las Condes,2025-12-16,0.00015721383749680402
Las Condes,2025-12-17,6.386800937678465e-05
Las Condes,2025-12-18,8.056576994330997e-05
Las Condes,2025-12-19,5.993619539130212e-05
Las Condes,2025-12-20,3.18710375508161e-05
Las Condes,2025-12-21,2.3604073745341742e-05
Las Condes,2025-12-22,9.993151431393256e-05
Las Condes,2025-12-23,0.00011767715299640597
Las Condes,2025-12-24,4.930877564023991e-05
Las Condes,2025-12-25,4.3614058811835555e-05
Las Condes,2025-12-26,5.981757151768516e-05
Las Condes,2025-12-27,4.7708739163611433e-05
Las Condes,2025-12-28,3.673709268173916e-05
Las Condes,2025-12-29,6.820333221578748e-05
Las Condes,2025-12-30,6.927338485104892e-05
Las Condes,2025-12-31,6.754928905104144e-05
Parque O'Higgins,2019-01-01,3.3103316918821696e-05
Parque O'Higgins,2019-01-02,9.885459014702249e-05
Parque O'Higgins,2019-01-03,0.00012165158587651151
Parque O'Higgins,2019-01-04,9.95212165460181e-05
Parque O'Higgins,2019-01-05,6.375150731247239e-05
Parque O'Higgins,2019-01-06,3.320149251588746e-05
Parque O'Higgins,2019-01-07,6.54188115731813e-05
Parque O'Higgins,2019-01-08,8.584446919155243e-05
Parque O'Higgins,2019-01-10,0.00013410022112229935
Parque O'Higgins,2019-01-11,7.871631425264086e-05
Parque O'Higgins,2019-01-12,4.835485643077782e-05
Parque O'Higgins,2019-01-14,7.988861183343924e-05
Parque O'Higgins,2019-01-15,0.00013559255408271813
Parque O'Higgins,2019-01-16,6.564919910852018e-05
Parque O'Higgins,2019-01-17,6.931222237412259e-05
Parque O'Higgins,2019-01-18,0.00010984958800940238
Parque O'Higgins,2019-01-19,6.189832158619955e-05
Parque O'Higgins,2019-01-20,5.225871069811338e-05
Parque O'Higgins,2019-01-21,0.00010074757301542854
Parque O'Higgins,2019-01-22,7.625053465466303e-05
Parque O'Higgins,2019-01-23,8.701288283758208e-05
Parque O'Higgins,2019-01-24,0.00010931925922819924
Parque O'Higgins,2019-01-25,0.00011174986603371466
Parque O'Higgins,2019-01-26,7.84321862415282e-05
Parque O'Higgins,2019-01-27,3.733136742789075e-05
Parque O'Higgins,2019-01-28,7.491263526525447e-05
Parque O'Higgins,2019-01-29,7.384524854833526e-05
Parque O'Higgins,2019-01-30,9.978962420410662e-05
Parque O'Higgins,2019-01-31,0.00010838742876518983
Parque O'Higgins,2019-02-01,8.810915691392693e-05
Parque O'Higgins,2019-02-02,6.686441261330525e-05
Parque O'Higgins,2019-02-03,3.943361195884196e-05
Parque O'Higgins,2019-02-04,0.00010977972437046778
Parque O'Higgins,2019-02-05,0.00012993307269343828
Parque O'Higgins,2019-02-06,9.039253120834784e-05
Parque O'Higgins,2019-02-07,8.563290113564875e-05
Parque O'Higgins,2019-02-08,7.662403744765094e-05
Parque O'Higgins,2019-02-09,7.077379522668116e-05
Parque O'Higgins,2019-02-11,0.00011180396064955415
Parque O'Higgins,2019-02-12,8.351746683200967e-05
Parque O'Higgins,2019-02-13,7.663463046609351e-05
Parque O'Higgins,2019-02-14,0.00016561671646442565
Parque O'Higgins,2019-02-15,0.0001225001204190085
Parque O'Higgins,2019-02-16,9.713910889705253e-05
Parque O'Higgins,2019-02-17,4.7426044824436476e-05
Parque O'Higgins,2019-02-18,7.520607225483663e-05
Parque O'Higgins,2019-02-19,6.575871784834037e-05
Parque O'Higgins,2019-02-20,0.00010130792713327513
Parque O'Higgins,2019-02-21,0.00012874396115506966
Parque O'Higgins,2019-02-22,0.00012298625439185947
Parque O'Higgins,2019-02-23,5.944460335929005e-05
Parque O'Higgins,2019-02-24,3.780141829285168e-05
Parque O'Higgins,2019-02-25,0.00010334803420335704
Parque O'Higgins,2019-02-26,0.00020425959378574622
Parque O'Higgins,2019-02-27,0.00015554726562082933
Parque O'Higgins,2019-02-28,0.00013872361489046078
Parque O'Higgins,2019-03-01,0.00012359222024694284
Parque O'Higgins,2019-03-02,8.337917829358476e-05
Parque O'Higgins,2019-03-03,5.3405600680879035e-05
Parque O'Higgins,2019-03-04,0.00012890900620822138
Parque O'Higgins,2019-03-05,0.00025800448098623125
Parque O'Higgins,2019-03-06,0.00015362128107612196
Parque O'Higgins,2019-03-07,0.0001613605854799971
Parque O'Higgins,2019-03-08,0.00013337951112588048
Parque O'Higgins,2019-03-09,0.00012166548145927323
Parque O'Higgins,2019-03-10,5.9468396311819855e-05
Parque O'Higgins,2019-03-11,0.000123463625794724
Parque O'Higgins,2019-03-12,0.00015490821704215453
Parque O'Higgins,2019-03-14,0.0001523684156542264
Parque O'Higgins,2019-03-15,0.00013096064493950567
Parque O'Higgins,2019-03-16,8.689252890193904e-05
Parque O'Higgins,2019-03-17,4.748269316342442e-05
Parque O'Higgins,2019-03-19,0.00015181356048121685
Parque O'Higgins,2019-03-20,0.00024815535289235413
Parque O'Higgins,2019-03-21,0.0002999172720592469
Parque O'Higgins,2019-03-22,0.00033684447136700737
Parque O'Higgins,2019-03-23,0.0001003841221969186
Parque O'Higgins,2019-03-24,8.300783290184778e-05
Parque O'Higgins,2019-03-25,0.00014874861210824428
Parque O'Higgins,2019-03-26,0.0002945556743333599
Parque O'Higgins,2019-03-27,0.00018159580954234017
Parque O'Higgins,2019-03-28,0.00025723203885453887
Parque O'Higgins,2019-03-29,0.00021790831584419902
Parque O'Higgins,2019-03-31,9.025044340741007e-05
Parque O'Higgins,2019-04-01,0.000315575980875855
Parque O'Higgins,2019-04-03,0.0001876621572801492
Parque O'Higgins,2019-04-04,0.000336010779166869
Parque O'Higgins,2019-04-05,0.00036814761887679295
Parque O'Higgins,2019-04-06,0.0002970821942807248
Parque O'Higgins,2019-04-07,0.00013892902223396314
Parque O'Higgins,2019-04-08,0.00013317987525729547
Parque O'Higgins,2019-04-09,0.00026808240689168896
Parque O'Higgins,2019-04-10,0.0006726297008148756
Parque O'Higgins,2019-04-11,0.0005600988216895776
Parque O'Higgins,2019-04-12,0.0003108583916263656
Parque O'Higgins,2019-04-15,0.0005378040859494401
Parque O'Higgins,2019-04-16,0.00047530039086346877
Parque O'Higgins,2019-04-17,0.00039059964775460575
Parque O'Higgins,2019-04-19,0.00026053746756837484
Parque O'Higgins,2019-04-20,0.00019843029824634029
Parque O'Higgins,2019-04-21,0.00013266352819101324
Parque O'Higgins,2019-04-22,0.0005174644979952236
Parque O'Higgins,2019-04-25,0.0006032236117037784
Parque O'Higgins,2019-04-26,0.0005046961675723176
Parque O'Higgins,2019-04-27,0.0004718099237295207
Parque O'Higgins,2019-04-28,0.00021358938737038344
Parque O'Higgins,2019-04-30,0.00032492945140455247
Parque O'Higgins,2019-05-01,0.0002718142691195961
Parque O'Higgins,2019-05-04,0.0003392334037926048
Parque O'Higgins,2019-05-07,0.0005485449983501318
Parque O'Higgins,2019-05-09,0.000302538809948968
Parque O'Higgins,2019-05-10,0.0004451480139141627
Parque O'Higgins,2019-05-11,0.0004970530650708415
Parque O'Higgins,2019-05-12,0.00033066338236439435
Parque O'Higgins,2019-05-13,0.0006275879641740166
Parque O'Higgins,2019-05-14,0.0005156728760455688
Parque O'Higgins,2019-05-15,0.00031891033927328703
Parque O'Higgins,2019-05-17,0.00022660311001995823
Parque O'Higgins,2019-05-18,0.00020242262007960415
Parque O'Higgins,2019-05-21,0.00016149727467017772
Parque O'Higgins,2019-05-22,0.0006653281497950662
Parque O'Higgins,2019-05-23,0.0009244855651997874
Parque O'Higgins,2019-05-27,0.0001671070161670787
Parque O'Higgins,2019-05-28,0.0007177971117266542
Parque O'Higgins,2019-06-02,0.00034639267642790945
Parque O'Higgins,2019-06-03,0.0008111920324154198
Parque O'Higgins,2019-06-07,0.0005908788692503631
Parque O'Higgins,2019-06-08,0.0008303741095836859
Parque O'Higgins,2019-06-09,0.0005489578759894922
Parque O'Higgins,2019-06-11,0.0005165783219816236
Parque O'Higgins,2019-06-15,0.00036782170753171177
Parque O'Higgins,2019-06-16,0.00044346902945318424
Parque O'Higgins,2019-06-18,0.000550082571877179
Parque O'Higgins,2019-06-19,0.0009096363210119307
Parque O'Higgins,2019-06-21,0.001289059524424374
Parque O'Higgins,2019-06-22,0.0013405116552751666
Parque O'Higgins,2019-06-25,0.0005978915723972023
Parque O'Higgins,2019-06-30,0.00031980453038444353
Parque O'Higgins,2019-07-01,0.0006934356372285822
Parque O'Higgins,2019-07-02,0.0013933837308442412
Parque O'Higgins,2019-07-03,0.0010692691835527935
Parque O'Higgins,2019-07-04,0.0013999606292884308
Parque O'Higgins,2019-07-05,0.001613462227396667
Parque O'Higgins,2019-07-08,0.000700513752363158
Parque O'Higgins,2019-07-09,0.0012446782060148733
Parque O'Higgins,2019-07-12,0.0005008883517927883
Parque O'Higgins,2019-07-13,0.0005596080440040979
Parque O'Higgins,2019-07-14,0.0005803702598156219
Parque O'Higgins,2019-07-15,0.0008900459404321456
Parque O'Higgins,2019-07-16,0.0005884305335870799
Parque O'Higgins,2019-07-18,0.000794582191143897
Parque O'Higgins,2019-07-22,0.0004250713961300406
Parque O'Higgins,2019-07-23,0.00047461105555036054
Parque O'Higgins,2019-07-24,0.0005611383496598046
Parque O'Higgins,2019-07-25,0.0009558087135593505
Parque O'Higgins,2019-07-26,0.0010109315261318482
Parque O'Higgins,2019-07-30,0.0007096889795181288
Parque O'Higgins,2019-08-01,0.0003482392866426882
Parque O'Higgins,2019-08-02,0.0007248465285428338
Parque O'Higgins,2019-08-03,0.0005813842517107934
Parque O'Higgins,2019-08-04,0.000575698763879271
Parque O'Higgins,2019-08-05,0.0006871582550587999
Parque O'Higgins,2019-08-07,0.0002818782254815058
Parque O'Higgins,2019-08-08,0.00028101026914884345
Parque O'Higgins,2019-08-09,0.000567433864973953
Parque O'Higgins,2019-08-11,0.00010792225312657068
Parque O'Higgins,2019-08-12,0.0005973488925740673
Parque O'Higgins,2019-08-16,0.00029627852651277964
Parque O'Higgins,2019-08-20,0.0006771574262529612
Parque O'Higgins,2019-08-22,0.001551746972836554
Parque O'Higgins,2019-08-24,0.0004534395120572299
Parque O'Higgins,2019-08-26,0.0003913350396872838
Parque O'Higgins,2019-08-29,0.00014769486733712256
Parque O'Higgins,2019-08-30,0.00020447581314740918
Parque O'Higgins,2019-08-31,0.0002986504872133666
Parque O'Higgins,2019-09-01,0.00022564499582378164
Parque O'Higgins,2019-09-02,0.0004752407090861634
Parque O'Higgins,2019-09-08,0.00012633533789312883
Parque O'Higgins,2019-09-10,0.0004717382835224271
Parque O'Higgins,2019-09-11,0.00034033605529698124
Parque O'Higgins,2019-09-12,0.0007676150555944979
Parque O'Higgins,2019-09-13,0.0003428753030802404
Parque O'Higgins,2019-09-14,0.0001713249672682312
Parque O'Higgins,2019-09-16,0.00037057360785850216
Parque O'Higgins,2019-09-17,0.0002045388349096181
Parque O'Higgins,2019-09-18,0.00016797271658163418
Parque O'Higgins,2019-09-20,8.58125991444939e-05
Parque O'Higgins,2019-09-21,0.00018562329337942977
Parque O'Higgins,2019-09-22,0.0001231441194122199
Parque O'Higgins,2019-09-23,0.00020349165424704552
Parque O'Higgins,2019-09-24,0.0002659845215158867
Parque O'Higgins,2019-09-25,0.00017317466565974052
Parque O'Higgins,2019-09-26,0.000324554085113456
Parque O'Higgins,2019-09-27,0.0003521697514050817
Parque O'Higgins,2019-09-28,0.0002506572463441245
Parque O'Higgins,2019-09-29,7.919609731391697e-05
Parque O'Higgins,2019-10-02,0.0002138028330997998
Parque O'Higgins,2019-10-03,0.0001163294568825867
Parque O'Higgins,2019-10-04,0.00022267651857191362
Parque O'Higgins,2019-10-05,0.00024049861568201613
Parque O'Higgins,2019-10-06,0.0001411395383126778
Parque O'Higgins,2019-10-07,0.00018098590376074348
Parque O'Higgins,2019-10-08,0.00027811695330258343
Parque O'Higgins,2019-10-15,0.00020188945857975882
Parque O'Higgins,2019-10-17,0.00012938857350151538
Parque O'Higgins,2019-10-18,0.00017676963117488857
Parque O'Higgins,2019-10-20,0.00010998702337365878
Parque O'Higgins,2019-10-21,0.00012849536784192864
Parque O'Higgins,2019-10-22,9.76438750512898e-05
Parque O'Higgins,2019-10-23,0.00013940225870671122
Parque O'Higgins,2019-10-24,0.00011730150337651713
Parque O'Higgins,2019-10-26,0.00013247308187927704
Parque O'Higgins,2019-10-28,9.873266536993417e-05
Parque O'Higgins,2019-10-29,0.0001353815297402049
Parque O'Higgins,2019-10-30,0.00029001731536654863
Parque O'Higgins,2019-10-31,0.00011276746937555137
Parque O'Higgins,2019-11-02,0.00010840201010609929
Parque O'Higgins,2019-11-03,5.948941905047617e-05
Parque O'Higgins,2019-11-05,0.0001348627036689595
Parque O'Higgins,2019-11-06,0.00013582233517506973
Parque O'Higgins,2019-11-07,0.00012970028729292768
Parque O'Higgins,2019-11-09,9.770928462953322e-05
Parque O'Higgins,2019-11-10,6.941521454077124e-05
Parque O'Higgins,2019-11-11,4.785629137627035e-05
Parque O'Higgins,2019-11-12,5.062173377765327e-05
Parque O'Higgins,2019-11-13,8.862000365499225e-05
Parque O'Higgins,2019-11-14,0.00012396188623125794
Parque O'Higgins,2019-11-15,0.00015348866021535306
Parque O'Higgins,2019-11-16,5.248559955714331e-05
Parque O'Higgins,2019-11-17,4.1706840997749234e-05
Parque O'Higgins,2019-11-18,0.00015712974158724216
Parque O'Higgins,2019-11-19,9.386953081287527e-05
Parque O'Higgins,2019-11-20,0.00013223200130372214
Parque O'Higgins,2019-11-22,8.431322969742271e-05
Parque O'Higgins,2019-11-23,4.3554035671743334e-05
Parque O'Higgins,2019-11-26,0.00012555370300392684
Parque O'Higgins,2019-11-27,0.0001330494036411432
Parque O'Higgins,2019-11-28,9.700778215530954e-05
Parque O'Higgins,2019-11-29,0.00010898314103062893
Parque O'Higgins,2019-11-30,0.00010969209561806955
Parque O'Higgins,2019-12-01,4.5686751918784055e-05
Parque O'Higgins,2019-12-02,7.137118518585339e-05
Parque O'Higgins,2019-12-03,5.730106128959254e-05
Parque O'Higgins,2019-12-04,7.498960474035471e-05
Parque O'Higgins,2019-12-05,0.00012202213800219805
Parque O'Higgins,2019-12-06,0.00011187142435119992
Parque O'Higgins,2019-12-07,8.018697081594945e-05
Parque O'Higgins,2019-12-08,3.776681604114876e-05
Parque O'Higgins,2019-12-09,6.868676639461032e-05
Parque O'Higgins,2019-12-10,8.880996822868426e-05
Parque O'Higgins,2019-12-11,0.00011793482032554644
Parque O'Higgins,2019-12-12,0.00017811060990349765
Parque O'Higgins,2019-12-13,9.258000137519497e-05
Parque O'Higgins,2019-12-15,4.007584501583766e-05
Parque O'Higgins,2019-12-16,0.00011615004208266136
Parque O'Higgins,2019-12-17,0.00014155980693277288
Parque O'Higgins,2019-12-18,0.00010651863409040911
Parque O'Higgins,2019-12-20,0.00011568638503440748
Parque O'Higgins,2019-12-21,9.133519093207353e-05
Parque O'Higgins,2019-12-22,8.747297540256127e-05
Parque O'Higgins,2019-12-23,0.0001316831896429824
Parque O'Higgins,2019-12-24,6.360196184809672e-05
Parque O'Higgins,2019-12-25,4.0889734549398975e-05
Parque O'Higgins,2019-12-26,0.00010235940933130896
Parque O'Higgins,2019-12-27,0.0001026912279605517
Parque O'Higgins,2019-12-28,8.520589277722263e-05
Parque O'Higgins,2019-12-29,1.1526507885877488e-05
Parque O'Higgins,2019-12-30,7.150253291181893e-05
Parque O'Higgins,2019-12-31,6.120708035388254e-05
Parque O'Higgins,2020-01-01,3.1120246018449373e-05
Parque O'Higgins,2020-01-02,8.442380680884338e-05
Parque O'Higgins,2020-01-03,7.793964704193576e-05
Parque O'Higgins,2020-01-04,4.996148777574841e-05
Parque O'Higgins,2020-01-05,4.4865928122919595e-05
Parque O'Higgins,2020-01-06,9.181534909120985e-05
Parque O'Higgins,2020-01-07,9.119486628923445e-05
Parque O'Higgins,2020-01-09,6.715511355055365e-05
Parque O'Higgins,2020-01-10,8.858198491507273e-05
Parque O'Higgins,2020-01-11,6.937785634491719e-05
Parque O'Higgins,2020-01-12,5.243696513535976e-05
Parque O'Higgins,2020-01-13,9.196595106135416e-05
Parque O'Higgins,2020-01-14,7.355069590743862e-05
Parque O'Higgins,2020-01-15,7.819555392046677e-05
Parque O'Higgins,2020-01-16,8.047868479766413e-05
Parque O'Higgins,2020-01-17,0.0001043320555559436
Parque O'Higgins,2020-01-18,5.148454887860581e-05
Parque O'Higgins,2020-01-20,7.142901893104472e-05
Parque O'Higgins,2020-01-21,7.117215203383015e-05
Parque O'Higgins,2020-01-22,0.00011862185278835067
Parque O'Higgins,2020-01-23,9.124535534577368e-05
Parque O'Higgins,2020-01-24,8.936978151589812e-05
Parque O'Higgins,2020-01-25,4.938339101812357e-05
Parque O'Higgins,2020-01-26,4.1077195540774395e-05
Parque O'Higgins,2020-01-27,6.86040760386598e-05
Parque O'Higgins,2020-01-28,7.605178157121235e-05
Parque O'Higgins,2020-01-29,7.601085291345105e-05
Parque O'Higgins,2020-01-30,7.604812959315034e-05
Parque O'Higgins,2020-01-31,8.264242358364155e-05
Parque O'Higgins,2020-02-01,5.474549069221738e-05
Parque O'Higgins,2020-02-02,3.822945037903529e-05
Parque O'Higgins,2020-02-03,9.570185234822776e-05
Parque O'Higgins,2020-02-04,0.00011658192941776996
Parque O'Higgins,2020-02-05,6.155068922223067e-05
Parque O'Higgins,2020-02-06,8.54012675272978e-05
Parque O'Higgins,2020-02-07,0.00010406897994146195
Parque O'Higgins,2020-02-08,6.488104240268608e-05
Parque O'Higgins,2020-02-09,6.0389401028540746e-05
Parque O'Higgins,2020-02-10,6.08285408907656e-05
Parque O'Higgins,2020-02-11,5.579687827976001e-05
Parque O'Higgins,2020-02-12,8.066318758740703e-05
Parque O'Higgins,2020-02-13,0.00010081975621346542
Parque O'Higgins,2020-02-14,0.00014110545276738322
Parque O'Higgins,2020-02-15,5.6812057065947424e-05
Parque O'Higgins,2020-02-16,3.299562670078866e-05
Parque O'Higgins,2020-02-17,7.485116630668243e-05
Parque O'Higgins,2020-02-18,0.00012370467400312713
Parque O'Higgins,2020-02-19,0.0001323650985889023
Parque O'Higgins,2020-02-20,9.52678826802623e-05
Parque O'Higgins,2020-02-21,0.00010809343473446698
Parque O'Higgins,2020-02-22,4.691273262617023e-05
Parque O'Higgins,2020-02-23,3.95726366303003e-05
Parque O'Higgins,2020-02-24,7.382625857058645e-05
Parque O'Higgins,2020-02-25,0.00021396673911197218
Parque O'Higgins,2020-02-26,0.0001538686408440307
Parque O'Higgins,2020-02-27,8.176551199071167e-05
Parque O'Higgins,2020-02-28,0.00010141171741296115
Parque O'Higgins,2020-02-29,6.757241285364005e-05
Parque O'Higgins,2020-03-01,4.110052103898095e-05
Parque O'Higgins,2020-03-02,9.442948695673246e-05
Parque O'Higgins,2020-03-03,0.00012239482231959236
Parque O'Higgins,2020-03-04,0.0001321745066616448
Parque O'Higgins,2020-03-05,0.00023038952620166536
Parque O'Higgins,2020-03-06,0.00014986583504962483
Parque O'Higgins,2020-03-07,0.00014670476904741995
Parque O'Higgins,2020-03-08,4.177275770627884e-05
Parque O'Higgins,2020-03-09,0.00013420796487816991
Parque O'Higgins,2020-03-10,0.00012430690274492734
Parque O'Higgins,2020-03-11,0.0001386002829381926
Parque O'Higgins,2020-03-12,0.00013143691756010168
Parque O'Higgins,2020-03-13,0.00012581185285868055
Parque O'Higgins,2020-03-14,9.32012983886598e-05
Parque O'Higgins,2020-03-15,7.517390789664168e-05
Parque O'Higgins,2020-03-16,0.0001401989951451832
Parque O'Higgins,2020-03-17,0.0002079180879602872
Parque O'Higgins,2020-03-18,0.00012090458936122132
Parque O'Higgins,2020-03-19,0.0001379732173046219
Parque O'Higgins,2020-03-20,0.00011196948005021231
Parque O'Higgins,2020-03-21,8.448915787254702e-05
Parque O'Higgins,2020-03-22,4.6346207775450355e-05
Parque O'Higgins,2020-03-23,0.00021248510571232545
Parque O'Higgins,2020-03-24,0.00011141552684627467
Parque O'Higgins,2020-03-25,9.083406251055285e-05
Parque O'Higgins,2020-03-26,0.00010522970183186222
Parque O'Higgins,2020-03-27,0.00020244100785646706
Parque O'Higgins,2020-03-28,0.00012019946949700886
Parque O'Higgins,2020-03-29,4.1156171405893504e-05
Parque O'Higgins,2020-03-30,0.00010279307512596489
Parque O'Higgins,2020-03-31,0.00011482563955514138
Parque O'Higgins,2020-04-01,0.00012812349156521841
Parque O'Higgins,2020-04-02,0.0002692521707400711
Parque O'Higgins,2020-04-03,0.0002099204614857024
Parque O'Higgins,2020-04-05,4.7999952436729466e-05
Parque O'Higgins,2020-04-06,0.00026734451439883454
Parque O'Higgins,2020-04-07,0.0002297528157617631
Parque O'Higgins,2020-04-08,0.0001677027063715488
Parque O'Higgins,2020-04-09,0.00018425611423970113
Parque O'Higgins,2020-04-10,5.7131123294645326e-05
Parque O'Higgins,2020-04-13,0.0003707465128082397
Parque O'Higgins,2020-04-14,0.0002620518911026964
Parque O'Higgins,2020-04-16,0.0003387226899337082
Parque O'Higgins,2020-04-17,0.0003627626103461687
Parque O'Higgins,2020-04-18,0.00017851730645005554
Parque O'Higgins,2020-04-19,7.191921786589503e-05
Parque O'Higgins,2020-04-20,0.00013588427074669345
Parque O'Higgins,2020-04-21,0.00029187768332574864
Parque O'Higgins,2020-04-22,0.00045068325732454455
Parque O'Higgins,2020-04-25,0.00016280111523933903
Parque O'Higgins,2020-04-27,0.00016474655190241844
Parque O'Higgins,2020-04-28,0.00036056765342784146
Parque O'Higgins,2020-04-29,0.00038695148084329196
Parque O'Higgins,2020-04-30,0.0004987193589537216
Parque O'Higgins,2020-05-01,0.000139628969542091
Parque O'Higgins,2020-05-02,0.0002716963591356275
Parque O'Higgins,2020-05-03,0.00013178723231546238
Parque O'Higgins,2020-05-05,0.00037172353320980315
Parque O'Higgins,2020-05-06,0.0005483177379168768
Parque O'Higgins,2020-05-07,0.00038641766848824085
Parque O'Higgins,2020-05-08,0.000568355499205365
Parque O'Higgins,2020-05-09,0.00016015292409488608
Parque O'Higgins,2020-05-10,7.41845793543568e-05
Parque O'Higgins,2020-05-11,0.0004923158785186815
Parque O'Higgins,2020-05-13,0.00039105145678985665
Parque O'Higgins,2020-05-14,0.00044523942400353215
Parque O'Higgins,2020-05-15,0.0005082470822255653
Parque O'Higgins,2020-05-16,0.0002426448998354552
Parque O'Higgins,2020-05-17,9.086955074433566e-05
Parque O'Higgins,2020-05-18,0.00013751755247557495
Parque O'Higgins,2020-05-21,0.00017309000068856277
Parque O'Higgins,2020-05-22,0.0006481636146865209
Parque O'Higgins,2020-05-23,0.0007199545659263241
Parque O'Higgins,2020-05-24,0.00023682151444503417
Parque O'Higgins,2020-05-25,0.0007643675831727642
Parque O'Higgins,2020-05-26,0.00046745726452498775
Parque O'Higgins,2020-05-30,0.0003847640162632068
Parque O'Higgins,2020-05-31,0.00023757275010847823
Parque O'Higgins,2020-06-01,0.0002192421616099823
Parque O'Higgins,2020-06-04,0.0003122342613649975
Parque O'Higgins,2020-06-05,0.0005916770599657406
Parque O'Higgins,2020-06-07,0.00022868317530859157
Parque O'Higgins,2020-06-09,0.0010518802019622662
Parque O'Higgins,2020-06-10,0.0005864738469720331
Parque O'Higgins,2020-06-12,0.00013681297686092537
Parque O'Higgins,2020-06-13,0.0003192146136730152
Parque O'Higgins,2020-06-14,0.0004208555566044863
Parque O'Higgins,2020-07-02,0.0007123073859332585
Parque O'Higgins,2020-07-03,0.00044021232935100257
Parque O'Higgins,2020-07-05,0.0002279016148975541
Parque O'Higgins,2020-07-08,0.000419441379675413
Parque O'Higgins,2020-07-13,0.0002533769612555219
Parque O'Higgins,2020-07-14,0.0005195884559528138
Parque O'Higgins,2020-07-15,0.0004894181112482662
Parque O'Higgins,2020-07-19,0.00012845876541207982
Parque O'Higgins,2020-07-20,0.00015700630559737695
Parque O'Higgins,2020-07-24,0.0004322549472639902
Parque O'Higgins,2020-07-28,0.0007060330683255794
Parque O'Higgins,2020-07-29,0.0007702496905305423
Parque O'Higgins,2020-08-02,0.0005601937689674527
Parque O'Higgins,2020-08-04,0.0004210064487065709
Parque O'Higgins,2020-08-05,0.00017275548290549293
Parque O'Higgins,2020-08-07,0.0008298256627092411
Parque O'Higgins,2020-08-08,0.0003739045063806305
Parque O'Higgins,2020-08-09,0.00013654838415814844
Parque O'Higgins,2020-08-10,0.0005271538231640675
Parque O'Higgins,2020-08-11,0.00025349496927132964
Parque O'Higgins,2020-08-12,0.00045597096899797375
Parque O'Higgins,2020-08-15,0.00029630529704867967
Parque O'Higgins,2020-08-16,0.0001382122821320773
Parque O'Higgins,2020-08-17,0.00035892636335557477
Parque O'Higgins,2020-08-19,0.0005071948335975291
Parque O'Higgins,2020-08-20,0.0003472222574957598
Parque O'Higgins,2020-08-21,0.00029084510361175765
Parque O'Higgins,2020-08-22,0.00016156293297048618
Parque O'Higgins,2020-08-23,8.646353656136264e-05
Parque O'Higgins,2020-08-24,0.00010947658431361946
Parque O'Higgins,2020-08-27,0.0002675956756925328
Parque O'Higgins,2020-08-29,0.00025061513712497065
Parque O'Higgins,2020-08-30,0.00013463316995462041
Parque O'Higgins,2020-08-31,0.00020468516798917327
Parque O'Higgins,2020-09-02,0.00030803201089418076
Parque O'Higgins,2020-09-03,0.0002844088043302855
Parque O'Higgins,2020-09-05,0.00015465130502929954
Parque O'Higgins,2020-09-06,8.191418626931585e-05
Parque O'Higgins,2020-09-07,0.0007650798449997264
Parque O'Higgins,2020-09-09,0.0003759316459763656
Parque O'Higgins,2020-09-10,0.00019561012876513094
Parque O'Higgins,2020-09-11,0.00016964825681566286
Parque O'Higgins,2020-09-12,0.00014586655434510555
Parque O'Higgins,2020-09-13,9.619952411966911e-05
Parque O'Higgins,2020-09-14,0.00027820899676945463
Parque O'Higgins,2020-09-15,0.000261815925163231
Parque O'Higgins,2020-09-16,0.00020679531941712287
Parque O'Higgins,2020-09-17,0.0001362207894829575
Parque O'Higgins,2020-09-18,8.991824922071941e-05
Parque O'Higgins,2020-09-19,6.981376595960003e-05
Parque O'Higgins,2020-09-20,6.30883550074334e-05
Parque O'Higgins,2020-09-21,0.00023352699112247108
Parque O'Higgins,2020-09-22,9.124998543187216e-05
Parque O'Higgins,2020-09-26,9.534387754538075e-05
Parque O'Higgins,2020-09-27,5.701210761091284e-05
Parque O'Higgins,2020-09-28,0.0005739097376736496
Parque O'Higgins,2020-09-29,0.00024865935651191925
Parque O'Higgins,2020-09-30,0.00017910840998266184
Parque O'Higgins,2020-10-01,0.00026240794798067306
Parque O'Higgins,2020-10-02,0.0001529587878803664
Parque O'Higgins,2020-10-03,7.392668021508288e-05
Parque O'Higgins,2020-10-04,7.260186186598272e-05
Parque O'Higgins,2020-10-05,0.00019524847854393275
Parque O'Higgins,2020-10-07,0.00020157360829439386
Parque O'Higgins,2020-10-08,0.00012794979294757534
Parque O'Higgins,2020-10-09,0.00021031604750852367
Parque O'Higgins,2020-10-10,0.00010377870589929143
Parque O'Higgins,2020-10-11,9.297265434331207e-05
Parque O'Higgins,2020-10-12,8.286208721982122e-05
Parque O'Higgins,2020-10-13,9.684718856954009e-05
Parque O'Higgins,2020-10-14,0.00016379129296547156
Parque O'Higgins,2020-10-15,0.00022612957159947017
Parque O'Higgins,2020-10-16,0.0001364745906464549
Parque O'Higgins,2020-10-17,7.483688096050329e-05
Parque O'Higgins,2020-10-18,4.287224680582176e-05
Parque O'Higgins,2020-10-19,0.00010977426226792986
Parque O'Higgins,2020-10-20,0.00014346306144392127
Parque O'Higgins,2020-10-21,0.00011453838761615694
Parque O'Higgins,2020-10-23,0.00014233724307697405
Parque O'Higgins,2020-10-24,4.736516348202537e-05
Parque O'Higgins,2020-10-25,6.497230801663095e-05
Parque O'Higgins,2020-10-26,0.00014535850177640154
Parque O'Higgins,2020-10-28,0.00012173563445992808
Parque O'Higgins,2020-10-29,9.454614202514819e-05
Parque O'Higgins,2020-10-30,0.0001475586394588096
Parque O'Higgins,2020-10-31,6.441516731749664e-05
Parque O'Higgins,2020-11-01,4.614787667828257e-05
Parque O'Higgins,2020-11-02,0.00012731397638113398
Parque O'Higgins,2020-11-03,0.00012356934830996818
Parque O'Higgins,2020-11-04,6.986354043687599e-05
Parque O'Higgins,2020-11-05,9.840934768083304e-05
Parque O'Higgins,2020-11-06,0.00011853792732919928
Parque O'Higgins,2020-11-07,8.381731799917806e-05
Parque O'Higgins,2020-11-08,3.54717989382374e-05
Parque O'Higgins,2020-11-09,8.509938339144176e-05
Parque O'Higgins,2020-11-10,5.263298892394261e-05
Parque O'Higgins,2020-11-11,0.00012276542928635445
Parque O'Higgins,2020-11-12,0.00015416274133046363
Parque O'Higgins,2020-11-14,4.844587116714609e-05
Parque O'Higgins,2020-11-15,3.218637247097515e-05
Parque O'Higgins,2020-11-16,9.46088838847137e-05
Parque O'Higgins,2020-11-18,8.763352724996737e-05
Parque O'Higgins,2020-11-19,5.905324344606874e-05
Parque O'Higgins,2020-11-20,0.00012702146104641944
Parque O'Higgins,2020-11-21,8.392764419301394e-05
Parque O'Higgins,2020-11-22,6.545263108234848e-05
Parque O'Higgins,2020-11-23,9.837334049958056e-05
Parque O'Higgins,2020-11-24,5.780730948050703e-05
Parque O'Higgins,2020-11-25,9.333030900075931e-05
Parque O'Higgins,2020-11-26,0.00011643580665760304
Parque O'Higgins,2020-11-27,9.287677959855163e-05
Parque O'Higgins,2020-11-28,6.95687842545144e-05
Parque O'Higgins,2020-11-29,3.8316279168528217e-05
Parque O'Higgins,2020-11-30,8.270924722896027e-05
Parque O'Higgins,2020-12-01,5.1853119807005455e-05
Parque O'Higgins,2020-12-02,0.00011563577242864852
Parque O'Higgins,2020-12-03,0.00011005412116647015
Parque O'Higgins,2020-12-04,0.00011210087470349789
Parque O'Higgins,2020-12-05,5.6403108911664e-05
Parque O'Higgins,2020-12-06,4.2107193475092794e-05
Parque O'Higgins,2020-12-07,8.56510503225481e-05
Parque O'Higgins,2020-12-08,5.8878359543194e-05
Parque O'Higgins,2020-12-09,0.00011756622058429247
Parque O'Higgins,2020-12-10,3.452579749364503e-05
Parque O'Higgins,2020-12-11,8.893170829432433e-05
Parque O'Higgins,2020-12-12,4.234678116946403e-05
Parque O'Higgins,2020-12-13,3.6864625622251336e-05
Parque O'Higgins,2020-12-14,0.00013769182440889955
Parque O'Higgins,2020-12-15,8.5988476771632e-05
Parque O'Higgins,2020-12-16,8.566854562572629e-05
Parque O'Higgins,2020-12-17,0.00011854650178920167
Parque O'Higgins,2020-12-18,9.514694480286604e-05
Parque O'Higgins,2020-12-19,4.678687691805699e-05
Parque O'Higgins,2020-12-20,4.232095356614565e-05
Parque O'Higgins,2020-12-21,0.00011490170242925795
Parque O'Higgins,2020-12-22,6.371095704166831e-05
Parque O'Higgins,2020-12-23,8.879413089507336e-05
Parque O'Higgins,2020-12-24,8.538463158232726e-05
Parque O'Higgins,2020-12-25,3.121301714157455e-05
Parque O'Higgins,2020-12-26,2.9034431495996686e-05
Parque O'Higgins,2020-12-27,2.540343105528711e-05
Parque O'Higgins,2020-12-28,7.05972612588563e-05
Parque O'Higgins,2020-12-29,7.848814654675085e-05
Parque O'Higgins,2020-12-30,0.00012304095050002077
Parque O'Higgins,2020-12-31,6.355413882904679e-05
Parque O'Higgins,2021-01-01,2.1812185877933295e-05
Parque O'Higgins,2021-01-02,3.714323939847459e-05
Parque O'Higgins,2021-01-03,2.966788827005042e-05
Parque O'Higgins,2021-01-04,5.0721370943828006e-05
Parque O'Higgins,2021-01-05,7.080261099286767e-05
Parque O'Higgins,2021-01-07,6.490742562740391e-05
Parque O'Higgins,2021-01-08,7.593076148431878e-05
Parque O'Higgins,2021-01-10,3.1341555191809285e-05
Parque O'Higgins,2021-01-11,9.173114109498084e-05
Parque O'Higgins,2021-01-12,8.423021917230433e-05
Parque O'Higgins,2021-01-13,9.879538512687061e-05
Parque O'Higgins,2021-01-14,9.45531438679541e-05
Parque O'Higgins,2021-01-15,0.00011067482959375664
Parque O'Higgins,2021-01-16,2.761343969103444e-05
Parque O'Higgins,2021-01-17,2.6346449181672812e-05
Parque O'Higgins,2021-01-18,7.914686550317876e-05
Parque O'Higgins,2021-01-19,8.956348026519702e-05
Parque O'Higgins,2021-01-20,0.0001144458554250266
Parque O'Higgins,2021-01-21,9.488365540394355e-05
Parque O'Higgins,2021-01-22,0.00011687849962816114
Parque O'Higgins,2021-01-23,4.4553320919412394e-05
Parque O'Higgins,2021-01-24,3.990430192887633e-05
Parque O'Higgins,2021-01-25,7.147943286600214e-05
Parque O'Higgins,2021-01-26,8.936545730460817e-05
Parque O'Higgins,2021-01-27,7.908681328849531e-05
Parque O'Higgins,2021-01-31,4.495584770204111e-05
Parque O'Higgins,2021-02-01,8.556263042257893e-05
Parque O'Higgins,2021-02-02,8.883129108362482e-05
Parque O'Higgins,2021-02-03,0.0001956976903609457
Parque O'Higgins,2021-02-04,0.00014451320273406898
Parque O'Higgins,2021-02-05,0.00016117217321413705
Parque O'Higgins,2021-02-06,0.00013793497352162482
Parque O'Higgins,2021-02-07,6.795696020335052e-05
Parque O'Higgins,2021-02-08,8.720508251981264e-05
Parque O'Higgins,2021-02-09,9.260922814476029e-05
Parque O'Higgins,2021-02-10,0.00012956430539901538
Parque O'Higgins,2021-02-11,9.971437970706104e-05
Parque O'Higgins,2021-02-12,8.861232154093636e-05
Parque O'Higgins,2021-02-13,4.753788082556416e-05
Parque O'Higgins,2021-02-14,3.518367592323597e-05
Parque O'Higgins,2021-02-15,9.971261981676886e-05
Parque O'Higgins,2021-02-17,0.0001016031812214373
Parque O'Higgins,2021-02-18,8.185371268745421e-05
Parque O'Higgins,2021-02-19,0.00011070668502013235
Parque O'Higgins,2021-02-20,6.994059266514068e-05
Parque O'Higgins,2021-02-21,4.534763320835305e-05
Parque O'Higgins,2021-02-22,0.00012771495400394257
Parque O'Higgins,2021-02-23,0.00018570834836595206
Parque O'Higgins,2021-02-24,0.0001076896152967611
Parque O'Higgins,2021-02-25,0.00011453314173775551
Parque O'Higgins,2021-02-26,0.00014448284539329254
Parque O'Higgins,2021-02-27,9.264080019595017e-05
Parque O'Higgins,2021-02-28,4.373953184104513e-05
Parque O'Higgins,2021-03-02,0.00011436428806673638
Parque O'Higgins,2021-03-03,0.0001433018487884967
Parque O'Higgins,2021-03-04,0.00025982957457528996
Parque O'Higgins,2021-03-05,0.0001356481729600015
Parque O'Higgins,2021-03-06,5.311273310935609e-05
Parque O'Higgins,2021-03-07,5.7908163486822735e-05
Parque O'Higgins,2021-03-08,0.00013432816625812954
Parque O'Higgins,2021-03-09,0.00014272533451653596
Parque O'Higgins,2021-03-10,0.00010508300031037522
Parque O'Higgins,2021-03-11,0.00019004041893863404
Parque O'Higgins,2021-03-12,0.0001075454750050958
Parque O'Higgins,2021-03-13,6.525967322763211e-05
Parque O'Higgins,2021-03-14,3.9885656244291264e-05
Parque O'Higgins,2021-03-20,0.00018303878921367613
Parque O'Higgins,2021-03-21,4.644700384143175e-05
Parque O'Higgins,2021-03-22,0.0003380401952057612
Parque O'Higgins,2021-03-23,0.00011449072880904684
Parque O'Higgins,2021-03-24,0.00011409473630963969
Parque O'Higgins,2021-03-25,7.584217763222246e-05
Parque O'Higgins,2021-03-26,0.0003372569627879818
Parque O'Higgins,2021-03-27,9.942419945323399e-05
Parque O'Higgins,2021-03-28,5.3983613798363937e-05
Parque O'Higgins,2021-03-29,0.00019030560099215553
Parque O'Higgins,2021-03-30,0.00021152593682068643
Parque O'Higgins,2021-03-31,0.0003559685041696289
Parque O'Higgins,2021-04-01,0.0002071717364834299
Parque O'Higgins,2021-04-02,0.00011012705936266893
Parque O'Higgins,2021-04-03,9.053549469772906e-05
Parque O'Higgins,2021-04-05,0.0005397869792807654
Parque O'Higgins,2021-04-06,0.0002927143438746882
Parque O'Higgins,2021-04-07,0.0001634329662226379
Parque O'Higgins,2021-04-08,0.00011341899746751996
Parque O'Higgins,2021-04-09,0.0001812328672755319
Parque O'Higgins,2021-04-10,0.00010282292381634144
Parque O'Higgins,2021-04-11,9.416297184612934e-05
Parque O'Higgins,2021-04-12,0.00025574142529839874
Parque O'Higgins,2021-04-13,0.00022207470856341446
Parque O'Higgins,2021-04-14,0.0003922384109292744
Parque O'Higgins,2021-04-15,0.0004556517255960288
Parque O'Higgins,2021-04-16,0.00047987239777812376
Parque O'Higgins,2021-04-17,0.00019673555633551744
Parque O'Higgins,2021-04-18,9.749606852571848e-05
Parque O'Higgins,2021-04-19,0.0003001534103205186
Parque O'Higgins,2021-04-20,0.0004547502127662544
Parque O'Higgins,2021-04-21,0.00010885723739878384
Parque O'Higgins,2021-04-22,0.0003255266495551233
Parque O'Higgins,2021-04-24,0.00034778035405954997
Parque O'Higgins,2021-04-25,0.0001321271888645509
Parque O'Higgins,2021-04-26,0.0005647089303792333
Parque O'Higgins,2021-04-27,0.00041123710850918634
Parque O'Higgins,2021-04-28,0.0005979774316538012
Parque O'Higgins,2021-04-29,0.00036363385284206344
Parque O'Higgins,2021-04-30,0.00043361981556557893
Parque O'Higgins,2021-05-03,0.00017301821797099102
Parque O'Higgins,2021-05-05,0.0004233765926203747
Parque O'Higgins,2021-05-06,0.0005043718023662908
Parque O'Higgins,2021-05-07,0.0003522803709483346
Parque O'Higgins,2021-05-09,0.00018833308422471629
Parque O'Higgins,2021-05-10,0.000380019174588831
Parque O'Higgins,2021-05-11,0.0008000143376610794
Parque O'Higgins,2021-05-12,0.0006494652010560057
Parque O'Higgins,2021-05-14,0.0011311389618665424
Parque O'Higgins,2021-05-17,0.0009735248099040678
Parque O'Higgins,2021-05-19,0.001041237372002767
Parque O'Higgins,2021-05-22,0.0007120469257626071
Parque O'Higgins,2021-05-23,0.0006946662995913583
Parque O'Higgins,2021-05-24,0.0010774923658762596
Parque O'Higgins,2021-05-25,0.0010601673799914095
Parque O'Higgins,2021-05-26,0.0017510872991466431
Parque O'Higgins,2021-05-27,0.0007050374365463211
Parque O'Higgins,2021-05-28,0.0009820577304459127
Parque O'Higgins,2021-05-30,0.0008443618508125477
Parque O'Higgins,2021-05-31,0.001048091006416774
Parque O'Higgins,2021-06-02,0.0011787759322177867
Parque O'Higgins,2021-06-03,0.001343418693181218
Parque O'Higgins,2021-06-07,0.0008439311481327336
Parque O'Higgins,2021-06-08,0.0009587612800879821
Parque O'Higgins,2021-06-09,0.0007786018510391591
Parque O'Higgins,2021-06-10,0.0010424068395209988
Parque O'Higgins,2021-06-11,0.0012635007665986978
Parque O'Higgins,2021-06-12,0.0005862564353574238
Parque O'Higgins,2021-06-13,0.000525477922000582
Parque O'Higgins,2021-06-15,0.0007310803597166478
Parque O'Higgins,2021-06-16,0.0008486529457318474
Parque O'Higgins,2021-06-17,0.0006631881975353701
Parque O'Higgins,2021-06-18,0.0011504867738248744
Parque O'Higgins,2021-06-19,0.0007718020844910905
Parque O'Higgins,2021-06-21,0.0005020607351577105
Parque O'Higgins,2021-06-27,0.00046783099725997504
Parque O'Higgins,2021-06-28,0.0005684923526046404
Parque O'Higgins,2021-06-29,0.0014266236451378235
Parque O'Higgins,2021-07-01,0.0007030097868070977
Parque O'Higgins,2021-07-02,0.0016989545889978422
Parque O'Higgins,2021-07-04,0.000641289293352588
Parque O'Higgins,2021-07-05,0.0012976180186285557
Parque O'Higgins,2021-07-06,0.0003205654681100818
Parque O'Higgins,2021-07-07,0.0007792664687806985
Parque O'Higgins,2021-07-08,0.0010858632623297218
Parque O'Higgins,2021-07-10,0.001116939927724458
Parque O'Higgins,2021-07-13,0.0017317351580802256
Parque O'Higgins,2021-07-14,0.001906208372100081
Parque O'Higgins,2021-07-15,0.0018569461701747026
Parque O'Higgins,2021-07-16,0.0014943962756234555
Parque O'Higgins,2021-07-17,0.0007283663817270725
Parque O'Higgins,2021-07-18,0.0005869923032665997
Parque O'Higgins,2021-07-19,0.0012130622887734184
Parque O'Higgins,2021-07-20,0.001196626467960004
Parque O'Higgins,2021-07-21,0.0013871246114021717
Parque O'Higgins,2021-07-22,0.0014202587001720668
Parque O'Higgins,2021-07-23,0.0011396889608598609
Parque O'Higgins,2021-07-25,0.00023744303285000434
Parque O'Higgins,2021-07-27,0.0008211251192705508
Parque O'Higgins,2021-07-28,0.0014743656690482804
Parque O'Higgins,2021-07-29,0.001443350756260062
Parque O'Higgins,2021-07-30,0.0016996134701751189
Parque O'Higgins,2021-07-31,0.0012286247679776016
Parque O'Higgins,2021-08-01,0.00046651184100187124
Parque O'Higgins,2021-08-02,0.0007011167709930679
Parque O'Higgins,2021-08-03,0.001727217656018962
Parque O'Higgins,2021-08-04,0.0011557936145954678
Parque O'Higgins,2021-08-05,0.0013355074842237027
Parque O'Higgins,2021-08-09,0.0010336715067873516
Parque O'Higgins,2021-08-10,0.00156806678952617
Parque O'Higgins,2021-08-11,0.001246553272035786
Parque O'Higgins,2021-08-12,0.0009497566188613473
Parque O'Higgins,2021-08-13,0.001163052577809815
Parque O'Higgins,2021-08-22,0.00026151552423944713
Parque O'Higgins,2021-08-24,0.0006457110576024727
Parque O'Higgins,2021-08-26,0.0017230564178955289
Parque O'Higgins,2021-08-29,0.000255293216854258
Parque O'Higgins,2021-08-30,0.0007299753569701528
Parque O'Higgins,2021-08-31,0.0011417280193374722
Parque O'Higgins,2021-09-02,0.0008007913366571613
Parque O'Higgins,2021-09-04,0.000599282833866454
Parque O'Higgins,2021-09-05,0.00019748979574174747
Parque O'Higgins,2021-09-08,0.0006310808472383751
Parque O'Higgins,2021-09-09,0.0013600472604822426
Parque O'Higgins,2021-09-10,0.0006519326287115318
Parque O'Higgins,2021-09-14,0.0008862052932400391
Parque O'Higgins,2021-09-15,0.000944671882706171
Parque O'Higgins,2021-09-16,0.0008578105351056585
Parque O'Higgins,2021-09-17,0.00026312711554311245
Parque O'Higgins,2021-09-18,0.00016155340595673295
Parque O'Higgins,2021-09-19,0.00012701987970084244
Parque O'Higgins,2021-09-20,0.00032319611664442615
Parque O'Higgins,2021-09-21,0.00031696198371461106
Parque O'Higgins,2021-09-22,0.0005552393783864808
Parque O'Higgins,2021-09-23,0.00091548821697312
Parque O'Higgins,2021-09-24,0.0003612820651090612
Parque O'Higgins,2021-09-25,0.00011638964764519886
Parque O'Higgins,2021-09-26,0.00010684526559881167
Parque O'Higgins,2021-09-27,0.0004079687947780734
Parque O'Higgins,2021-09-28,0.00036510331918511576
Parque O'Higgins,2021-09-30,0.00018075291369087457
Parque O'Higgins,2021-10-01,0.00021234185572629167
Parque O'Higgins,2021-10-02,0.00013982627244051677
Parque O'Higgins,2021-10-03,0.00013764849873629655
Parque O'Higgins,2021-10-04,0.0003914768411478984
Parque O'Higgins,2021-10-05,0.00016558488908096437
Parque O'Higgins,2021-10-06,0.0001691156220592495
Parque O'Higgins,2021-10-07,0.00017907282159584304
Parque O'Higgins,2021-10-09,0.00012164317076456082
Parque O'Higgins,2021-10-10,9.029157542503074e-05
Parque O'Higgins,2021-10-11,9.032548767541885e-05
Parque O'Higgins,2021-10-13,0.00022828040121686087
Parque O'Higgins,2021-10-15,0.00033377018922762266
Parque O'Higgins,2021-10-16,8.872057387311818e-05
Parque O'Higgins,2021-10-17,6.533261838332391e-05
Parque O'Higgins,2021-10-18,0.000180858561807008
Parque O'Higgins,2021-10-19,0.0002277593759679803
Parque O'Higgins,2021-10-20,0.00020747632904304512
Parque O'Higgins,2021-10-21,0.00020475295824309245
Parque O'Higgins,2021-10-22,0.00010490858188254485
Parque O'Higgins,2021-10-23,0.00012258215166435394
Parque O'Higgins,2021-10-24,0.00011725516031858038
Parque O'Higgins,2021-10-25,0.00025812407571457646
Parque O'Higgins,2021-10-26,0.00014122589931543097
Parque O'Higgins,2021-10-27,0.00010071711788874223
Parque O'Higgins,2021-10-28,0.00018721491330416689
Parque O'Higgins,2021-10-29,0.00011660233511764702
Parque O'Higgins,2021-10-30,0.00011563685513555678
Parque O'Higgins,2021-11-02,0.00011720589893374046
Parque O'Higgins,2021-11-05,0.0001670540489739096
Parque O'Higgins,2021-11-06,5.731334564054928e-05
Parque O'Higgins,2021-11-07,5.7158822835713307e-05
Parque O'Higgins,2021-11-08,0.00013010969501670353
Parque O'Higgins,2021-11-09,8.183335966354268e-05
Parque O'Higgins,2021-11-10,0.00013441842996734073
Parque O'Higgins,2021-11-11,8.679654846904046e-05
Parque O'Higgins,2021-11-12,8.811944579164207e-05
Parque O'Higgins,2021-11-13,6.111471831610716e-05
Parque O'Higgins,2021-11-14,6.754363057015367e-05
Parque O'Higgins,2021-11-15,0.00011239207930068579
Parque O'Higgins,2021-11-16,9.027434963609625e-05
Parque O'Higgins,2021-11-17,8.624727061001052e-05
Parque O'Higgins,2021-11-18,0.00010110621144056851
Parque O'Higgins,2021-11-19,0.00011089518194737553
Parque O'Higgins,2021-11-20,8.215238340406861e-05
Parque O'Higgins,2021-11-21,5.5097380111898565e-05
Parque O'Higgins,2021-11-22,0.00010313034464180484
Parque O'Higgins,2021-11-23,0.00010486902455827225
Parque O'Higgins,2021-11-24,0.00015170104689450032
Parque O'Higgins,2021-11-25,0.0001343858990763911
Parque O'Higgins,2021-11-26,8.733058601483352e-05
Parque O'Higgins,2021-11-27,4.9630479440743004e-05
Parque O'Higgins,2021-11-28,5.6441234154432427e-05
Parque O'Higgins,2021-11-29,7.809653820094385e-05
Parque O'Higgins,2021-11-30,0.00010601038469301157
Parque O'Higgins,2021-12-01,0.00014421000672853223
Parque O'Higgins,2021-12-02,7.257581626896745e-05
Parque O'Higgins,2021-12-03,7.473951665074038e-05
Parque O'Higgins,2021-12-04,8.726287027570311e-05
Parque O'Higgins,2021-12-05,6.0037349049272384e-05
Parque O'Higgins,2021-12-06,0.00014952458235548797
Parque O'Higgins,2021-12-07,0.00012865805405785417
Parque O'Higgins,2021-12-08,5.412438069798164e-05
Parque O'Higgins,2021-12-09,8.158037813653276e-05
Parque O'Higgins,2021-12-10,9.18813163623132e-05
Parque O'Higgins,2021-12-12,5.3532188216382274e-05
Parque O'Higgins,2021-12-13,8.314708072936282e-05
Parque O'Higgins,2021-12-14,9.529481758363193e-05
Parque O'Higgins,2021-12-15,0.0001127138663850941
Parque O'Higgins,2021-12-16,0.000115572590006614
Parque O'Higgins,2021-12-17,0.00014025576727273349
Parque O'Higgins,2021-12-18,6.029935406437106e-05
Parque O'Higgins,2021-12-19,4.3988045551785556e-05
Parque O'Higgins,2021-12-20,0.00010244309436120095
Parque O'Higgins,2021-12-21,0.00010188102903111204
Parque O'Higgins,2021-12-22,0.00010277500550274777
Parque O'Higgins,2021-12-23,0.0001054684826195614
Parque O'Higgins,2021-12-24,7.164392073010508e-05
Parque O'Higgins,2021-12-25,4.20744885402262e-05
Parque O'Higgins,2021-12-26,4.591732676068869e-05
Parque O'Higgins,2021-12-27,8.380884191774107e-05
Parque O'Higgins,2021-12-28,7.165780154079712e-05
Parque O'Higgins,2021-12-29,6.9276869287457e-05
Parque O'Higgins,2021-12-30,7.820315345715391e-05
Parque O'Higgins,2021-12-31,4.832410969831797e-05
Parque O'Higgins,2022-01-01,3.3023468819243e-05
Parque O'Higgins,2022-01-02,4.3540219312801494e-05
Parque O'Higgins,2022-01-03,5.657985310092841e-05
Parque O'Higgins,2022-01-04,5.964521762962659e-05
Parque O'Higgins,2022-01-05,8.514067213816841e-05
Parque O'Higgins,2022-01-06,9.14155692699732e-05
Parque O'Higgins,2022-01-07,9.772667235440504e-05
Parque O'Higgins,2022-01-08,5.579601432549306e-05
Parque O'Higgins,2022-01-09,3.111657932027468e-05
Parque O'Higgins,2022-01-10,7.784421551156829e-05
Parque O'Higgins,2022-01-11,7.97199022467878e-05
Parque O'Higgins,2022-01-12,8.216260409137102e-05
Parque O'Higgins,2022-01-13,8.561101852026668e-05
Parque O'Higgins,2022-01-14,6.105962549794477e-05
Parque O'Higgins,2022-01-15,4.318060860742869e-05
Parque O'Higgins,2022-01-16,4.333564964695136e-05
Parque O'Higgins,2022-01-18,0.00011077910320635844
Parque O'Higgins,2022-01-19,7.202030572460358e-05
Parque O'Higgins,2022-01-20,7.895354407522398e-05
Parque O'Higgins,2022-01-21,8.690498459032779e-05
Parque O'Higgins,2022-01-22,5.9315837802390164e-05
Parque O'Higgins,2022-01-23,4.3328512461546996e-05
Parque O'Higgins,2022-01-24,0.00010136136660871902
Parque O'Higgins,2022-01-25,6.922862083101795e-05
Parque O'Higgins,2022-01-26,7.411950609161341e-05
Parque O'Higgins,2022-01-27,8.142902214908184e-05
Parque O'Higgins,2022-01-28,9.7804788298055e-05
Parque O'Higgins,2022-01-29,4.5825505634040676e-05
Parque O'Higgins,2022-01-30,2.9620433187940377e-05
Parque O'Higgins,2022-01-31,6.892303942351365e-05
Parque O'Higgins,2022-02-01,8.774192221844153e-05
Parque O'Higgins,2022-02-02,9.549092166390844e-05
Parque O'Higgins,2022-02-03,5.7750491575100295e-05
Parque O'Higgins,2022-02-04,6.947989474019348e-05
Parque O'Higgins,2022-02-05,5.464455848214026e-05
Parque O'Higgins,2022-02-06,4.063896626904841e-05
Parque O'Higgins,2022-02-07,7.978293570558706e-05
Parque O'Higgins,2022-02-08,0.00010905596925887259
Parque O'Higgins,2022-02-09,0.00010060672150703509
Parque O'Higgins,2022-02-10,8.026362588723044e-05
Parque O'Higgins,2022-02-11,6.85470381111821e-05
Parque O'Higgins,2022-02-12,6.700170153626261e-05
Parque O'Higgins,2022-02-13,5.149215083877742e-05
Parque O'Higgins,2022-02-14,0.00012035414970338771
Parque O'Higgins,2022-02-15,7.621650828202212e-05
Parque O'Higgins,2022-02-16,8.836563567775692e-05
Parque O'Higgins,2022-02-17,0.00011258901212041528
Parque O'Higgins,2022-02-18,0.00011321577478230882
Parque O'Higgins,2022-02-19,7.255425360740814e-05
Parque O'Higgins,2022-02-21,5.6092767142668716e-05
Parque O'Higgins,2022-02-22,7.405642326320446e-05
Parque O'Higgins,2022-02-23,7.091224699506417e-05
Parque O'Higgins,2022-02-24,0.0001614974863563542
Parque O'Higgins,2022-02-25,0.00014333523964930932
Parque O'Higgins,2022-02-26,8.203859702842758e-05
Parque O'Higgins,2022-02-27,3.973552061454529e-05
Parque O'Higgins,2022-02-28,0.00012648654540274904
Parque O'Higgins,2022-03-01,0.00019013152985852163
Parque O'Higgins,2022-03-02,0.00015954354006179696
Parque O'Higgins,2022-03-03,9.46967227139148e-05
Parque O'Higgins,2022-03-04,7.779503855747253e-05
Parque O'Higgins,2022-03-05,7.531802070700927e-05
Parque O'Higgins,2022-03-07,0.0002929083144367966
Parque O'Higgins,2022-03-08,9.236339828448511e-05
Parque O'Higgins,2022-03-09,0.00010427197900083043
Parque O'Higgins,2022-03-10,0.00013478153247737236
Parque O'Higgins,2022-03-11,0.000118682725138613
Parque O'Higgins,2022-03-12,9.304085059079454e-05
Parque O'Higgins,2022-03-13,9.024548056373049e-05
Parque O'Higgins,2022-03-14,0.0001655797814293131
Parque O'Higgins,2022-03-15,0.00010346831421813647
Parque O'Higgins,2022-03-16,0.0001320097436812521
Parque O'Higgins,2022-03-17,0.00020649066356017627
Parque O'Higgins,2022-03-18,0.00023891993376461788
Parque O'Higgins,2022-03-21,0.00019765364982346197
Parque O'Higgins,2022-03-22,0.0002847953089351538
Parque O'Higgins,2022-03-23,0.0001339631804865311
Parque O'Higgins,2022-03-24,0.00029321569391421205
Parque O'Higgins,2022-03-25,0.0001534419695718618
Parque O'Higgins,2022-03-26,0.00010699835629540191
Parque O'Higgins,2022-03-27,0.00015082650805518092
Parque O'Higgins,2022-03-28,0.00018363755759173464
Parque O'Higgins,2022-03-29,0.00016525533763292236
Parque O'Higgins,2022-03-30,0.0002799764809912419
Parque O'Higgins,2022-03-31,0.0002650690367298862
Parque O'Higgins,2022-04-01,0.00028414428821847145
Parque O'Higgins,2022-04-02,0.00013395570192722598
Parque O'Higgins,2022-04-03,0.00012070561424380058
Parque O'Higgins,2022-04-04,0.0002744715451258598
Parque O'Higgins,2022-04-05,0.00020417579421273073
Parque O'Higgins,2022-04-06,0.0002973687310802137
Parque O'Higgins,2022-04-07,0.00045194447931709895
Parque O'Higgins,2022-04-08,0.0003509938528657662
Parque O'Higgins,2022-04-09,9.70545495670191e-05
Parque O'Higgins,2022-04-10,7.832426000762871e-05
Parque O'Higgins,2022-04-11,0.0003139229271119132
Parque O'Higgins,2022-04-12,0.000399723127886622
Parque O'Higgins,2022-04-13,0.0006291267238323092
Parque O'Higgins,2022-04-14,0.00037241981006609523
Parque O'Higgins,2022-04-15,0.00018557176851926357
Parque O'Higgins,2022-04-16,0.00012658395240285107
Parque O'Higgins,2022-04-17,0.00011376150902262506
Parque O'Higgins,2022-04-18,0.00026441970419145705
Parque O'Higgins,2022-04-19,0.0005596657498740818
Parque O'Higgins,2022-04-20,0.0003066106571019892
Parque O'Higgins,2022-04-22,0.0005164337378247118
Parque O'Higgins,2022-04-23,0.00024527294507963797
Parque O'Higgins,2022-04-24,0.00013226729807328978
Parque O'Higgins,2022-04-25,0.00021106607819947423
Parque O'Higgins,2022-04-28,0.0009117636135872638
Parque O'Higgins,2022-04-29,0.0009779330799117565
Parque O'Higgins,2022-04-30,0.0007681939236914023
Parque O'Higgins,2022-05-02,0.0009992299849844687
Parque O'Higgins,2022-05-03,0.0008987830232423205
Parque O'Higgins,2022-05-04,0.0005806117218416701
Parque O'Higgins,2022-05-05,0.00046299622174489043
Parque O'Higgins,2022-05-06,0.0006502486176656894
Parque O'Higgins,2022-05-07,0.00032171656934133584
Parque O'Higgins,2022-05-09,0.0009964515811204404
Parque O'Higgins,2022-05-10,0.0010428392748814094
Parque O'Higgins,2022-05-13,0.0011310724922582857
Parque O'Higgins,2022-05-15,0.0003517864431566545
Parque O'Higgins,2022-05-16,0.000938429826666596
Parque O'Higgins,2022-05-17,0.0009485344978679441
Parque O'Higgins,2022-05-18,0.0010244367287744016
Parque O'Higgins,2022-05-20,0.0007639842616351759
Parque O'Higgins,2022-05-21,0.000726615233517897
Parque O'Higgins,2022-05-25,0.0008063242185691218
Parque O'Higgins,2022-05-29,0.0004918811945640095
Parque O'Higgins,2022-05-30,0.000879121312777482
Parque O'Higgins,2022-05-31,0.0012594644179087326
Parque O'Higgins,2022-06-01,0.0010313270389515719
Parque O'Higgins,2022-06-05,0.0003078502462728951
Parque O'Higgins,2022-06-06,0.0011901394845573448
Parque O'Higgins,2022-06-07,0.0013481737638284552
Parque O'Higgins,2022-06-09,0.001587979780651301
Parque O'Higgins,2022-06-10,0.0016276528886945561
Parque O'Higgins,2022-06-11,0.0011431781891517224
Parque O'Higgins,2022-06-12,0.0006131133915980501
Parque O'Higgins,2022-06-14,0.0007355509358950263
Parque O'Higgins,2022-06-15,0.0008262262146812823
Parque O'Higgins,2022-06-17,0.0013589032930797133
Parque O'Higgins,2022-06-28,0.0005315103542316332
Parque O'Higgins,2022-06-30,0.001210684047982266
Parque O'Higgins,2022-07-02,0.0008447225123274717
Parque O'Higgins,2022-07-04,0.0007958756318275839
Parque O'Higgins,2022-07-05,0.0016007855450089776
Parque O'Higgins,2022-07-08,0.0008246850874669722
Parque O'Higgins,2022-07-12,0.0010799416904713674
Parque O'Higgins,2022-07-21,0.0008485121163457267
Parque O'Higgins,2022-07-22,0.0011838295935285895
Parque O'Higgins,2022-07-23,0.0006553794803591868
Parque O'Higgins,2022-07-24,0.0004654862212217662
Parque O'Higgins,2022-07-26,0.0006453443128800213
Parque O'Higgins,2022-07-28,0.0009129541597698757
Parque O'Higgins,2022-07-29,0.0005143890473500371
Parque O'Higgins,2022-07-31,0.0003202962837079305
Parque O'Higgins,2022-08-01,0.0005149632342556902
Parque O'Higgins,2022-08-02,0.0009084446462621712
Parque O'Higgins,2022-08-03,0.0007368301391037335
Parque O'Higgins,2022-08-04,0.0008839913651873576
Parque O'Higgins,2022-08-05,0.0007593879176894382
Parque O'Higgins,2022-08-07,0.0001887512879642118
Parque O'Higgins,2022-08-08,0.0007798252627919179
Parque O'Higgins,2022-08-10,0.0005502998880036185
Parque O'Higgins,2022-08-11,0.0008733599873839317
Parque O'Higgins,2022-08-12,0.0007412765568585663
Parque O'Higgins,2022-08-13,0.000610677421813127
Parque O'Higgins,2022-08-15,7.894967150246654e-05
Parque O'Higgins,2022-08-18,0.0009055087781990217
Parque O'Higgins,2022-08-19,0.0006028813615313223
Parque O'Higgins,2022-08-20,0.0007744308702529359
Parque O'Higgins,2022-08-21,0.00023931621328868204
Parque O'Higgins,2022-08-22,0.0009992290193177435
Parque O'Higgins,2022-08-23,0.0007101801214039795
Parque O'Higgins,2022-08-25,0.0010544740123494115
Parque O'Higgins,2022-08-27,0.00043219088067084554
Parque O'Higgins,2022-08-28,0.0002746536477742191
Parque O'Higgins,2022-08-29,0.00032717011159003365
Parque O'Higgins,2022-08-30,0.000470624651152106
Parque O'Higgins,2022-09-02,0.0005982646624742569
Parque O'Higgins,2022-09-03,0.0003959096089899287
Parque O'Higgins,2022-09-04,0.0003686442296270611
Parque O'Higgins,2022-09-05,0.0005254796716516701
Parque O'Higgins,2022-09-06,0.0003745536841083774
Parque O'Higgins,2022-09-07,0.00015111741900446118
Parque O'Higgins,2022-09-09,0.0007344802264261062
Parque O'Higgins,2022-09-10,0.00035220509595892176
Parque O'Higgins,2022-09-12,0.00030496736515625106
Parque O'Higgins,2022-09-13,0.0005825434291523338
Parque O'Higgins,2022-09-14,0.0008657485674188003
Parque O'Higgins,2022-09-18,7.42837655072253e-05
Parque O'Higgins,2022-09-21,0.00031879169555082995
Parque O'Higgins,2022-09-22,0.0004246140584673571
Parque O'Higgins,2022-09-23,0.0004862191797261783
Parque O'Higgins,2022-09-25,0.00010527835155138738
Parque O'Higgins,2022-09-26,0.0004015296428257984
Parque O'Higgins,2022-09-27,0.0003057575606011241
Parque O'Higgins,2022-09-28,0.00017382285346053826
Parque O'Higgins,2022-09-29,0.00014997451274741775
Parque O'Higgins,2022-09-30,0.00040260042740629306
Parque O'Higgins,2022-10-01,0.00016290734374777873
Parque O'Higgins,2022-10-02,9.130732897089901e-05
Parque O'Higgins,2022-10-04,0.0002771718513826715
Parque O'Higgins,2022-10-06,0.00019713213443191805
Parque O'Higgins,2022-10-07,0.0001285759105577621
Parque O'Higgins,2022-10-08,7.241504994425815e-05
Parque O'Higgins,2022-10-09,7.813047610386874e-05
Parque O'Higgins,2022-10-10,6.054755773669838e-05
Parque O'Higgins,2022-10-11,0.00017788094258339564
Parque O'Higgins,2022-10-12,0.00017431639610599196
Parque O'Higgins,2022-10-13,0.00016847721442410802
Parque O'Higgins,2022-10-14,0.000197370268310681
Parque O'Higgins,2022-10-15,0.00011376396116389369
Parque O'Higgins,2022-10-16,7.301346991933414e-05
Parque O'Higgins,2022-10-17,0.00012497783512078215
Parque O'Higgins,2022-10-18,0.00011738677034580154
Parque O'Higgins,2022-10-19,7.474194425230868e-05
Parque O'Higgins,2022-10-20,0.00020075952561166404
Parque O'Higgins,2022-10-21,0.00013910216893729883
Parque O'Higgins,2022-10-22,0.00012359391204846872
Parque O'Higgins,2022-10-23,9.032542306137216e-05
Parque O'Higgins,2022-10-24,0.00014581627077785823
Parque O'Higgins,2022-10-25,0.0001018381014899474
Parque O'Higgins,2022-10-26,0.00016931190192486263
Parque O'Higgins,2022-10-27,0.00014878517679565092
Parque O'Higgins,2022-10-28,0.0002816532266657037
Parque O'Higgins,2022-10-29,7.438404772688569e-05
Parque O'Higgins,2022-10-31,8.53080965971248e-05
Parque O'Higgins,2022-11-01,7.891658877324998e-05
Parque O'Higgins,2022-11-02,0.0001677225447097647
Parque O'Higgins,2022-11-05,9.99492429651578e-05
Parque O'Higgins,2022-11-06,5.332524932195186e-05
Parque O'Higgins,2022-11-07,0.00011485002840376981
Parque O'Higgins,2022-11-10,8.992306041231443e-05
Parque O'Higgins,2022-11-14,0.00013012486526219627
Parque O'Higgins,2022-11-15,8.051043703447995e-05
Parque O'Higgins,2022-11-16,0.00012102751993421159
Parque O'Higgins,2022-11-17,0.00011056685673018717
Parque O'Higgins,2022-11-18,0.00013221886183600382
Parque O'Higgins,2022-11-19,5.2521026937619406e-05
Parque O'Higgins,2022-11-20,4.021054729621904e-05
Parque O'Higgins,2022-11-21,0.00012215704318366987
Parque O'Higgins,2022-11-22,0.0001256530005401443
Parque O'Higgins,2022-11-23,0.00011847294010535839
Parque O'Higgins,2022-11-24,9.736683432974473e-05
Parque O'Higgins,2022-11-25,7.280155953779115e-05
Parque O'Higgins,2022-11-26,5.440375269993782e-05
Parque O'Higgins,2022-11-27,3.795555907351582e-05
Parque O'Higgins,2022-11-28,9.02483835343967e-05
Parque O'Higgins,2022-11-29,8.302671562157184e-05
Parque O'Higgins,2022-11-30,8.68165253924139e-05
Parque O'Higgins,2022-12-01,8.201644691941385e-05
Parque O'Higgins,2022-12-02,9.63022031896152e-05
Parque O'Higgins,2022-12-03,7.124664193195734e-05
Parque O'Higgins,2022-12-04,5.0813981770325325e-05
Parque O'Higgins,2022-12-05,6.173583192526345e-05
Parque O'Higgins,2022-12-06,6.78156842337773e-05
Parque O'Higgins,2022-12-07,8.68638736230112e-05
Parque O'Higgins,2022-12-08,6.983705773050098e-05
Parque O'Higgins,2022-12-09,8.804067944729311e-05
Parque O'Higgins,2022-12-10,5.745990244684213e-05
Parque O'Higgins,2022-12-11,3.548938820655162e-05
Parque O'Higgins,2022-12-12,0.00010053047691181106
Parque O'Higgins,2022-12-13,0.00010842548473426287
Parque O'Higgins,2022-12-14,8.549221806497276e-05
Parque O'Higgins,2022-12-15,0.00016338644632765394
Parque O'Higgins,2022-12-16,6.752070626164101e-05
Parque O'Higgins,2022-12-17,3.539337535477776e-05
Parque O'Higgins,2022-12-18,5.3656095000842e-05
Parque O'Higgins,2022-12-19,9.188564235281355e-05
Parque O'Higgins,2022-12-20,0.000126589110461847
Parque O'Higgins,2022-12-21,8.496540022834173e-05
Parque O'Higgins,2022-12-22,8.163094221477861e-05
Parque O'Higgins,2022-12-23,7.282347484214555e-05
Parque O'Higgins,2022-12-24,7.087935981743455e-05
Parque O'Higgins,2022-12-25,2.553766408168493e-05
Parque O'Higgins,2022-12-27,5.767353794407194e-05
Parque O'Higgins,2022-12-28,8.432093362291336e-05
Parque O'Higgins,2022-12-29,9.970142472498822e-05
Parque O'Higgins,2022-12-30,8.50353456869047e-05
Parque O'Higgins,2023-01-01,2.4605608185519974e-05
Parque O'Higgins,2023-01-02,3.30060148768176e-05
Parque O'Higgins,2023-01-03,9.509189970398593e-05
Parque O'Higgins,2023-01-04,0.00010977070592775209
Parque O'Higgins,2023-01-05,9.549262242232024e-05
Parque O'Higgins,2023-01-06,5.687180998610581e-05
Parque O'Higgins,2023-01-07,5.2672413864697145e-05
Parque O'Higgins,2023-01-08,3.802344007742392e-05
Parque O'Higgins,2023-01-09,6.978749596642283e-05
Parque O'Higgins,2023-01-10,6.542707784758628e-05
Parque O'Higgins,2023-01-11,9.129440658426606e-05
Parque O'Higgins,2023-01-12,5.7798564836590977e-05
Parque O'Higgins,2023-01-13,0.00011778226251413064
Parque O'Higgins,2023-01-14,4.072138849965241e-05
Parque O'Higgins,2023-01-15,5.03240599273056e-05
Parque O'Higgins,2023-01-16,7.316185510861689e-05
Parque O'Higgins,2023-01-17,6.297518906654336e-05
Parque O'Higgins,2023-01-18,4.996877944162704e-05
Parque O'Higgins,2023-01-19,6.445749228945221e-05
Parque O'Higgins,2023-01-20,8.961047250449255e-05
Parque O'Higgins,2023-01-21,5.082307149990034e-05
Parque O'Higgins,2023-01-22,3.585287253744431e-05
Parque O'Higgins,2023-01-23,5.834953777712938e-05
Parque O'Higgins,2023-01-24,7.66791131057787e-05
Parque O'Higgins,2023-01-25,6.949150512876975e-05
Parque O'Higgins,2023-01-26,6.795435642740267e-05
Parque O'Higgins,2023-01-27,0.00010239166702260387
Parque O'Higgins,2023-01-28,4.894375357826439e-05
Parque O'Higgins,2023-01-29,4.3850043800525586e-05
Parque O'Higgins,2023-01-30,7.495687159110245e-05
Parque O'Higgins,2023-01-31,8.219728646549466e-05
Parque O'Higgins,2023-02-01,7.156600622692811e-05
Parque O'Higgins,2023-02-02,8.226107758918223e-05
Parque O'Higgins,2023-02-03,8.323140615910611e-05
Parque O'Higgins,2023-02-04,7.384975891717017e-05
Parque O'Higgins,2023-02-05,4.363556826852677e-05
Parque O'Higgins,2023-02-06,0.00010707190933030056
Parque O'Higgins,2023-02-07,8.017784532512305e-05
Parque O'Higgins,2023-02-08,6.312608360257067e-05
Parque O'Higgins,2023-02-09,0.00010279446299156378
Parque O'Higgins,2023-02-10,9.508958652633811e-05
Parque O'Higgins,2023-02-11,7.842672957327999e-05
Parque O'Higgins,2023-02-12,4.3335879095467046e-05
Parque O'Higgins,2023-02-13,7.011472351992683e-05
Parque O'Higgins,2023-02-14,9.112324917358129e-05
Parque O'Higgins,2023-02-15,8.180717864581625e-05
Parque O'Higgins,2023-02-16,7.853511608651285e-05
Parque O'Higgins,2023-02-17,0.00010583735306578953
Parque O'Higgins,2023-02-18,4.6067911069110824e-05
Parque O'Higgins,2023-02-19,3.114542207791869e-05
Parque O'Higgins,2023-02-20,0.00011729841237929166
Parque O'Higgins,2023-02-21,0.00010180760738525908
Parque O'Higgins,2023-02-22,9.288322446117756e-05
Parque O'Higgins,2023-02-23,8.251824097843682e-05
Parque O'Higgins,2023-02-24,5.1405234011559594e-05
Parque O'Higgins,2023-02-25,4.938720089868543e-05
Parque O'Higgins,2023-02-26,6.602637746458755e-05
Parque O'Higgins,2023-02-27,0.00012631811939927765
Parque O'Higgins,2023-02-28,0.0001337984551094115
Parque O'Higgins,2023-03-01,0.00012554954133985665
Parque O'Higgins,2023-03-02,0.00011564819426401243
Parque O'Higgins,2023-03-03,0.00015347265855517058
Parque O'Higgins,2023-03-04,9.235276674777089e-05
Parque O'Higgins,2023-03-05,5.1034054195621006e-05
Parque O'Higgins,2023-03-06,8.461909922184294e-05
Parque O'Higgins,2023-03-07,0.00010708727008830994
Parque O'Higgins,2023-03-08,9.24251406221123e-05
Parque O'Higgins,2023-03-09,0.00010903339943139498
Parque O'Higgins,2023-03-10,0.00014388798548493545
Parque O'Higgins,2023-03-11,5.752483621246219e-05
Parque O'Higgins,2023-03-12,3.24713397081911e-05
Parque O'Higgins,2023-03-13,9.93784693793549e-05
Parque O'Higgins,2023-03-14,9.162508679983662e-05
Parque O'Higgins,2023-03-15,0.00015686137066003367
Parque O'Higgins,2023-03-16,0.0001427101272622882
Parque O'Higgins,2023-03-17,0.00014341487478154459
Parque O'Higgins,2023-03-18,7.393371237637477e-05
Parque O'Higgins,2023-03-19,5.043288064113342e-05
Parque O'Higgins,2023-03-20,0.00010781668948025942
Parque O'Higgins,2023-03-21,0.00012770624544477076
Parque O'Higgins,2023-03-22,0.0001386934590474942
Parque O'Higgins,2023-03-23,0.00010880474687390452
Parque O'Higgins,2023-03-24,0.0001649818030955613
Parque O'Higgins,2023-03-25,0.00011731228773281786
Parque O'Higgins,2023-03-26,8.857791553919798e-05
Parque O'Higgins,2023-03-27,0.00014652099858707655
Parque O'Higgins,2023-03-28,0.00011775759027971332
Parque O'Higgins,2023-03-29,0.00019056770631606254
Parque O'Higgins,2023-03-30,0.00015762951801095908
Parque O'Higgins,2023-03-31,0.0005546583266297608
Parque O'Higgins,2023-04-01,0.00021691530451761485
Parque O'Higgins,2023-04-02,7.398181630135607e-05
Parque O'Higgins,2023-04-04,0.0002772122586029121
Parque O'Higgins,2023-04-05,0.00032217652340697355
Parque O'Higgins,2023-04-06,0.00042888639911567504
Parque O'Higgins,2023-04-07,0.00013217454355796888
Parque O'Higgins,2023-04-08,6.54455575718153e-05
Parque O'Higgins,2023-04-09,0.0001306189723713872
Parque O'Higgins,2023-04-10,0.0003370761141784947
Parque O'Higgins,2023-04-11,0.00022661020886594028
Parque O'Higgins,2023-04-13,0.00014047267528350394
Parque O'Higgins,2023-04-15,0.00019257363278568624
Parque O'Higgins,2023-04-16,0.0001309286421763548
Parque O'Higgins,2023-04-17,0.0002642479644261873
Parque O'Higgins,2023-04-19,0.000548828027118331
Parque O'Higgins,2023-04-20,0.00027373407041211833
Parque O'Higgins,2023-04-21,0.0003828135805679167
Parque O'Higgins,2023-04-22,0.000330451011268419
Parque O'Higgins,2023-04-23,0.00010063209679832007
Parque O'Higgins,2023-04-24,0.00021583787109772683
Parque O'Higgins,2023-04-25,0.000276444709781275
Parque O'Higgins,2023-04-27,0.0004525629247026526
Parque O'Higgins,2023-04-28,0.00016013022112293124
Parque O'Higgins,2023-05-01,0.00026037322116215814
Parque O'Higgins,2023-05-02,0.0006578561953498792
Parque O'Higgins,2023-05-04,0.0007216724193263282
Parque O'Higgins,2023-05-05,0.0005024234894491386
Parque O'Higgins,2023-05-06,0.0005100394268392233
Parque O'Higgins,2023-05-07,0.00046709552020508723
Parque O'Higgins,2023-05-08,0.0007028418786054903
Parque O'Higgins,2023-05-09,0.0007142091127379198
Parque O'Higgins,2023-05-11,0.00024785384195253924
Parque O'Higgins,2023-05-12,0.0006309987625971959
Parque O'Higgins,2023-05-13,0.0005978330556647356
Parque O'Higgins,2023-05-14,0.000201530372332608
Parque O'Higgins,2023-05-15,0.000456571471840991
Parque O'Higgins,2023-05-16,0.0003292666006425019
Parque O'Higgins,2023-05-17,0.0003925541383088809
Parque O'Higgins,2023-05-19,0.0006831200816475896
Parque O'Higgins,2023-05-20,0.000404868655521781
Parque O'Higgins,2023-06-01,0.00047901433009040666
Parque O'Higgins,2023-06-02,0.000574934013368689
Parque O'Higgins,2023-06-04,0.00011863815511537086
Parque O'Higgins,2023-06-05,0.0005620697518517116
Parque O'Higgins,2023-06-11,0.0003665225786334548
Parque O'Higgins,2023-06-12,0.0007338606093397422
Parque O'Higgins,2023-06-13,0.0007474657544959814
Parque O'Higgins,2023-06-15,0.0008866395040830091
Parque O'Higgins,2023-06-16,0.000864633644927025
Parque O'Higgins,2023-06-17,0.0006117046056081687
Parque O'Higgins,2023-06-19,0.0008968732990745005
Parque O'Higgins,2023-06-29,0.000978105086323182
Parque O'Higgins,2023-06-30,0.000929239308516116
Parque O'Higgins,2023-07-01,0.00032363194110983227
Parque O'Higgins,2023-07-03,0.0003239913773389609
Parque O'Higgins,2023-07-04,0.00031511459790463354
Parque O'Higgins,2023-07-05,0.00036999297118783196
Parque O'Higgins,2023-07-10,0.0005938133293976254
Parque O'Higgins,2023-07-13,0.0006397310292808928
Parque O'Higgins,2023-07-16,0.0006381747026364903
Parque O'Higgins,2023-07-24,0.0006280791335971565
Parque O'Higgins,2023-07-25,0.0003147107908165483
Parque O'Higgins,2023-07-26,0.0008968853948332086
Parque O'Higgins,2023-07-27,0.0006159888629154026
Parque O'Higgins,2023-07-28,0.00041004741655006254
Parque O'Higgins,2023-07-29,0.0007322809225269478
Parque O'Higgins,2023-07-31,0.000646454491390503
Parque O'Higgins,2023-08-01,0.0009982604282126276
Parque O'Higgins,2023-08-02,0.0005735810461159881
Parque O'Higgins,2023-08-03,0.0005351386045002474
Parque O'Higgins,2023-08-04,0.0004958922934487248
Parque O'Higgins,2023-08-06,0.0002155238095180664
Parque O'Higgins,2023-08-08,0.00046646089472150037
Parque O'Higgins,2023-08-10,9.136230898018665e-05
Parque O'Higgins,2023-08-11,0.00075273330720914
Parque O'Higgins,2023-08-12,0.0005650696866561968
Parque O'Higgins,2023-08-13,0.00018432452846165023
Parque O'Higgins,2023-08-14,0.0005769695539621536
Parque O'Higgins,2023-08-25,0.0006109678652435958
Parque O'Higgins,2023-08-26,0.00034080797546714433
Parque O'Higgins,2023-08-27,0.00031891784825383295
Parque O'Higgins,2023-08-29,0.00039408322490057347
Parque O'Higgins,2023-08-30,0.0003971190925552121
Parque O'Higgins,2023-08-31,0.0006761036162027288
Parque O'Higgins,2023-09-11,0.00036388053446503816
Parque O'Higgins,2023-09-14,0.0005712381134777879
Parque O'Higgins,2023-09-15,0.00035862734760972755
Parque O'Higgins,2023-09-16,8.965058619576273e-05
Parque O'Higgins,2023-09-24,0.00015885619143953615
Parque O'Higgins,2023-09-25,0.00015288885202642254
Parque O'Higgins,2023-09-26,0.00014409115273039804
Parque O'Higgins,2023-09-27,0.0004822867656165621
Parque O'Higgins,2023-09-28,0.0002507320311139127
Parque O'Higgins,2023-09-29,0.0005007840051154871
Parque O'Higgins,2023-09-30,0.00015353002784460192
Parque O'Higgins,2023-10-04,0.00036161681662110645
Parque O'Higgins,2023-10-05,0.00013817348796568208
Parque O'Higgins,2023-10-06,0.0001427366625305293
Parque O'Higgins,2023-10-07,0.0001337663035435602
Parque O'Higgins,2023-10-08,9.524706633634227e-05
Parque O'Higgins,2023-10-09,8.780088378149747e-05
Parque O'Higgins,2023-10-11,0.00017339459349561447
Parque O'Higgins,2023-10-12,0.00018255764901900065
Parque O'Higgins,2023-10-13,0.00020044537012917874
Parque O'Higgins,2023-10-14,0.00011309801425777512
Parque O'Higgins,2023-10-15,7.983730834825562e-05
Parque O'Higgins,2023-10-16,0.0001584037808230576
Parque O'Higgins,2023-10-17,0.0001351964473638397
Parque O'Higgins,2023-10-18,0.0001872608547212397
Parque O'Higgins,2023-10-22,5.150217837501501e-05
Parque O'Higgins,2023-10-23,0.0002406083978801653
Parque O'Higgins,2023-10-24,0.00014569597288018808
Parque O'Higgins,2023-10-25,0.00015376326331132024
Parque O'Higgins,2023-10-26,0.00011067915580436751
Parque O'Higgins,2023-10-27,9.423569999488731e-05
Parque O'Higgins,2023-10-31,0.00022235262508225084
Parque O'Higgins,2023-11-02,7.47774312472717e-05
Parque O'Higgins,2023-11-03,0.0002993689993596738
Parque O'Higgins,2023-11-04,9.300381454460652e-05
Parque O'Higgins,2023-11-05,5.8704744687629045e-05
Parque O'Higgins,2023-11-06,9.057371221274658e-05
Parque O'Higgins,2023-11-07,0.00010527493577682956
Parque O'Higgins,2023-11-08,0.0001042579437003502
Parque O'Higgins,2023-11-13,9.957496715888924e-05
Parque O'Higgins,2023-11-14,0.00011092587121578525
Parque O'Higgins,2023-11-15,0.00013605065537220407
Parque O'Higgins,2023-11-16,0.00013028470372653293
Parque O'Higgins,2023-11-19,7.516573202985846e-05
Parque O'Higgins,2023-11-20,0.00014331703868964392
Parque O'Higgins,2023-11-22,4.456238331618527e-05
Parque O'Higgins,2023-11-23,4.871332437304434e-05
Parque O'Higgins,2023-11-24,7.505793913843427e-05
Parque O'Higgins,2023-11-25,6.060884414100347e-05
Parque O'Higgins,2023-11-26,4.40917274313234e-05
Parque O'Higgins,2023-11-27,9.755305985922663e-05
Parque O'Higgins,2023-11-28,7.429227422322816e-05
Parque O'Higgins,2023-11-29,0.00010625004563721797
Parque O'Higgins,2023-11-30,7.599416214075505e-05
Parque O'Higgins,2023-12-01,0.00010148731938638045
Parque O'Higgins,2023-12-02,7.300213284532151e-05
Parque O'Higgins,2023-12-03,3.48415737253827e-05
Parque O'Higgins,2023-12-04,6.746187932242989e-05
Parque O'Higgins,2023-12-05,7.08759387634083e-05
Parque O'Higgins,2023-12-06,0.00012741974740881776
Parque O'Higgins,2023-12-07,0.00015599301202900634
Parque O'Higgins,2023-12-08,4.004541009367964e-05
Parque O'Higgins,2023-12-09,6.188831428910433e-05
Parque O'Higgins,2023-12-10,8.349665548524349e-05
Parque O'Higgins,2023-12-11,9.135093533535879e-05
Parque O'Higgins,2023-12-12,0.0001036701557152199
Parque O'Higgins,2023-12-13,0.00013468990126076362
Parque O'Higgins,2023-12-14,6.307704061644199e-05
Parque O'Higgins,2023-12-15,0.0001078874120139477
Parque O'Higgins,2023-12-16,2.925807240270119e-05
Parque O'Higgins,2023-12-17,6.245375240554955e-05
Parque O'Higgins,2023-12-18,0.00014072933674564168
Parque O'Higgins,2023-12-19,6.855558030768984e-05
Parque O'Higgins,2023-12-21,0.00010032300273220465
Parque O'Higgins,2023-12-22,0.0001304587682252612
Parque O'Higgins,2023-12-24,4.582583798514975e-05
Parque O'Higgins,2023-12-25,4.278712803975382e-05
Parque O'Higgins,2023-12-26,9.292647187699544e-05
Parque O'Higgins,2023-12-29,0.00012071020707592034
Parque O'Higgins,2023-12-30,4.0763122401966075e-05
Parque O'Higgins,2023-12-31,4.482455986139384e-05
Parque O'Higgins,2024-01-01,3.793915212304658e-05
Parque O'Higgins,2024-01-02,8.832816391509527e-05
Parque O'Higgins,2024-01-03,7.880268313694008e-05
Parque O'Higgins,2024-01-04,6.817005378005854e-05
Parque O'Higgins,2024-01-05,6.702912067408998e-05
Parque O'Higgins,2024-01-06,5.0475741366957286e-05
Parque O'Higgins,2024-01-07,4.138973162354026e-05
Parque O'Higgins,2024-01-08,8.158260269468805e-05
Parque O'Higgins,2024-01-09,6.520698021738838e-05
Parque O'Higgins,2024-01-10,5.903396302227882e-05
Parque O'Higgins,2024-01-11,8.271326198442635e-05
Parque O'Higgins,2024-01-12,9.498345778168701e-05
Parque O'Higgins,2024-01-13,5.0940945927561354e-05
Parque O'Higgins,2024-01-14,5.013746827985332e-05
Parque O'Higgins,2024-01-15,5.0066526862777504e-05
Parque O'Higgins,2024-01-16,0.00010613259852031421
Parque O'Higgins,2024-01-17,7.893650322096733e-05
Parque O'Higgins,2024-01-18,0.00010045249769108364
Parque O'Higgins,2024-01-19,0.00014271860032630064
Parque O'Higgins,2024-01-20,4.797340297947196e-05
Parque O'Higgins,2024-01-21,3.687491316858691e-05
Parque O'Higgins,2024-01-22,9.976169556362533e-05
Parque O'Higgins,2024-01-23,7.858984126950484e-05
Parque O'Higgins,2024-01-24,0.00014988662064911726
Parque O'Higgins,2024-01-25,5.929331632804883e-05
Parque O'Higgins,2024-01-26,7.135735521424661e-05
Parque O'Higgins,2024-01-27,5.943321845991786e-05
Parque O'Higgins,2024-01-28,4.466597606514393e-05
Parque O'Higgins,2024-01-29,7.347823132197449e-05
Parque O'Higgins,2024-01-30,0.00010734500760984644
Parque O'Higgins,2024-01-31,7.99248406696217e-05
Parque O'Higgins,2024-02-01,9.320060149978407e-05
Parque O'Higgins,2024-02-02,0.00013569193529300774
Parque O'Higgins,2024-02-03,7.689615952962843e-05
Parque O'Higgins,2024-02-04,3.8741112824594476e-05
Parque O'Higgins,2024-02-05,9.037425608454094e-05
Parque O'Higgins,2024-02-06,6.509011152047302e-05
Parque O'Higgins,2024-02-07,9.545566102075675e-05
Parque O'Higgins,2024-02-08,9.63605456355686e-05
Parque O'Higgins,2024-02-09,8.220099450050874e-05
Parque O'Higgins,2024-02-10,3.4852006258169124e-05
Parque O'Higgins,2024-02-11,2.783893251034794e-05
Parque O'Higgins,2024-02-12,0.0001082881223582692
Parque O'Higgins,2024-02-13,0.00010215969243824743
Parque O'Higgins,2024-02-14,0.00014035533306477213
Parque O'Higgins,2024-02-15,0.0001081544002722067
Parque O'Higgins,2024-02-16,8.033545807501124e-05
Parque O'Higgins,2024-02-17,5.518192800717279e-05
Parque O'Higgins,2024-02-18,4.8840265443666633e-05
Parque O'Higgins,2024-02-19,0.0001016240531865179
Parque O'Higgins,2024-02-20,0.00013008699235464007
Parque O'Higgins,2024-02-21,8.156946723660466e-05
Parque O'Higgins,2024-02-23,0.0002485698505785773
Parque O'Higgins,2024-02-24,8.0507440462738e-05
Parque O'Higgins,2024-02-25,4.669399244327159e-05
Parque O'Higgins,2024-02-26,0.00010614623294542374
Parque O'Higgins,2024-02-27,7.563021616156425e-05
Parque O'Higgins,2024-02-28,0.00011166200084606691
Parque O'Higgins,2024-02-29,0.00012521689980294669
Parque O'Higgins,2024-03-01,0.0001110245365438425
Parque O'Higgins,2024-03-02,6.434774961923057e-05
Parque O'Higgins,2024-03-03,5.5125387155525966e-05
Parque O'Higgins,2024-03-04,9.539926648500905e-05
Parque O'Higgins,2024-03-05,0.00011117211877413659
Parque O'Higgins,2024-03-06,0.00012168793378150325
Parque O'Higgins,2024-03-07,0.00012773873676260648
Parque O'Higgins,2024-03-08,0.00012658020350254007
Parque O'Higgins,2024-03-09,7.598035635545028e-05
Parque O'Higgins,2024-03-10,4.972135713586771e-05
Parque O'Higgins,2024-03-11,0.00014309756309811289
Parque O'Higgins,2024-03-12,0.00023663972914797957
Parque O'Higgins,2024-03-13,0.00011130973818862037
Parque O'Higgins,2024-03-14,0.00012318498510379493
Parque O'Higgins,2024-03-15,0.00013523005772604293
Parque O'Higgins,2024-03-16,0.0001146216820277659
Parque O'Higgins,2024-03-17,8.380274874074721e-05
Parque O'Higgins,2024-03-18,0.0003160355599053196
Parque O'Higgins,2024-03-19,0.0001551048350550064
Parque O'Higgins,2024-03-21,0.0002933540036980991
Parque O'Higgins,2024-03-22,0.0001521811434426752
Parque O'Higgins,2024-03-23,0.0001229823817032523
Parque O'Higgins,2024-03-24,8.583361943370428e-05
Parque O'Higgins,2024-03-25,0.00010352099112298774
Parque O'Higgins,2024-03-26,0.0002489588332888459
Parque O'Higgins,2024-03-27,0.00017147285329430112
Parque O'Higgins,2024-03-28,0.0001792753401634963
Parque O'Higgins,2024-03-29,9.75541341710513e-05
Parque O'Higgins,2024-03-30,5.867976045285471e-05
Parque O'Higgins,2024-03-31,4.2820974501115796e-05
Parque O'Higgins,2024-04-04,0.0003078851017760551
Parque O'Higgins,2024-04-05,0.00017033941499607799
Parque O'Higgins,2024-04-06,0.00012909980615289743
Parque O'Higgins,2024-04-07,0.0001388330952176054
Parque O'Higgins,2024-04-08,0.0003161031427960197
Parque O'Higgins,2024-04-09,0.00023870298766261037
Parque O'Higgins,2024-04-10,9.572068348841471e-05
Parque O'Higgins,2024-04-13,0.00021461916275158582
Parque O'Higgins,2024-04-14,7.000038176926882e-05
Parque O'Higgins,2024-04-16,0.0005801379359428049
Parque O'Higgins,2024-04-17,0.0006009749369819673
Parque O'Higgins,2024-04-18,0.0007004767539910713
Parque O'Higgins,2024-04-22,0.00016651971912902712
Parque O'Higgins,2024-04-23,0.00046420090257858306
Parque O'Higgins,2024-04-24,0.0004177088342600473
Parque O'Higgins,2024-04-25,0.00016891685299902544
Parque O'Higgins,2024-04-26,0.0001933927004572899
Parque O'Higgins,2024-04-27,0.00032756007884151786
Parque O'Higgins,2024-04-29,0.0002042116302961424
Parque O'Higgins,2024-04-30,9.962503336816385e-05
Parque O'Higgins,2024-05-03,0.0005580069448098767
Parque O'Higgins,2024-05-04,0.00035850265174544127
Parque O'Higgins,2024-05-06,0.000259873518096773
Parque O'Higgins,2024-05-08,0.0006106076437340703
Parque O'Higgins,2024-05-09,0.0006308723194557176
Parque O'Higgins,2024-05-11,0.000568046941966147
Parque O'Higgins,2024-05-12,0.00013853710392426082
Parque O'Higgins,2024-05-13,0.00048037568939773433
Parque O'Higgins,2024-05-14,0.00046802062984785495
Parque O'Higgins,2024-05-16,0.0006278753238322544
Parque O'Higgins,2024-05-17,0.0003932422083967327
Parque O'Higgins,2024-05-18,0.000314538543029634
Parque O'Higgins,2024-05-23,0.00030464078617566093
Parque O'Higgins,2024-05-25,0.0005358993676341671
Parque O'Higgins,2024-05-26,0.00021185845253056995
Parque O'Higgins,2024-05-29,0.0011748902643275026
Parque O'Higgins,2024-05-30,0.0012173487474713921
Parque O'Higgins,2024-06-01,0.0006022727057050021
Parque O'Higgins,2024-06-02,0.0003865208730673845
Parque O'Higgins,2024-06-15,0.0004648592766875159
Parque O'Higgins,2024-06-16,0.0003891218513164009
Parque O'Higgins,2024-06-19,0.0004186045965431452
Parque O'Higgins,2024-06-25,0.0004051033301789374
Parque O'Higgins,2024-06-28,0.0008523889993990664
Parque O'Higgins,2024-06-29,0.00031166036035750014
Parque O'Higgins,2024-06-30,0.00026295535250687356
Parque O'Higgins,2024-07-01,0.0006210531469682643
Parque O'Higgins,2024-07-02,0.000788207428215225
Parque O'Higgins,2024-07-03,0.00034620275296689255
Parque O'Higgins,2024-07-05,0.0010399273426998214
Parque O'Higgins,2024-07-06,0.0005293811157837628
Parque O'Higgins,2024-07-07,0.0004913717352544913
Parque O'Higgins,2024-07-08,0.0008403367770976926
Parque O'Higgins,2024-07-09,0.0006443997325393122
Parque O'Higgins,2024-07-10,0.0006094682296157676
Parque O'Higgins,2024-07-11,0.0009580541132559207
Parque O'Higgins,2024-07-12,0.00047324459218382064
Parque O'Higgins,2024-07-13,0.0005816868492839409
Parque O'Higgins,2024-07-14,0.00036889026754430884
Parque O'Higgins,2024-07-16,0.0005782972111047917
Parque O'Higgins,2024-07-19,0.000871933312142909
Parque O'Higgins,2024-07-20,0.00030973195647562715
Parque O'Higgins,2024-07-22,0.0005922733046071666
Parque O'Higgins,2024-07-24,0.0005172251060180486
Parque O'Higgins,2024-07-25,0.00045014180393654037
Parque O'Higgins,2024-07-27,0.0006628985948114565
Parque O'Higgins,2024-07-28,0.00027885228601041333
Parque O'Higgins,2024-07-29,0.0007390999681119367
Parque O'Higgins,2024-08-03,0.0005024779398457453
Parque O'Higgins,2024-08-04,0.0002525049914737267
Parque O'Higgins,2024-08-06,0.0004609834581626956
Parque O'Higgins,2024-08-08,0.0005533389437671567
Parque O'Higgins,2024-08-09,0.0006535805648664493
Parque O'Higgins,2024-08-10,0.0006000153881255799
Parque O'Higgins,2024-08-11,0.00036650337873555665
Parque O'Higgins,2024-08-12,0.000692966394268852
Parque O'Higgins,2024-08-13,0.0006419039980751425
Parque O'Higgins,2024-08-23,0.0002986658691069961
Parque O'Higgins,2024-08-24,0.0005114337352405977
Parque O'Higgins,2024-08-25,0.0002230569043152619
Parque O'Higgins,2024-08-26,0.0003215180292559515
Parque O'Higgins,2024-08-27,0.0005196056757924346
Parque O'Higgins,2024-08-28,0.0004968842207581524
Parque O'Higgins,2024-08-30,0.0003014567085984177
Parque O'Higgins,2024-08-31,0.00033857722732122766
Parque O'Higgins,2024-09-01,0.00012081151148737437
Parque O'Higgins,2024-09-02,7.378903937224847e-05
Parque O'Higgins,2024-09-04,0.000591971672509892
Parque O'Higgins,2024-09-05,0.0003659291806711003
Parque O'Higgins,2024-09-06,0.0001840656278016387
Parque O'Higgins,2024-09-07,0.0002589593067746599
Parque O'Higgins,2024-09-09,0.0006281283628709136
Parque O'Higgins,2024-09-10,0.00023697939412744773
Parque O'Higgins,2024-09-11,0.00042651268926977167
Parque O'Higgins,2024-09-12,0.0002490956032922283
Parque O'Higgins,2024-09-13,0.000476266467490694
Parque O'Higgins,2024-09-14,0.0003555662577188388
Parque O'Higgins,2024-09-15,0.00035328481209678206
Parque O'Higgins,2024-09-17,0.0001273382888844522
Parque O'Higgins,2024-09-19,3.603418741099741e-05
Parque O'Higgins,2024-09-21,8.721079518240239e-05
Parque O'Higgins,2024-09-24,0.00023719534539201652
Parque O'Higgins,2024-09-25,0.0002670434594021068
Parque O'Higgins,2024-09-26,0.0004136765268442506
Parque O'Higgins,2024-09-27,0.00016170702162979312
Parque O'Higgins,2024-09-28,0.0002630643341645531
Parque O'Higgins,2024-09-30,0.0001868192227736313
Parque O'Higgins,2024-10-03,0.00033420954853869084
Parque O'Higgins,2024-10-04,0.00017666044780930253
Parque O'Higgins,2024-10-05,0.00015436405086702746
Parque O'Higgins,2024-10-07,0.00018131741623935812
Parque O'Higgins,2024-10-09,0.00020438317638471484
Parque O'Higgins,2024-10-10,0.00012083718954649982
Parque O'Higgins,2024-10-14,0.00020366876162236774
Parque O'Higgins,2024-10-15,0.0005904495136979903
Parque O'Higgins,2024-10-16,0.00010899773063322081
Parque O'Higgins,2024-10-17,0.00039365065364400806
Parque O'Higgins,2024-10-18,0.00021710542175253339
Parque O'Higgins,2024-10-19,5.548372557548667e-05
Parque O'Higgins,2024-10-20,4.692640688096707e-05
Parque O'Higgins,2024-10-21,0.00016204575601024148
Parque O'Higgins,2024-10-22,0.0001207558878001192
Parque O'Higgins,2024-10-23,9.119340860455642e-05
Parque O'Higgins,2024-10-24,0.00014346557431391046
Parque O'Higgins,2024-10-25,0.00020501343016882342
Parque O'Higgins,2024-10-26,0.0001050654937655622
Parque O'Higgins,2024-10-27,8.453826677472077e-05
Parque O'Higgins,2024-10-28,0.00018312847524073428
Parque O'Higgins,2024-10-29,0.0001100892814865756
Parque O'Higgins,2024-10-30,9.217206557718089e-05
Parque O'Higgins,2024-10-31,8.462714559266472e-05
Parque O'Higgins,2024-11-02,7.802391424432778e-05
Parque O'Higgins,2024-11-04,0.0001274586396715691
Parque O'Higgins,2024-11-05,0.0001576597590140593
Parque O'Higgins,2024-11-06,0.00013704119663923576
Parque O'Higgins,2024-11-08,7.897753689213227e-05
Parque O'Higgins,2024-11-09,3.357548483815052e-05
Parque O'Higgins,2024-11-10,3.83945433023314e-05
Parque O'Higgins,2024-11-11,0.00012404553931206512
Parque O'Higgins,2024-11-12,0.00016330834744047708
Parque O'Higgins,2024-11-13,0.0001060804043753276
Parque O'Higgins,2024-11-14,0.00010086707679562255
Parque O'Higgins,2024-11-15,7.936810395349589e-05
Parque O'Higgins,2024-11-17,5.753292279981764e-05
Parque O'Higgins,2024-11-18,0.0001128093485718977
Parque O'Higgins,2024-11-19,8.402278412039928e-05
Parque O'Higgins,2024-11-20,9.192203975067765e-05
Parque O'Higgins,2024-11-21,7.185360681485908e-05
Parque O'Higgins,2024-11-22,0.00010355837124531707
Parque O'Higgins,2024-11-23,8.305317923314625e-05
Parque O'Higgins,2024-11-24,3.9540353556049486e-05
Parque O'Higgins,2024-11-25,7.126966926889391e-05
Parque O'Higgins,2024-11-26,8.267028492906021e-05
Parque O'Higgins,2024-11-27,9.236887243459263e-05
Parque O'Higgins,2024-11-28,9.430136942925978e-05
Parque O'Higgins,2024-11-29,0.0001061821386806029
Parque O'Higgins,2024-11-30,4.980519885112184e-05
Parque O'Higgins,2024-12-01,4.291672303224755e-05
Parque O'Higgins,2024-12-02,8.18796303913258e-05
Parque O'Higgins,2024-12-03,8.927096213226437e-05
Parque O'Higgins,2024-12-04,7.588521779947188e-05
Parque O'Higgins,2024-12-05,0.0001085930400788894
Parque O'Higgins,2024-12-07,5.963127997884531e-05
Parque O'Higgins,2024-12-08,4.025052472926424e-05
Parque O'Higgins,2024-12-09,0.0001366043077220734
Parque O'Higgins,2024-12-10,7.03561090471752e-05
Parque O'Higgins,2024-12-11,8.038560980465845e-05
Parque O'Higgins,2024-12-12,0.00010305718483577485
Parque O'Higgins,2024-12-13,0.00011108069243387479
Parque O'Higgins,2024-12-14,6.61744516722066e-05
Parque O'Higgins,2024-12-15,2.2251088264601856e-05
Parque O'Higgins,2024-12-16,7.499075932184219e-05
Parque O'Higgins,2024-12-17,5.5596353884001e-05
Parque O'Higgins,2024-12-18,0.00010501595661682424
Parque O'Higgins,2024-12-19,0.00011217932349814583
Parque O'Higgins,2024-12-20,0.00014174791692863042
Parque O'Higgins,2024-12-21,5.762513906547008e-05
Parque O'Higgins,2024-12-22,5.295392060065264e-05
Parque O'Higgins,2024-12-23,7.297488902605593e-05
Parque O'Higgins,2024-12-24,8.759068075490989e-05
Parque O'Higgins,2024-12-25,4.087661098936377e-05
Parque O'Higgins,2024-12-26,3.924728911259828e-05
Parque O'Higgins,2024-12-27,6.168819814225709e-05
Parque O'Higgins,2024-12-28,4.2309792856689696e-05
Parque O'Higgins,2024-12-29,4.786058195498715e-05
Parque O'Higgins,2024-12-30,7.765841310679803e-05
Parque O'Higgins,2024-12-31,5.977441066081593e-05
Parque O'Higgins,2025-01-01,2.469978080185899e-05
Parque O'Higgins,2025-01-02,6.205654757413457e-05
Parque O'Higgins,2025-01-03,7.444017155709985e-05
Parque O'Higgins,2025-01-04,6.50872370234654e-05
Parque O'Higgins,2025-01-05,5.6605646622354786e-05
Parque O'Higgins,2025-01-06,5.0349853366698786e-05
Parque O'Higgins,2025-01-07,5.5993957535842463e-05
Parque O'Higgins,2025-01-08,7.298970722747254e-05
Parque O'Higgins,2025-01-09,9.728117883066938e-05
Parque O'Higgins,2025-01-10,8.500140343397959e-05
Parque O'Higgins,2025-01-11,4.541579197630243e-05
Parque O'Higgins,2025-01-12,-5.342517374313313e-07
Parque O'Higgins,2025-01-13,6.946719233928681e-05
Parque O'Higgins,2025-01-14,7.170688120387806e-05
Parque O'Higgins,2025-01-15,0.00010360328588614503
Parque O'Higgins,2025-01-16,6.543400827451063e-05
Parque O'Higgins,2025-01-17,6.234234476427328e-05
Parque O'Higgins,2025-01-18,3.9242400646056365e-05
Parque O'Higgins,2025-01-19,4.6654774245229545e-05
Parque O'Higgins,2025-01-20,8.436112969656223e-05
Parque O'Higgins,2025-01-21,7.46627888653704e-05
Parque O'Higgins,2025-01-22,6.212799805088817e-05
Parque O'Higgins,2025-01-23,6.673480606732064e-05
Parque O'Higgins,2025-01-24,0.00010349241815486398
Parque O'Higgins,2025-01-25,6.475106999427968e-05
Parque O'Higgins,2025-01-26,4.5612498011630784e-05
Parque O'Higgins,2025-01-27,6.248443945689272e-05
Parque O'Higgins,2025-01-28,7.153042489229634e-05
Parque O'Higgins,2025-01-29,6.434604036137665e-05
Parque O'Higgins,2025-01-30,8.21472789638541e-05
Parque O'Higgins,2025-01-31,0.00010763752129317182
Parque O'Higgins,2025-02-01,6.880887984171008e-05
Parque O'Higgins,2025-02-02,2.8944861478201793e-05
Parque O'Higgins,2025-02-03,7.740301640567575e-05
Parque O'Higgins,2025-02-04,8.100965659745018e-05
Parque O'Higgins,2025-02-05,0.00011331405574746172
Parque O'Higgins,2025-02-06,0.00011144769235325514
Parque O'Higgins,2025-02-07,7.203224473562787e-05
Parque O'Higgins,2025-02-08,6.303695815675439e-05
Parque O'Higgins,2025-02-09,4.361909112526366e-05
Parque O'Higgins,2025-02-10,6.151011741495781e-05
Parque O'Higgins,2025-02-11,7.8807612114384e-05
Parque O'Higgins,2025-02-12,8.370743142931636e-05
Parque O'Higgins,2025-02-13,7.614794729317228e-05
Parque O'Higgins,2025-02-14,8.817697666913321e-05
Parque O'Higgins,2025-02-15,4.7460037942727474e-05
Parque O'Higgins,2025-02-16,5.030510179411921e-05
Parque O'Higgins,2025-02-17,0.00010961156697948623
Parque O'Higgins,2025-02-18,0.00014207282905423174
Parque O'Higgins,2025-02-19,8.178556841670509e-05
Parque O'Higgins,2025-02-20,8.88648209864682e-05
Parque O'Higgins,2025-02-21,0.0001109739572742387
Parque O'Higgins,2025-02-22,7.14315757077183e-05
Parque O'Higgins,2025-02-23,3.825293506481242e-05
Parque O'Higgins,2025-02-24,7.789100498980378e-05
Parque O'Higgins,2025-02-25,0.00012586366500237536
Parque O'Higgins,2025-02-26,0.00013838871417889439
Parque O'Higgins,2025-02-27,0.00010571941320545902
Parque O'Higgins,2025-02-28,5.95227393598965e-05
Parque O'Higgins,2025-03-01,3.74265929811262e-05
Parque O'Higgins,2025-03-02,3.6356405465793165e-05
Parque O'Higgins,2025-03-03,0.00014608262161201882
Parque O'Higgins,2025-03-04,0.00014044948153854784
Parque O'Higgins,2025-03-05,0.00011908890460759831
Parque O'Higgins,2025-03-06,9.01658319212597e-05
Parque O'Higgins,2025-03-07,8.003371658769523e-05
Parque O'Higgins,2025-03-08,8.648609379310834e-05
Parque O'Higgins,2025-03-09,7.059661288885707e-05
Parque O'Higgins,2025-03-10,0.00012590005123798624
Parque O'Higgins,2025-03-11,0.0001253571461129233
Parque O'Higgins,2025-03-12,8.771759119783972e-05
Parque O'Higgins,2025-03-13,0.00010896367451427703
Parque O'Higgins,2025-03-14,0.00015659947320905473
Parque O'Higgins,2025-03-15,0.00011457241202468125
Parque O'Higgins,2025-03-16,4.5385450105983694e-05
Parque O'Higgins,2025-03-17,0.00015095526260521975
Parque O'Higgins,2025-03-18,0.00022122015778454788
Parque O'Higgins,2025-03-19,0.00017033364763881136
Parque O'Higgins,2025-03-20,0.00017408576155415528
Parque O'Higgins,2025-03-21,0.0003367768630631232
Parque O'Higgins,2025-03-22,8.208718802438278e-05
Parque O'Higgins,2025-03-24,0.0001778134085613335
Parque O'Higgins,2025-03-25,0.0001501965680935975
Parque O'Higgins,2025-03-26,0.00042624582697792327
Parque O'Higgins,2025-03-29,8.568659098516115e-05
Parque O'Higgins,2025-03-31,0.00039106724465416877
Parque O'Higgins,2025-04-01,0.0004293705713645723
Parque O'Higgins,2025-04-02,0.0002776920534613744
Parque O'Higgins,2025-04-03,0.0005923456866984667
Parque O'Higgins,2025-04-04,0.00031971391936749203
Parque O'Higgins,2025-04-05,0.00021066190751602845
Parque O'Higgins,2025-04-06,0.00016300012847025053
Parque O'Higgins,2025-04-07,0.00034963109544776264
Parque O'Higgins,2025-04-08,0.0001825160154293146
Parque O'Higgins,2025-04-09,0.00022204890995623292
Parque O'Higgins,2025-04-10,0.0001703533425259258
Parque O'Higgins,2025-04-12,0.00026822558812351655
Parque O'Higgins,2025-04-13,0.00010236278033950855
Parque O'Higgins,2025-04-14,0.00029926443613636095
Parque O'Higgins,2025-04-15,0.0003751020220521292
Parque O'Higgins,2025-04-16,0.0003794780982593331
Parque O'Higgins,2025-04-18,0.00014653652370800224
Parque O'Higgins,2025-04-20,0.00018431840919249683
Parque O'Higgins,2025-04-22,0.00041819461503687325
Parque O'Higgins,2025-04-24,0.0002485804241358024
Parque O'Higgins,2025-04-26,0.0002992373605207404
Parque O'Higgins,2025-04-27,0.00020208749170756016
Parque O'Higgins,2025-04-28,0.00041602635156077854
Parque O'Higgins,2025-04-29,0.0002762689755960841
Parque O'Higgins,2025-05-01,0.0003494084913244297
Parque O'Higgins,2025-05-02,0.0004904017307753629
Parque O'Higgins,2025-05-03,0.00037002203882351663
Parque O'Higgins,2025-05-04,0.00019553665599229304
Parque O'Higgins,2025-05-05,0.0003662794449520573
Parque O'Higgins,2025-05-09,0.00038189566134329647
Parque O'Higgins,2025-05-10,0.000622230318202287
Parque O'Higgins,2025-05-11,0.0004223263863781944
Parque O'Higgins,2025-05-12,0.0005990555722705277
Parque O'Higgins,2025-05-13,0.0007326080813072352
Parque O'Higgins,2025-05-14,0.0006509564858124483
Parque O'Higgins,2025-05-15,0.0007122845272533332
Parque O'Higgins,2025-05-16,0.0005240798547500663
Parque O'Higgins,2025-05-21,0.0005650935940217525
Parque O'Higgins,2025-05-22,0.0008999189498524072
Parque O'Higgins,2025-05-24,0.0007868825907459758
Parque O'Higgins,2025-05-27,0.0003629861876766455
Parque O'Higgins,2025-05-28,0.0009082836840179856
Parque O'Higgins,2025-05-29,0.0007988020110847099
Parque O'Higgins,2025-05-30,0.0007220652733149915
Parque O'Higgins,2025-05-31,0.0007342389224051763
Parque O'Higgins,2025-06-01,0.0004752062958573536
Parque O'Higgins,2025-06-04,0.0011184539467326256
Parque O'Higgins,2025-06-05,0.0007818774320184895
Parque O'Higgins,2025-06-06,0.00043941961920954174
Parque O'Higgins,2025-06-07,0.0004753555639827219
Parque O'Higgins,2025-06-08,0.0004600436253149051
Parque O'Higgins,2025-06-09,0.0007332288757235035
Parque O'Higgins,2025-06-10,0.0005220637874289757
Parque O'Higgins,2025-06-13,0.0007299279897166397
Parque O'Higgins,2025-06-18,0.0008297970846381731
Parque O'Higgins,2025-06-19,0.0008977981622079572
Parque O'Higgins,2025-06-20,0.0006113549296141029
Parque O'Higgins,2025-06-22,0.0002498181520202721
Parque O'Higgins,2025-06-23,0.00031423498832310216
Parque O'Higgins,2025-06-24,0.0005509388915671138
Parque O'Higgins,2025-06-25,0.0008736499801960264
Parque O'Higgins,2025-06-26,0.0008063213622073429
Parque O'Higgins,2025-06-28,0.0003613868910527544
Parque O'Higgins,2025-06-29,0.0005393745389784836
Parque O'Higgins,2025-07-01,0.00045677623516902894
Parque O'Higgins,2025-07-02,0.0004402710898304436
Parque O'Higgins,2025-07-03,0.0005488642626838018
Parque O'Higgins,2025-07-04,0.0009820866094172656
Parque O'Higgins,2025-07-06,0.00025835364502588043
Parque O'Higgins,2025-07-07,0.0007174744940713696
Parque O'Higgins,2025-07-08,0.0007108618984497853
Parque O'Higgins,2025-07-10,0.0007459799934942451
Parque O'Higgins,2025-07-11,0.0006583319524705697
Parque O'Higgins,2025-07-12,0.0006934917201115655
Parque O'Higgins,2025-07-13,0.00035087661132155807
Parque O'Higgins,2025-07-15,0.0005698651817332453
Parque O'Higgins,2025-07-16,0.00043237814016229803
Parque O'Higgins,2025-07-17,0.0004887667215496271
Parque O'Higgins,2025-07-18,0.0008601920955558322
Parque O'Higgins,2025-07-19,0.0009225770713668267
Parque O'Higgins,2025-07-21,0.0010817924999060077
Parque O'Higgins,2025-07-22,0.0006908123928188823
Parque O'Higgins,2025-07-23,0.0006926071314821642
Parque O'Higgins,2025-07-24,0.0002405936654041975
Parque O'Higgins,2025-07-28,0.0004796138446849927
Parque O'Higgins,2025-08-04,0.0005607642829776892
Parque O'Higgins,2025-08-05,0.0006830387851699043
Parque O'Higgins,2025-08-06,0.0007523626602442847
Parque O'Higgins,2025-08-07,0.0005051818761510239
Parque O'Higgins,2025-08-08,0.000732210895981822
Parque O'Higgins,2025-08-10,0.0003161414931468401
Parque O'Higgins,2025-08-11,0.0008852457680596837
Parque O'Higgins,2025-08-13,0.000670934011216154
Parque O'Higgins,2025-08-14,0.00034726538597183693
Parque O'Higgins,2025-08-16,0.0003611678321897392
Parque O'Higgins,2025-08-19,0.0003263798874878849
Parque O'Higgins,2025-08-24,0.00029266130160769476
Parque O'Higgins,2025-08-25,0.0009562823722336722
Parque O'Higgins,2025-08-26,0.0009198638284724347
Parque O'Higgins,2025-08-27,0.0006924701643804963
Parque O'Higgins,2025-09-01,0.0006807554165149538
Parque O'Higgins,2025-09-03,0.0006118794694300632
Parque O'Higgins,2025-09-04,0.00047937650866642766
Parque O'Higgins,2025-09-05,0.0005113220703207167
Parque O'Higgins,2025-09-08,0.0002706595835446475
Parque O'Higgins,2025-09-09,0.00019730165084827958
Parque O'Higgins,2025-09-10,0.000253377883918406
Parque O'Higgins,2025-09-11,0.00025994148096607927
Parque O'Higgins,2025-09-12,0.00026806834579962943
Parque O'Higgins,2025-09-13,0.00010959763022525779
Parque O'Higgins,2025-09-14,5.1477593195126776e-05
Parque O'Higgins,2025-09-15,0.0003341278026724659
Parque O'Higgins,2025-09-16,0.0006269886668178324
Parque O'Higgins,2025-09-17,0.0003813326783447507
Parque O'Higgins,2025-09-18,0.00013363914441375188
Parque O'Higgins,2025-09-19,6.179365607229688e-05
Parque O'Higgins,2025-09-21,6.196856072001671e-05
Parque O'Higgins,2025-09-22,0.0005998193458577586
Parque O'Higgins,2025-09-23,0.0005155030464793369
Parque O'Higgins,2025-09-24,0.0002784577353839613
Parque O'Higgins,2025-09-27,0.0003278896569920451
Parque O'Higgins,2025-09-28,0.00015676632241583594
Parque O'Higgins,2025-09-29,0.00026969230308600137
Parque O'Higgins,2025-09-30,0.00029449694519591605
Parque O'Higgins,2025-10-01,0.0001973439000877746
Parque O'Higgins,2025-10-02,0.00031572900446937214
Parque O'Higgins,2025-10-03,0.00020525931853175786
Parque O'Higgins,2025-10-04,9.537978732542913e-05
Parque O'Higgins,2025-10-05,5.015571242014213e-05
Parque O'Higgins,2025-10-06,0.00013903035212329374
Parque O'Higgins,2025-10-07,0.0002137329228834264
Parque O'Higgins,2025-10-08,0.0004358845697476877
Parque O'Higgins,2025-10-09,0.00022404617049075833
Parque O'Higgins,2025-10-10,7.883427112288968e-05
Parque O'Higgins,2025-10-11,7.336707606147871e-05
Parque O'Higgins,2025-10-12,7.929858707150622e-05
Parque O'Higgins,2025-10-13,0.00019553138603511195
Parque O'Higgins,2025-10-14,0.00019436525207188127
Parque O'Higgins,2025-10-15,0.00014699802271916953
Parque O'Higgins,2025-10-16,8.63521078809044e-05
Parque O'Higgins,2025-10-17,0.00014520907453755756
Parque O'Higgins,2025-10-19,6.999812927467605e-05
Parque O'Higgins,2025-10-20,0.00020173525018863346
Parque O'Higgins,2025-10-22,0.00013759648682791896
Parque O'Higgins,2025-11-04,0.00016800175286663902
Parque O'Higgins,2025-11-05,0.00011659074923894518
Parque O'Higgins,2025-11-07,0.00022196984549278456
Parque O'Higgins,2025-11-08,6.362708510941498e-05
Parque O'Higgins,2025-11-09,6.630616854902307e-05
Parque O'Higgins,2025-11-10,0.00011093507100449198
Parque O'Higgins,2025-11-11,0.00011216292052437565
Parque O'Higgins,2025-11-12,9.832493378780418e-05
Parque O'Higgins,2025-11-13,0.0001391655101336125
Parque O'Higgins,2025-11-14,0.00012359684698586888
Parque O'Higgins,2025-11-15,6.509854828222292e-05
Parque O'Higgins,2025-11-16,4.149923535908937e-05
Parque O'Higgins,2025-11-18,0.00010044783090719037
Parque O'Higgins,2025-11-19,0.00010106963960541815
Parque O'Higgins,2025-11-21,0.00013573872621411146
Parque O'Higgins,2025-11-22,6.835538415691459e-05
Parque O'Higgins,2025-11-23,4.054880029419247e-05
Parque O'Higgins,2025-11-24,0.00010222568041437718
Parque O'Higgins,2025-11-25,9.285254766283705e-05
Parque O'Higgins,2025-11-26,0.00015955882473922035
Parque O'Higgins,2025-11-27,5.077791496735891e-05
Parque O'Higgins,2025-11-28,8.875891217030255e-05
Parque O'Higgins,2025-11-29,6.028685406115709e-05
Parque O'Higgins,2025-11-30,4.8614604645730924e-05
Parque O'Higgins,2025-12-01,0.00010097201593538135
Parque O'Higgins,2025-12-02,9.873864234912567e-05
Parque O'Higgins,2025-12-03,0.00010261881756348405
Parque O'Higgins,2025-12-04,7.313751778460062e-05
Parque O'Higgins,2025-12-05,0.00010946905611812952
Parque O'Higgins,2025-12-08,6.419148568276414e-05
Parque O'Higgins,2025-12-09,6.903385309819022e-05
Parque O'Higgins,2025-12-10,7.519514915679938e-05
Parque O'Higgins,2025-12-12,9.867380794425715e-05
Parque O'Higgins,2025-12-13,3.122825871695496e-05
Parque O'Higgins,2025-12-15,9.069632023931269e-05
Parque O'Higgins,2025-12-16,0.00015370377387963056
Parque O'Higgins,2025-12-17,7.824280279034792e-05
Parque O'Higgins,2025-12-18,7.938980869185185e-05
Parque O'Higgins,2025-12-19,5.7979035550037606e-05
Parque O'Higgins,2025-12-20,5.0845614929185675e-05
Parque O'Higgins,2025-12-21,4.90181404948804e-05
Parque O'Higgins,2025-12-22,0.00012389974965114296
Parque O'Higgins,2025-12-23,0.00011071433044171591
Parque O'Higgins,2025-12-24,5.226735792609601e-05
Parque O'Higgins,2025-12-25,3.517586663702839e-05
Parque O'Higgins,2025-12-26,6.681509740153108e-05
Parque O'Higgins,2025-12-27,8.055219415903596e-05
Parque O'Higgins,2025-12-28,4.783948442530292e-05
Parque O'Higgins,2025-12-29,6.927652503468473e-05
Parque O'Higgins,2025-12-30,7.761717122024162e-05
Parque O'Higgins,2025-12-31,6.628695544258828e-05
Pudahuel,2019-01-01,3.284105926745925e-05
Pudahuel,2019-01-02,5.308834752198069e-05
Pudahuel,2019-01-03,6.227047157622731e-05
Pudahuel,2019-01-04,5.7777798020080877e-05
Pudahuel,2019-01-05,4.929013644668611e-05
Pudahuel,2019-01-06,2.8946856479177718e-05
Pudahuel,2019-01-07,2.4739812943153083e-05
Pudahuel,2019-01-08,5.6301654056988564e-05
Pudahuel,2019-01-10,6.33247216330155e-05
Pudahuel,2019-01-11,5.342692752510864e-05
Pudahuel,2019-01-12,3.738819031742657e-05
Pudahuel,2019-01-14,5.721785996796316e-05
Pudahuel,2019-01-15,5.529653131462633e-05
Pudahuel,2019-01-16,5.679987225448713e-05
Pudahuel,2019-01-17,5.846683048320856e-05
Pudahuel,2019-01-18,6.928416423353053e-05
Pudahuel,2019-01-19,3.748627819230215e-05
Pudahuel,2019-01-20,2.7441608771190136e-05
Pudahuel,2019-01-21,6.964186089292473e-05
Pudahuel,2019-01-22,4.075468423507079e-05
Pudahuel,2019-01-23,6.014127706381435e-05
Pudahuel,2019-01-24,6.278057318816912e-05
Pudahuel,2019-01-25,4.6745257926975304e-05
Pudahuel,2019-01-26,6.437434118965909e-05
Pudahuel,2019-01-27,3.163326104837046e-05
Pudahuel,2019-01-28,4.579748260734987e-05
Pudahuel,2019-01-29,4.9625034403703167e-05
Pudahuel,2019-01-30,5.5337266574687484e-05
Pudahuel,2019-01-31,5.343613239985141e-05
Pudahuel,2019-02-01,6.867171386427403e-05
Pudahuel,2019-02-02,5.531257241360785e-05
Pudahuel,2019-02-03,3.5091269788076434e-05
Pudahuel,2019-02-04,4.9956820205722575e-05
Pudahuel,2019-02-05,6.0388913829964125e-05
Pudahuel,2019-02-06,6.1231853370495e-05
Pudahuel,2019-02-07,6.915523560815097e-05
Pudahuel,2019-02-08,5.61768830272807e-05
Pudahuel,2019-02-09,6.067551801364434e-05
Pudahuel,2019-02-11,6.54080039603226e-05
Pudahuel,2019-02-12,5.348680819279824e-05
Pudahuel,2019-02-13,5.692975712072841e-05
Pudahuel,2019-02-14,8.43700540664624e-05
Pudahuel,2019-02-15,8.421063802256418e-05
Pudahuel,2019-02-16,4.692754315927083e-05
Pudahuel,2019-02-17,5.245725477296109e-05
Pudahuel,2019-02-18,6.085199325127164e-05
Pudahuel,2019-02-19,4.2418524036836304e-05
Pudahuel,2019-02-20,5.1640254000235924e-05
Pudahuel,2019-02-21,6.415655196163462e-05
Pudahuel,2019-02-22,8.010716193166077e-05
Pudahuel,2019-02-23,4.966107872356724e-05
Pudahuel,2019-02-24,2.4904196044202032e-05
Pudahuel,2019-02-25,7.805676598993486e-05
Pudahuel,2019-02-26,8.899031010941274e-05
Pudahuel,2019-02-27,7.614244828451926e-05
Pudahuel,2019-02-28,7.087810797215853e-05
Pudahuel,2019-03-01,8.942132409157622e-05
Pudahuel,2019-03-02,5.447508314416113e-05
Pudahuel,2019-03-03,2.2477494387104624e-05
Pudahuel,2019-03-04,5.720177490992703e-05
Pudahuel,2019-03-05,0.00019987532207375926
Pudahuel,2019-03-06,8.802768370191952e-05
Pudahuel,2019-03-07,7.20202686794028e-05
Pudahuel,2019-03-08,8.199318587778993e-05
Pudahuel,2019-03-09,5.793269576574845e-05
Pudahuel,2019-03-10,4.41351789133202e-05
Pudahuel,2019-03-11,0.00010047024648642539
Pudahuel,2019-03-12,7.072794282050965e-05
Pudahuel,2019-03-14,6.949380029756573e-05
Pudahuel,2019-03-15,7.834936113913245e-05
Pudahuel,2019-03-16,6.287600113697171e-05
Pudahuel,2019-03-17,4.131252631533643e-05
Pudahuel,2019-03-19,9.269696735193436e-05
Pudahuel,2019-03-20,0.00015411763964274657
Pudahuel,2019-03-21,0.000176457064403203
Pudahuel,2019-03-22,0.00022665890904565637
Pudahuel,2019-03-23,6.076165391839894e-05
Pudahuel,2019-03-24,5.1043220218021626e-05
Pudahuel,2019-03-25,9.371841699363317e-05
Pudahuel,2019-03-26,0.00013605212734546512
Pudahuel,2019-03-27,0.00014945839453350102
Pudahuel,2019-03-28,0.00012890431327388817
Pudahuel,2019-03-29,0.00011160736865901647
Pudahuel,2019-03-31,5.9049724093001145e-05
Pudahuel,2019-04-01,0.00020224456758870756
Pudahuel,2019-04-03,9.175695695314655e-05
Pudahuel,2019-04-04,0.00018469505199503563
Pudahuel,2019-04-05,0.00024177021470836563
Pudahuel,2019-04-06,0.00018375387516769194
Pudahuel,2019-04-07,9.45926172987284e-05
Pudahuel,2019-04-08,8.095613749192898e-05
Pudahuel,2019-04-09,9.982790449885657e-05
Pudahuel,2019-04-10,0.0003753918854908389
Pudahuel,2019-04-11,0.00027927586268402285
Pudahuel,2019-04-12,0.00018794139357581523
Pudahuel,2019-04-15,0.00036507015230196374
Pudahuel,2019-04-16,0.00026663038965622614
Pudahuel,2019-04-17,0.00028290566140873466
Pudahuel,2019-04-19,7.411482490598207e-05
Pudahuel,2019-04-20,0.00010952521276448984
Pudahuel,2019-04-21,7.868845778449509e-05
Pudahuel,2019-04-22,0.00037170050034736644
Pudahuel,2019-04-25,0.00041208965000953077
Pudahuel,2019-04-26,0.00024044865411401972
Pudahuel,2019-04-27,0.0001972585080990757
Pudahuel,2019-04-28,0.00020698594777922774
Pudahuel,2019-04-30,0.00012544529377327048
Pudahuel,2019-05-01,0.00018536095047938156
Pudahuel,2019-05-07,0.000315464431699427
Pudahuel,2019-05-09,0.00021027079040768703
Pudahuel,2019-05-10,0.00029439487452182064
Pudahuel,2019-05-11,0.00018380741226214881
Pudahuel,2019-05-12,0.0002960931376926018
Pudahuel,2019-05-13,0.0005295387236401439
Pudahuel,2019-05-14,0.00043418713221367777
Pudahuel,2019-05-15,0.00024557202178312565
Pudahuel,2019-05-17,0.00019673691501609643
Pudahuel,2019-05-18,0.00015703813861918598
Pudahuel,2019-05-21,0.0001213092019493814
Pudahuel,2019-05-22,0.000306988263939858
Pudahuel,2019-05-23,0.0005217116884194997
Pudahuel,2019-05-27,0.0001554725889548815
Pudahuel,2019-05-28,0.0004949302651004127
Pudahuel,2019-06-02,0.00028461692410114566
Pudahuel,2019-06-03,0.0008111920324154198
Pudahuel,2019-06-07,0.0005663233893808133
Pudahuel,2019-06-08,0.0004980132391464311
Pudahuel,2019-06-09,0.0004783390998073131
Pudahuel,2019-06-11,0.00044584385090379374
Pudahuel,2019-06-15,0.00023143028887618694
Pudahuel,2019-06-16,0.000312063945828333
Pudahuel,2019-06-18,0.000483058521620476
Pudahuel,2019-06-19,0.0009096363210119307
Pudahuel,2019-06-21,0.001151305390521884
Pudahuel,2019-06-22,0.0007780789391519193
Pudahuel,2019-06-25,0.00044450176111825857
Pudahuel,2019-06-30,0.00019628908020316707
Pudahuel,2019-07-01,0.0004743361571107474
Pudahuel,2019-07-02,0.001001830045177689
Pudahuel,2019-07-03,0.0006118208707565274
Pudahuel,2019-07-04,0.001105396960288586
Pudahuel,2019-07-05,0.0011697507998111305
Pudahuel,2019-07-08,0.00052517245451719
Pudahuel,2019-07-09,0.0008312849236356945
Pudahuel,2019-07-11,0.0004382457327830973
Pudahuel,2019-07-12,0.0004526513726341903
Pudahuel,2019-07-13,0.00038386902917464535
Pudahuel,2019-07-14,0.0003705631719062104
Pudahuel,2019-07-15,0.0005871639867383463
Pudahuel,2019-07-16,0.0005441490088605267
Pudahuel,2019-07-18,0.0005811514044262783
Pudahuel,2019-07-22,0.0003610036470283092
Pudahuel,2019-07-23,0.00034076083805712284
Pudahuel,2019-07-24,0.0002905347282769717
Pudahuel,2019-07-25,0.0007500868568465415
Pudahuel,2019-07-26,0.0007790785530673531
Pudahuel,2019-07-30,0.0005744782660622273
Pudahuel,2019-08-01,0.00019095661101036467
Pudahuel,2019-08-02,0.0005245817948672226
Pudahuel,2019-08-03,0.0003881768431961439
Pudahuel,2019-08-04,0.00030065370066235226
Pudahuel,2019-08-05,0.00043482416713130136
Pudahuel,2019-08-07,0.00020112611429854482
Pudahuel,2019-08-08,0.00019208138618930336
Pudahuel,2019-08-09,0.00033743301521702495
Pudahuel,2019-08-11,7.719162473718305e-05
Pudahuel,2019-08-12,0.0005247623445169479
Pudahuel,2019-08-16,0.00020196415045104966
Pudahuel,2019-08-20,0.0005482614340825765
Pudahuel,2019-08-22,0.0014155617403802043
Pudahuel,2019-08-23,0.0003859364369418472
Pudahuel,2019-08-26,0.00029555114697117104
Pudahuel,2019-08-28,9.554096269831155e-05
Pudahuel,2019-08-29,0.00012317378059187228
Pudahuel,2019-08-30,0.00013169447164095878
Pudahuel,2019-08-31,0.0001609757069774024
Pudahuel,2019-09-01,0.00013228982320458415
Pudahuel,2019-09-02,0.000285708193481786
Pudahuel,2019-09-08,8.046487128953391e-05
Pudahuel,2019-09-10,0.0001304129436164463
Pudahuel,2019-09-11,0.00026718660911305544
Pudahuel,2019-09-12,0.00043151565393801793
Pudahuel,2019-09-13,0.00016927149576104433
Pudahuel,2019-09-14,0.00013982861048640683
Pudahuel,2019-09-16,0.00028761567537729046
Pudahuel,2019-09-17,9.769022712900076e-05
Pudahuel,2019-09-18,0.00014119165844219897
Pudahuel,2019-09-20,7.099676724834058e-05
Pudahuel,2019-09-21,0.00013608355475481436
Pudahuel,2019-09-22,8.749381978691965e-05
Pudahuel,2019-09-23,0.00011929437491434828
Pudahuel,2019-09-24,0.0001644481110036346
Pudahuel,2019-09-25,0.00011738157408289913
Pudahuel,2019-09-26,0.00016776986273949002
Pudahuel,2019-09-27,0.00042632892634193064
Pudahuel,2019-09-28,0.00014666043069231263
Pudahuel,2019-09-29,3.8239482812122345e-05
Pudahuel,2019-10-02,0.00010457563021627886
Pudahuel,2019-10-03,9.578840949404334e-05
Pudahuel,2019-10-04,0.00014785804142588164
Pudahuel,2019-10-05,0.00014564187101887634
Pudahuel,2019-10-07,0.00011147193150614706
Pudahuel,2019-10-08,0.00014491543941396736
Pudahuel,2019-10-15,0.0001712269342544151
Pudahuel,2019-10-17,7.305437893119355e-05
Pudahuel,2019-10-18,0.00010485940026629985
Pudahuel,2019-10-19,6.084640723425215e-05
Pudahuel,2019-10-20,7.900279572895095e-05
Pudahuel,2019-10-21,0.00011545620798572122
Pudahuel,2019-10-22,5.255532372661576e-05
Pudahuel,2019-10-23,9.403234829241331e-05
Pudahuel,2019-10-24,5.2521717328272466e-05
Pudahuel,2019-10-26,7.817809598154209e-05
Pudahuel,2019-10-28,5.944428016082857e-05
Pudahuel,2019-10-29,8.494489054632653e-05
Pudahuel,2019-10-30,0.00013586443834560214
Pudahuel,2019-10-31,7.799943559302263e-05
Pudahuel,2019-11-01,4.862756010369506e-05
Pudahuel,2019-11-02,7.368675954999995e-05
Pudahuel,2019-11-03,5.144142016174864e-05
Pudahuel,2019-11-05,9.47381077370213e-05
Pudahuel,2019-11-06,0.00010960941068087284
Pudahuel,2019-11-07,7.810967331804816e-05
Pudahuel,2019-11-09,7.046365736148509e-05
Pudahuel,2019-11-10,4.710964370160759e-05
Pudahuel,2019-11-11,2.6392828024743434e-05
Pudahuel,2019-11-12,4.302550122708483e-05
Pudahuel,2019-11-13,5.670319790874481e-05
Pudahuel,2019-11-14,7.897144904883226e-05
Pudahuel,2019-11-15,7.708363454640122e-05
Pudahuel,2019-11-16,5.4243340691171416e-05
Pudahuel,2019-11-17,3.639052544294776e-05
Pudahuel,2019-11-18,9.149330083424635e-05
Pudahuel,2019-11-19,5.600207990776243e-05
Pudahuel,2019-11-20,7.183963021529537e-05
Pudahuel,2019-11-21,8.918744424590841e-05
Pudahuel,2019-11-22,6.5031742305499e-05
Pudahuel,2019-11-23,2.3307389836898513e-05
Pudahuel,2019-11-26,6.476364314248725e-05
Pudahuel,2019-11-27,0.00011836361333234809
Pudahuel,2019-11-28,5.85868871520632e-05
Pudahuel,2019-11-29,5.8220103568448605e-05
Pudahuel,2019-11-30,6.789140378108621e-05
Pudahuel,2019-12-01,3.8382587755962606e-05
Pudahuel,2019-12-03,4.6771273908299406e-05
Pudahuel,2019-12-04,5.97541728618302e-05
Pudahuel,2019-12-05,8.028177879198381e-05
Pudahuel,2019-12-06,6.044048526411101e-05
Pudahuel,2019-12-07,5.9341643819940245e-05
Pudahuel,2019-12-08,2.8241906380942783e-05
Pudahuel,2019-12-09,4.560940715919514e-05
Pudahuel,2019-12-10,4.981018564041834e-05
Pudahuel,2019-12-11,5.7823561038596174e-05
Pudahuel,2019-12-12,0.00010053781172367947
Pudahuel,2019-12-13,4.35846124195686e-05
Pudahuel,2019-12-15,2.7204594397611252e-05
Pudahuel,2019-12-16,5.638652210467088e-05
Pudahuel,2019-12-17,7.499117014822663e-05
Pudahuel,2019-12-18,5.8639491461473553e-05
Pudahuel,2019-12-19,3.533994822646491e-05
Pudahuel,2019-12-20,6.967554685869399e-05
Pudahuel,2019-12-21,5.414283062972244e-05
Pudahuel,2019-12-22,4.793181255315007e-05
Pudahuel,2019-12-23,7.543464411675335e-05
Pudahuel,2019-12-24,5.904650725751636e-05
Pudahuel,2019-12-25,1.8856002498068847e-05
Pudahuel,2019-12-26,5.247344719594643e-05
Pudahuel,2019-12-27,6.129599253046709e-05
Pudahuel,2019-12-28,5.4250921292996655e-05
Pudahuel,2019-12-29,1.315036439003813e-05
Pudahuel,2019-12-30,4.388052062946549e-05
Pudahuel,2019-12-31,3.827995399103474e-05
Pudahuel,2020-01-01,2.5150960181500476e-05
Pudahuel,2020-01-02,4.605586832986338e-05
Pudahuel,2020-01-03,7.117890681290234e-05
Pudahuel,2020-01-04,3.5964445248133905e-05
Pudahuel,2020-01-05,3.26477037161067e-05
Pudahuel,2020-01-06,5.028515652608916e-05
Pudahuel,2020-01-07,6.362308626216387e-05
Pudahuel,2020-01-09,4.902285270821985e-05
Pudahuel,2020-01-10,5.7303260290798826e-05
Pudahuel,2020-01-11,4.562605691735604e-05
Pudahuel,2020-01-12,3.622489065172591e-05
Pudahuel,2020-01-13,5.3038035918133704e-05
Pudahuel,2020-01-14,4.499065660865562e-05
Pudahuel,2020-01-15,6.120162454937908e-05
Pudahuel,2020-01-16,5.1251225909296045e-05
Pudahuel,2020-01-17,6.686574129945528e-05
Pudahuel,2020-01-18,2.614901131892111e-05
Pudahuel,2020-01-20,5.904626430310058e-05
Pudahuel,2020-01-21,4.7410812292551326e-05
Pudahuel,2020-01-22,6.474617322371621e-05
Pudahuel,2020-01-23,4.906166416606153e-05
Pudahuel,2020-01-24,6.626973765495684e-05
Pudahuel,2020-01-25,4.181643327279249e-05
Pudahuel,2020-01-26,3.02534722910999e-05
Pudahuel,2020-01-27,4.943356209207628e-05
Pudahuel,2020-01-28,4.7961195414055756e-05
Pudahuel,2020-01-29,4.44191863507346e-05
Pudahuel,2020-01-30,5.410340679883336e-05
Pudahuel,2020-01-31,4.788477321558113e-05
Pudahuel,2020-02-01,3.704222743796714e-05
Pudahuel,2020-02-02,4.488733449510471e-05
Pudahuel,2020-02-03,6.008139438551218e-05
Pudahuel,2020-02-04,8.29206631660353e-05
Pudahuel,2020-02-05,5.157322340896296e-05
Pudahuel,2020-02-06,5.592786319305843e-05
Pudahuel,2020-02-07,5.8482124896706055e-05
Pudahuel,2020-02-08,5.293350313996493e-05
Pudahuel,2020-02-09,3.9324615464313694e-05
Pudahuel,2020-02-10,4.819027050589614e-05
Pudahuel,2020-02-11,4.583783187528114e-05
Pudahuel,2020-02-12,5.411979457543142e-05
Pudahuel,2020-02-13,5.788956300538015e-05
Pudahuel,2020-02-14,8.53563819753522e-05
Pudahuel,2020-02-15,5.7294830375785775e-05
Pudahuel,2020-02-16,3.126642305121236e-05
Pudahuel,2020-02-17,3.000579306053057e-05
Pudahuel,2020-02-18,6.482487012278658e-05
Pudahuel,2020-02-19,7.319296170459085e-05
Pudahuel,2020-02-20,6.476045755822125e-05
Pudahuel,2020-02-21,9.113147874099228e-05
Pudahuel,2020-02-22,3.7202978025908863e-05
Pudahuel,2020-02-23,3.3489327120002e-05
Pudahuel,2020-02-24,4.99609683589169e-05
Pudahuel,2020-02-25,0.00012651218865147298
Pudahuel,2020-02-26,0.00012800020838979375
Pudahuel,2020-02-27,4.2022766889598136e-05
Pudahuel,2020-02-28,6.700361400863023e-05
Pudahuel,2020-02-29,5.0164083967504055e-05
Pudahuel,2020-03-01,5.013069350272965e-05
Pudahuel,2020-03-02,8.301976119734051e-05
Pudahuel,2020-03-03,6.011378203111194e-05
Pudahuel,2020-03-04,7.864297874483635e-05
Pudahuel,2020-03-05,9.130776340164184e-05
Pudahuel,2020-03-06,8.764046027203657e-05
Pudahuel,2020-03-07,6.218206273030451e-05
Pudahuel,2020-03-08,3.397533295998416e-05
Pudahuel,2020-03-09,7.050586774655616e-05
Pudahuel,2020-03-10,5.6402738098248956e-05
Pudahuel,2020-03-11,0.00010365422694034062
Pudahuel,2020-03-12,9.334454266528808e-05
Pudahuel,2020-03-13,9.137102630383864e-05
Pudahuel,2020-03-14,5.4175994018345685e-05
Pudahuel,2020-03-15,4.714656039868632e-05
Pudahuel,2020-03-16,4.367396673623387e-05
Pudahuel,2020-03-17,0.00010524991740147984
Pudahuel,2020-03-18,0.00010342249894994081
Pudahuel,2020-03-19,6.42190908792841e-05
Pudahuel,2020-03-20,5.300688547297206e-05
Pudahuel,2020-03-21,5.501998173227569e-05
Pudahuel,2020-03-22,4.4032882926737745e-05
Pudahuel,2020-03-23,0.0001428977150507344
Pudahuel,2020-03-24,8.606030642248857e-05
Pudahuel,2020-03-25,5.274646316311339e-05
Pudahuel,2020-03-26,4.4811858672530196e-05
Pudahuel,2020-03-27,7.587816424946313e-05
Pudahuel,2020-03-28,9.633508735258342e-05
Pudahuel,2020-03-29,4.635709194376204e-05
Pudahuel,2020-03-30,6.806424146017955e-05
Pudahuel,2020-03-31,7.360423636244372e-05
Pudahuel,2020-04-01,9.326405930954982e-05
Pudahuel,2020-04-02,0.00013021548172493301
Pudahuel,2020-04-03,0.00015379588992108336
Pudahuel,2020-04-05,3.105143799366836e-05
Pudahuel,2020-04-06,0.0001112508886517456
Pudahuel,2020-04-07,0.00011076665200137257
Pudahuel,2020-04-08,0.00011389071714605108
Pudahuel,2020-04-09,0.0001568277091669559
Pudahuel,2020-04-10,4.814259453139661e-05
Pudahuel,2020-04-13,0.00035712286129517225
Pudahuel,2020-04-14,0.0002413156888879415
Pudahuel,2020-04-16,0.0001845175889989495
Pudahuel,2020-04-17,0.00022791308782305403
Pudahuel,2020-04-18,0.00014001756364054172
Pudahuel,2020-04-19,6.132514912257117e-05
Pudahuel,2020-04-20,0.00011291128803059273
Pudahuel,2020-04-21,0.00018656639202553212
Pudahuel,2020-04-22,0.00020816948682373109
Pudahuel,2020-04-25,0.00012217721701246096
Pudahuel,2020-04-26,6.863891157233414e-05
Pudahuel,2020-04-27,8.917456328839216e-05
Pudahuel,2020-04-28,0.0002821934392716358
Pudahuel,2020-04-29,0.0002980877173906003
Pudahuel,2020-04-30,0.00032661881415735057
Pudahuel,2020-05-01,9.758704878926936e-05
Pudahuel,2020-05-02,0.0001774120640830222
Pudahuel,2020-05-03,9.795928057252e-05
Pudahuel,2020-05-05,0.00027656088728422496
Pudahuel,2020-05-06,0.00039426260208175266
Pudahuel,2020-05-07,0.0003138707767016099
Pudahuel,2020-05-08,0.0003232307034908261
Pudahuel,2020-05-09,0.0001295120478970439
Pudahuel,2020-05-10,6.0223817038310484e-05
Pudahuel,2020-05-11,0.00027680334928627747
Pudahuel,2020-05-13,0.0002628391578446907
Pudahuel,2020-05-14,0.00034506584706979997
Pudahuel,2020-05-15,0.00041429911497101976
Pudahuel,2020-05-16,0.00020250530322618137
Pudahuel,2020-05-17,4.2927837800339355e-05
Pudahuel,2020-05-18,9.900442851270693e-05
Pudahuel,2020-05-21,0.0001645967303874459
Pudahuel,2020-05-22,0.0005558042321353944
Pudahuel,2020-05-23,0.0004694100677383803
Pudahuel,2020-05-24,0.00022184274644887746
Pudahuel,2020-05-25,0.0006561838601665597
Pudahuel,2020-05-26,0.00023362146879626084
Pudahuel,2020-05-30,0.0003240525985162988
Pudahuel,2020-05-31,0.00022487937554578873
Pudahuel,2020-06-01,0.00017536223580037202
Pudahuel,2020-06-03,0.0001696959226346334
Pudahuel,2020-06-04,0.00019878712686403855
Pudahuel,2020-06-05,0.0003090128812506732
Pudahuel,2020-06-07,0.00023765142238147118
Pudahuel,2020-06-09,0.0006540962377417586
Pudahuel,2020-06-10,0.00047142314226047326
Pudahuel,2020-06-12,0.00013990695417037138
Pudahuel,2020-06-13,0.00021921824956737225
Pudahuel,2020-06-14,0.0002732495301985327
Pudahuel,2020-07-02,0.000601168626853677
Pudahuel,2020-07-03,0.00032757359843532983
Pudahuel,2020-07-05,0.00013791536529408682
Pudahuel,2020-07-08,0.00037066600227878905
Pudahuel,2020-07-09,0.0007853862945784315
Pudahuel,2020-07-13,0.0004283036250217815
Pudahuel,2020-07-14,0.00037257949503512525
Pudahuel,2020-07-15,0.0002647117614003473
Pudahuel,2020-07-19,0.00013682378814060053
Pudahuel,2020-07-20,0.00016913181280364935
Pudahuel,2020-07-24,0.0004025376404267374
Pudahuel,2020-07-28,0.0005446832179967675
Pudahuel,2020-07-29,0.0007211552249220599
Pudahuel,2020-08-02,0.0003608640610417635
Pudahuel,2020-08-03,0.00035805529205108224
Pudahuel,2020-08-04,0.00037919014687700227
Pudahuel,2020-08-05,0.00017398371651381343
Pudahuel,2020-08-06,0.0009197571330950686
Pudahuel,2020-08-07,0.0006906548049138109
Pudahuel,2020-08-08,0.00045509998803708974
Pudahuel,2020-08-09,7.553406719418648e-05
Pudahuel,2020-08-10,0.00031859808849620387
Pudahuel,2020-08-11,0.0002231860256110487
Pudahuel,2020-08-12,0.0002589353331938668
Pudahuel,2020-08-13,0.0003737408492312863
Pudahuel,2020-08-15,0.00022904739375879328
Pudahuel,2020-08-16,9.877725614041872e-05
Pudahuel,2020-08-17,0.00016718510579275347
Pudahuel,2020-08-19,0.00044964147135839614
Pudahuel,2020-08-20,0.0002570121868103733
Pudahuel,2020-08-21,0.0002031458216508246
Pudahuel,2020-08-22,8.777260507205402e-05
Pudahuel,2020-08-23,8.784262915245868e-05
Pudahuel,2020-08-24,9.98299125478847e-05
Pudahuel,2020-08-27,0.0001524560682577887
Pudahuel,2020-08-29,0.00014938868629804162
Pudahuel,2020-08-30,0.00010993570726494095
Pudahuel,2020-08-31,0.0001884432268681457
Pudahuel,2020-09-02,0.00016102767002728786
Pudahuel,2020-09-03,0.00015419611493935786
Pudahuel,2020-09-05,0.00011552915941655327
Pudahuel,2020-09-06,5.124075140088969e-05
Pudahuel,2020-09-07,0.00022984606956404213
Pudahuel,2020-09-09,0.00020476949124738155
Pudahuel,2020-09-10,0.00012493732503574004
Pudahuel,2020-09-11,0.0001253063087713257
Pudahuel,2020-09-12,9.677324755214609e-05
Pudahuel,2020-09-13,6.799025418023382e-05
Pudahuel,2020-09-14,0.00017202628365948586
Pudahuel,2020-09-15,0.0002191876286664132
Pudahuel,2020-09-16,0.00014494888310756033
Pudahuel,2020-09-17,0.00013877713148245663
Pudahuel,2020-09-18,6.225767362416065e-05
Pudahuel,2020-09-19,5.164140075923471e-05
Pudahuel,2020-09-20,5.6550486774366494e-05
Pudahuel,2020-09-21,0.00018218843298962843
Pudahuel,2020-09-22,7.508673560473575e-05
Pudahuel,2020-09-26,8.510648853473862e-05
Pudahuel,2020-09-27,4.729863667472001e-05
Pudahuel,2020-09-28,0.0002601938514382964
Pudahuel,2020-09-29,0.00011808780989696406
Pudahuel,2020-09-30,9.659185328919539e-05
Pudahuel,2020-10-01,9.6734317574017e-05
Pudahuel,2020-10-02,9.516487355047879e-05
Pudahuel,2020-10-03,5.3000866407330057e-05
Pudahuel,2020-10-04,5.4781005927560197e-05
Pudahuel,2020-10-05,0.00011119387180565874
Pudahuel,2020-10-07,0.000124415361280825
Pudahuel,2020-10-08,7.878435376187668e-05
Pudahuel,2020-10-09,0.00011036556088582756
Pudahuel,2020-10-10,7.917136511715372e-05
Pudahuel,2020-10-11,6.406021432283748e-05
Pudahuel,2020-10-12,6.38940409714659e-05
Pudahuel,2020-10-14,9.295308239923354e-05
Pudahuel,2020-10-15,0.00011310825495849547
Pudahuel,2020-10-16,7.914933627265616e-05
Pudahuel,2020-10-17,6.404925698104308e-05
Pudahuel,2020-10-18,3.55686591652248e-05
Pudahuel,2020-10-19,8.984156920413232e-05
Pudahuel,2020-10-20,7.064200657402444e-05
Pudahuel,2020-10-21,6.273739098869081e-05
Pudahuel,2020-10-23,0.00010614213608145883
Pudahuel,2020-10-24,3.712461489719248e-05
Pudahuel,2020-10-25,3.928179380614682e-05
Pudahuel,2020-10-26,7.038315734305642e-05
Pudahuel,2020-10-28,9.934784655780173e-05
Pudahuel,2020-10-29,6.620708188631192e-05
Pudahuel,2020-10-30,7.86987596947155e-05
Pudahuel,2020-10-31,4.350978545890599e-05
Pudahuel,2020-11-01,3.850735354843873e-05
Pudahuel,2020-11-02,6.462764683004271e-05
Pudahuel,2020-11-03,8.013037839506461e-05
Pudahuel,2020-11-04,6.167905654661285e-05
Pudahuel,2020-11-05,6.589601376849468e-05
Pudahuel,2020-11-06,6.0141655133587285e-05
Pudahuel,2020-11-07,7.688812771717521e-05
Pudahuel,2020-11-08,2.952950759154131e-05
Pudahuel,2020-11-09,4.793732188081037e-05
Pudahuel,2020-11-10,4.022838628705886e-05
Pudahuel,2020-11-11,5.950243980833265e-05
Pudahuel,2020-11-12,6.830834697129167e-05
Pudahuel,2020-11-14,2.2310858510379887e-05
Pudahuel,2020-11-15,2.1314095600024143e-05
Pudahuel,2020-11-16,5.9618739368245127e-05
Pudahuel,2020-11-17,0.00010289486054114815
Pudahuel,2020-11-18,6.454101220708759e-05
Pudahuel,2020-11-19,6.111711531038585e-05
Pudahuel,2020-11-20,7.374059273542297e-05
Pudahuel,2020-11-21,6.825225277397896e-05
Pudahuel,2020-11-22,5.565612207681012e-05
Pudahuel,2020-11-23,6.221052047142575e-05
Pudahuel,2020-11-24,4.637490708803987e-05
Pudahuel,2020-11-25,6.287906453883813e-05
Pudahuel,2020-11-26,5.5406093708525204e-05
Pudahuel,2020-11-27,5.544019077700704e-05
Pudahuel,2020-11-28,4.2298995162001023e-05
Pudahuel,2020-11-29,3.553949162870816e-05
Pudahuel,2020-11-30,6.049856298400875e-05
Pudahuel,2020-12-02,4.668198827806734e-05
Pudahuel,2020-12-03,4.598658760588081e-05
Pudahuel,2020-12-04,7.736955672632818e-05
Pudahuel,2020-12-05,5.355525589831882e-05
Pudahuel,2020-12-06,3.276885015779651e-05
Pudahuel,2020-12-07,5.992056542846643e-05
Pudahuel,2020-12-08,3.309331448989563e-05
Pudahuel,2020-12-09,8.598304532670785e-05
Pudahuel,2020-12-10,3.7772403452538735e-05
Pudahuel,2020-12-11,5.963344043651202e-05
Pudahuel,2020-12-12,2.8505072393617236e-05
Pudahuel,2020-12-13,2.617728392688714e-05
Pudahuel,2020-12-14,6.93528406858795e-05
Pudahuel,2020-12-15,7.660427800198168e-05
Pudahuel,2020-12-16,5.8877061720134705e-05
Pudahuel,2020-12-17,6.82627262823281e-05
Pudahuel,2020-12-18,6.246501890812152e-05
Pudahuel,2020-12-19,3.510368692077954e-05
Pudahuel,2020-12-20,3.6677506878785745e-05
Pudahuel,2020-12-21,8.261529096314246e-05
Pudahuel,2020-12-22,5.7365399511033695e-05
Pudahuel,2020-12-23,5.1832498015321176e-05
Pudahuel,2020-12-24,4.4154892435177e-05
Pudahuel,2020-12-25,3.168150270123345e-05
Pudahuel,2020-12-26,2.2370086633164812e-05
Pudahuel,2020-12-27,2.6237900402162385e-05
Pudahuel,2020-12-28,4.041890925002959e-05
Pudahuel,2020-12-29,5.4811033653026086e-05
Pudahuel,2020-12-30,7.703034761600903e-05
Pudahuel,2020-12-31,4.41351414416637e-05
Pudahuel,2021-01-01,1.713461039269809e-05
Pudahuel,2021-01-02,3.640118322888763e-05
Pudahuel,2021-01-03,1.9810588014557776e-05
Pudahuel,2021-01-04,4.4211213269758937e-05
Pudahuel,2021-01-05,3.8957309019300064e-05
Pudahuel,2021-01-07,4.607989272344489e-05
Pudahuel,2021-01-08,5.394713585981352e-05
Pudahuel,2021-01-10,2.7737992377375224e-05
Pudahuel,2021-01-11,6.961878668338103e-05
Pudahuel,2021-01-12,5.180342960618241e-05
Pudahuel,2021-01-13,5.0103500043812155e-05
Pudahuel,2021-01-14,5.330915311211083e-05
Pudahuel,2021-01-15,6.604374427528088e-05
Pudahuel,2021-01-16,2.850771283102565e-05
Pudahuel,2021-01-17,1.6687902326718225e-05
Pudahuel,2021-01-18,5.949381475543158e-05
Pudahuel,2021-01-19,5.85312354803706e-05
Pudahuel,2021-01-20,6.188793588519844e-05
Pudahuel,2021-01-21,6.255703344395353e-05
Pudahuel,2021-01-22,6.660735159159912e-05
Pudahuel,2021-01-23,3.142776534338479e-05
Pudahuel,2021-01-24,3.7935046043620206e-05
Pudahuel,2021-01-25,3.2579379079852775e-05
Pudahuel,2021-01-26,4.8138137142451616e-05
Pudahuel,2021-01-27,6.11171659802436e-05
Pudahuel,2021-01-31,4.8641807589690384e-05
Pudahuel,2021-02-01,8.168582405900861e-05
Pudahuel,2021-02-02,5.6247844381623336e-05
Pudahuel,2021-02-03,0.00010611107409457779
Pudahuel,2021-02-04,8.369520316634527e-05
Pudahuel,2021-02-05,9.313610770403709e-05
Pudahuel,2021-02-06,8.155790253195853e-05
Pudahuel,2021-02-07,4.521064813902297e-05
Pudahuel,2021-02-08,4.979840571187195e-05
Pudahuel,2021-02-09,6.011396779587543e-05
Pudahuel,2021-02-10,7.991511385295611e-05
Pudahuel,2021-02-12,5.477505774670555e-05
Pudahuel,2021-02-13,2.6566389351500144e-05
Pudahuel,2021-02-14,1.7852228350031275e-05
Pudahuel,2021-02-15,5.208931894077193e-05
Pudahuel,2021-02-17,7.259326216292554e-05
Pudahuel,2021-02-18,5.815865201056694e-05
Pudahuel,2021-02-19,7.33057836464377e-05
Pudahuel,2021-02-20,3.85562431141222e-05
Pudahuel,2021-02-21,3.183252663952855e-05
Pudahuel,2021-02-22,7.510646794901228e-05
Pudahuel,2021-02-23,0.00012027158858922154
Pudahuel,2021-02-24,6.79580530047023e-05
Pudahuel,2021-02-25,5.307313070526633e-05
Pudahuel,2021-02-26,5.764923265216822e-05
Pudahuel,2021-02-27,6.842196727180105e-05
Pudahuel,2021-02-28,3.744812575101244e-05
Pudahuel,2021-03-02,6.859286828987401e-05
Pudahuel,2021-03-03,7.42638291002339e-05
Pudahuel,2021-03-04,0.00011258369346597884
Pudahuel,2021-03-05,7.812787050229397e-05
Pudahuel,2021-03-06,3.336243337122006e-05
Pudahuel,2021-03-07,3.167577393630056e-05
Pudahuel,2021-03-08,7.44059669231336e-05
Pudahuel,2021-03-09,5.4928946005845816e-05
Pudahuel,2021-03-10,5.1697965789662155e-05
Pudahuel,2021-03-11,0.0001178583985818003
Pudahuel,2021-03-12,6.541857976188844e-05
Pudahuel,2021-03-13,4.4213296919514696e-05
Pudahuel,2021-03-14,3.4625536977985455e-05
Pudahuel,2021-03-19,8.093580451029761e-05
Pudahuel,2021-03-20,0.0001295508441323263
Pudahuel,2021-03-21,3.4087644346900354e-05
Pudahuel,2021-03-22,0.00019091609962516357
Pudahuel,2021-03-23,6.990345225019794e-05
Pudahuel,2021-03-24,5.3727250388838965e-05
Pudahuel,2021-03-25,6.315313722549766e-05
Pudahuel,2021-03-26,0.00021465788675899654
Pudahuel,2021-03-27,8.70329199623034e-05
Pudahuel,2021-03-28,2.8319267469915104e-05
Pudahuel,2021-03-29,7.178189397503377e-05
Pudahuel,2021-03-30,8.089367087409777e-05
Pudahuel,2021-03-31,0.000199585072783699
Pudahuel,2021-04-01,9.568149687912633e-05
Pudahuel,2021-04-02,6.853280261334443e-05
Pudahuel,2021-04-03,6.425394396765546e-05
Pudahuel,2021-04-04,8.626438124299949e-05
Pudahuel,2021-04-05,0.00027413012918373026
Pudahuel,2021-04-06,0.0002516000367841002
Pudahuel,2021-04-07,8.644195718072309e-05
Pudahuel,2021-04-08,7.109067965041048e-05
Pudahuel,2021-04-09,8.622428261445775e-05
Pudahuel,2021-04-10,0.00012042808637697332
Pudahuel,2021-04-11,0.00010673234469583671
Pudahuel,2021-04-12,0.00024681267694807795
Pudahuel,2021-04-13,0.00010882252488965859
Pudahuel,2021-04-14,0.00015836395393989503
Pudahuel,2021-04-15,0.0002456586999581728
Pudahuel,2021-04-16,0.0002733709875485389
Pudahuel,2021-04-17,0.00012486720655225465
Pudahuel,2021-04-18,8.550700102934792e-05
Pudahuel,2021-04-19,0.00014554024698111
Pudahuel,2021-04-20,0.0002721366529059703
Pudahuel,2021-04-21,0.00010157200288295891
Pudahuel,2021-04-22,0.00021811873561363565
Pudahuel,2021-04-24,0.00024996644724477465
Pudahuel,2021-04-25,7.092006897131297e-05
Pudahuel,2021-04-26,0.00041973832796739625
Pudahuel,2021-04-27,0.00028144573046505467
Pudahuel,2021-04-28,0.00034738352813721993
Pudahuel,2021-04-29,0.00024076217154438275
Pudahuel,2021-05-03,0.00012915542321568997
Pudahuel,2021-05-05,0.0002619148659885666
Pudahuel,2021-05-06,0.00023557210947764234
Pudahuel,2021-05-09,9.533900156506782e-05
Pudahuel,2021-05-10,0.00015094986968151592
Pudahuel,2021-05-11,0.00045858690864710475
Pudahuel,2021-05-12,0.0005323357901273229
Pudahuel,2021-05-14,0.001053897460530543
Pudahuel,2021-05-17,0.00041811158948521485
Pudahuel,2021-05-19,0.0010412373799104197
Pudahuel,2021-05-21,0.00017520252135504337
Pudahuel,2021-05-22,0.0005661934424058838
Pudahuel,2021-05-23,0.000520026010162878
Pudahuel,2021-05-24,0.0008940167733926423
Pudahuel,2021-05-25,0.0007581989557492251
Pudahuel,2021-05-26,0.0012425865466998173
Pudahuel,2021-05-27,0.0005683695697699874
Pudahuel,2021-05-28,0.00043916703050339437
Pudahuel,2021-05-30,0.0006411217308094197
Pudahuel,2021-05-31,0.0008485084122774476
Pudahuel,2021-06-02,0.0016024772152485826
Pudahuel,2021-06-03,0.001207248723964281
Pudahuel,2021-06-07,0.0008413604794896052
Pudahuel,2021-06-08,0.0006008006273107573
Pudahuel,2021-06-09,0.0007775064218646823
Pudahuel,2021-06-10,0.0006592978570053561
Pudahuel,2021-06-11,0.0006437890368772659
Pudahuel,2021-06-12,0.0005357699433817668
Pudahuel,2021-06-13,0.00027744987510462004
Pudahuel,2021-06-14,0.0008510774337161017
Pudahuel,2021-06-15,0.0007193937298390125
Pudahuel,2021-06-16,0.0004313710847412311
Pudahuel,2021-06-17,0.0003723900017896901
Pudahuel,2021-06-18,0.0006955756873792168
Pudahuel,2021-06-19,0.000591781890252593
Pudahuel,2021-06-21,0.0001913980805288702
Pudahuel,2021-06-26,0.00019862766301114386
Pudahuel,2021-06-27,0.00033213716558561985
Pudahuel,2021-06-28,0.0004258337961724388
Pudahuel,2021-07-01,0.0007489259433928275
Pudahuel,2021-07-02,0.001030731611245438
Pudahuel,2021-07-03,0.0006049988427014188
Pudahuel,2021-07-04,0.0005335529978000962
Pudahuel,2021-07-05,0.0008464749287916137
Pudahuel,2021-07-06,0.00031279325423617195
Pudahuel,2021-07-07,0.00047508172259179963
Pudahuel,2021-07-08,0.0005283503081354141
Pudahuel,2021-07-10,0.0008237237203597221
Pudahuel,2021-07-13,0.0005758385415606662
Pudahuel,2021-07-14,0.0014303024608763257
Pudahuel,2021-07-15,0.0013082933402711126
Pudahuel,2021-07-16,0.0007939768594003938
Pudahuel,2021-07-17,0.0005897592100915862
Pudahuel,2021-07-18,0.00033286891373446315
Pudahuel,2021-07-19,0.0010729429430531184
Pudahuel,2021-07-20,0.0007029899965168133
Pudahuel,2021-07-21,0.0008996623441331103
Pudahuel,2021-07-22,0.000852264427885039
Pudahuel,2021-07-23,0.000621487580374795
Pudahuel,2021-07-25,0.0001979660917996405
Pudahuel,2021-07-27,0.0006978944375737432
Pudahuel,2021-07-28,0.0013685284295553457
Pudahuel,2021-07-29,0.0008628915987330563
Pudahuel,2021-07-30,0.0008642426210385189
Pudahuel,2021-07-31,0.0007507940780433393
Pudahuel,2021-08-01,0.00029940595113824584
Pudahuel,2021-08-02,0.0005698612247423513
Pudahuel,2021-08-03,0.0008347425466976169
Pudahuel,2021-08-04,0.0006524393632170113
Pudahuel,2021-08-05,0.0009902890207513114
Pudahuel,2021-08-09,0.0006329102916301756
Pudahuel,2021-08-10,0.00134154687282221
Pudahuel,2021-08-11,0.0008311394604610533
Pudahuel,2021-08-12,0.0005972614164719183
Pudahuel,2021-08-13,0.0008804793564446986
Pudahuel,2021-08-22,0.00029516994564877236
Pudahuel,2021-08-23,0.0003271312745032132
Pudahuel,2021-08-24,0.00037267456395466907
Pudahuel,2021-08-25,0.000508307464283644
Pudahuel,2021-08-26,0.0012536240470609993
Pudahuel,2021-08-29,0.0001683598669995839
Pudahuel,2021-08-30,0.00040916489821070915
Pudahuel,2021-08-31,0.0009158755927158994
Pudahuel,2021-09-02,0.00029872667324983406
Pudahuel,2021-09-04,0.00029568387372853834
Pudahuel,2021-09-05,0.00013524368036921372
Pudahuel,2021-09-08,0.0005873588389386515
Pudahuel,2021-09-09,0.0006989670232150345
Pudahuel,2021-09-10,0.00011970095574529207
Pudahuel,2021-09-14,0.0005701917396389086
Pudahuel,2021-09-15,0.0004846793578874614
Pudahuel,2021-09-16,0.00036142976121172215
Pudahuel,2021-09-17,0.00017947144240212026
Pudahuel,2021-09-18,9.074620711616431e-05
Pudahuel,2021-09-19,9.794796580748865e-05
Pudahuel,2021-09-20,0.00017088494901587722
Pudahuel,2021-09-21,0.0001941169656782596
Pudahuel,2021-09-22,0.0005533220769795567
Pudahuel,2021-09-23,0.000932102394447365
Pudahuel,2021-09-24,0.000232093334508531
Pudahuel,2021-09-25,5.937482721318576e-05
Pudahuel,2021-09-26,6.421775585648406e-05
Pudahuel,2021-09-27,0.00018370568691133688
Pudahuel,2021-09-28,0.00025527159780493316
Pudahuel,2021-09-30,0.00012148274758074389
Pudahuel,2021-10-01,0.00012766288166190932
Pudahuel,2021-10-02,8.071227881390233e-05
Pudahuel,2021-10-03,0.0001059478664983691
Pudahuel,2021-10-04,6.458145274527063e-05
Pudahuel,2021-10-05,0.00012441910861905262
Pudahuel,2021-10-06,0.00010619315735439703
Pudahuel,2021-10-07,0.0001230129038261099
Pudahuel,2021-10-09,9.097389536717755e-05
Pudahuel,2021-10-10,8.326974219571834e-05
Pudahuel,2021-10-11,7.527184058380633e-05
Pudahuel,2021-10-13,9.890014215381868e-05
Pudahuel,2021-10-15,0.000202811930416528
Pudahuel,2021-10-16,7.541339681651002e-05
Pudahuel,2021-10-17,4.118184919228355e-05
Pudahuel,2021-10-18,0.00011171184305861455
Pudahuel,2021-10-19,0.00012519433813287228
Pudahuel,2021-10-20,0.00012491591681196526
Pudahuel,2021-10-21,0.00015357584336114425
Pudahuel,2021-10-22,8.364451342750704e-05
Pudahuel,2021-10-23,8.498785389719921e-05
Pudahuel,2021-10-24,7.390579001677179e-05
Pudahuel,2021-10-25,0.00020402367547603837
Pudahuel,2021-10-26,9.004611836967692e-05
Pudahuel,2021-10-27,7.184265260313445e-05
Pudahuel,2021-10-28,0.00011911974246478808
Pudahuel,2021-10-29,7.58673390580621e-05
Pudahuel,2021-10-30,7.069858423524447e-05
Pudahuel,2021-11-02,7.843053746741193e-05
Pudahuel,2021-11-05,9.305959258553418e-05
Pudahuel,2021-11-06,4.720461228965065e-05
Pudahuel,2021-11-07,3.624202284160095e-05
Pudahuel,2021-11-08,7.136577870034773e-05
Pudahuel,2021-11-09,5.9136622135165085e-05
Pudahuel,2021-11-10,9.208684370499325e-05
Pudahuel,2021-11-11,6.015232291977613e-05
Pudahuel,2021-11-12,6.243269429324415e-05
Pudahuel,2021-11-13,4.279131461215276e-05
Pudahuel,2021-11-14,4.239150393359074e-05
Pudahuel,2021-11-15,6.894859058612283e-05
Pudahuel,2021-11-16,5.767612536104209e-05
Pudahuel,2021-11-17,5.965659837258109e-05
Pudahuel,2021-11-18,5.98123146964301e-05
Pudahuel,2021-11-19,7.082476747726791e-05
Pudahuel,2021-11-20,5.285203427509349e-05
Pudahuel,2021-11-21,3.971569476310372e-05
Pudahuel,2021-11-22,8.067593310915751e-05
Pudahuel,2021-11-23,5.5729003083976726e-05
Pudahuel,2021-11-24,8.209729532113798e-05
Pudahuel,2021-11-25,8.147318449762151e-05
Pudahuel,2021-11-26,5.821923205049969e-05
Pudahuel,2021-11-27,4.592910250205558e-05
Pudahuel,2021-11-28,4.960208084583834e-05
Pudahuel,2021-11-29,5.7677313003267494e-05
Pudahuel,2021-11-30,7.19316568026451e-05
Pudahuel,2021-12-01,9.857869526167003e-05
Pudahuel,2021-12-02,5.594911303351468e-05
Pudahuel,2021-12-03,4.549580068247824e-05
Pudahuel,2021-12-04,4.834764921289416e-05
Pudahuel,2021-12-05,3.877878785751156e-05
Pudahuel,2021-12-06,7.984262637625147e-05
Pudahuel,2021-12-07,9.809683122381676e-05
Pudahuel,2021-12-08,4.515700127053645e-05
Pudahuel,2021-12-09,5.143348793392001e-05
Pudahuel,2021-12-10,4.323223421886514e-05
Pudahuel,2021-12-12,4.17881707280309e-05
Pudahuel,2021-12-13,6.69918265443042e-05
Pudahuel,2021-12-14,6.199279648049984e-05
Pudahuel,2021-12-15,7.861180260152228e-05
Pudahuel,2021-12-16,7.591348841102934e-05
Pudahuel,2021-12-17,8.743901906396457e-05
Pudahuel,2021-12-18,5.224386157653965e-05
Pudahuel,2021-12-19,3.1369337925553585e-05
Pudahuel,2021-12-20,5.7101819742598936e-05
Pudahuel,2021-12-21,5.328479372254534e-05
Pudahuel,2021-12-22,5.6305200889617425e-05
Pudahuel,2021-12-23,7.467049726983254e-05
Pudahuel,2021-12-24,4.564353625155008e-05
Pudahuel,2021-12-25,2.8430111870174332e-05
Pudahuel,2021-12-26,4.158124210385028e-05
Pudahuel,2021-12-27,5.547241258408875e-05
Pudahuel,2021-12-28,5.6836348350798175e-05
Pudahuel,2021-12-29,6.0965948913343555e-05
Pudahuel,2021-12-30,5.334938639771454e-05
Pudahuel,2021-12-31,3.444237055915284e-05
Pudahuel,2022-01-01,3.2365545552240054e-05
Pudahuel,2022-01-02,2.3660434260043402e-05
Pudahuel,2022-01-03,3.568087450130723e-05
Pudahuel,2022-01-04,2.9787750097350082e-05
Pudahuel,2022-01-05,5.5495237674976146e-05
Pudahuel,2022-01-06,4.7173777392511066e-05
Pudahuel,2022-01-07,5.161473619876713e-05
Pudahuel,2022-01-08,3.9607335294672176e-05
Pudahuel,2022-01-09,2.0930558250874914e-05
Pudahuel,2022-01-10,5.1320746975630584e-05
Pudahuel,2022-01-11,4.759999716958527e-05
Pudahuel,2022-01-12,6.049567917939028e-05
Pudahuel,2022-01-13,5.0184711596200184e-05
Pudahuel,2022-01-14,5.4689384551740634e-05
Pudahuel,2022-01-15,2.6130040497585742e-05
Pudahuel,2022-01-16,3.33234781972273e-05
Pudahuel,2022-01-17,8.957800359267945e-05
Pudahuel,2022-01-18,6.960467487826724e-05
Pudahuel,2022-01-19,5.9756778841851664e-05
Pudahuel,2022-01-20,5.938279485173958e-05
Pudahuel,2022-01-21,6.715271322944733e-05
Pudahuel,2022-01-22,3.816848484162673e-05
Pudahuel,2022-01-23,2.3942713271028465e-05
Pudahuel,2022-01-24,7.732309001848403e-05
Pudahuel,2022-01-25,5.7987554875753484e-05
Pudahuel,2022-01-26,3.523688243981217e-05
Pudahuel,2022-01-27,4.499331411891976e-05
Pudahuel,2022-01-28,5.238449678479643e-05
Pudahuel,2022-01-29,3.548751073588719e-05
Pudahuel,2022-01-30,2.6427477983459632e-05
Pudahuel,2022-01-31,5.067497324554292e-05
Pudahuel,2022-02-01,6.553757500647618e-05
Pudahuel,2022-02-02,4.347401489316561e-05
Pudahuel,2022-02-03,4.869095371742464e-05
Pudahuel,2022-02-04,5.449830950707272e-05
Pudahuel,2022-02-05,3.541025669421601e-05
Pudahuel,2022-02-06,2.9819886950928407e-05
Pudahuel,2022-02-07,4.914562842955921e-05
Pudahuel,2022-02-08,6.80236706836855e-05
Pudahuel,2022-02-09,5.5192695830797884e-05
Pudahuel,2022-02-10,4.613360643214198e-05
Pudahuel,2022-02-11,5.416309689532669e-05
Pudahuel,2022-02-12,4.978722164474437e-05
Pudahuel,2022-02-13,3.829515404336869e-05
Pudahuel,2022-02-14,7.691266533099329e-05
Pudahuel,2022-02-15,5.589404455513389e-05
Pudahuel,2022-02-16,6.35955505149936e-05
Pudahuel,2022-02-17,6.86420886636457e-05
Pudahuel,2022-02-18,6.355992956192698e-05
Pudahuel,2022-02-19,4.8847979124204866e-05
Pudahuel,2022-02-20,1.14198684401499e-05
Pudahuel,2022-02-21,3.691599727905621e-05
Pudahuel,2022-02-22,4.992305808507603e-05
Pudahuel,2022-02-23,6.119575857185043e-05
Pudahuel,2022-02-24,8.455319280712518e-05
Pudahuel,2022-02-25,8.08061711817427e-05
Pudahuel,2022-02-26,6.307565424063962e-05
Pudahuel,2022-02-27,2.4106666361271317e-05
Pudahuel,2022-02-28,8.502295891847383e-05
Pudahuel,2022-03-01,0.00010285653005328893
Pudahuel,2022-03-02,9.197310584369096e-05
Pudahuel,2022-03-03,5.267247262688036e-05
Pudahuel,2022-03-04,5.548580156755428e-05
Pudahuel,2022-03-05,5.823707102944477e-05
Pudahuel,2022-03-07,0.00017995809842154639
Pudahuel,2022-03-08,7.075996122049353e-05
Pudahuel,2022-03-09,5.6936624844576706e-05
Pudahuel,2022-03-10,8.338783078066787e-05
Pudahuel,2022-03-11,7.653586024782137e-05
Pudahuel,2022-03-12,5.688192356073443e-05
Pudahuel,2022-03-13,5.8859465994768895e-05
Pudahuel,2022-03-14,9.220678078527476e-05
Pudahuel,2022-03-15,5.732776812787392e-05
Pudahuel,2022-03-16,6.558120550435936e-05
Pudahuel,2022-03-17,0.00011241785957506943
Pudahuel,2022-03-18,0.00014521977525701313
Pudahuel,2022-03-20,5.3989523600134646e-05
Pudahuel,2022-03-21,8.89641947589437e-05
Pudahuel,2022-03-22,0.00010857709979509638
Pudahuel,2022-03-23,8.504598245162015e-05
Pudahuel,2022-03-24,0.0002289383280386528
Pudahuel,2022-03-25,0.0001013443266299377
Pudahuel,2022-03-26,5.296371860634618e-05
Pudahuel,2022-03-27,8.802211629874089e-05
Pudahuel,2022-03-28,8.592621537293225e-05
Pudahuel,2022-03-29,0.00011942232527346805
Pudahuel,2022-03-30,0.00020265297973794962
Pudahuel,2022-03-31,0.00013476896609312594
Pudahuel,2022-04-01,0.00013276146632236742
Pudahuel,2022-04-02,8.041677600348537e-05
Pudahuel,2022-04-03,0.00010241268417170687
Pudahuel,2022-04-04,0.00019910652211106825
Pudahuel,2022-04-05,0.00011458125026836485
Pudahuel,2022-04-06,0.00014919440977770933
Pudahuel,2022-04-07,0.00037355736008695044
Pudahuel,2022-04-08,0.0001635930226980619
Pudahuel,2022-04-09,8.133499419375846e-05
Pudahuel,2022-04-10,5.222565171309387e-05
Pudahuel,2022-04-11,0.00013273326272026493
Pudahuel,2022-04-13,0.00043869976031554714
Pudahuel,2022-04-14,0.00018508287755850876
Pudahuel,2022-04-15,0.00018554891801640444
Pudahuel,2022-04-16,8.223888157479878e-05
Pudahuel,2022-04-17,6.0142343167306184e-05
Pudahuel,2022-04-18,0.00012234120566021028
Pudahuel,2022-04-19,0.0003326819967406136
Pudahuel,2022-04-20,0.00023213123755786802
Pudahuel,2022-04-22,0.00035783819262494044
Pudahuel,2022-04-23,0.00016761410401936624
Pudahuel,2022-04-24,9.014182956406405e-05
Pudahuel,2022-04-25,0.00016663470270118793
Pudahuel,2022-04-28,0.0005386394502338894
Pudahuel,2022-04-29,0.0007486881659060018
Pudahuel,2022-04-30,0.0006034004951631623
Pudahuel,2022-05-02,0.0007679230163855101
Pudahuel,2022-05-03,0.0005351823864313674
Pudahuel,2022-05-04,0.0004270574547631962
Pudahuel,2022-05-05,0.00041576671786069583
Pudahuel,2022-05-06,0.0005956858696302388
Pudahuel,2022-05-07,0.0002439348202527489
Pudahuel,2022-05-09,0.000733835057607899
Pudahuel,2022-05-10,0.0006450386535974326
Pudahuel,2022-05-13,0.0006694946836515546
Pudahuel,2022-05-15,0.0002379444174699266
Pudahuel,2022-05-16,0.0006409720194627213
Pudahuel,2022-05-17,0.000794571606320151
Pudahuel,2022-05-18,0.0005681650945916562
Pudahuel,2022-05-20,0.0003255794215357733
Pudahuel,2022-05-21,0.0006620085924843761
Pudahuel,2022-05-25,0.0005741179978441839
Pudahuel,2022-05-29,0.0004312979898227704
Pudahuel,2022-05-30,0.0004599650217295753
Pudahuel,2022-05-31,0.0006526969084314593
Pudahuel,2022-06-01,0.0006801979932227799
Pudahuel,2022-06-05,0.00024142214327368014
Pudahuel,2022-06-06,0.0009585889448956994
Pudahuel,2022-06-07,0.001052987082801035
Pudahuel,2022-06-09,0.0009210249805230252
Pudahuel,2022-06-10,0.0007953916900130356
Pudahuel,2022-06-11,0.0008489837563819433
Pudahuel,2022-06-12,0.0005340942007600444
Pudahuel,2022-06-14,0.0006224267895667179
Pudahuel,2022-06-15,0.000603937887179247
Pudahuel,2022-06-17,0.0011890687662272409
Pudahuel,2022-06-28,0.000425836005907681
Pudahuel,2022-06-30,0.0007547333013822432
Pudahuel,2022-07-02,0.0008088417467494993
Pudahuel,2022-07-04,0.0005336422109386438
Pudahuel,2022-07-05,0.0009309536774884925
Pudahuel,2022-07-07,0.001411184007473515
Pudahuel,2022-07-08,0.0007152401251985006
Pudahuel,2022-07-12,0.0008032689163463288
Pudahuel,2022-07-19,0.00039365677850978375
Pudahuel,2022-07-20,0.00058748870146098
Pudahuel,2022-07-21,0.00046454132134306973
Pudahuel,2022-07-22,0.0006938690777349212
Pudahuel,2022-07-23,0.00043828524654830576
Pudahuel,2022-07-24,0.00029754182004097855
Pudahuel,2022-07-26,0.0003913856223109694
Pudahuel,2022-07-28,0.000722527313189578
Pudahuel,2022-07-29,0.0003928329322821829
Pudahuel,2022-07-31,0.0001937125429101084
Pudahuel,2022-08-01,0.00024012700589951764
Pudahuel,2022-08-02,0.0007363826695651055
Pudahuel,2022-08-03,0.0005720068087392703
Pudahuel,2022-08-04,0.0008475872824374714
Pudahuel,2022-08-05,0.0006952500571271523
Pudahuel,2022-08-07,0.00015448889419591172
Pudahuel,2022-08-08,0.0005856310957429799
Pudahuel,2022-08-10,0.0004412444214247198
Pudahuel,2022-08-11,0.0004186223876462402
Pudahuel,2022-08-12,0.0005274164206949064
Pudahuel,2022-08-13,0.0003122241831976186
Pudahuel,2022-08-15,6.827524997056774e-05
Pudahuel,2022-08-18,0.0008190878099841744
Pudahuel,2022-08-19,0.0006883836991969035
Pudahuel,2022-08-20,0.000668972460367277
Pudahuel,2022-08-21,0.00020019106174482562
Pudahuel,2022-08-23,0.0004239938396130812
Pudahuel,2022-08-25,0.0007120887231935404
Pudahuel,2022-08-27,0.00018954012076460793
Pudahuel,2022-08-28,0.00018952399461261607
Pudahuel,2022-08-29,0.00018443445330315692
Pudahuel,2022-08-30,0.0002549307845341178
Pudahuel,2022-09-02,0.00033407851473051306
Pudahuel,2022-09-03,0.0002035898633977646
Pudahuel,2022-09-04,0.00030813065925921796
Pudahuel,2022-09-05,0.0004697734417489254
Pudahuel,2022-09-06,0.00028096952596872127
Pudahuel,2022-09-09,0.0005710305481658841
Pudahuel,2022-09-10,0.00023860622787467568
Pudahuel,2022-09-12,0.00019034040436111794
Pudahuel,2022-09-13,0.0004528402495430897
Pudahuel,2022-09-14,0.0004680411204488681
Pudahuel,2022-09-18,6.809646089579952e-05
Pudahuel,2022-09-21,0.00012128478496289147
Pudahuel,2022-09-22,0.0004186107964739625
Pudahuel,2022-09-23,0.00019736703470778062
Pudahuel,2022-09-25,5.674097506161074e-05
Pudahuel,2022-09-26,0.00023150896114564507
Pudahuel,2022-09-27,0.0002658331025042174
Pudahuel,2022-09-28,8.67635483238589e-05
Pudahuel,2022-09-29,8.317108138937138e-05
Pudahuel,2022-09-30,0.00022335809031954302
Pudahuel,2022-10-01,0.00011033557915829776
Pudahuel,2022-10-02,7.289970857135537e-05
Pudahuel,2022-10-04,0.00015705168016085682
Pudahuel,2022-10-06,0.00014370176245722551
Pudahuel,2022-10-07,9.093372217101902e-05
Pudahuel,2022-10-08,5.4301306595884085e-05
Pudahuel,2022-10-09,6.222064622098346e-05
Pudahuel,2022-10-10,5.278192973750525e-05
Pudahuel,2022-10-11,8.43739041743833e-05
Pudahuel,2022-10-12,0.0001339844775683495
Pudahuel,2022-10-13,0.00010823693020973641
Pudahuel,2022-10-14,0.00012694291170145048
Pudahuel,2022-10-15,6.582470501052045e-05
Pudahuel,2022-10-16,5.475349291079049e-05
Pudahuel,2022-10-17,7.719490999875649e-05
Pudahuel,2022-10-18,7.231136186773605e-05
Pudahuel,2022-10-19,5.295404919285977e-05
Pudahuel,2022-10-20,0.0001256817320205678
Pudahuel,2022-10-21,8.992725735791292e-05
Pudahuel,2022-10-22,8.935658599410456e-05
Pudahuel,2022-10-23,4.042976607764369e-05
Pudahuel,2022-10-24,0.0001100685480190301
Pudahuel,2022-10-25,6.846625420021108e-05
Pudahuel,2022-10-26,0.00010840948132254551
Pudahuel,2022-10-27,7.71232868906099e-05
Pudahuel,2022-10-28,0.00014009982563865987
Pudahuel,2022-10-29,6.029806653231695e-05
Pudahuel,2022-10-31,7.523017278810472e-05
Pudahuel,2022-11-01,5.6015232743409396e-05
Pudahuel,2022-11-02,0.00011609562855557458
Pudahuel,2022-11-03,0.00017239994872505352
Pudahuel,2022-11-04,6.767330937658029e-05
Pudahuel,2022-11-05,6.510182224382785e-05
Pudahuel,2022-11-06,5.220055760960116e-05
Pudahuel,2022-11-07,7.842682117814105e-05
Pudahuel,2022-11-10,5.8214956426362285e-05
Pudahuel,2022-11-14,0.00010412047154177682
Pudahuel,2022-11-15,5.47935579786565e-05
Pudahuel,2022-11-16,6.096980690713221e-05
Pudahuel,2022-11-17,5.938791257869431e-05
Pudahuel,2022-11-18,5.8479235343606575e-05
Pudahuel,2022-11-19,4.1166563594096026e-05
Pudahuel,2022-11-20,2.6375104209317324e-05
Pudahuel,2022-11-21,6.813673128322993e-05
Pudahuel,2022-11-22,6.787634146770062e-05
Pudahuel,2022-11-23,6.445009408683225e-05
Pudahuel,2022-11-24,6.961651273598761e-05
Pudahuel,2022-11-25,5.8013020287507204e-05
Pudahuel,2022-11-26,4.5539870547007e-05
Pudahuel,2022-11-27,3.904751370947016e-05
Pudahuel,2022-11-28,5.020757685640389e-05
Pudahuel,2022-11-29,4.9221296049274636e-05
Pudahuel,2022-11-30,6.391991334467154e-05
Pudahuel,2022-12-01,5.700983462257774e-05
Pudahuel,2022-12-02,6.049637992281837e-05
Pudahuel,2022-12-03,4.6723220271699345e-05
Pudahuel,2022-12-04,5.728240367501871e-05
Pudahuel,2022-12-05,4.879959854324322e-05
Pudahuel,2022-12-06,4.824049932310301e-05
Pudahuel,2022-12-07,4.100527771536215e-05
Pudahuel,2022-12-08,4.197996616058033e-05
Pudahuel,2022-12-09,4.7066771845016855e-05
Pudahuel,2022-12-10,5.6301439674244083e-05
Pudahuel,2022-12-11,3.13649739951603e-05
Pudahuel,2022-12-12,6.326302740587817e-05
Pudahuel,2022-12-13,6.311412004655834e-05
Pudahuel,2022-12-14,5.21014259808878e-05
Pudahuel,2022-12-15,9.817273727163293e-05
Pudahuel,2022-12-16,8.049803499552452e-05
Pudahuel,2022-12-17,2.3315147446678513e-05
Pudahuel,2022-12-18,4.663137706106428e-05
Pudahuel,2022-12-19,6.560593936369433e-05
Pudahuel,2022-12-20,8.047681222752274e-05
Pudahuel,2022-12-21,7.486109903566957e-05
Pudahuel,2022-12-22,5.766831025306688e-05
Pudahuel,2022-12-23,4.7213556729022966e-05
Pudahuel,2022-12-24,4.707699082842729e-05
Pudahuel,2022-12-25,2.495733609530033e-05
Pudahuel,2022-12-27,3.864476364750575e-05
Pudahuel,2022-12-28,5.925478928598925e-05
Pudahuel,2022-12-29,5.81962086307639e-05
Pudahuel,2022-12-30,4.832670304192176e-05
Pudahuel,2023-01-01,2.1080178600793898e-05
Pudahuel,2023-01-02,3.0023834155490833e-05
Pudahuel,2023-01-03,5.226233641223265e-05
Pudahuel,2023-01-04,5.5740076548987504e-05
Pudahuel,2023-01-05,5.717661909394577e-05
Pudahuel,2023-01-06,5.4139169386906795e-05
Pudahuel,2023-01-07,3.961487224984101e-05
Pudahuel,2023-01-08,2.9609724367489894e-05
Pudahuel,2023-01-09,4.68726924913926e-05
Pudahuel,2023-01-10,4.236018336204188e-05
Pudahuel,2023-01-11,7.365003644678858e-05
Pudahuel,2023-01-12,5.0832932515564066e-05
Pudahuel,2023-01-13,5.603927998827664e-05
Pudahuel,2023-01-14,2.720493722557924e-05
Pudahuel,2023-01-15,3.243964429119936e-05
Pudahuel,2023-01-16,5.453035992477401e-05
Pudahuel,2023-01-17,4.5622609360009044e-05
Pudahuel,2023-01-18,4.338631745211436e-05
Pudahuel,2023-01-19,3.524242079748351e-05
Pudahuel,2023-01-20,4.753163470251582e-05
Pudahuel,2023-01-21,3.193485668067029e-05
Pudahuel,2023-01-22,3.332422135769152e-05
Pudahuel,2023-01-23,3.961283261511804e-05
Pudahuel,2023-01-24,4.629832204907543e-05
Pudahuel,2023-01-25,6.253691929156129e-05
Pudahuel,2023-01-26,4.785244659631961e-05
Pudahuel,2023-01-27,8.744772143445656e-05
Pudahuel,2023-01-28,4.643727084824573e-05
Pudahuel,2023-01-29,2.5850357699584218e-05
Pudahuel,2023-01-30,4.763387196207586e-05
Pudahuel,2023-01-31,4.879402854760793e-05
Pudahuel,2023-02-01,4.0670177554562546e-05
Pudahuel,2023-02-02,6.497748825833169e-05
Pudahuel,2023-02-03,4.9485727468134246e-05
Pudahuel,2023-02-04,5.009081638117727e-05
Pudahuel,2023-02-05,4.0007815255955624e-05
Pudahuel,2023-02-06,7.144695261800648e-05
Pudahuel,2023-02-07,5.526036538162614e-05
Pudahuel,2023-02-08,5.486504380777399e-05
Pudahuel,2023-02-09,6.408913536911806e-05
Pudahuel,2023-02-10,7.382378028166979e-05
Pudahuel,2023-02-11,5.044952512862907e-05
Pudahuel,2023-02-12,3.724999503187237e-05
Pudahuel,2023-02-13,5.338086318761543e-05
Pudahuel,2023-02-14,5.755636304962606e-05
Pudahuel,2023-02-15,5.4832875067647114e-05
Pudahuel,2023-02-16,3.917971798547346e-05
Pudahuel,2023-02-17,6.990822240460906e-05
Pudahuel,2023-02-18,4.3991237765097466e-05
Pudahuel,2023-02-19,1.9440777035739856e-05
Pudahuel,2023-02-20,7.295222875297453e-05
Pudahuel,2023-02-21,7.759150368004632e-05
Pudahuel,2023-02-22,5.700660804915654e-05
Pudahuel,2023-02-23,7.127067101556428e-05
Pudahuel,2023-02-24,4.215898569825529e-05
Pudahuel,2023-02-25,4.0409800581385635e-05
Pudahuel,2023-02-26,3.276151440156427e-05
Pudahuel,2023-02-27,7.61269917032559e-05
Pudahuel,2023-02-28,8.561872623150754e-05
Pudahuel,2023-03-01,8.397252437525665e-05
Pudahuel,2023-03-02,5.875388482833288e-05
Pudahuel,2023-03-03,7.496361706324387e-05
Pudahuel,2023-03-04,6.382016804272723e-05
Pudahuel,2023-03-05,4.4016642363467736e-05
Pudahuel,2023-03-06,6.291491822658448e-05
Pudahuel,2023-03-07,7.039151552048868e-05
Pudahuel,2023-03-08,6.949687044279481e-05
Pudahuel,2023-03-09,8.48966140429879e-05
Pudahuel,2023-03-10,8.506147778136448e-05
Pudahuel,2023-03-11,4.308872142840817e-05
Pudahuel,2023-03-12,1.2462364687155618e-05
Pudahuel,2023-03-13,4.785066069615519e-05
Pudahuel,2023-03-14,6.250361501890349e-05
Pudahuel,2023-03-15,7.885108137778829e-05
Pudahuel,2023-03-16,6.485936363251509e-05
Pudahuel,2023-03-17,9.426799220296966e-05
Pudahuel,2023-03-18,4.448838889247453e-05
Pudahuel,2023-03-19,4.1423459196280473e-05
Pudahuel,2023-03-20,5.503591807524238e-05
Pudahuel,2023-03-21,8.705413380260346e-05
Pudahuel,2023-03-22,8.628789380079707e-05
Pudahuel,2023-03-23,7.593387027508424e-05
Pudahuel,2023-03-24,9.53020509503015e-05
Pudahuel,2023-03-25,7.789419906394156e-05
Pudahuel,2023-03-26,5.33383145246322e-05
Pudahuel,2023-03-27,7.089257805434766e-05
Pudahuel,2023-03-28,5.737869525184653e-05
Pudahuel,2023-03-29,9.458228353577312e-05
Pudahuel,2023-03-30,6.775965270888225e-05
Pudahuel,2023-03-31,0.00023792471992077846
Pudahuel,2023-04-01,0.00012665955932342663
Pudahuel,2023-04-02,5.615202940017498e-05
Pudahuel,2023-04-04,0.00011699755099202573
Pudahuel,2023-04-06,0.00040503470842147916
Pudahuel,2023-04-07,0.0001240594411748024
Pudahuel,2023-04-08,4.218684556540923e-05
Pudahuel,2023-04-09,8.966989123601081e-05
Pudahuel,2023-04-10,0.00019602880327683714
Pudahuel,2023-04-11,0.00012316870657100073
Pudahuel,2023-04-13,9.58456094483719e-05
Pudahuel,2023-04-15,6.956076746452039e-05
Pudahuel,2023-04-16,9.248245334024013e-05
Pudahuel,2023-04-17,0.00013418715297825503
Pudahuel,2023-04-19,0.0004386383471173102
Pudahuel,2023-04-20,0.00013589512881312174
Pudahuel,2023-04-21,0.0003093377690949345
Pudahuel,2023-04-22,0.00022492364675680428
Pudahuel,2023-04-23,7.014828186493682e-05
Pudahuel,2023-04-24,0.0001268961051133409
Pudahuel,2023-04-25,0.00017077336595286451
Pudahuel,2023-04-27,0.00028219278623387137
Pudahuel,2023-04-28,0.00011630925042159545
Pudahuel,2023-04-30,0.000103260441426737
Pudahuel,2023-05-01,0.0001878357741371512
Pudahuel,2023-05-02,0.0004389362495927359
Pudahuel,2023-05-04,0.0006290892868606213
Pudahuel,2023-05-05,0.00026808222896607906
Pudahuel,2023-05-06,0.00021726383482986237
Pudahuel,2023-05-07,0.00030385317222020113
Pudahuel,2023-05-08,0.0004806351060215842
Pudahuel,2023-05-09,0.0006309231285693386
Pudahuel,2023-05-11,0.00022561467526677553
Pudahuel,2023-05-12,0.0005194351516909856
Pudahuel,2023-05-13,0.00041112825562568297
Pudahuel,2023-05-14,0.00018514602259046706
Pudahuel,2023-05-15,0.00024027121836468987
Pudahuel,2023-05-16,0.00024218675927464812
Pudahuel,2023-05-17,0.0003324712892629522
Pudahuel,2023-05-19,0.0005220002489551861
Pudahuel,2023-05-20,0.00032884570447335403
Pudahuel,2023-06-01,0.0004933781906744159
Pudahuel,2023-06-02,0.0005359915853113077
Pudahuel,2023-06-04,7.414307037833803e-05
Pudahuel,2023-06-05,0.000432122427105044
Pudahuel,2023-06-11,0.00021962318873811133
Pudahuel,2023-06-12,0.0005901114345105382
Pudahuel,2023-06-13,0.000535242897775806
Pudahuel,2023-06-15,0.0007383418581776192
Pudahuel,2023-06-16,0.0005521751234004944
Pudahuel,2023-06-17,0.00037380051823916093
Pudahuel,2023-06-19,0.0005186748254261146
Pudahuel,2023-06-29,0.0008308888694514384
Pudahuel,2023-06-30,0.0006433867913773925
Pudahuel,2023-07-01,0.00029672109467067896
Pudahuel,2023-07-03,0.00020142034916928393
Pudahuel,2023-07-04,0.00015317149393600244
Pudahuel,2023-07-05,0.00021955544299348783
Pudahuel,2023-07-08,0.0003498986252379224
Pudahuel,2023-07-10,0.0003961907938389531
Pudahuel,2023-07-13,0.00042014467153038166
Pudahuel,2023-07-16,0.0006440669963472286
Pudahuel,2023-07-24,0.00032788364484299655
Pudahuel,2023-07-25,0.0001661339817161307
Pudahuel,2023-07-26,0.0005296900961032245
Pudahuel,2023-07-27,0.0005025447358857663
Pudahuel,2023-07-29,0.0004301473617931003
Pudahuel,2023-07-31,0.0003261794415387734
Pudahuel,2023-08-01,0.0005914342756601207
Pudahuel,2023-08-02,0.0004656552236678703
Pudahuel,2023-08-03,0.0004311687444934139
Pudahuel,2023-08-04,0.00021092673664053615
Pudahuel,2023-08-06,0.00017631109697730437
Pudahuel,2023-08-08,0.00038020224491478144
Pudahuel,2023-08-10,4.8992499962208665e-05
Pudahuel,2023-08-11,0.0005319826482084305
Pudahuel,2023-08-12,0.00040783310824078794
Pudahuel,2023-08-13,0.0001937808694108073
Pudahuel,2023-08-14,0.0003922983265820536
Pudahuel,2023-08-17,0.00026600758132554474
Pudahuel,2023-08-25,0.0003854662045546437
Pudahuel,2023-08-26,0.00023034921868163888
Pudahuel,2023-08-27,0.0002357683118776477
Pudahuel,2023-08-29,0.0002704259511007337
Pudahuel,2023-08-30,0.0001575293454551748
Pudahuel,2023-08-31,0.0002882746794997161
Pudahuel,2023-09-11,0.0002333958673401433
Pudahuel,2023-09-14,0.00044330218313333333
Pudahuel,2023-09-15,0.0003307487726404136
Pudahuel,2023-09-16,5.428654110062583e-05
Pudahuel,2023-09-24,0.0001591718386675369
Pudahuel,2023-09-25,0.0001360211170846436
Pudahuel,2023-09-26,0.00010754190405302051
Pudahuel,2023-09-27,0.00020479258938546364
Pudahuel,2023-09-28,0.00016816601452672997
Pudahuel,2023-09-29,0.00030768121915121337
Pudahuel,2023-09-30,8.695634210987001e-05
Pudahuel,2023-10-04,0.00020487720559808195
Pudahuel,2023-10-05,9.819776109046915e-05
Pudahuel,2023-10-06,8.097248564840941e-05
Pudahuel,2023-10-07,9.331984535533339e-05
Pudahuel,2023-10-08,7.539634662576579e-05
Pudahuel,2023-10-09,6.653010679282414e-05
Pudahuel,2023-10-11,0.0001139291786796453
Pudahuel,2023-10-12,9.937100269600312e-05
Pudahuel,2023-10-13,0.00010786694437911306
Pudahuel,2023-10-14,6.7184079373714e-05
Pudahuel,2023-10-15,6.210238299610187e-05
Pudahuel,2023-10-16,0.0001152140805882456
Pudahuel,2023-10-17,8.571167830764523e-05
Pudahuel,2023-10-18,0.00012169614795797864
Pudahuel,2023-10-22,5.150217780398737e-05
Pudahuel,2023-10-23,0.00012899969392835746
Pudahuel,2023-10-24,6.971444539519152e-05
Pudahuel,2023-10-25,9.316555261827528e-05
Pudahuel,2023-10-26,6.70507301359664e-05
Pudahuel,2023-10-31,0.00013200689101126027
Pudahuel,2023-11-02,0.0001039779108764603
Pudahuel,2023-11-03,0.00016057915393960956
Pudahuel,2023-11-04,7.409258731970964e-05
Pudahuel,2023-11-05,4.262957631890094e-05
Pudahuel,2023-11-06,6.0919090702674406e-05
Pudahuel,2023-11-07,5.648265142274422e-05
Pudahuel,2023-11-08,7.115860790481611e-05
Pudahuel,2023-11-13,7.06560160454937e-05
Pudahuel,2023-11-15,9.591365600688826e-05
Pudahuel,2023-11-16,9.26073114178466e-05
Pudahuel,2023-11-19,5.068563908104697e-05
Pudahuel,2023-11-20,7.411246277713348e-05
Pudahuel,2023-11-22,4.455396560942388e-05
Pudahuel,2023-11-23,6.256519013843364e-05
Pudahuel,2023-11-24,5.819600225170449e-05
Pudahuel,2023-11-25,3.540549723673604e-05
Pudahuel,2023-11-26,2.701851030277783e-05
Pudahuel,2023-11-27,8.303886547503745e-05
Pudahuel,2023-11-28,7.007290023626584e-05
Pudahuel,2023-11-29,6.0638592176523405e-05
Pudahuel,2023-11-30,5.84603990204588e-05
Pudahuel,2023-12-01,3.8377436721080186e-05
Pudahuel,2023-12-02,5.827389516279237e-05
Pudahuel,2023-12-03,3.45021420745009e-05
Pudahuel,2023-12-04,4.822730277783679e-05
Pudahuel,2023-12-05,4.7517424691334426e-05
Pudahuel,2023-12-06,6.147708555377731e-05
Pudahuel,2023-12-07,8.235473174597924e-05
Pudahuel,2023-12-08,3.5923993696934126e-05
Pudahuel,2023-12-09,4.672022310775896e-05
Pudahuel,2023-12-10,5.494790823884922e-05
Pudahuel,2023-12-11,4.16532899187279e-05
Pudahuel,2023-12-12,5.569884282303913e-05
Pudahuel,2023-12-13,0.00010479859401172152
Pudahuel,2023-12-14,5.1341214147956924e-05
Pudahuel,2023-12-15,4.803390214463398e-05
Pudahuel,2023-12-16,2.6260050140066343e-05
Pudahuel,2023-12-17,3.398414191495265e-05
Pudahuel,2023-12-18,9.325627883584911e-05
Pudahuel,2023-12-19,5.006524972178003e-05
Pudahuel,2023-12-21,6.446166482596462e-05
Pudahuel,2023-12-22,8.431658213526439e-05
Pudahuel,2023-12-24,3.6782672017935e-05
Pudahuel,2023-12-25,3.968673666249234e-05
Pudahuel,2023-12-26,5.564620802332009e-05
Pudahuel,2023-12-29,9.957633695546182e-05
Pudahuel,2023-12-30,3.607341292769859e-05
Pudahuel,2023-12-31,3.479493305954201e-05
Pudahuel,2024-01-01,2.9593199470664954e-05
Pudahuel,2024-01-02,5.3905985725593794e-05
Pudahuel,2024-01-03,5.567244506724036e-05
Pudahuel,2024-01-04,5.966249376472209e-05
Pudahuel,2024-01-05,4.4136639946399575e-05
Pudahuel,2024-01-06,3.571094025916043e-05
Pudahuel,2024-01-07,2.5718072993721917e-05
Pudahuel,2024-01-08,5.5149445902895265e-05
Pudahuel,2024-01-09,4.494439506759672e-05
Pudahuel,2024-01-10,4.543895249145967e-05
Pudahuel,2024-01-11,5.7720407995247724e-05
Pudahuel,2024-01-12,6.638864392805159e-05
Pudahuel,2024-01-13,4.177727248973545e-05
Pudahuel,2024-01-14,4.954035542017997e-05
Pudahuel,2024-01-15,4.5264625646474006e-05
Pudahuel,2024-01-16,6.466618203356013e-05
Pudahuel,2024-01-17,4.578262426499638e-05
Pudahuel,2024-01-18,5.2338920353641164e-05
Pudahuel,2024-01-19,8.246251104035516e-05
Pudahuel,2024-01-20,4.4262001047880726e-05
Pudahuel,2024-01-21,3.275840007595115e-05
Pudahuel,2024-01-22,4.433483562946254e-05
Pudahuel,2024-01-23,4.133935395282013e-05
Pudahuel,2024-01-24,8.090580621353496e-05
Pudahuel,2024-01-25,5.213966189284655e-05
Pudahuel,2024-01-26,5.8113811517727445e-05
Pudahuel,2024-01-27,4.1298557177076493e-05
Pudahuel,2024-01-28,2.0187607967367176e-05
Pudahuel,2024-01-29,5.3862146104911285e-05
Pudahuel,2024-01-30,8.780995233446564e-05
Pudahuel,2024-01-31,6.242705129308769e-05
Pudahuel,2024-02-01,6.0056450942771136e-05
Pudahuel,2024-02-02,8.138944034675907e-05
Pudahuel,2024-02-03,5.2050796208734914e-05
Pudahuel,2024-02-04,5.509373650237663e-05
Pudahuel,2024-02-05,6.561438180731905e-05
Pudahuel,2024-02-06,4.3884148705254574e-05
Pudahuel,2024-02-07,6.146559608718324e-05
Pudahuel,2024-02-08,5.64094236863254e-05
Pudahuel,2024-02-09,6.011089623004857e-05
Pudahuel,2024-02-10,3.828444334689964e-05
Pudahuel,2024-02-11,2.0829187272400675e-05
Pudahuel,2024-02-12,6.227927277232189e-05
Pudahuel,2024-02-13,6.30372728041575e-05
Pudahuel,2024-02-14,8.182951358727631e-05
Pudahuel,2024-02-15,8.570921374206673e-05
Pudahuel,2024-02-16,5.9495361992700394e-05
Pudahuel,2024-02-17,3.2167766741192766e-05
Pudahuel,2024-02-18,4.566481599449041e-05
Pudahuel,2024-02-19,5.9526402671983186e-05
Pudahuel,2024-02-20,7.214313063391118e-05
Pudahuel,2024-02-21,5.483400068302372e-05
Pudahuel,2024-02-23,0.00014013426557948672
Pudahuel,2024-02-24,6.390908338377448e-05
Pudahuel,2024-02-25,3.255794195976225e-05
Pudahuel,2024-02-26,6.788101129942927e-05
Pudahuel,2024-02-27,4.4146141615372255e-05
Pudahuel,2024-02-28,6.422256890402061e-05
Pudahuel,2024-02-29,7.476579098585565e-05
Pudahuel,2024-03-01,6.248033103171221e-05
Pudahuel,2024-03-03,4.0082993827384984e-05
Pudahuel,2024-03-04,6.041657509022488e-05
Pudahuel,2024-03-05,6.721562238336732e-05
Pudahuel,2024-03-06,7.043164012770035e-05
Pudahuel,2024-03-07,7.270937543634484e-05
Pudahuel,2024-03-08,8.117210988208953e-05
Pudahuel,2024-03-09,5.517281420874768e-05
Pudahuel,2024-03-10,3.277915604650914e-05
Pudahuel,2024-03-11,6.836458176387981e-05
Pudahuel,2024-03-12,9.079971972971473e-05
Pudahuel,2024-03-13,0.00010391810274345214
Pudahuel,2024-03-14,8.486916219755732e-05
Pudahuel,2024-03-15,6.693531075035306e-05
Pudahuel,2024-03-16,5.733709037812053e-05
Pudahuel,2024-03-17,5.398756627822126e-05
Pudahuel,2024-03-18,0.00014157587895682032
Pudahuel,2024-03-19,0.00011699676059461721
Pudahuel,2024-03-21,0.00012984274293189894
Pudahuel,2024-03-22,0.00010145739633520242
Pudahuel,2024-03-23,6.833144138576775e-05
Pudahuel,2024-03-24,7.433611639489341e-05
Pudahuel,2024-03-25,5.528603890231611e-05
Pudahuel,2024-03-26,0.00010088748470912829
Pudahuel,2024-03-27,9.599153821075862e-05
Pudahuel,2024-03-28,9.850381292941316e-05
Pudahuel,2024-03-29,8.268911957589031e-05
Pudahuel,2024-03-30,3.8933319772072524e-05
Pudahuel,2024-03-31,2.4745757399541628e-05
Pudahuel,2024-04-01,0.00022918687379626574
Pudahuel,2024-04-04,0.00025498897183130666
Pudahuel,2024-04-05,9.068210032825353e-05
Pudahuel,2024-04-06,5.7549704323509265e-05
Pudahuel,2024-04-07,0.0001140560872465974
Pudahuel,2024-04-08,0.00011394210180199247
Pudahuel,2024-04-09,0.00017079966393130882
Pudahuel,2024-04-10,5.299521944834654e-05
Pudahuel,2024-04-13,0.00013725972077219652
Pudahuel,2024-04-14,6.031722255419476e-05
Pudahuel,2024-04-16,0.00037420534888896694
Pudahuel,2024-04-17,0.0005395873108280311
Pudahuel,2024-04-18,0.0002743359326576041
Pudahuel,2024-04-22,0.0001053344797041987
Pudahuel,2024-04-23,0.0002471332736832272
Pudahuel,2024-04-24,0.0003152785184250949
Pudahuel,2024-04-25,0.00015918432040124776
Pudahuel,2024-04-26,0.00010317318599819271
Pudahuel,2024-04-27,0.00020680298651341142
Pudahuel,2024-04-29,0.00022589786341248633
Pudahuel,2024-04-30,0.00010389307077237196
Pudahuel,2024-05-03,0.00033563815266956837
Pudahuel,2024-05-04,0.0003057860519335468
Pudahuel,2024-05-06,0.0002323270004566486
Pudahuel,2024-05-08,0.00043916356648274115
Pudahuel,2024-05-09,0.0004974213750832862
Pudahuel,2024-05-11,0.0004023666023576562
Pudahuel,2024-05-12,9.195614828016966e-05
Pudahuel,2024-05-13,0.000317456339245953
Pudahuel,2024-05-14,0.000298166975491239
Pudahuel,2024-05-16,0.0004236922896459065
Pudahuel,2024-05-17,0.0002635366227003108
Pudahuel,2024-05-18,0.0002723050026407208
Pudahuel,2024-05-21,0.00025931768991029216
Pudahuel,2024-05-23,0.00028576330257041465
Pudahuel,2024-05-25,0.00040112239902740504
Pudahuel,2024-05-26,0.00017812640359624239
Pudahuel,2024-05-29,0.000817701336416199
Pudahuel,2024-05-30,0.0005380436075190269
Pudahuel,2024-06-01,0.0004842988071339313
Pudahuel,2024-06-02,0.0003309305048973289
Pudahuel,2024-06-15,0.00026825556417522695
Pudahuel,2024-06-16,0.00028679808632501783
Pudahuel,2024-06-19,0.00028456888188613786
Pudahuel,2024-06-24,0.0001771957023585376
Pudahuel,2024-06-25,0.00036003170285031264
Pudahuel,2024-06-28,0.0007379478343679191
Pudahuel,2024-06-29,0.0002406069108979984
Pudahuel,2024-06-30,0.00017078923339412891
Pudahuel,2024-07-01,0.00033509037758699267
Pudahuel,2024-07-02,0.0005249679203597974
Pudahuel,2024-07-03,0.00021577584428650624
Pudahuel,2024-07-05,0.0005616668860501405
Pudahuel,2024-07-06,0.00028601122060263037
Pudahuel,2024-07-07,0.000372769914956926
Pudahuel,2024-07-08,0.0006702210680836416
Pudahuel,2024-07-09,0.0005565466072406388
Pudahuel,2024-07-10,0.0005191389710520841
Pudahuel,2024-07-11,0.0005857282034286784
Pudahuel,2024-07-12,0.0003004840805466055
Pudahuel,2024-07-13,0.00029353736702761687
Pudahuel,2024-07-14,0.00029951625867984116
Pudahuel,2024-07-16,0.00031619863426427544
Pudahuel,2024-07-19,0.0008201081710231225
Pudahuel,2024-07-20,0.00022290331522286798
Pudahuel,2024-07-22,0.0004136536734972657
Pudahuel,2024-07-24,0.0004942150010297977
Pudahuel,2024-07-25,0.0003061884490307307
Pudahuel,2024-07-27,0.00034759402438472016
Pudahuel,2024-07-28,0.00020256614391895986
Pudahuel,2024-07-29,0.0005540790111380611
Pudahuel,2024-08-03,0.00038537509546283103
Pudahuel,2024-08-04,0.00022889100447832597
Pudahuel,2024-08-06,0.00026481204651138595
Pudahuel,2024-08-08,0.0004023664665308738
Pudahuel,2024-08-09,0.0006063113588396054
Pudahuel,2024-08-10,0.0004997510328939356
Pudahuel,2024-08-11,0.0002420043497701439
Pudahuel,2024-08-12,0.00032619087269096714
Pudahuel,2024-08-13,0.00036872090896653394
Pudahuel,2024-08-23,0.0001803805897082682
Pudahuel,2024-08-24,0.0003762809426429051
Pudahuel,2024-08-25,0.00013205824119080095
Pudahuel,2024-08-26,0.0001922970008615881
Pudahuel,2024-08-27,0.0003249922569075313
Pudahuel,2024-08-28,0.00024270333101973743
Pudahuel,2024-08-30,0.0002911851372437627
Pudahuel,2024-08-31,0.0002669442085971106
Pudahuel,2024-09-01,8.955365093125657e-05
Pudahuel,2024-09-04,0.0005280365793334589
Pudahuel,2024-09-05,0.0003341820226277678
Pudahuel,2024-09-06,0.0001253279731458865
Pudahuel,2024-09-07,0.00014312698918594885
Pudahuel,2024-09-08,0.00013229276020837742
Pudahuel,2024-09-09,0.00044057119486991643
Pudahuel,2024-09-10,0.00016347246808716905
Pudahuel,2024-09-11,0.0003307502435171727
Pudahuel,2024-09-12,0.00010681708541852556
Pudahuel,2024-09-13,0.00026421450848258587
Pudahuel,2024-09-14,0.0002147895621878086
Pudahuel,2024-09-15,0.0002894043442146486
Pudahuel,2024-09-17,5.961076759789142e-05
Pudahuel,2024-09-19,2.833426471707027e-05
Pudahuel,2024-09-21,6.54458747936344e-05
Pudahuel,2024-09-24,0.0001244498042399661
Pudahuel,2024-09-25,0.0001677451104995497
Pudahuel,2024-09-26,0.00044008815612383905
Pudahuel,2024-09-27,0.00016176585549192225
Pudahuel,2024-09-28,0.00014800860319147792
Pudahuel,2024-09-29,4.9939154032805165e-05
Pudahuel,2024-09-30,0.0001525455557634587
Pudahuel,2024-10-03,0.00014736972097740186
Pudahuel,2024-10-04,0.00012592201791367038
Pudahuel,2024-10-05,0.00010419028642988621
Pudahuel,2024-10-07,0.00018131741712203986
Pudahuel,2024-10-10,7.424067824204884e-05
Pudahuel,2024-10-13,2.89486130649074e-05
Pudahuel,2024-10-14,0.00012195337116759989
Pudahuel,2024-10-15,0.000351825883847388
Pudahuel,2024-10-16,9.225724426826934e-05
Pudahuel,2024-10-17,0.0003748826178162022
Pudahuel,2024-10-18,0.0001563794986790932
Pudahuel,2024-10-19,5.607705939163615e-05
Pudahuel,2024-10-20,2.837801882375734e-05
Pudahuel,2024-10-21,9.437968325754607e-05
Pudahuel,2024-10-22,9.201978147408007e-05
Pudahuel,2024-10-23,6.372867170553878e-05
Pudahuel,2024-10-24,8.293403196008082e-05
Pudahuel,2024-10-25,0.00012101775698173108
Pudahuel,2024-10-26,6.620783342040476e-05
Pudahuel,2024-10-27,4.805451196667695e-05
Pudahuel,2024-10-28,0.0001097205837358234
Pudahuel,2024-10-29,7.170215862449811e-05
Pudahuel,2024-10-30,5.620483102722354e-05
Pudahuel,2024-10-31,5.036873671527632e-05
Pudahuel,2024-11-02,5.723465994115092e-05
Pudahuel,2024-11-04,7.704351225713247e-05
Pudahuel,2024-11-05,9.393690889068479e-05
Pudahuel,2024-11-06,7.991216796389143e-05
Pudahuel,2024-11-08,7.64632071169623e-05
Pudahuel,2024-11-09,3.91128193860005e-05
Pudahuel,2024-11-10,3.897299463326774e-05
Pudahuel,2024-11-11,7.460367356373257e-05
Pudahuel,2024-11-12,0.0001140373104890525
Pudahuel,2024-11-13,5.068765263626732e-05
Pudahuel,2024-11-14,6.590016539182854e-05
Pudahuel,2024-11-15,5.869019035734383e-05
Pudahuel,2024-11-18,9.023765970131081e-05
Pudahuel,2024-11-19,6.377933900116498e-05
Pudahuel,2024-11-20,6.588050589764306e-05
Pudahuel,2024-11-21,5.3903146029410375e-05
Pudahuel,2024-11-22,5.5034736202545536e-05
Pudahuel,2024-11-23,5.793597652795149e-05
Pudahuel,2024-11-24,3.0829013748591294e-05
Pudahuel,2024-11-25,5.297335821623497e-05
Pudahuel,2024-11-26,5.259476153998745e-05
Pudahuel,2024-11-27,5.575839543965179e-05
Pudahuel,2024-11-28,6.103672932080289e-05
Pudahuel,2024-11-29,6.86279936664248e-05
Pudahuel,2024-11-30,3.398728433387525e-05
Pudahuel,2024-12-01,2.645414621576978e-05
Pudahuel,2024-12-02,5.430501376460899e-05
Pudahuel,2024-12-03,4.799319896458976e-05
Pudahuel,2024-12-04,4.390429259067623e-05
Pudahuel,2024-12-05,6.715685824357974e-05
Pudahuel,2024-12-06,3.635443329460683e-05
Pudahuel,2024-12-07,4.329478043508311e-05
Pudahuel,2024-12-08,2.6141689670248515e-05
Pudahuel,2024-12-09,8.494377563870942e-05
Pudahuel,2024-12-10,5.926092403862773e-05
Pudahuel,2024-12-11,6.040620181039345e-05
Pudahuel,2024-12-12,5.6135244058991025e-05
Pudahuel,2024-12-13,6.093006357888405e-05
Pudahuel,2024-12-14,4.579002992819099e-05
Pudahuel,2024-12-15,2.6636488264450935e-05
Pudahuel,2024-12-16,5.2237408095420854e-05
Pudahuel,2024-12-17,4.5802696733833055e-05
Pudahuel,2024-12-18,5.93434095350865e-05
Pudahuel,2024-12-19,6.353932356123692e-05
Pudahuel,2024-12-20,9.24716272264767e-05
Pudahuel,2024-12-21,4.96728245071707e-05
Pudahuel,2024-12-22,2.7226966587609726e-05
Pudahuel,2024-12-23,5.2148046532700974e-05
Pudahuel,2024-12-24,6.375028211342151e-05
Pudahuel,2024-12-25,2.8067767604804624e-05
Pudahuel,2024-12-26,3.783357161732985e-05
Pudahuel,2024-12-27,4.281529077551121e-05
Pudahuel,2024-12-28,3.2715419597593054e-05
Pudahuel,2024-12-29,3.254183333709049e-05
Pudahuel,2024-12-30,4.470411920530699e-05
Pudahuel,2024-12-31,4.904516491720563e-05
Pudahuel,2025-01-01,2.1105166192109616e-05
Pudahuel,2025-01-02,4.78191826740044e-05
Pudahuel,2025-01-03,5.895581846927303e-05
Pudahuel,2025-01-04,5.123635236881112e-05
Pudahuel,2025-01-05,4.0295836519752616e-05
Pudahuel,2025-01-06,4.179026102059903e-05
Pudahuel,2025-01-07,3.404057255976919e-05
Pudahuel,2025-01-08,4.2452450675495627e-05
Pudahuel,2025-01-09,5.011498457654203e-05
Pudahuel,2025-01-10,4.985942083005942e-05
Pudahuel,2025-01-11,3.664122292891913e-05
Pudahuel,2025-01-12,1.6085254140813033e-06
Pudahuel,2025-01-13,5.449085752237444e-05
Pudahuel,2025-01-14,5.967226030161729e-05
Pudahuel,2025-01-15,6.458247274544586e-05
Pudahuel,2025-01-16,5.6034493201959856e-05
Pudahuel,2025-01-17,4.590559711788254e-05
Pudahuel,2025-01-18,3.33038268570163e-05
Pudahuel,2025-01-19,3.991928316460618e-05
Pudahuel,2025-01-20,4.5988834180091946e-05
Pudahuel,2025-01-21,4.775025419634045e-05
Pudahuel,2025-01-22,5.3460098562119424e-05
Pudahuel,2025-01-23,3.518894732832922e-05
Pudahuel,2025-01-24,5.641679378966016e-05
Pudahuel,2025-01-25,4.0053923450123936e-05
Pudahuel,2025-01-26,3.449997270255269e-05
Pudahuel,2025-01-27,4.818391515487403e-05
Pudahuel,2025-01-28,4.067928654372257e-05
Pudahuel,2025-01-29,4.81954448511341e-05
Pudahuel,2025-01-30,5.336231364329029e-05
Pudahuel,2025-01-31,6.135545391038868e-05
Pudahuel,2025-02-01,4.010707774737469e-05
Pudahuel,2025-02-02,3.33484135081471e-05
Pudahuel,2025-02-03,3.931783377823581e-05
Pudahuel,2025-02-04,4.852746567285874e-05
Pudahuel,2025-02-05,6.130342740620244e-05
Pudahuel,2025-02-06,7.386345321032401e-05
Pudahuel,2025-02-07,5.4042604594187305e-05
Pudahuel,2025-02-08,4.4783361037331157e-05
Pudahuel,2025-02-09,3.829086260901396e-05
Pudahuel,2025-02-10,4.978016425572203e-05
Pudahuel,2025-02-11,5.591257991537441e-05
Pudahuel,2025-02-12,6.48529827682785e-05
Pudahuel,2025-02-13,6.202789804512761e-05
Pudahuel,2025-02-14,5.4164672668210384e-05
Pudahuel,2025-02-15,3.673635404110628e-05
Pudahuel,2025-02-16,3.365759462406674e-05
Pudahuel,2025-02-17,6.759623763815757e-05
Pudahuel,2025-02-18,8.362021305759406e-05
Pudahuel,2025-02-19,5.7182978204461886e-05
Pudahuel,2025-02-20,5.331572973773378e-05
Pudahuel,2025-02-21,6.11941371906857e-05
Pudahuel,2025-02-22,6.12431835520319e-05
Pudahuel,2025-02-23,3.263909724358488e-05
Pudahuel,2025-02-24,3.720100517942297e-05
Pudahuel,2025-02-25,7.881505729016709e-05
Pudahuel,2025-02-26,7.057867822536961e-05
Pudahuel,2025-02-27,6.0601177497577195e-05
Pudahuel,2025-02-28,5.527095961391606e-05
Pudahuel,2025-03-01,3.172433294639187e-05
Pudahuel,2025-03-02,2.2865710165119265e-05
Pudahuel,2025-03-03,7.736146038069112e-05
Pudahuel,2025-03-04,8.968122871459347e-05
Pudahuel,2025-03-05,5.980368456739234e-05
Pudahuel,2025-03-06,6.0795462163947794e-05
Pudahuel,2025-03-07,3.2425724952969904e-05
Pudahuel,2025-03-08,4.8530585884055075e-05
Pudahuel,2025-03-09,4.08454330409008e-05
Pudahuel,2025-03-10,9.096469964970427e-05
Pudahuel,2025-03-11,7.245587262256166e-05
Pudahuel,2025-03-12,4.897086174662147e-05
Pudahuel,2025-03-13,5.832045024514763e-05
Pudahuel,2025-03-14,7.886771055777258e-05
Pudahuel,2025-03-15,8.420798075970972e-05
Pudahuel,2025-03-16,4.092244827482782e-05
Pudahuel,2025-03-17,9.777601093328052e-05
Pudahuel,2025-03-18,0.00010300945526906342
Pudahuel,2025-03-19,6.212227299720012e-05
Pudahuel,2025-03-20,8.09651229802526e-05
Pudahuel,2025-03-21,0.00011733830280747343
Pudahuel,2025-03-22,6.930975012720719e-05
Pudahuel,2025-03-24,0.00010856029380267922
Pudahuel,2025-03-25,9.34351729328764e-05
Pudahuel,2025-03-26,0.00030779688585418416
Pudahuel,2025-03-27,6.733624105430005e-05
Pudahuel,2025-03-29,6.642514369394977e-05
Pudahuel,2025-03-31,0.0004164080687063444
Pudahuel,2025-04-01,0.0002480545080556028
Pudahuel,2025-04-02,0.0001768474474715953
Pudahuel,2025-04-03,0.0003206456060149929
Pudahuel,2025-04-04,0.00013021776508073804
Pudahuel,2025-04-05,0.0001668814866610827
Pudahuel,2025-04-06,9.779022153219829e-05
Pudahuel,2025-04-07,0.0002792849378023918
Pudahuel,2025-04-08,0.0001070840335101082
Pudahuel,2025-04-09,0.0001228948166739093
Pudahuel,2025-04-10,0.00015163777866119201
Pudahuel,2025-04-12,0.0002058775327093651
Pudahuel,2025-04-13,6.34905607343938e-05
Pudahuel,2025-04-14,0.00016854476531026047
Pudahuel,2025-04-15,0.00013433385047840262
Pudahuel,2025-04-16,0.0002835686499805943
Pudahuel,2025-04-18,6.920931030742157e-05
Pudahuel,2025-04-20,0.00011629090751669553
Pudahuel,2025-04-22,0.00039519286619288136
Pudahuel,2025-04-24,0.00017583712580902593
Pudahuel,2025-04-25,0.0001490806220490882
Pudahuel,2025-04-26,0.0002570759910908929
Pudahuel,2025-04-27,0.0001862747155177715
Pudahuel,2025-04-28,0.00030872785079466396
Pudahuel,2025-04-29,0.00013404900173910925
Pudahuel,2025-05-01,0.00021620121820447558
Pudahuel,2025-05-02,0.0003296563575256399
Pudahuel,2025-05-03,0.00020691370196722586
Pudahuel,2025-05-04,0.00011163989702097235
Pudahuel,2025-05-05,0.00016015430227639388
Pudahuel,2025-05-09,0.0002277361377373271
Pudahuel,2025-05-10,0.0004105485809439557
Pudahuel,2025-05-11,0.00023480510609508924
Pudahuel,2025-05-12,0.00037340559306587413
Pudahuel,2025-05-13,0.00047762822573894486
Pudahuel,2025-05-14,0.0005729062398805167
Pudahuel,2025-05-15,0.00042543777275264635
Pudahuel,2025-05-16,0.00019273222436317895
Pudahuel,2025-05-21,0.0004305439015888572
Pudahuel,2025-05-22,0.000476799385551674
Pudahuel,2025-05-24,0.0006071581868356868
Pudahuel,2025-05-27,0.0001962816300682256
Pudahuel,2025-05-28,0.0005280663444800647
Pudahuel,2025-05-29,0.000498227987927614
Pudahuel,2025-05-30,0.000679799632282729
Pudahuel,2025-05-31,0.00043290169975316445
Pudahuel,2025-06-01,0.00027659554065356974
Pudahuel,2025-06-04,0.0009999764095924646
Pudahuel,2025-06-05,0.00039758214397990856
Pudahuel,2025-06-06,0.00027040453356177497
Pudahuel,2025-06-07,0.0003617178344157166
Pudahuel,2025-06-08,0.00029928593427347216
Pudahuel,2025-06-09,0.0006221572413858719
Pudahuel,2025-06-10,0.00035526073504964066
Pudahuel,2025-06-13,0.0003063268389895618
Pudahuel,2025-06-18,0.0005149441485664204
Pudahuel,2025-06-19,0.00047895581721572406
Pudahuel,2025-06-20,0.00048825455409031836
Pudahuel,2025-06-21,0.00021210284955011993
Pudahuel,2025-06-22,0.00014693712298781083
Pudahuel,2025-06-23,0.00031882084144687484
Pudahuel,2025-06-24,0.00037917317791976406
Pudahuel,2025-06-25,0.0007351274761891216
Pudahuel,2025-06-26,0.0005587893480473545
Pudahuel,2025-06-28,0.00025479931260762175
Pudahuel,2025-06-29,0.0003297224022218975
Pudahuel,2025-07-01,0.0003452006489752512
Pudahuel,2025-07-02,0.00036761910302631065
Pudahuel,2025-07-03,0.00040603665662561496
Pudahuel,2025-07-04,0.0004629142763136124
Pudahuel,2025-07-06,0.0002115083207509565
Pudahuel,2025-07-07,0.0005347217741784227
Pudahuel,2025-07-08,0.00041019764824075237
Pudahuel,2025-07-10,0.00044645597287197895
Pudahuel,2025-07-11,0.0005479360342493918
Pudahuel,2025-07-12,0.000672477706113328
Pudahuel,2025-07-13,0.00024599789056596805
Pudahuel,2025-07-16,0.00024686918552005975
Pudahuel,2025-07-17,0.000384826620351199
Pudahuel,2025-07-18,0.0005744818373675607
Pudahuel,2025-07-19,0.0006013221298470408
Pudahuel,2025-07-21,0.0007182819443775667
Pudahuel,2025-07-22,0.0005715783338166419
Pudahuel,2025-07-23,0.00030624632070434013
Pudahuel,2025-07-24,0.00020979926267850375
Pudahuel,2025-07-28,0.0005026849837533591
Pudahuel,2025-08-04,0.0005607643010960055
Pudahuel,2025-08-05,0.0005544621896079936
Pudahuel,2025-08-06,0.0005830290401114684
Pudahuel,2025-08-07,0.0003843430325640189
Pudahuel,2025-08-08,0.0005502181205807527
Pudahuel,2025-08-10,0.00031168807681029826
Pudahuel,2025-08-11,0.0006298581050748986
Pudahuel,2025-08-13,0.000601350788567557
Pudahuel,2025-08-14,0.00015536242057797783
Pudahuel,2025-08-16,0.0002861036204267143
Pudahuel,2025-08-18,5.249347444099947e-05
Pudahuel,2025-08-19,0.00018312165158935472
Pudahuel,2025-08-24,0.0002562393655918469
Pudahuel,2025-08-25,0.0010828771242947597
Pudahuel,2025-08-26,0.0008443877240410544
Pudahuel,2025-08-27,0.0003487948746128725
Pudahuel,2025-09-01,0.0005506918364223088
Pudahuel,2025-09-03,0.0004095721754116295
Pudahuel,2025-09-04,0.00023323315322669184
Pudahuel,2025-09-05,0.0002958244885448687
Pudahuel,2025-09-08,0.00021761703345063882
Pudahuel,2025-09-09,9.378640814281395e-05
Pudahuel,2025-09-10,0.00014644496302389793
Pudahuel,2025-09-11,0.00012461645982660385
Pudahuel,2025-09-12,0.00013218366448556858
Pudahuel,2025-09-13,5.305235611106796e-05
Pudahuel,2025-09-14,4.476904459129813e-05
Pudahuel,2025-09-15,0.0001825170038500733
Pudahuel,2025-09-16,0.00028910349553603194
Pudahuel,2025-09-17,0.00034551247463353416
Pudahuel,2025-09-18,0.00010148473245778451
Pudahuel,2025-09-19,6.758265258668347e-05
Pudahuel,2025-09-21,4.166874913815267e-05
Pudahuel,2025-09-22,0.0006050913763940563
Pudahuel,2025-09-23,0.0003215129321021584
Pudahuel,2025-09-24,0.0002446552139305966
Pudahuel,2025-09-27,0.00020954127740168763
Pudahuel,2025-09-28,0.000119384389209123
Pudahuel,2025-09-29,0.00024783967678617183
Pudahuel,2025-09-30,0.0002005923839743232
Pudahuel,2025-10-01,0.00011251611022010712
Pudahuel,2025-10-02,0.000154460133430253
Pudahuel,2025-10-03,0.00013339037724759657
Pudahuel,2025-10-04,8.930133002663538e-05
Pudahuel,2025-10-05,4.395170526964694e-05
Pudahuel,2025-10-06,0.00012407633853348042
Pudahuel,2025-10-07,0.00013483923251602636
Pudahuel,2025-10-08,0.00019795294006679247
Pudahuel,2025-10-09,0.00016208524189018447
Pudahuel,2025-10-10,7.460875358628605e-05
Pudahuel,2025-10-11,5.805475816085055e-05
Pudahuel,2025-10-12,5.580475723894309e-05
Pudahuel,2025-10-13,8.804898860649049e-05
Pudahuel,2025-10-14,0.00011196374653195802
Pudahuel,2025-10-15,0.00013440088420778006
Pudahuel,2025-10-16,6.704827642756064e-05
Pudahuel,2025-10-17,0.00010067368151778118
Pudahuel,2025-10-19,5.715165111571327e-05
Pudahuel,2025-10-20,0.0001114550471347585
Pudahuel,2025-10-21,6.8719346450128635e-06
Pudahuel,2025-10-22,9.409698328553484e-05
Pudahuel,2025-11-04,0.00010123713984035043
Pudahuel,2025-11-05,8.526805871768115e-05
Pudahuel,2025-11-07,0.0001648733397953584
Pudahuel,2025-11-08,4.9564228397356456e-05
Pudahuel,2025-11-09,4.7598738035427464e-05
Pudahuel,2025-11-10,7.199620808876496e-05
Pudahuel,2025-11-11,6.7204777367599e-05
Pudahuel,2025-11-12,5.908053151698221e-05
Pudahuel,2025-11-13,7.870029998524967e-05
Pudahuel,2025-11-14,6.552310851554936e-05
Pudahuel,2025-11-15,4.8820160375170186e-05
Pudahuel,2025-11-16,4.3051831908904847e-05
Pudahuel,2025-11-18,6.261923282773022e-05
Pudahuel,2025-11-19,5.641424170223056e-05
Pudahuel,2025-11-21,8.894196437772564e-05
Pudahuel,2025-11-22,5.8455241795607064e-05
Pudahuel,2025-11-23,3.232400813323125e-05
Pudahuel,2025-11-24,4.9436123168087965e-05
Pudahuel,2025-11-25,5.735966288493434e-05
Pudahuel,2025-11-26,9.019774157418462e-05
Pudahuel,2025-11-27,4.7540965600366574e-05
Pudahuel,2025-11-28,4.475123192075646e-05
Pudahuel,2025-11-29,3.949672585007872e-05
Pudahuel,2025-11-30,4.103741924540784e-05
Pudahuel,2025-12-01,5.4369324145112235e-05
Pudahuel,2025-12-02,6.37559798361881e-05
Pudahuel,2025-12-03,6.97281112312634e-05
Pudahuel,2025-12-04,4.2722457417561275e-05
Pudahuel,2025-12-05,7.087794195838085e-05
Pudahuel,2025-12-08,4.5909296455903056e-05
Pudahuel,2025-12-09,4.4617663290429156e-05
Pudahuel,2025-12-10,4.2630167566575954e-05
Pudahuel,2025-12-12,5.0916551513692894e-05
Pudahuel,2025-12-13,2.8815407925568956e-05
Pudahuel,2025-12-15,6.38189612110678e-05
Pudahuel,2025-12-16,8.881579688953627e-05
Pudahuel,2025-12-17,4.3945721793172466e-05
Pudahuel,2025-12-18,7.479428463250645e-05
Pudahuel,2025-12-19,4.368617843955591e-05
Pudahuel,2025-12-20,3.267883690976767e-05
Pudahuel,2025-12-21,4.188321849509129e-05
Pudahuel,2025-12-22,7.158939458568017e-05
Pudahuel,2025-12-23,8.16621628594338e-05
Pudahuel,2025-12-24,4.93457331731433e-05
Pudahuel,2025-12-25,2.7179534202622257e-05
Pudahuel,2025-12-26,4.9462567441254204e-05
Pudahuel,2025-12-27,5.162745412784402e-05
Pudahuel,2025-12-28,3.8284470943335756e-05
Pudahuel,2025-12-29,5.815104393604403e-05
Pudahuel,2025-12-30,6.094181364328105e-05
Pudahuel,2025-12-31,5.12763940342981e-05
Talagante,2019-01-01,1.1939898232208433e-05
Talagante,2019-01-02,3.059199092200639e-05
Talagante,2019-01-03,2.6997331987581634e-05
Talagante,2019-01-04,1.0155279333199761e-05
Talagante,2019-01-05,5.29453005205628e-06
Talagante,2019-01-06,1.4015943634149153e-05
Talagante,2019-01-07,6.488864528364502e-06
Talagante,2019-01-10,7.227095196136254e-06
Talagante,2019-01-11,1.3390765363396204e-05
Talagante,2019-01-12,1.6813680091215494e-05
Talagante,2019-01-13,2.093829686451679e-06
Talagante,2019-01-14,1.3525692338589579e-05
Talagante,2019-01-15,1.362864601682703e-05
Talagante,2019-01-16,5.708615414692164e-06
Talagante,2019-01-17,1.4808417585074124e-05
Talagante,2019-01-18,2.903403423868207e-05
Talagante,2019-01-19,1.4756531733519624e-05
Talagante,2019-01-20,1.9540960107897407e-05
Talagante,2019-01-21,2.1207131341911734e-05
Talagante,2019-01-22,2.1682120613935662e-05
Talagante,2019-01-23,1.994060564781857e-05
Talagante,2019-01-24,2.2967154304721367e-05
Talagante,2019-01-25,1.210173796837976e-05
Talagante,2019-01-26,-3.0304260302438004e-05
Talagante,2019-01-27,1.7906800540446363e-05
Talagante,2019-01-28,1.5946751565730582e-05
Talagante,2019-01-29,1.0801619066898586e-05
Talagante,2019-01-30,2.1279849410973427e-05
Talagante,2019-01-31,2.7713107737110425e-05
Talagante,2019-02-01,2.5223599037991763e-05
Talagante,2019-02-02,2.4395855978368955e-05
Talagante,2019-02-03,2.1291627753490195e-05
Talagante,2019-02-04,2.521422369639062e-05
Talagante,2019-02-05,3.623992439610507e-05
Talagante,2019-02-06,2.1058014546042828e-05
Talagante,2019-02-07,2.2462664674094412e-05
Talagante,2019-02-08,1.7946278485159992e-05
Talagante,2019-02-09,3.35171677902904e-05
Talagante,2019-02-10,1.1894108915055758e-05
Talagante,2019-02-12,8.179946281813998e-06
Talagante,2019-02-13,1.895173709652954e-05
Talagante,2019-02-14,2.5865700395746985e-05
Talagante,2019-02-15,3.740783740864558e-05
Talagante,2019-02-16,1.8466880081849776e-05
Talagante,2019-02-17,1.9189260358095206e-05
Talagante,2019-02-18,2.0646240266271754e-05
Talagante,2019-02-19,2.7548181765922386e-05
Talagante,2019-02-20,2.2285128547258275e-05
Talagante,2019-02-21,2.5549224886225062e-05
Talagante,2019-02-22,2.4069816730106068e-05
Talagante,2019-02-23,1.4368291973282213e-05
Talagante,2019-02-24,1.0904927382322681e-05
Talagante,2019-02-25,1.1776270322077775e-05
Talagante,2019-02-26,2.5273408598334726e-05
Talagante,2019-02-27,3.1517762467212485e-05
Talagante,2019-02-28,2.3011946559983193e-05
Talagante,2019-03-01,1.910611401559769e-05
Talagante,2019-03-02,2.3924992685367985e-05
Talagante,2019-03-03,2.3619637450303848e-05
Talagante,2019-03-04,6.891525579448246e-06
Talagante,2019-03-05,2.726132705240179e-05
Talagante,2019-03-06,2.8863908848678734e-05
Talagante,2019-03-07,1.645065007617296e-05
Talagante,2019-03-08,2.3055239874527405e-05
Talagante,2019-03-09,2.0093181209280117e-05
Talagante,2019-03-10,1.8690416415660087e-05
Talagante,2019-03-11,2.3174539542395223e-05
Talagante,2019-03-12,3.684866214825888e-06
Talagante,2019-03-13,8.650512427266221e-06
Talagante,2019-03-14,2.1377730235842147e-05
Talagante,2019-03-15,2.3737730789037035e-05
Talagante,2019-03-16,2.0552540039482275e-05
Talagante,2019-03-17,1.3672155245839913e-05
Talagante,2019-03-18,3.039158718081493e-05
Talagante,2019-03-19,3.451468637769244e-05
Talagante,2019-03-20,5.063684038786828e-05
Talagante,2019-03-21,3.453227828337734e-05
Talagante,2019-03-22,5.2732485399536614e-05
Talagante,2019-03-23,2.5336536379413168e-05
Talagante,2019-03-24,2.355890350193726e-05
Talagante,2019-03-25,1.7007470097012995e-05
Talagante,2019-03-26,4.6921983707505664e-05
Talagante,2019-03-27,3.079562835585204e-05
Talagante,2019-03-28,1.9169866212662347e-05
Talagante,2019-03-29,2.9959248006656992e-05
Talagante,2019-03-31,2.0059989050257684e-05
Talagante,2019-04-01,3.943170446651723e-05
Talagante,2019-04-03,2.8248415487208974e-05
Talagante,2019-04-04,2.6085424052157516e-05
Talagante,2019-04-05,6.363315485177408e-05
Talagante,2019-04-06,4.9441993059966984e-05
Talagante,2019-04-07,3.706223970883469e-05
Talagante,2019-04-08,1.828986024687958e-05
Talagante,2019-04-10,5.033142628363598e-05
Talagante,2019-04-11,4.902484784283965e-05
Talagante,2019-04-15,7.844330575105435e-05
Talagante,2019-04-16,7.972585001258717e-05
Talagante,2019-04-17,4.833754463349492e-05
Talagante,2019-04-20,3.199540486301847e-05
Talagante,2019-04-21,3.346350785130005e-05
Talagante,2019-04-22,2.670555645910945e-05
Talagante,2019-04-23,5.817231794935651e-05
Talagante,2019-04-25,5.6048659590409976e-05
Talagante,2019-04-26,0.00010885171185629844
Talagante,2019-04-27,8.987543582700863e-05
Talagante,2019-04-28,4.475026292682605e-05
Talagante,2019-04-29,7.722527065729442e-05
Talagante,2019-04-30,5.730652125659803e-05
Talagante,2019-05-01,2.6599700384373047e-05
Talagante,2019-05-04,2.4404098439845257e-05
Talagante,2019-05-05,2.9180323403346643e-05
Talagante,2019-05-07,8.731019367815873e-05
Talagante,2019-05-09,7.813174012726598e-05
Talagante,2019-05-10,6.498892653665618e-05
Talagante,2019-05-11,0.00014041466030900545
Talagante,2019-05-12,0.00010933618235342226
Talagante,2019-05-13,0.0001676483944374408
Talagante,2019-05-14,0.0002106034322008671
Talagante,2019-05-15,8.176973110518328e-05
Talagante,2019-05-17,8.449357846984638e-05
Talagante,2019-05-18,5.489280824513987e-05
Talagante,2019-05-20,3.3069518086476604e-05
Talagante,2019-05-21,6.146910082307164e-05
Talagante,2019-05-22,0.00014935171769516227
Talagante,2019-05-23,0.0002707401695342399
Talagante,2019-05-27,0.00010164695143207041
Talagante,2019-05-28,0.00022403293848017553
Talagante,2019-06-02,0.0001783677315595929
Talagante,2019-06-06,1.1463824525988406e-05
Talagante,2019-06-07,0.00020629548552611522
Talagante,2019-06-08,0.00020515772037454306
Talagante,2019-06-09,0.000193815652634384
Talagante,2019-06-12,0.00020880358621476586
Talagante,2019-06-15,8.145815114369792e-05
Talagante,2019-06-16,0.0001051578102150354
Talagante,2019-06-18,0.0003033445467598837
Talagante,2019-06-21,0.0005099634587871114
Talagante,2019-06-22,0.00022639590474752124
Talagante,2019-06-25,0.00015987345871138918
Talagante,2019-06-30,9.972415182259652e-05
Talagante,2019-07-01,0.0002055627128391074
Talagante,2019-07-02,0.00035511314434726466
Talagante,2019-07-03,0.00019813331162945252
Talagante,2019-07-04,0.00021076423542471686
Talagante,2019-07-05,0.0005421595997177064
Talagante,2019-07-08,5.95942192376242e-05
Talagante,2019-07-09,0.0003260583112522463
Talagante,2019-07-11,0.0002720179076511701
Talagante,2019-07-12,0.00018019039375905772
Talagante,2019-07-13,0.00022465369460116975
Talagante,2019-07-14,8.994021766302723e-05
Talagante,2019-07-15,0.0002938579869872276
Talagante,2019-07-16,0.0002838311259393443
Talagante,2019-07-18,0.0002169441022374451
Talagante,2019-07-19,9.574022516067102e-05
Talagante,2019-07-22,0.00010260804984383311
Talagante,2019-07-23,0.00019619498925749213
Talagante,2019-07-24,0.00020247013765014332
Talagante,2019-07-25,0.0003800515632557782
Talagante,2019-07-26,0.0002746939169914862
Talagante,2019-07-30,0.00021327167294224794
Talagante,2019-08-01,6.366944000055344e-05
Talagante,2019-08-02,0.00011015501335738257
Talagante,2019-08-03,0.00029999628343161484
Talagante,2019-08-04,0.00014371473633083157
Talagante,2019-08-05,5.051891037252159e-05
Talagante,2019-08-07,6.64886046893306e-05
Talagante,2019-08-08,5.697426262537685e-05
Talagante,2019-08-09,0.00012942879125302475
Talagante,2019-08-11,1.47642149386229e-05
Talagante,2019-08-12,0.00012364723906738078
Talagante,2019-08-16,5.3735129768028855e-05
Talagante,2019-08-22,0.00016522135896028623
Talagante,2019-08-23,9.366550862493779e-05
Talagante,2019-08-24,7.044946687528864e-05
Talagante,2019-08-25,6.672996142353453e-05
Talagante,2019-08-28,1.2152222592560766e-05
Talagante,2019-08-29,2.228011699995071e-05
Talagante,2019-08-30,4.8339207380303284e-05
Talagante,2019-08-31,8.023846340364563e-05
Talagante,2019-09-01,5.5463506282003904e-05
Talagante,2019-09-02,0.0001029905843178908
Talagante,2019-09-03,0.000149208370783305
Talagante,2019-09-08,2.1626431524444293e-05
Talagante,2019-09-10,3.491901478041487e-05
Talagante,2019-09-11,4.961546664203812e-05
Talagante,2019-09-12,0.00010935155881922995
Talagante,2019-09-13,5.325034011902975e-05
Talagante,2019-09-14,3.182317669254683e-05
Talagante,2019-09-15,2.5850300294308498e-05
Talagante,2019-09-16,5.919445387881024e-05
Talagante,2019-09-17,5.015515349430098e-05
Talagante,2019-09-18,3.891477247126337e-05
Talagante,2019-09-19,2.5871193666684e-05
Talagante,2019-09-20,4.077661826465184e-05
Talagante,2019-09-21,3.299476205708076e-05
Talagante,2019-09-22,2.86489317118844e-05
Talagante,2019-09-23,4.315117771895612e-05
Talagante,2019-09-24,3.847435696244639e-05
Talagante,2019-09-25,3.8198721141703504e-05
Talagante,2019-09-26,5.1211955531881966e-05
Talagante,2019-09-27,4.297653224178925e-05
Talagante,2019-09-28,4.16430159965099e-05
Talagante,2019-09-29,1.670083978918069e-05
Talagante,2019-10-02,4.4555728093740324e-05
Talagante,2019-10-03,2.6319763824202103e-05
Talagante,2019-10-04,4.933281131977088e-05
Talagante,2019-10-05,3.6617761745982235e-05
Talagante,2019-10-07,4.07330143425113e-05
Talagante,2019-10-08,7.304089742379979e-05
Talagante,2019-10-15,2.4560053585132752e-05
Talagante,2019-10-16,2.5707380700623617e-05
Talagante,2019-10-17,2.3380393717945314e-05
Talagante,2019-10-18,3.5537232306140425e-05
Talagante,2019-10-20,2.6922797328263273e-05
Talagante,2019-10-21,4.400923546729817e-05
Talagante,2019-10-22,2.4662842614686042e-05
Talagante,2019-10-23,2.545100089783374e-05
Talagante,2019-10-24,-1.0000633509091406e-06
Talagante,2019-10-25,6.276481144595891e-05
Talagante,2019-10-26,3.088769158619931e-05
Talagante,2019-10-28,3.309382724500675e-05
Talagante,2019-10-29,3.394037715557061e-05
Talagante,2019-10-30,3.738414706040397e-05
Talagante,2019-10-31,2.3603410142314003e-05
Talagante,2019-11-01,1.8540160288312017e-05
Talagante,2019-11-02,3.3515407814180944e-05
Talagante,2019-11-03,3.3729774355852154e-05
Talagante,2019-11-05,3.390981011241143e-05
Talagante,2019-11-06,3.1017630770064325e-05
Talagante,2019-11-07,2.4369434121558048e-05
Talagante,2019-11-09,3.518083550710183e-05
Talagante,2019-11-10,4.047524444959678e-05
Talagante,2019-11-11,2.0482960531721203e-05
Talagante,2019-11-12,1.7045578457620285e-05
Talagante,2019-11-13,2.2353865928694147e-05
Talagante,2019-11-14,5.558579161366546e-05
Talagante,2019-11-15,2.30508772309341e-05
Talagante,2019-11-16,1.2973398608067444e-05
Talagante,2019-11-17,2.2545879782094227e-05
Talagante,2019-11-18,2.383957300093181e-05
Talagante,2019-11-19,3.2785310648711296e-05
Talagante,2019-11-20,3.658959437471583e-05
Talagante,2019-11-21,4.659114456064152e-05
Talagante,2019-11-22,2.7725501680275172e-05
Talagante,2019-11-23,1.1017130560982008e-05
Talagante,2019-11-24,1.1268982587067586e-05
Talagante,2019-11-25,2.1226593302436026e-05
Talagante,2019-11-26,1.623720532287724e-05
Talagante,2019-11-27,2.5115489237167477e-05
Talagante,2019-11-28,7.850695754286447e-06
Talagante,2019-11-29,1.1232575360288215e-05
Talagante,2019-11-30,2.7865197407897417e-05
Talagante,2019-12-02,1.8090348640348732e-05
Talagante,2019-12-03,7.50647081701887e-06
Talagante,2019-12-04,2.3893656561092626e-05
Talagante,2019-12-05,2.811050659754485e-05
Talagante,2019-12-06,2.1500569873211656e-05
Talagante,2019-12-07,1.5106262043389787e-05
Talagante,2019-12-08,1.5201138961610169e-05
Talagante,2019-12-09,2.4057809999416458e-05
Talagante,2019-12-10,1.6115649726729447e-05
Talagante,2019-12-11,3.6184264060736484e-05
Talagante,2019-12-12,3.513483684828092e-05
Talagante,2019-12-13,1.4336113319359653e-05
Talagante,2019-12-15,2.6681086001607704e-06
Talagante,2019-12-16,2.4227009738859313e-05
Talagante,2019-12-17,3.087451832001797e-05
Talagante,2019-12-18,3.688283141297564e-06
Talagante,2019-12-20,9.885141934843152e-06
Talagante,2019-12-21,1.2076759255281831e-05
Talagante,2019-12-22,1.924843802746273e-05
Talagante,2019-12-23,4.24555332189519e-05
Talagante,2019-12-24,3.1112528401465716e-06
Talagante,2019-12-25,1.1445521610655481e-05
Talagante,2019-12-26,2.0597439397356044e-05
Talagante,2019-12-27,2.8940310699811633e-05
Talagante,2019-12-28,-1.3056625735068737e-06
Talagante,2019-12-29,-3.7009911978015794e-06
Talagante,2019-12-30,1.5855966771617012e-05
Talagante,2019-12-31,1.606273466424878e-05
Talagante,2020-01-01,1.311914790140378e-05
Talagante,2020-01-02,7.309266479330821e-06
Talagante,2020-01-03,1.851724656519606e-05
Talagante,2020-01-04,1.4670069187867641e-05
Talagante,2020-01-06,1.7357393806091188e-05
Talagante,2020-01-07,2.0517637859246155e-05
Talagante,2020-01-08,2.116571203133934e-05
Talagante,2020-01-09,1.0321756229443092e-05
Talagante,2020-01-10,1.572254106764781e-05
Talagante,2020-01-11,1.7587916037063633e-05
Talagante,2020-01-12,1.9518244452014673e-05
Talagante,2020-01-13,7.2365556998082336e-06
Talagante,2020-01-14,2.884244524772649e-05
Talagante,2020-01-15,1.6456868771855145e-05
Talagante,2020-01-16,1.3319365324018021e-05
Talagante,2020-01-17,3.606594690279017e-05
Talagante,2020-01-18,2.3349865544922074e-05
Talagante,2020-01-20,1.6116239569877756e-05
Talagante,2020-01-21,1.7330440236286792e-05
Talagante,2020-01-22,2.9208608204227303e-05
Talagante,2020-01-23,6.7268753175833085e-06
Talagante,2020-01-24,1.1355570679982466e-05
Talagante,2020-01-25,1.0230276272825753e-05
Talagante,2020-01-26,9.492513076448294e-06
Talagante,2020-01-27,1.3375076663523287e-05
Talagante,2020-01-28,3.707512568426957e-05
Talagante,2020-01-29,2.33404946253827e-05
Talagante,2020-01-30,1.3903283102553267e-05
Talagante,2020-01-31,1.414729561251729e-05
Talagante,2020-02-01,1.6514056134000797e-05
Talagante,2020-02-02,3.157331405601294e-05
Talagante,2020-02-03,3.360344362561514e-05
Talagante,2020-02-04,7.058116501473633e-06
Talagante,2020-02-05,1.2937807758756433e-05
Talagante,2020-02-06,6.4972617238233116e-06
Talagante,2020-02-07,2.2984174317929803e-05
Talagante,2020-02-08,2.8801839634561684e-05
Talagante,2020-02-09,1.818677960496536e-05
Talagante,2020-02-10,1.9332441669345944e-05
Talagante,2020-02-11,2.2227480855418518e-05
Talagante,2020-02-12,2.9202849110888947e-05
Talagante,2020-02-13,1.7183472016658105e-05
Talagante,2020-02-14,1.8856695684564965e-05
Talagante,2020-02-15,2.4446585954701365e-05
Talagante,2020-02-16,1.3208623877787554e-05
Talagante,2020-02-17,1.4742777348032322e-05
Talagante,2020-02-18,2.6464758302142493e-05
Talagante,2020-02-19,3.433181856372583e-05
Talagante,2020-02-20,1.7033255285743e-05
Talagante,2020-02-21,2.4333816981982763e-05
Talagante,2020-02-22,1.1897566982995372e-05
Talagante,2020-02-23,1.0684072330461224e-05
Talagante,2020-02-24,2.8141153360142528e-05
Talagante,2020-02-25,2.641266166383445e-05
Talagante,2020-02-26,2.6696347759263873e-05
Talagante,2020-02-27,1.9784092006373266e-05
Talagante,2020-02-28,2.5627222271997256e-05
Talagante,2020-02-29,2.394722849042455e-05
Talagante,2020-03-01,3.45557924986066e-05
Talagante,2020-03-02,2.1247809059558862e-05
Talagante,2020-03-03,2.558233894472232e-05
Talagante,2020-03-04,3.413862775059698e-05
Talagante,2020-03-05,4.0098762147236186e-05
Talagante,2020-03-06,3.726428478494083e-05
Talagante,2020-03-07,4.776439046731434e-06
Talagante,2020-03-08,1.2607463600193951e-05
Talagante,2020-03-09,3.46658752682118e-05
Talagante,2020-03-10,2.505528421915888e-05
Talagante,2020-03-11,2.818285555285596e-05
Talagante,2020-03-12,1.802922170771216e-05
Talagante,2020-03-13,1.638720646761904e-05
Talagante,2020-03-14,1.5819045151363475e-05
Talagante,2020-03-15,3.613277284598469e-05
Talagante,2020-03-16,2.807504148517096e-05
Talagante,2020-03-17,2.2952932279805018e-05
Talagante,2020-03-18,2.5305602159682254e-05
Talagante,2020-03-19,1.4988847837804291e-05
Talagante,2020-03-20,2.6950597955275797e-05
Talagante,2020-03-21,1.2840003004230026e-05
Talagante,2020-03-22,1.3099163948741113e-05
Talagante,2020-03-23,1.0697629275019665e-05
Talagante,2020-03-24,1.6644034688910607e-05
Talagante,2020-03-25,2.3872126400780262e-05
Talagante,2020-03-26,1.2247282983594741e-05
Talagante,2020-03-28,2.7977361762894445e-05
Talagante,2020-03-29,2.1044749123034205e-05
Talagante,2020-03-30,2.2919432657844005e-05
Talagante,2020-03-31,1.779027152540446e-05
Talagante,2020-04-01,2.7491602823523224e-05
Talagante,2020-04-02,4.0262863899552774e-05
Talagante,2020-04-03,3.4864299665719346e-05
Talagante,2020-04-04,-4.81106781080598e-06
Talagante,2020-04-05,3.1485776812729865e-05
Talagante,2020-04-06,3.581235496417095e-05
Talagante,2020-04-07,5.4211340097463185e-05
Talagante,2020-04-08,1.617040556401523e-05
Talagante,2020-04-09,3.461356876054012e-05
Talagante,2020-04-10,2.6360566291392632e-05
Talagante,2020-04-13,5.591256446695367e-05
Talagante,2020-04-14,7.126218772043374e-05
Talagante,2020-04-16,4.635617786851987e-05
Talagante,2020-04-17,7.169992637167325e-05
Talagante,2020-04-18,3.054242984245487e-05
Talagante,2020-04-19,8.717154982973676e-06
Talagante,2020-04-20,4.681479822742898e-05
Talagante,2020-04-21,5.7786457561578035e-05
Talagante,2020-04-22,2.058939596401252e-05
Talagante,2020-04-25,2.3309354481293423e-05
Talagante,2020-04-26,2.170489140563363e-05
Talagante,2020-04-27,9.010928930885857e-06
Talagante,2020-04-28,5.423038450696813e-05
Talagante,2020-04-29,9.45723208012416e-05
Talagante,2020-04-30,9.857082680423926e-05
Talagante,2020-05-01,2.3895431415179297e-05
Talagante,2020-05-02,7.191771328382368e-05
Talagante,2020-05-05,3.6078588659257714e-05
Talagante,2020-05-06,9.390304703247019e-05
Talagante,2020-05-07,0.00012092941631583466
Talagante,2020-05-08,5.4968674428660176e-05
Talagante,2020-05-09,4.324364414869642e-05
Talagante,2020-05-10,1.0545640997140893e-05
Talagante,2020-05-11,7.134005335203361e-05
Talagante,2020-05-13,0.00012844453100019872
Talagante,2020-05-14,0.00020057891564297464
Talagante,2020-05-15,0.00011626650786861426
Talagante,2020-05-16,6.630873745653635e-05
Talagante,2020-05-17,3.34850161044722e-05
Talagante,2020-05-18,3.111870771233377e-05
Talagante,2020-05-21,4.87853746763617e-05
Talagante,2020-05-22,0.0001412332155063439
Talagante,2020-05-23,0.0003933259234898128
Talagante,2020-05-24,0.00011074667526143367
Talagante,2020-05-25,0.00018814831563107834
Talagante,2020-05-26,7.862321810311174e-05
Talagante,2020-05-30,0.00010290034700156982
Talagante,2020-05-31,6.333169230474925e-05
Talagante,2020-06-01,5.8083449170734636e-05
Talagante,2020-06-03,0.00011490754290386695
Talagante,2020-06-04,0.00010973745667041596
Talagante,2020-06-05,0.0002154062684115258
Talagante,2020-06-07,5.2255921994854216e-05
Talagante,2020-06-10,0.00015357236268315606
Talagante,2020-06-12,0.00016560121412540916
Talagante,2020-06-13,0.00018825934769774018
Talagante,2020-06-14,0.0001363610845977863
Talagante,2020-07-01,0.00013547896082564614
Talagante,2020-07-02,0.00016848096979285598
Talagante,2020-07-03,8.657802719710456e-05
Talagante,2020-07-05,5.552134009691891e-05
Talagante,2020-07-07,9.62966702508181e-05
Talagante,2020-07-08,8.335804434103487e-05
Talagante,2020-07-09,8.286508812048563e-05
Talagante,2020-07-10,0.00011910182250639121
Talagante,2020-07-11,0.0002605360398354972
Talagante,2020-07-12,0.00012949147208788194
Talagante,2020-07-13,0.0002460408761058788
Talagante,2020-07-14,0.0002652063886215195
Talagante,2020-07-15,0.00016204307726500118
Talagante,2020-07-19,2.7450313286567793e-05
Talagante,2020-07-20,4.218179735769082e-05
Talagante,2020-07-23,0.00010482222291593412
Talagante,2020-07-24,0.00012881565665938887
Talagante,2020-07-27,6.663150513550522e-05
Talagante,2020-07-28,0.00020705579994436042
Talagante,2020-07-29,0.0002171797378025512
Talagante,2020-08-02,7.849369436621757e-05
Talagante,2020-08-03,0.00010589513563569297
Talagante,2020-08-04,0.0001832293800314464
Talagante,2020-08-06,8.408031162145812e-05
Talagante,2020-08-07,0.00013293995641827763
Talagante,2020-08-08,0.00014238462556599217
Talagante,2020-08-09,1.6150291783747784e-05
Talagante,2020-08-10,5.701863049328297e-05
Talagante,2020-08-11,7.148816028579999e-05
Talagante,2020-08-12,0.0001786902270631004
Talagante,2020-08-13,0.00011228866238778468
Talagante,2020-08-14,3.5229476095827554e-05
Talagante,2020-08-15,5.1483971329130106e-05
Talagante,2020-08-16,5.213283229331195e-05
Talagante,2020-08-17,6.139425912602853e-05
Talagante,2020-08-19,9.958137525245261e-05
Talagante,2020-08-20,0.0001695464566824352
Talagante,2020-08-21,0.00010499536059804029
Talagante,2020-08-22,6.957716159085886e-05
Talagante,2020-08-23,2.230756825519693e-05
Talagante,2020-08-24,4.65312618635628e-05
Talagante,2020-08-27,3.358584766447091e-05
Talagante,2020-08-29,2.9764325765009357e-05
Talagante,2020-08-30,3.188549667161285e-05
Talagante,2020-08-31,3.5778025567756024e-05
Talagante,2020-09-02,6.230803264881678e-05
Talagante,2020-09-03,7.120561468379362e-05
Talagante,2020-09-04,5.860064319265221e-05
Talagante,2020-09-05,3.69121462019098e-05
Talagante,2020-09-07,7.520961660109338e-05
Talagante,2020-09-09,5.530827567566792e-05
Talagante,2020-09-10,3.4475647623977304e-05
Talagante,2020-09-11,4.375062612807364e-05
Talagante,2020-09-12,3.581352479634196e-05
Talagante,2020-09-13,3.2970055914852166e-05
Talagante,2020-09-14,5.692786518973024e-05
Talagante,2020-09-15,4.618618249890086e-05
Talagante,2020-09-16,3.213506819794036e-05
Talagante,2020-09-17,6.069280476898882e-05
Talagante,2020-09-18,1.2478661278958134e-05
Talagante,2020-09-19,2.5733634209525932e-05
Talagante,2020-09-20,5.26354858191671e-05
Talagante,2020-09-21,5.228487170355243e-05
Talagante,2020-09-22,1.8543311754138325e-05
Talagante,2020-09-26,2.4467654882704768e-05
Talagante,2020-09-27,8.590406650909907e-06
Talagante,2020-09-28,5.448823770416054e-05
Talagante,2020-09-29,2.7222451081072923e-05
Talagante,2020-09-30,3.1978670274416466e-05
Talagante,2020-10-01,2.621225328652717e-05
Talagante,2020-10-02,2.645385210664299e-05
Talagante,2020-10-03,2.5183838014587932e-05
Talagante,2020-10-04,2.4362611685962964e-05
Talagante,2020-10-05,4.637492759267331e-05
Talagante,2020-10-06,2.4042194769269138e-05
Talagante,2020-10-07,3.383178692072679e-05
Talagante,2020-10-08,4.025629531177796e-05
Talagante,2020-10-09,4.9672253105601434e-05
Talagante,2020-10-10,3.1660732083083064e-05
Talagante,2020-10-11,1.8793612039069183e-05
Talagante,2020-10-12,3.634547485761103e-05
Talagante,2020-10-13,2.677039265947029e-05
Talagante,2020-10-14,4.666359799663885e-05
Talagante,2020-10-15,4.070101781096002e-05
Talagante,2020-10-16,2.728380555891755e-05
Talagante,2020-10-17,2.3485746511851168e-05
Talagante,2020-10-18,2.1688139124116693e-05
Talagante,2020-10-19,2.773018318911957e-05
Talagante,2020-10-20,3.216152751897228e-05
Talagante,2020-10-21,3.482706319701939e-05
Talagante,2020-10-23,3.519489675443629e-05
Talagante,2020-10-24,1.0968082494350151e-05
Talagante,2020-10-25,1.6602455408954252e-05
Talagante,2020-10-26,3.723639757422969e-05
Talagante,2020-10-28,1.9138753874948516e-05
Talagante,2020-10-29,1.151796873266636e-05
Talagante,2020-10-30,4.641579985300676e-05
Talagante,2020-10-31,4.226581012231512e-05
Talagante,2020-11-01,1.5414959808349022e-05
Talagante,2020-11-02,2.0448706698156928e-05
Talagante,2020-11-03,1.922918141506346e-05
Talagante,2020-11-04,2.149163685384876e-05
Talagante,2020-11-05,3.126727968447123e-05
Talagante,2020-11-06,3.389564975359563e-05
Talagante,2020-11-07,2.7337957885992882e-05
Talagante,2020-11-08,2.0638477614280998e-05
Talagante,2020-11-09,2.9365283067580237e-05
Talagante,2020-11-10,3.0769017741851e-05
Talagante,2020-11-11,2.941315446819463e-06
Talagante,2020-11-12,1.6165866650010665e-05
Talagante,2020-11-14,1.027782666852831e-05
Talagante,2020-11-15,1.5287019581243336e-05
Talagante,2020-11-16,2.618839035273647e-05
Talagante,2020-11-18,1.4272853988633934e-05
Talagante,2020-11-19,1.3237062083985707e-05
Talagante,2020-11-20,1.3599708379012902e-05
Talagante,2020-11-21,1.9026748067806637e-05
Talagante,2020-11-22,1.2542011029282703e-05
Talagante,2020-11-23,3.106998002964978e-06
Talagante,2020-11-24,7.930023730796178e-06
Talagante,2020-11-25,3.04393827657148e-05
Talagante,2020-11-26,2.8270468963880738e-05
Talagante,2020-11-27,1.3256926979525502e-05
Talagante,2020-11-28,1.7696271676418478e-05
Talagante,2020-11-29,1.7334083356371214e-05
Talagante,2020-11-30,1.6022374770822628e-05
Talagante,2020-12-02,2.1086169641551665e-05
Talagante,2020-12-03,2.3352963966389865e-05
Talagante,2020-12-04,1.650975766003819e-05
Talagante,2020-12-05,2.0265166727658057e-05
Talagante,2020-12-06,8.995982093647247e-06
Talagante,2020-12-07,2.6726928382592046e-05
Talagante,2020-12-08,2.6906693140984384e-05
Talagante,2020-12-09,4.1797262669335474e-05
Talagante,2020-12-10,1.0283708039805574e-05
Talagante,2020-12-11,1.8174571311595284e-05
Talagante,2020-12-12,1.2748397891641864e-05
Talagante,2020-12-13,-1.6266683974670575e-05
Talagante,2020-12-14,2.4913190456277255e-05
Talagante,2020-12-15,1.6700466173116703e-05
Talagante,2020-12-16,2.1620539213753183e-05
Talagante,2020-12-17,1.9877423489315043e-05
Talagante,2020-12-18,2.102503463386996e-05
Talagante,2020-12-19,1.1293319351662382e-05
Talagante,2020-12-20,1.0083569795716877e-05
Talagante,2020-12-21,1.9322610865482644e-05
Talagante,2020-12-22,1.1261184354186582e-05
Talagante,2020-12-23,1.4100914542226128e-05
Talagante,2020-12-24,2.0832394503848473e-05
Talagante,2020-12-25,2.2726587882565625e-05
Talagante,2020-12-26,2.298689909664117e-05
Talagante,2020-12-27,1.5699179754365127e-05
Talagante,2020-12-28,1.2932465995517968e-05
Talagante,2020-12-29,1.363899153220128e-05
Talagante,2020-12-30,3.308118755425764e-05
Talagante,2020-12-31,8.205143556590972e-06
Talagante,2021-01-01,8.46527675143752e-06
Talagante,2021-01-02,1.6257497710814444e-05
Talagante,2021-01-03,2.5141956966151913e-05
Talagante,2021-01-04,1.4554951237589609e-05
Talagante,2021-01-05,1.0155886230143079e-05
Talagante,2021-01-07,1.7498693432950594e-05
Talagante,2021-01-08,1.953395551451238e-05
Talagante,2021-01-09,1.5130899052386789e-05
Talagante,2021-01-10,3.38632577731982e-07
Talagante,2021-01-11,1.4541986020137704e-05
Talagante,2021-01-12,1.2058953583355381e-05
Talagante,2021-01-13,1.1254563065820626e-05
Talagante,2021-01-14,-2.9622521384320747e-06
Talagante,2021-01-15,3.346663889626451e-05
Talagante,2021-01-16,1.0201736157559593e-05
Talagante,2021-01-17,1.0201486282035619e-05
Talagante,2021-01-18,2.5671490443695125e-05
Talagante,2021-01-19,2.3646674273801588e-05
Talagante,2021-01-20,2.1847015849733197e-05
Talagante,2021-01-21,2.9807758760566023e-05
Talagante,2021-01-22,3.169429856909222e-05
Talagante,2021-01-23,1.9461522529231183e-05
Talagante,2021-01-24,1.8710070940880556e-05
Talagante,2021-01-25,1.6488111005597955e-05
Talagante,2021-01-26,2.073445435087443e-05
Talagante,2021-01-27,1.5363644822833186e-05
Talagante,2021-01-31,1.409540525017187e-05
Talagante,2021-02-01,1.8807284656585302e-05
Talagante,2021-02-02,2.072124880214628e-05
Talagante,2021-02-03,3.6869291410793685e-05
Talagante,2021-02-04,4.068317903170184e-05
Talagante,2021-02-05,3.450998729678316e-05
Talagante,2021-02-07,2.191601922448548e-05
Talagante,2021-02-08,2.243979220044477e-05
Talagante,2021-02-09,3.2421792450253814e-05
Talagante,2021-02-10,3.191089332107331e-05
Talagante,2021-02-12,1.8916800524525466e-05
Talagante,2021-02-13,-1.2527869652198757e-06
Talagante,2021-02-14,1.3773097536517312e-05
Talagante,2021-02-15,2.711105605083561e-05
Talagante,2021-02-17,1.972843774020661e-05
Talagante,2021-02-18,1.5939134755171378e-05
Talagante,2021-02-19,2.046546370380644e-05
Talagante,2021-02-20,2.9599462541252023e-05
Talagante,2021-02-21,1.5466093750498315e-05
Talagante,2021-02-22,1.363270744299513e-05
Talagante,2021-02-23,2.255006488904836e-05
Talagante,2021-02-24,1.721487536640012e-05
Talagante,2021-02-25,3.305063864227996e-05
Talagante,2021-02-26,2.1518979147088668e-05
Talagante,2021-02-27,2.6998256447029043e-05
Talagante,2021-02-28,1.5756330206766054e-05
Talagante,2021-03-01,2.4462543848979875e-05
Talagante,2021-03-02,2.8774280431797578e-05
Talagante,2021-03-03,2.855645790012458e-05
Talagante,2021-03-04,1.3303063444349996e-05
Talagante,2021-03-05,2.207453471302368e-05
Talagante,2021-03-06,1.152032943858306e-05
Talagante,2021-03-07,1.0445307560482932e-05
Talagante,2021-03-08,1.661115966764529e-05
Talagante,2021-03-09,3.6179053543914555e-05
Talagante,2021-03-10,1.6306365422029085e-05
Talagante,2021-03-12,1.935152908315434e-05
Talagante,2021-03-13,2.3521295402596746e-05
Talagante,2021-03-14,1.6370742001809385e-05
Talagante,2021-03-15,2.6935953134773346e-05
Talagante,2021-03-17,2.045102829245138e-05
Talagante,2021-03-18,5.076840043937838e-06
Talagante,2021-03-19,3.6840662710540836e-05
Talagante,2021-03-20,2.8660549810847102e-05
Talagante,2021-03-22,1.4568850862208192e-05
Talagante,2021-03-23,3.396643018563802e-05
Talagante,2021-03-24,1.3792074747627561e-05
Talagante,2021-03-25,2.2653148248136997e-05
Talagante,2021-03-26,2.9811259128295918e-05
Talagante,2021-03-27,3.2307665295603995e-05
Talagante,2021-03-28,2.9832328994698422e-05
Talagante,2021-03-29,4.167737325637356e-05
Talagante,2021-03-30,2.9332571435999224e-05
Talagante,2021-03-31,4.443546298182403e-05
Talagante,2021-04-01,2.036344128093196e-05
Talagante,2021-04-02,1.919282719302965e-05
Talagante,2021-04-03,2.393878907125377e-05
Talagante,2021-04-04,2.230656484110535e-05
Talagante,2021-04-05,2.739060768292229e-05
Talagante,2021-04-06,3.908024295025998e-05
Talagante,2021-04-07,1.9701086749705757e-05
Talagante,2021-04-08,2.5875275066108327e-05
Talagante,2021-04-09,2.6975446939610625e-05
Talagante,2021-04-10,4.2402750469974486e-05
Talagante,2021-04-11,3.221050491136301e-05
Talagante,2021-04-12,5.497181337088521e-05
Talagante,2021-04-13,6.115753951053028e-05
Talagante,2021-04-14,2.1259496176701353e-05
Talagante,2021-04-15,3.682018975542089e-05
Talagante,2021-04-16,2.4032415175520702e-05
Talagante,2021-04-18,2.772119450443192e-05
Talagante,2021-04-19,3.663755905890107e-05
Talagante,2021-04-20,6.404157817321309e-05
Talagante,2021-04-22,8.845339640212489e-05
Talagante,2021-04-24,7.589048931047164e-05
Talagante,2021-04-25,1.2466478528484164e-05
Talagante,2021-04-26,6.499872349353874e-05
Talagante,2021-04-27,4.9392175718121034e-05
Talagante,2021-04-28,0.00014002512980411475
Talagante,2021-04-29,6.497753755760345e-05
Talagante,2021-04-30,5.0867980379410337e-05
Talagante,2021-05-03,2.6528542816537762e-05
Talagante,2021-05-05,0.00011198297930904958
Talagante,2021-05-06,9.479557357715717e-05
Talagante,2021-05-07,7.039321784248066e-05
Talagante,2021-05-08,2.0512564662694735e-05
Talagante,2021-05-09,2.7061359046144162e-05
Talagante,2021-05-10,7.467285620433137e-05
Talagante,2021-05-11,0.00016354964701527374
Talagante,2021-05-12,0.00022927509956122288
Talagante,2021-05-14,0.0002568813774380293
Talagante,2021-05-17,0.00019795024215063503
Talagante,2021-05-21,4.532260335235843e-05
Talagante,2021-05-22,0.00012669176343259932
Talagante,2021-05-23,0.00014406233789602377
Talagante,2021-05-24,0.00017034325181867216
Talagante,2021-05-25,0.00024082743699666186
Talagante,2021-05-26,0.0002097510821280618
Talagante,2021-05-27,0.00019451316333539835
Talagante,2021-05-28,0.00011416814605240373
Talagante,2021-05-30,0.00016772890302659108
Talagante,2021-05-31,0.00030177914270470397
Talagante,2021-06-02,0.00029739034044994663
Talagante,2021-06-03,0.0003031306788264308
Talagante,2021-06-07,0.00014959286295794245
Talagante,2021-06-08,0.00030465807676175306
Talagante,2021-06-10,0.00018506771505091789
Talagante,2021-06-11,0.00045056653693084506
Talagante,2021-06-12,0.00015807081415213252
Talagante,2021-06-13,0.00012212842580979508
Talagante,2021-06-14,0.00020000189215413607
Talagante,2021-06-15,0.0001695868848853693
Talagante,2021-06-17,0.00016690476859334454
Talagante,2021-06-19,0.000472329701637502
Talagante,2021-06-21,7.67467865876592e-05
Talagante,2021-06-26,9.710327496609904e-05
Talagante,2021-06-27,0.00016281174370512598
Talagante,2021-06-28,0.00022031025647002697
Talagante,2021-07-01,0.0003618401817881704
Talagante,2021-07-02,0.0001900326000421226
Talagante,2021-07-04,0.0005106938291216373
Talagante,2021-07-05,0.00030277212464306663
Talagante,2021-07-06,0.0001766584753767551
Talagante,2021-07-07,0.00044500520567797335
Talagante,2021-07-08,0.00021931008122162774
Talagante,2021-07-10,0.00026861983225891494
Talagante,2021-07-13,0.0002873992738192152
Talagante,2021-07-14,0.00045343933305254836
Talagante,2021-07-15,0.00035339123444330564
Talagante,2021-07-16,0.0003159534585506311
Talagante,2021-07-17,0.0001272410173540803
Talagante,2021-07-18,0.00011564721211358418
Talagante,2021-07-19,0.00033491266609229827
Talagante,2021-07-20,0.0003644594881060279
Talagante,2021-07-21,0.0005166190676390976
Talagante,2021-07-23,0.0001398437166938936
Talagante,2021-07-25,3.806315691116587e-05
Talagante,2021-07-26,0.00011566894568569823
Talagante,2021-07-27,0.00018591996394456354
Talagante,2021-07-28,0.00035581730373477444
Talagante,2021-07-29,0.0002741596216400315
Talagante,2021-07-30,0.00025440741029272124
Talagante,2021-07-31,0.0002500274689383997
Talagante,2021-08-01,0.00017030304843278102
Talagante,2021-08-02,0.0001946954786016885
Talagante,2021-08-03,0.0001557451739698231
Talagante,2021-08-04,0.00010857027124294171
Talagante,2021-08-05,0.00021510359830476542
Talagante,2021-08-06,0.00021270003893362943
Talagante,2021-08-09,9.592395265736304e-05
Talagante,2021-08-10,0.00022211322867927207
Talagante,2021-08-11,0.00023239737112944466
Talagante,2021-08-13,0.0002212420680316905
Talagante,2021-08-22,4.214428314908691e-05
Talagante,2021-08-24,5.73250347554915e-05
Talagante,2021-08-25,6.481461832212596e-05
Talagante,2021-08-26,0.00010641854491749681
Talagante,2021-08-29,4.786625657917219e-05
Talagante,2021-08-31,9.058445247104895e-05
Talagante,2021-09-02,5.852272207188743e-05
Talagante,2021-09-03,4.608548660739836e-05
Talagante,2021-09-04,7.88790166624869e-05
Talagante,2021-09-05,1.7547575661722402e-05
Talagante,2021-09-08,0.00013519788501767328
Talagante,2021-09-09,0.00010290120591294378
Talagante,2021-09-13,4.3312600576663496e-05
Talagante,2021-09-14,7.962998764989657e-05
Talagante,2021-09-15,0.00013245039640204237
Talagante,2021-09-16,3.398238720117843e-05
Talagante,2021-09-17,3.6710051669491174e-05
Talagante,2021-09-18,1.8233452623016402e-05
Talagante,2021-09-19,1.2690938032182503e-05
Talagante,2021-09-20,4.570893235651487e-05
Talagante,2021-09-21,5.3029376189970434e-05
Talagante,2021-09-22,6.791504170985008e-05
Talagante,2021-09-23,7.727719875827964e-05
Talagante,2021-09-24,9.817692135350584e-05
Talagante,2021-09-25,2.038452645288942e-05
Talagante,2021-09-26,2.9983366670778915e-05
Talagante,2021-09-27,6.250370650691526e-05
Talagante,2021-09-28,5.6485000843612945e-05
Talagante,2021-09-30,2.4610842870604454e-05
Talagante,2021-10-01,4.853349664314151e-05
Talagante,2021-10-02,1.812477002713424e-05
Talagante,2021-10-03,4.845903761458851e-05
Talagante,2021-10-04,3.5908481651052805e-05
Talagante,2021-10-05,2.5699363499211528e-05
Talagante,2021-10-06,3.4071050552424314e-05
Talagante,2021-10-07,4.779664660865722e-05
Talagante,2021-10-08,3.568722950701664e-05
Talagante,2021-10-09,3.578055453655413e-05
Talagante,2021-10-10,2.76431736155446e-05
Talagante,2021-10-11,3.4064677698526336e-05
Talagante,2021-10-13,3.6602749588459865e-05
Talagante,2021-10-15,3.402207777335123e-05
Talagante,2021-10-16,1.5375757904500777e-05
Talagante,2021-10-17,3.0949377652393384e-05
Talagante,2021-10-18,5.591283545131167e-05
Talagante,2021-10-19,4.357587786361663e-05
Talagante,2021-10-20,1.7331132493702855e-05
Talagante,2021-10-21,2.572406423797665e-05
Talagante,2021-10-22,2.598541858391787e-05
Talagante,2021-10-23,2.297776831346032e-05
Talagante,2021-10-24,4.27906954810853e-05
Talagante,2021-10-25,4.661580003678873e-05
Talagante,2021-10-26,4.6524043192799005e-05
Talagante,2021-10-27,3.160325209871582e-05
Talagante,2021-10-28,3.403203974533316e-05
Talagante,2021-10-29,5.227466183580672e-05
Talagante,2021-10-30,3.341300385264418e-05
Talagante,2021-11-02,2.6355428415105143e-05
Talagante,2021-11-03,1.0844086288732776e-05
Talagante,2021-11-04,3.079673408073914e-05
Talagante,2021-11-05,2.091362196361203e-05
Talagante,2021-11-06,1.0991089613255026e-05
Talagante,2021-11-07,1.664963329989732e-05
Talagante,2021-11-08,3.8536333799823264e-05
Talagante,2021-11-09,3.279341478362082e-05
Talagante,2021-11-10,1.9995528853791245e-05
Talagante,2021-11-11,1.4491242005233809e-05
Talagante,2021-11-12,7.532808073681278e-06
Talagante,2021-11-13,1.3403986250043271e-05
Talagante,2021-11-14,1.623324543470999e-05
Talagante,2021-11-15,3.148415032572412e-05
Talagante,2021-11-16,2.214822737250548e-05
Talagante,2021-11-17,1.4826175501362837e-05
Talagante,2021-11-18,4.457828982764532e-05
Talagante,2021-11-19,3.3327140313497605e-05
Talagante,2021-11-20,2.8071715575141692e-05
Talagante,2021-11-21,2.2689346571182684e-05
Talagante,2021-11-22,3.7566425021756775e-05
Talagante,2021-11-23,2.868771949904618e-05
Talagante,2021-11-24,2.4192479287521104e-05
Talagante,2021-11-25,2.4958572978045182e-05
Talagante,2021-11-26,2.841588079024103e-05
Talagante,2021-11-27,2.35012248872849e-05
Talagante,2021-11-28,1.1192516703983205e-05
Talagante,2021-11-29,1.3835729033118402e-05
Talagante,2021-11-30,1.910674398460236e-05
Talagante,2021-12-01,2.4462202269395647e-05
Talagante,2021-12-02,1.6987095026091046e-05
Talagante,2021-12-03,1.306159452578277e-05
Talagante,2021-12-04,2.083912425730752e-05
Talagante,2021-12-05,2.0469365373944943e-05
Talagante,2021-12-06,2.3700624703158554e-05
Talagante,2021-12-07,1.7189268124638798e-05
Talagante,2021-12-08,2.3129317958355982e-05
Talagante,2021-12-09,1.660874802437602e-05
Talagante,2021-12-10,2.1333418278931616e-05
Talagante,2021-12-12,1.2645867172977523e-05
Talagante,2021-12-13,2.3982339486354198e-05
Talagante,2021-12-14,6.566992428036106e-06
Talagante,2021-12-15,1.8674297889896714e-05
Talagante,2021-12-16,2.4178364595632637e-05
Talagante,2021-12-17,3.178937225073144e-05
Talagante,2021-12-18,1.2896761053400164e-05
Talagante,2021-12-19,2.1597213349731738e-05
Talagante,2021-12-20,2.709495332524513e-05
Talagante,2021-12-21,2.2770378867005748e-05
Talagante,2021-12-22,3.097594436002811e-05
Talagante,2021-12-23,2.1672904607482517e-05
Talagante,2021-12-24,1.8941729074349846e-05
Talagante,2021-12-25,1.294350397137967e-05
Talagante,2021-12-26,1.880047962548222e-05
Talagante,2021-12-27,2.5832237805694803e-05
Talagante,2021-12-28,2.5016797995820755e-05
Talagante,2021-12-29,1.5487293880941422e-05
Talagante,2021-12-30,1.863451941849574e-05
Talagante,2021-12-31,6.987662470971344e-06
Talagante,2022-01-01,1.5390733178818828e-05
Talagante,2022-01-02,9.402622809005963e-06
Talagante,2022-01-03,1.1779486294182006e-05
Talagante,2022-01-04,1.1910990282901243e-05
Talagante,2022-01-05,1.6053054206593258e-05
Talagante,2022-01-06,1.9161425851951675e-05
Talagante,2022-01-07,3.725541629508031e-05
Talagante,2022-01-08,1.700946556382034e-05
Talagante,2022-01-09,6.267168427731894e-06
Talagante,2022-01-10,2.0293639193242976e-05
Talagante,2022-01-11,2.0004479393897955e-05
Talagante,2022-01-12,3.380447474359574e-05
Talagante,2022-01-13,2.6861141834254057e-05
Talagante,2022-01-14,1.6264916652666195e-05
Talagante,2022-01-15,1.5880073202246274e-05
Talagante,2022-01-16,7.5064332169292934e-06
Talagante,2022-01-17,3.273089581661594e-05
Talagante,2022-01-18,1.712392945561795e-05
Talagante,2022-01-19,1.4523989317625997e-05
Talagante,2022-01-20,1.2454909587103726e-05
Talagante,2022-01-21,8.55332044765268e-06
Talagante,2022-01-22,8.1329101154189e-06
Talagante,2022-01-23,1.91016215024358e-06
Talagante,2022-01-24,1.7801465057953096e-05
Talagante,2022-01-25,1.439294107194088e-05
Talagante,2022-01-26,1.9546475740046972e-05
Talagante,2022-01-27,1.3224565405387485e-05
Talagante,2022-01-28,2.4078658222812503e-05
Talagante,2022-01-29,1.0785135470412854e-05
Talagante,2022-01-30,1.3956779618373778e-05
Talagante,2022-01-31,1.7497450156937515e-05
Talagante,2022-02-01,1.986460365571234e-05
Talagante,2022-02-02,2.0716550941289406e-05
Talagante,2022-02-03,8.074069189842784e-06
Talagante,2022-02-04,2.7008022191466905e-05
Talagante,2022-02-05,1.2711850045417765e-05
Talagante,2022-02-06,8.020671021936849e-06
Talagante,2022-02-07,1.79713550155604e-05
Talagante,2022-02-08,3.1836054436567346e-05
Talagante,2022-02-09,2.2110719745691347e-05
Talagante,2022-02-10,1.0798861759265713e-05
Talagante,2022-02-11,2.1562200534130525e-05
Talagante,2022-02-12,1.8981825695897147e-05
Talagante,2022-02-13,2.9434984443754166e-05
Talagante,2022-02-14,3.137571708742656e-05
Talagante,2022-02-15,2.3694303334410575e-05
Talagante,2022-02-16,2.1453719023294778e-05
Talagante,2022-02-17,3.8481589919228036e-05
Talagante,2022-02-18,2.6683853533382127e-05
Talagante,2022-02-19,2.8456616939301742e-05
Talagante,2022-02-20,9.360857243206042e-06
Talagante,2022-02-21,1.6879375003990589e-06
Talagante,2022-02-22,1.4709310541748653e-05
Talagante,2022-02-23,1.8084175515068812e-06
Talagante,2022-02-24,7.177418558886934e-06
Talagante,2022-02-25,2.800451836132908e-05
Talagante,2022-02-26,2.7020360838553084e-05
Talagante,2022-02-27,1.3220331677243844e-05
Talagante,2022-02-28,2.5289118032501844e-05
Talagante,2022-03-01,4.9898880226714544e-05
Talagante,2022-03-02,5.5305463508356086e-05
Talagante,2022-03-03,1.8937522386207477e-05
Talagante,2022-03-04,9.835378655202125e-06
Talagante,2022-03-05,1.156308411023323e-05
Talagante,2022-03-06,5.670035572023494e-06
Talagante,2022-03-07,4.5410255550891253e-05
Talagante,2022-03-08,2.4276604346675157e-05
Talagante,2022-03-09,1.5841730139566466e-05
Talagante,2022-03-10,2.4305648170215297e-05
Talagante,2022-03-11,2.3309044193981404e-05
Talagante,2022-03-12,2.763617529590271e-05
Talagante,2022-03-13,1.7142485941172036e-05
Talagante,2022-03-14,3.234905356537338e-05
Talagante,2022-03-15,1.7708436016515397e-05
Talagante,2022-03-16,4.058186397128769e-05
Talagante,2022-03-18,3.206608979326254e-05
Talagante,2022-03-20,1.7336144503565394e-06
Talagante,2022-03-21,3.336279888298128e-05
Talagante,2022-03-22,4.1959859429716334e-05
Talagante,2022-03-23,2.4616010339177298e-05
Talagante,2022-03-24,4.981643657631835e-05
Talagante,2022-03-25,2.9627357395468627e-05
Talagante,2022-03-26,2.7305180224857374e-05
Talagante,2022-03-27,1.3736461412682666e-05
Talagante,2022-03-28,2.9104459380943514e-05
Talagante,2022-03-29,3.444903866607248e-05
Talagante,2022-03-30,4.4266339568320056e-05
Talagante,2022-03-31,6.768023976139402e-05
Talagante,2022-04-01,5.9395856618206933e-05
Talagante,2022-04-02,3.253059076173065e-05
Talagante,2022-04-03,1.5150636503845613e-05
Talagante,2022-04-04,4.1740333861884024e-05
Talagante,2022-04-05,5.7539605464056827e-05
Talagante,2022-04-06,5.4652364011807585e-05
Talagante,2022-04-07,6.1015296324435595e-05
Talagante,2022-04-08,7.081030808844127e-05
Talagante,2022-04-09,1.7789083443911332e-05
Talagante,2022-04-10,1.4797454242421244e-06
Talagante,2022-04-11,3.582204164562516e-05
Talagante,2022-04-13,0.00010791125559103891
Talagante,2022-04-14,6.873119350858122e-05
Talagante,2022-04-16,2.1484077755651388e-05
Talagante,2022-04-17,2.3178688524954628e-05
Talagante,2022-04-18,6.211721563827593e-05
Talagante,2022-04-19,8.220635892693564e-05
Talagante,2022-04-20,6.504149206046884e-05
Talagante,2022-04-22,9.002537483262382e-05
Talagante,2022-04-23,4.6544978106392626e-05
Talagante,2022-04-24,4.130200868587887e-05
Talagante,2022-04-25,4.175039496041769e-05
Talagante,2022-04-28,0.0002172634694175604
Talagante,2022-04-29,0.00033450420071928473
Talagante,2022-04-30,0.00017938870523447317
Talagante,2022-05-02,0.0001549200929446365
Talagante,2022-05-03,0.0002990137922305688
Talagante,2022-05-04,0.00017517012931481395
Talagante,2022-05-06,0.0002963582420883818
Talagante,2022-05-07,0.00013085646197218161
Talagante,2022-05-09,0.00018767313963121942
Talagante,2022-05-10,0.00027295292078529184
Talagante,2022-05-13,0.00033455981037394607
Talagante,2022-05-15,0.00015852222516505747
Talagante,2022-05-16,0.00011227220612373677
Talagante,2022-05-17,0.0002233784757835462
Talagante,2022-05-18,0.00018556812538979582
Talagante,2022-05-19,0.000139678273088237
Talagante,2022-05-20,4.2330578633001956e-05
Talagante,2022-05-21,0.00013803446305695765
Talagante,2022-05-25,0.00025723400829668133
Talagante,2022-05-29,0.00010981820782322008
Talagante,2022-05-30,0.0001714099680393043
Talagante,2022-05-31,0.00024135359140046127
Talagante,2022-06-01,0.0001854101058702942
Talagante,2022-06-05,4.169392442879554e-05
Talagante,2022-06-06,0.0002711568692311802
Talagante,2022-06-07,0.00030887325968168206
Talagante,2022-06-09,0.0003479271951854713
Talagante,2022-06-10,0.00033660687998715306
Talagante,2022-06-11,0.0006447532921187054
Talagante,2022-06-12,0.0002789292315520094
Talagante,2022-06-14,0.00022288099262375205
Talagante,2022-06-15,0.00034630413500289083
Talagante,2022-06-16,0.00013442336191042152
Talagante,2022-06-17,0.0003522454300885856
Talagante,2022-06-22,0.00011115390952909047
Talagante,2022-06-25,0.0003111064431111414
Talagante,2022-06-26,0.0002702839008964047
Talagante,2022-06-27,0.00012914129893145158
Talagante,2022-06-28,0.0002503080877764155
Talagante,2022-06-29,0.00018755421554395106
Talagante,2022-06-30,0.00022643740227485634
Talagante,2022-07-02,0.00013232500993394302
Talagante,2022-07-04,0.00036155353528531133
Talagante,2022-07-05,0.0004110733862034859
Talagante,2022-07-07,0.0002957955842666371
Talagante,2022-07-08,0.00023240630051364532
Talagante,2022-07-11,0.00011423081135604857
Talagante,2022-07-12,0.00031128015909983946
Talagante,2022-07-16,3.499654100140896e-05
Talagante,2022-07-19,0.00025559001681472695
Talagante,2022-07-20,0.0002182734304600442
Talagante,2022-07-21,0.00026382907514535065
Talagante,2022-07-22,0.00022923145423405625
Talagante,2022-07-23,0.00030640376970787715
Talagante,2022-07-26,0.0001011056563719576
Talagante,2022-07-28,0.00011955146531415366
Talagante,2022-07-29,0.0001694815353854434
Talagante,2022-07-31,8.791563009594374e-05
Talagante,2022-08-02,0.00018143635246392452
Talagante,2022-08-03,7.733162884545442e-05
Talagante,2022-08-04,0.0002677390612101927
Talagante,2022-08-05,0.0002713309702906041
Talagante,2022-08-07,1.6061758709990593e-05
Talagante,2022-08-08,0.00013566389474862004
Talagante,2022-08-10,7.88371725229876e-05
Talagante,2022-08-11,0.00012056086809456956
Talagante,2022-08-12,7.808608827802357e-05
Talagante,2022-08-13,0.000129521458563453
Talagante,2022-08-15,2.8107071820567845e-05
Talagante,2022-08-18,0.0001159137115157738
Talagante,2022-08-19,0.00031061861085760167
Talagante,2022-08-20,0.00021392348668060945
Talagante,2022-08-21,7.574608611805701e-05
Talagante,2022-08-23,0.00024282846674723632
Talagante,2022-08-25,0.0001804600907960738
Talagante,2022-08-27,6.772569969351197e-05
Talagante,2022-08-28,9.360573328638772e-05
Talagante,2022-08-29,7.752882134662161e-05
Talagante,2022-09-02,0.00013640844046499046
Talagante,2022-09-03,9.043397952582108e-05
Talagante,2022-09-04,9.742648289471818e-05
Talagante,2022-09-05,8.765280288843737e-05
Talagante,2022-09-06,6.618358700427685e-05
Talagante,2022-09-07,3.386163380942439e-05
Talagante,2022-09-08,5.048015287062034e-05
Talagante,2022-09-09,8.094300323693286e-05
Talagante,2022-09-10,8.887949679404277e-05
Talagante,2022-09-12,5.13862541926788e-05
Talagante,2022-09-13,5.826071463282004e-05
Talagante,2022-09-14,0.00014371377514244536
Talagante,2022-09-21,4.035622103917337e-05
Talagante,2022-09-22,0.00010186251431468029
Talagante,2022-09-23,4.4102481002027426e-05
Talagante,2022-09-25,4.971491115330553e-05
Talagante,2022-09-26,5.591056320717386e-05
Talagante,2022-09-27,5.602692548302001e-05
Talagante,2022-09-28,4.085868204286452e-05
Talagante,2022-09-30,6.405413727168582e-05
Talagante,2022-10-01,5.813636094171494e-05
Talagante,2022-10-02,2.5642687339230023e-05
Talagante,2022-10-03,2.8270811533067738e-05
Talagante,2022-10-05,2.213542083606208e-05
Talagante,2022-10-06,4.841855007908336e-05
Talagante,2022-10-07,2.6262366246534463e-05
Talagante,2022-10-08,2.748519307785607e-05
Talagante,2022-10-09,2.0581230135618995e-05
Talagante,2022-10-10,1.5858152413934036e-05
Talagante,2022-10-11,4.876054444491212e-05
Talagante,2022-10-12,3.816028895032637e-05
Talagante,2022-10-13,4.6156431538628504e-05
Talagante,2022-10-14,4.294521852315283e-05
Talagante,2022-10-15,2.9822650593307702e-05
Talagante,2022-10-16,3.788827277081694e-05
Talagante,2022-10-17,3.37984196883748e-05
Talagante,2022-10-18,3.1098474294665763e-05
Talagante,2022-10-19,3.094365744793767e-05
Talagante,2022-10-20,4.156546147593812e-05
Talagante,2022-10-21,3.9311523038953454e-05
Talagante,2022-10-22,4.9630214764622675e-05
Talagante,2022-10-23,2.574194812651324e-05
Talagante,2022-10-24,4.120416318844724e-05
Talagante,2022-10-25,2.84400541298652e-05
Talagante,2022-10-26,3.1353005573316585e-05
Talagante,2022-10-27,4.5184827798477185e-05
Talagante,2022-10-28,5.059039256093059e-05
Talagante,2022-10-29,1.506716800766558e-05
Talagante,2022-10-30,2.7359187441964968e-05
Talagante,2022-10-31,2.83926054645737e-05
Talagante,2022-11-01,3.8375745680950985e-05
Talagante,2022-11-02,4.555293323073382e-05
Talagante,2022-11-04,3.467872341820484e-05
Talagante,2022-11-05,2.5212005143245847e-05
Talagante,2022-11-06,1.9644481354237343e-05
Talagante,2022-11-07,2.8484152358448595e-05
Talagante,2022-11-14,5.657886424902425e-06
Talagante,2022-11-15,1.3458049792603926e-05
Talagante,2022-11-16,3.0366137661512493e-05
Talagante,2022-11-17,2.392685925714212e-05
Talagante,2022-11-18,2.4256222729142983e-05
Talagante,2022-11-19,1.2252747435195285e-05
Talagante,2022-11-20,4.0056101656584645e-06
Talagante,2022-11-21,3.4506421610698906e-05
Talagante,2022-11-22,3.066029595063474e-05
Talagante,2022-11-23,3.2867522388953366e-05
Talagante,2022-11-24,2.3496470843726323e-05
Talagante,2022-11-25,2.2085423854842313e-05
Talagante,2022-11-26,2.750131146358601e-05
Talagante,2022-11-27,8.676751702213252e-06
Talagante,2022-11-28,1.1533409317976846e-05
Talagante,2022-11-29,1.1483828420300095e-05
Talagante,2022-11-30,1.2786111694954644e-05
Talagante,2022-12-01,1.8034790658302e-05
Talagante,2022-12-02,2.2395621753417023e-05
Talagante,2022-12-03,1.4111110943146011e-05
Talagante,2022-12-04,2.7135861286287665e-05
Talagante,2022-12-05,1.7149144754761984e-05
Talagante,2022-12-06,1.2087043045945863e-05
Talagante,2022-12-07,1.963785956574203e-05
Talagante,2022-12-08,1.7698836699550307e-05
Talagante,2022-12-09,2.5983488199743163e-05
Talagante,2022-12-10,1.595979194362173e-05
Talagante,2022-12-11,9.186998456449902e-06
Talagante,2022-12-12,2.6587772616500574e-05
Talagante,2022-12-13,2.3546332934208236e-05
Talagante,2022-12-14,3.495148420736298e-05
Talagante,2022-12-15,3.5057187267725646e-05
Talagante,2022-12-16,2.0355278472835263e-05
Talagante,2022-12-17,1.230482140920366e-05
Talagante,2022-12-18,1.6154811105211826e-05
Talagante,2022-12-19,2.274459633785294e-05
Talagante,2022-12-20,2.1729497962465097e-05
Talagante,2022-12-21,1.665098437609948e-05
Talagante,2022-12-22,7.835479473458052e-06
Talagante,2022-12-23,1.6423822592432354e-05
Talagante,2022-12-24,1.85968095061434e-05
Talagante,2022-12-25,8.505217080092053e-06
Talagante,2022-12-26,9.579895643859585e-06
Talagante,2022-12-27,1.1621729530982038e-05
Talagante,2022-12-28,2.3703459691796415e-05
Talagante,2022-12-29,0.0002474398035642315
Talagante,2022-12-30,1.8484873922158074e-05
Talagante,2023-01-01,1.6460294174242157e-05
Talagante,2023-01-02,1.1205206569044507e-05
Talagante,2023-01-03,1.8752435165014327e-05
Talagante,2023-01-04,2.3948519494718952e-05
Talagante,2023-01-05,2.6899685915257092e-05
Talagante,2023-01-06,1.4823974947560623e-05
Talagante,2023-01-07,1.450572260489217e-05
Talagante,2023-01-08,8.703795147140905e-06
Talagante,2023-01-09,2.009676303151606e-05
Talagante,2023-01-10,1.0679336809723399e-05
Talagante,2023-01-11,2.1001084116690566e-05
Talagante,2023-01-12,1.1839171303365227e-05
Talagante,2023-01-13,1.094865688838342e-05
Talagante,2023-01-14,3.1811394885371824e-06
Talagante,2023-01-15,1.37819010084116e-05
Talagante,2023-01-16,1.5142846372552064e-05
Talagante,2023-01-17,1.5529025268541847e-05
Talagante,2023-01-18,1.6711092338918212e-05
Talagante,2023-01-19,1.393045372622672e-05
Talagante,2023-01-20,4.468261822361342e-06
Talagante,2023-01-21,1.3743570500763696e-05
Talagante,2023-01-22,1.2365797589201427e-05
Talagante,2023-01-23,1.5845259493454897e-05
Talagante,2023-01-24,1.2124722906666196e-05
Talagante,2023-01-25,2.061027871738973e-05
Talagante,2023-01-26,9.01651223740315e-06
Talagante,2023-01-27,1.5902407428546895e-05
Talagante,2023-01-28,9.090119363037882e-06
Talagante,2023-01-29,1.6275313203618327e-05
Talagante,2023-01-30,2.284343443607541e-05
Talagante,2023-01-31,1.5551022008614173e-05
Talagante,2023-02-01,9.444596083980928e-06
Talagante,2023-02-02,2.2317006803379484e-05
Talagante,2023-02-03,1.788991095058647e-05
Talagante,2023-02-04,3.111469814751448e-05
Talagante,2023-02-05,2.3598015759690763e-05
Talagante,2023-02-06,2.6044947515851753e-05
Talagante,2023-02-07,2.558182298557587e-05
Talagante,2023-02-08,2.739249764764736e-05
Talagante,2023-02-09,4.2344919713795356e-05
Talagante,2023-02-10,3.743790178909387e-05
Talagante,2023-02-11,2.6636172753668074e-05
Talagante,2023-02-12,1.6853751207245276e-05
Talagante,2023-02-13,1.1821420496028352e-05
Talagante,2023-02-14,8.372169630325645e-06
Talagante,2023-02-15,2.2827506740777395e-05
Talagante,2023-02-16,2.2924312374568503e-05
Talagante,2023-02-17,1.6868064413358523e-05
Talagante,2023-02-18,9.108546018250089e-06
Talagante,2023-02-19,1.830840491530943e-06
Talagante,2023-02-20,2.3064002503516286e-05
Talagante,2023-02-21,3.340481813022819e-05
Talagante,2023-02-22,2.2263204402915763e-05
Talagante,2023-02-23,1.4514531626501465e-05
Talagante,2023-02-24,1.2658616469706977e-05
Talagante,2023-02-25,1.5791443753139308e-05
Talagante,2023-02-26,2.0619365522755835e-05
Talagante,2023-02-27,3.346395907470484e-05
Talagante,2023-02-28,2.29056889751244e-05
Talagante,2023-03-01,3.078007893903044e-05
Talagante,2023-03-02,1.2705909344991804e-05
Talagante,2023-03-03,1.9871263787878886e-05
Talagante,2023-03-04,2.759923610205179e-05
Talagante,2023-03-05,1.823546761770864e-05
Talagante,2023-03-06,6.270454149498501e-06
Talagante,2023-03-07,1.542990210737982e-05
Talagante,2023-03-08,1.1830089230358588e-05
Talagante,2023-03-09,6.481309667410233e-06
Talagante,2023-03-10,4.2737999859138566e-05
Talagante,2023-03-11,1.790155131370104e-05
Talagante,2023-03-12,4.515939541806459e-07
Talagante,2023-03-13,1.608805511717932e-05
Talagante,2023-03-14,5.668941465649617e-06
Talagante,2023-03-15,3.3205320242103355e-05
Talagante,2023-03-16,8.839350645627708e-06
Talagante,2023-03-17,1.0878388765434096e-05
Talagante,2023-03-18,2.069967043949093e-05
Talagante,2023-03-19,2.2767909985075964e-05
Talagante,2023-03-20,2.625589328245751e-05
Talagante,2023-03-21,3.147873438014915e-05
Talagante,2023-03-22,2.843636503303411e-05
Talagante,2023-03-23,2.2043587489268678e-05
Talagante,2023-03-24,3.877236270584019e-05
Talagante,2023-03-25,5.390263952534287e-05
Talagante,2023-03-26,2.5792036194363858e-05
Talagante,2023-03-27,2.3075302559379943e-05
Talagante,2023-03-28,9.100755156925711e-06
Talagante,2023-03-29,2.622560890631784e-05
Talagante,2023-03-30,2.163564308254094e-05
Talagante,2023-03-31,6.708850867921818e-05
Talagante,2023-04-01,4.086283904705329e-05
Talagante,2023-04-02,3.461701617901938e-05
Talagante,2023-04-03,3.672196559411726e-05
Talagante,2023-04-04,3.973003223881143e-05
Talagante,2023-04-05,4.871697354447933e-05
Talagante,2023-04-06,6.37175119701181e-05
Talagante,2023-04-07,6.168920178085889e-05
Talagante,2023-04-08,3.105423215197365e-05
Talagante,2023-04-09,3.707835267518422e-05
Talagante,2023-04-10,6.230186148836091e-05
Talagante,2023-04-11,3.112810641055865e-05
Talagante,2023-04-13,2.9817599890341774e-05
Talagante,2023-04-15,2.556502592708432e-05
Talagante,2023-04-16,3.910452743981065e-05
Talagante,2023-04-17,3.488682114864651e-05
Talagante,2023-04-19,6.0644835978844604e-05
Talagante,2023-04-20,1.8775463083807397e-05
Talagante,2023-04-21,8.375730080736001e-05
Talagante,2023-04-22,7.453246422704757e-05
Talagante,2023-04-23,2.1246603378347136e-05
Talagante,2023-04-24,4.421922062515737e-05
Talagante,2023-04-25,7.514284856583662e-05
Talagante,2023-04-27,7.464784928089225e-05
Talagante,2023-04-30,3.978159745615976e-05
Talagante,2023-05-01,6.491262457510286e-05
Talagante,2023-05-02,0.000130832197092261
Talagante,2023-05-03,9.87123895802838e-05
Talagante,2023-05-04,3.7561705197454246e-05
Talagante,2023-05-05,0.00012907456927380205
Talagante,2023-05-07,0.00013826184856720629
Talagante,2023-05-08,0.00025949924569677
Talagante,2023-05-09,0.00024133955557782553
Talagante,2023-05-11,0.0001972151341092221
Talagante,2023-05-12,0.00020342158018910644
Talagante,2023-05-13,0.00013503818645550984
Talagante,2023-05-14,6.178446448395496e-05
Talagante,2023-05-16,0.00010853240505889192
Talagante,2023-05-19,0.00014890825991109553
Talagante,2023-05-20,0.00014468043498522208
Talagante,2023-06-01,0.00012994584015997153
Talagante,2023-06-02,6.943775628952675e-05
Talagante,2023-06-04,0.0001255128827344939
Talagante,2023-06-05,0.00017278011388435316
Talagante,2023-06-10,4.867690879073824e-05
Talagante,2023-06-11,8.461489097739555e-05
Talagante,2023-06-12,0.00022509584876831686
Talagante,2023-06-13,0.00037617222591794665
Talagante,2023-06-14,0.00031932981477025694
Talagante,2023-06-15,0.0003073133858166566
Talagante,2023-06-16,0.000224196890856424
Talagante,2023-06-17,0.00032609451307317647
Talagante,2023-06-19,0.00022802065771903237
Talagante,2023-06-27,0.0001089785466123271
Talagante,2023-06-29,0.0002071214787343282
Talagante,2023-06-30,0.0003315564114366534
Talagante,2023-07-02,5.837298365581734e-05
Talagante,2023-07-03,0.0001100345718739603
Talagante,2023-07-04,4.050119636242399e-05
Talagante,2023-07-05,0.00013325021665029055
Talagante,2023-07-09,0.00010050365057339071
Talagante,2023-07-10,0.00014332675914957202
Talagante,2023-07-15,0.0002078670639798945
Talagante,2023-07-16,0.00027809986104470566
Talagante,2023-07-19,0.00018891249372184616
Talagante,2023-07-24,0.0001335321315236467
Talagante,2023-07-25,3.2099135072085555e-05
Talagante,2023-07-26,0.00017124849003476606
Talagante,2023-07-27,0.0002754224303888807
Talagante,2023-07-29,0.0001933219478639646
Talagante,2023-07-31,8.720331597936551e-05
Talagante,2023-08-01,0.0001356040533966331
Talagante,2023-08-02,0.00012328657525586357
Talagante,2023-08-03,0.00015496489296816382
Talagante,2023-08-04,0.00013110899130247284
Talagante,2023-08-06,5.11569721124313e-05
Talagante,2023-08-08,0.00024157019819942544
Talagante,2023-08-11,0.00010374132468923625
Talagante,2023-08-12,8.63061224697295e-05
Talagante,2023-08-13,5.7467700248851604e-05
Talagante,2023-08-14,9.779798984553972e-05
Talagante,2023-08-24,4.842734664443379e-05
Talagante,2023-08-25,8.185520468125833e-05
Talagante,2023-08-26,9.056705487218765e-05
Talagante,2023-08-27,8.01735407415938e-05
Talagante,2023-08-29,0.00011230488482279725
Talagante,2023-08-30,7.257356352217624e-05
Talagante,2023-08-31,8.148725694984981e-05
Talagante,2023-09-11,5.4164885378351524e-05
Talagante,2023-09-12,3.610622123776673e-05
Talagante,2023-09-14,7.198212529075366e-05
Talagante,2023-09-15,6.32351170962767e-05
Talagante,2023-09-16,1.6550544882147715e-05
Talagante,2023-09-23,6.976681448090451e-05
Talagante,2023-09-24,2.5383712861330828e-05
Talagante,2023-09-25,3.355395297664148e-05
Talagante,2023-09-26,4.0731249884526564e-05
Talagante,2023-09-27,4.371079025142296e-05
Talagante,2023-09-28,2.810807845707002e-05
Talagante,2023-09-29,6.666115786555904e-05
Talagante,2023-09-30,3.485484395947888e-05
Talagante,2023-10-03,3.874085960146632e-05
Talagante,2023-10-04,6.508469522540794e-05
Talagante,2023-10-05,2.5040198631219468e-05
Talagante,2023-10-06,1.9995240897211868e-05
Talagante,2023-10-07,4.3507390145818466e-05
Talagante,2023-10-08,4.644146115953227e-05
Talagante,2023-10-09,3.488600431821321e-05
Talagante,2023-10-11,4.024761265985544e-05
Talagante,2023-10-12,2.9896592355347962e-05
Talagante,2023-10-13,3.724121073601678e-05
Talagante,2023-10-14,3.418894915037191e-05
Talagante,2023-10-15,3.486708155329425e-05
Talagante,2023-10-16,4.1970313131751315e-05
Talagante,2023-10-17,3.649937026430795e-05
Talagante,2023-10-18,3.098172427387587e-05
Talagante,2023-10-19,4.013431680537104e-05
Talagante,2023-10-23,1.6956600640030742e-05
Talagante,2023-10-24,1.8339881501906014e-05
Talagante,2023-10-25,2.9965385567977884e-05
Talagante,2023-10-26,2.4108687266855134e-05
Talagante,2023-10-27,1.9964409105205777e-05
Talagante,2023-10-31,3.971272888381117e-05
Talagante,2023-11-03,6.235432169946171e-05
Talagante,2023-11-04,3.321646083558413e-05
Talagante,2023-11-05,4.814880067757482e-06
Talagante,2023-11-06,1.9791057214970203e-05
Talagante,2023-11-07,1.5538235569833543e-05
Talagante,2023-11-08,2.6552774799560203e-05
Talagante,2023-11-09,4.379398594733063e-05
Talagante,2023-11-13,1.4289493268224232e-05
Talagante,2023-11-14,2.1233741290299318e-05
Talagante,2023-11-15,3.3413702452731454e-05
Talagante,2023-11-16,2.9913143086967354e-05
Talagante,2023-11-19,1.8574396233438887e-05
Talagante,2023-11-20,2.7584539378689837e-05
Talagante,2023-11-22,1.0538310525250222e-05
Talagante,2023-11-23,1.3609579576215237e-05
Talagante,2023-11-24,2.4693686734294822e-05
Talagante,2023-11-25,2.5999991651960674e-05
Talagante,2023-11-26,2.096631221010816e-05
Talagante,2023-11-27,7.970611509403444e-06
Talagante,2023-11-28,1.622545866365566e-05
Talagante,2023-11-29,2.0736964819583828e-05
Talagante,2023-11-30,1.8472212543561756e-05
Talagante,2023-12-01,2.975332049818698e-06
Talagante,2023-12-02,3.556184256905156e-05
Talagante,2023-12-03,1.2390916681786612e-05
Talagante,2023-12-04,1.3050358054364373e-05
Talagante,2023-12-05,1.5778532619776422e-05
Talagante,2023-12-06,2.546847906570354e-05
Talagante,2023-12-07,3.645751794771608e-05
Talagante,2023-12-08,1.6094569962621088e-05
Talagante,2023-12-09,1.4494865432471253e-05
Talagante,2023-12-10,1.8992265417274293e-05
Talagante,2023-12-11,2.250769529837916e-05
Talagante,2023-12-12,-4.400428925870447e-06
Talagante,2023-12-13,1.4940829893971444e-05
Talagante,2023-12-14,1.0626188739634254e-05
Talagante,2023-12-15,1.2461500592919483e-05
Talagante,2023-12-16,-9.761896171140532e-06
Talagante,2023-12-17,8.640001524732933e-06
Talagante,2023-12-18,2.2983632988778573e-05
Talagante,2023-12-19,1.7876936520769534e-05
Talagante,2023-12-21,1.5988522521336238e-05
Talagante,2023-12-22,2.8387068346950662e-05
Talagante,2023-12-24,2.217709648749151e-05
Talagante,2023-12-25,2.0097458405436566e-05
Talagante,2023-12-26,2.725767753385304e-05
Talagante,2023-12-27,-1.3108760747329713e-05
Talagante,2023-12-29,1.7623608316245735e-05
Talagante,2023-12-30,2.0914606606420676e-05
Talagante,2023-12-31,1.3293512655446417e-05
Talagante,2024-01-01,2.6305880851559407e-05
Talagante,2024-01-02,2.6834780620680883e-05
Talagante,2024-01-03,2.5974955337359557e-05
Talagante,2024-01-04,2.71204314183325e-05
Talagante,2024-01-05,1.6417410995430687e-05
Talagante,2024-01-06,1.4354537186153441e-05
Talagante,2024-01-07,2.350592555716237e-05
Talagante,2024-01-08,1.2351441200386624e-05
Talagante,2024-01-09,1.255715883888938e-05
Talagante,2024-01-10,1.545577339406638e-05
Talagante,2024-01-11,1.118107556619848e-05
Talagante,2024-01-12,2.4794206339546354e-05
Talagante,2024-01-13,9.61447904842734e-06
Talagante,2024-01-14,1.552094203178899e-05
Talagante,2024-01-15,1.1111029085871438e-05
Talagante,2024-01-16,2.3424562454891447e-05
Talagante,2024-01-17,1.7480650446827955e-05
Talagante,2024-01-18,2.989848757573486e-05
Talagante,2024-01-19,2.9673871156879827e-05
Talagante,2024-01-20,1.1488367524150228e-05
Talagante,2024-01-21,1.9633361160065836e-05
Talagante,2024-01-22,3.2573088592086224e-05
Talagante,2024-01-23,2.8283921583317922e-05
Talagante,2024-01-24,3.5055702443549774e-05
Talagante,2024-01-25,2.712681550221471e-05
Talagante,2024-01-26,1.8201621563817174e-05
Talagante,2024-01-27,1.7749879561717268e-05
Talagante,2024-01-28,2.4615434505953377e-05
Talagante,2024-01-29,1.6672625451508794e-05
Talagante,2024-01-30,2.9971740605224566e-05
Talagante,2024-01-31,2.457918745679736e-05
Talagante,2024-02-01,2.0258692263523372e-05
Talagante,2024-02-02,2.99408383731233e-05
Talagante,2024-02-03,2.89443846282286e-05
Talagante,2024-02-05,2.3357444954147034e-05
Talagante,2024-02-06,1.5557341379638774e-05
Talagante,2024-02-07,1.7965884844680025e-05
Talagante,2024-02-08,1.8368041065953244e-05
Talagante,2024-02-09,2.2646242609887834e-05
Talagante,2024-02-10,1.3920049991349744e-05
Talagante,2024-02-11,1.1293548439346734e-05
Talagante,2024-02-12,2.7626499074014577e-05
Talagante,2024-02-13,3.768247009493496e-05
Talagante,2024-02-14,2.9284608608524234e-05
Talagante,2024-02-15,2.965289271455772e-05
Talagante,2024-02-16,1.8976446880962315e-05
Talagante,2024-02-17,1.2925465595204918e-05
Talagante,2024-02-18,2.9054321012256677e-05
Talagante,2024-02-19,1.9772795747400617e-05
Talagante,2024-02-20,3.431431011740973e-05
Talagante,2024-02-21,1.7589653096504097e-05
Talagante,2024-02-23,4.543035701702197e-05
Talagante,2024-02-24,7.2038673165425545e-06
Talagante,2024-02-25,2.710208455461004e-05
Talagante,2024-02-26,2.056041929628246e-05
Talagante,2024-02-27,1.9537051607468237e-05
Talagante,2024-02-28,2.6634989853020682e-05
Talagante,2024-02-29,3.5830542392558954e-05
Talagante,2024-03-01,1.4185325867049226e-05
Talagante,2024-03-02,2.1605139145136603e-05
Talagante,2024-03-03,1.4104412072191122e-05
Talagante,2024-03-04,-5.626788337090885e-06
Talagante,2024-03-05,2.08925147266151e-05
Talagante,2024-03-06,1.6858094301493284e-05
Talagante,2024-03-07,2.603633246941429e-05
Talagante,2024-03-08,1.9649426115579773e-05
Talagante,2024-03-09,1.4400760637101054e-05
Talagante,2024-03-10,7.420558467236691e-06
Talagante,2024-03-11,-3.16556027798389e-07
Talagante,2024-03-12,3.326928643958152e-05
Talagante,2024-03-13,2.644711051585608e-05
Talagante,2024-03-14,1.85418357448405e-05
Talagante,2024-03-15,2.5764292070152354e-05
Talagante,2024-03-16,3.14593894323312e-05
Talagante,2024-03-17,3.961721909021268e-06
Talagante,2024-03-18,2.143194655414866e-05
Talagante,2024-03-19,2.4973663888078558e-05
Talagante,2024-03-21,3.573107088396032e-05
Talagante,2024-03-22,3.057142519028861e-05
Talagante,2024-03-23,2.912095445723813e-05
Talagante,2024-03-24,2.07753462482898e-05
Talagante,2024-03-25,2.2044821751582875e-05
Talagante,2024-03-26,3.629601845272006e-05
Talagante,2024-03-27,3.615234879637402e-05
Talagante,2024-03-28,3.416590903647393e-05
Talagante,2024-03-29,2.3762091263227702e-05
Talagante,2024-03-30,1.761130468713352e-05
Talagante,2024-03-31,2.8107093202843725e-05
Talagante,2024-04-01,2.631508974634354e-05
Talagante,2024-04-04,6.476047832017315e-05
Talagante,2024-04-05,3.6010853047082614e-05
Talagante,2024-04-06,3.5074124269709875e-05
Talagante,2024-04-07,4.2517261343332696e-05
Talagante,2024-04-08,4.6854002028464625e-05
Talagante,2024-04-09,5.041267133225836e-05
Talagante,2024-04-10,2.2343337255403054e-05
Talagante,2024-04-13,5.691054663569314e-05
Talagante,2024-04-14,2.5778972172540993e-05
Talagante,2024-04-16,5.203498284370023e-05
Talagante,2024-04-17,0.00012527441962347356
Talagante,2024-04-18,0.00011601861874644377
Talagante,2024-04-22,1.5931692582007658e-05
Talagante,2024-04-23,0.00010691747123869246
Talagante,2024-04-24,4.1479796812747416e-05
Talagante,2024-04-25,5.4014717170682434e-05
Talagante,2024-04-26,4.6071763478183974e-05
Talagante,2024-04-27,3.139797622443325e-05
Talagante,2024-04-29,5.3650919234443694e-05
Talagante,2024-05-03,8.114431690953634e-05
Talagante,2024-05-04,6.299854516076725e-05
Talagante,2024-05-05,1.7014597712648656e-05
Talagante,2024-05-06,4.021830066825185e-05
Talagante,2024-05-08,5.728045489354957e-05
Talagante,2024-05-09,0.0002728997722828691
Talagante,2024-05-11,0.00020864961454714206
Talagante,2024-05-12,2.427935537484457e-05
Talagante,2024-05-13,0.0001732686712335197
Talagante,2024-05-14,0.00016376698801104874
Talagante,2024-05-16,0.00018900481600663154
Talagante,2024-05-17,0.00012292580171737645
Talagante,2024-05-18,0.00010937074360252566
Talagante,2024-05-23,0.00013565854198634942
Talagante,2024-05-26,3.3066519009335006e-05
Talagante,2024-05-29,0.0002842593272141438
Talagante,2024-06-01,0.00038035158458789276
Talagante,2024-06-02,0.00010616586182532813
Talagante,2024-06-14,9.405609158026953e-05
Talagante,2024-06-15,1.9744510710701234e-05
Talagante,2024-06-16,0.00018767480099719344
Talagante,2024-06-19,5.2856696871218395e-05
Talagante,2024-06-25,6.139178483223179e-05
Talagante,2024-06-28,0.00015373579262409513
Talagante,2024-06-29,0.00025849759069643605
Talagante,2024-06-30,0.0001651135531704869
Talagante,2024-07-01,0.0002161683686943869
Talagante,2024-07-02,0.00020505810041438193
Talagante,2024-07-03,0.00020695036389399807
Talagante,2024-07-04,0.00010401378432439099
Talagante,2024-07-05,0.00024043691665305296
Talagante,2024-07-06,0.00020565612895746124
Talagante,2024-07-07,0.00011682524602841473
Talagante,2024-07-08,0.00028200776451959013
Talagante,2024-07-09,0.00015300404718507663
Talagante,2024-07-10,0.0001442085307868152
Talagante,2024-07-11,0.00014170424860292385
Talagante,2024-07-12,0.0002263224297814647
Talagante,2024-07-13,0.0003086389403707585
Talagante,2024-07-14,0.0002375801351882034
Talagante,2024-07-16,0.00025288652643067256
Talagante,2024-07-19,0.00030830698015492955
Talagante,2024-07-20,6.653400613314369e-05
Talagante,2024-07-21,4.3360595093777294e-05
Talagante,2024-07-22,0.00010763938889150654
Talagante,2024-07-24,0.0001966763683349066
Talagante,2024-07-25,0.0002103386649658775
Talagante,2024-07-27,5.326828651928104e-05
Talagante,2024-07-28,7.153933438040242e-05
Talagante,2024-07-29,0.0002717813411363644
Talagante,2024-08-03,7.989790207712048e-05
Talagante,2024-08-04,0.00013245252161452132
Talagante,2024-08-06,7.341889079462754e-05
Talagante,2024-08-07,4.8049087757438896e-05
Talagante,2024-08-08,0.0001713113972744153
Talagante,2024-08-09,0.00027351000126579105
Talagante,2024-08-10,0.00014207418938814938
Talagante,2024-08-11,7.867652547485733e-05
Talagante,2024-08-12,0.00011370071805003971
Talagante,2024-08-13,0.00011102127942387163
Talagante,2024-08-15,0.00010248180003327003
Talagante,2024-08-17,7.465455612866324e-05
Talagante,2024-08-23,5.9150895884002035e-05
Talagante,2024-08-24,0.00012764148348615455
Talagante,2024-08-25,6.1718051500128e-05
Talagante,2024-08-26,6.216524484275963e-05
Talagante,2024-08-27,0.00011960954328958624
Talagante,2024-08-30,8.430758522766326e-05
Talagante,2024-08-31,0.00011977374128142916
Talagante,2024-09-01,4.066213957667077e-05
Talagante,2024-09-02,2.7304138527864294e-05
Talagante,2024-09-03,8.669897884141306e-05
Talagante,2024-09-04,0.00012438100891052497
Talagante,2024-09-05,4.799477445152109e-05
Talagante,2024-09-06,3.0715780323377596e-05
Talagante,2024-09-07,4.732708212019206e-05
Talagante,2024-09-09,9.26616050861693e-05
Talagante,2024-09-10,3.5952003409185874e-05
Talagante,2024-09-11,8.082606654330815e-05
Talagante,2024-09-12,5.241005197611822e-05
Talagante,2024-09-13,5.994534551447649e-05
Talagante,2024-09-14,6.194282697980328e-05
Talagante,2024-09-15,5.237214768412957e-05
Talagante,2024-09-17,2.392417976468584e-05
Talagante,2024-09-19,1.3983041977198932e-05
Talagante,2024-09-21,1.9229231722434675e-05
Talagante,2024-09-24,5.4954210891784134e-05
Talagante,2024-09-25,8.234886101563358e-05
Talagante,2024-09-26,0.00012156433504810015
Talagante,2024-09-27,4.9869787027684167e-05
Talagante,2024-09-28,4.678027052289407e-05
Talagante,2024-09-29,3.153381752447651e-05
Talagante,2024-09-30,4.23396923533526e-05
Talagante,2024-10-01,3.9536918849435804e-05
Talagante,2024-10-02,5.4367538841412424e-05
Talagante,2024-10-03,6.188706592700268e-05
Talagante,2024-10-04,5.599343656794723e-05
Talagante,2024-10-05,4.5537909573708996e-05
Talagante,2024-10-07,3.0505814427396376e-05
Talagante,2024-10-09,3.947111818605211e-05
Talagante,2024-10-10,3.2878411144075924e-05
Talagante,2024-10-13,1.5327612842376663e-05
Talagante,2024-10-14,3.1462842585204656e-05
Talagante,2024-10-15,6.0344031399618206e-05
Talagante,2024-10-16,2.6184240935680602e-05
Talagante,2024-10-17,7.077478166556707e-05
Talagante,2024-10-18,4.3942569785625054e-05
Talagante,2024-10-19,1.7323940933971448e-05
Talagante,2024-10-20,2.431345706258327e-05
Talagante,2024-10-21,2.6554872793560064e-05
Talagante,2024-10-23,2.5658021445316894e-05
Talagante,2024-10-24,8.260746302830331e-06
Talagante,2024-10-25,3.567699793447469e-05
Talagante,2024-10-26,2.6975884819087775e-05
Talagante,2024-10-27,4.122285983279872e-05
Talagante,2024-10-28,3.2136468475531715e-05
Talagante,2024-10-29,3.0055148712970855e-05
Talagante,2024-10-30,1.730144938647138e-05
Talagante,2024-10-31,2.5814875081444702e-05
Talagante,2024-11-01,2.2082606905002768e-05
Talagante,2024-11-02,2.7521019545401874e-05
Talagante,2024-11-04,1.212975798294365e-05
Talagante,2024-11-05,2.4878016301437743e-05
Talagante,2024-11-06,2.7450011917917116e-05
Talagante,2024-11-08,2.9431926701254846e-05
Talagante,2024-11-09,1.1973060448608559e-05
Talagante,2024-11-10,1.9971408678863705e-05
Talagante,2024-11-11,2.6921043471866933e-05
Talagante,2024-11-12,6.559764884772872e-05
Talagante,2024-11-13,2.7826941507382895e-05
Talagante,2024-11-14,3.736777452380926e-05
Talagante,2024-11-15,1.6577772825207994e-05
Talagante,2024-11-17,2.5776240956106466e-05
Talagante,2024-11-19,1.345040182939344e-05
Talagante,2024-11-20,1.5023310977015487e-05
Talagante,2024-11-21,1.637630870503386e-05
Talagante,2024-11-22,2.748990780217602e-05
Talagante,2024-11-23,3.0953254604477644e-05
Talagante,2024-11-24,1.3322645580619964e-05
Talagante,2024-11-25,1.782884686571083e-05
Talagante,2024-11-26,1.2517222134788344e-05
Talagante,2024-11-27,2.362462793124745e-05
Talagante,2024-11-28,1.884504832291512e-05
Talagante,2024-11-29,1.9158993355372898e-05
Talagante,2024-11-30,2.0133976856308217e-05
Talagante,2024-12-01,1.3915163262570755e-05
Talagante,2024-12-02,2.0029612852899567e-05
Talagante,2024-12-03,1.3180300351385382e-05
Talagante,2024-12-04,2.8846060229437985e-05
Talagante,2024-12-05,1.5665128106251013e-05
Talagante,2024-12-06,9.467748479599074e-06
Talagante,2024-12-07,1.3642878944858704e-05
Talagante,2024-12-08,1.4294289390301255e-05
Talagante,2024-12-09,3.331793784315491e-05
Talagante,2024-12-10,1.7923043070650864e-05
Talagante,2024-12-11,1.9067288781439837e-05
Talagante,2024-12-12,1.861003412474638e-05
Talagante,2024-12-13,2.3561081940103618e-05
Talagante,2024-12-14,2.076897400705038e-05
Talagante,2024-12-15,6.521321578251442e-07
Talagante,2024-12-16,8.78787548723581e-06
Talagante,2024-12-17,1.633320331719115e-05
Talagante,2024-12-18,3.75095489689211e-05
Talagante,2024-12-19,2.5222117939912295e-05
Talagante,2024-12-20,3.694407156970985e-05
Talagante,2024-12-21,1.3255643474904788e-05
Talagante,2024-12-22,3.0046454490146445e-05
Talagante,2024-12-23,2.7662102286212243e-05
Talagante,2024-12-24,2.4924938254204e-05
Talagante,2024-12-25,7.2882002966854065e-06
Talagante,2024-12-26,1.0757636594980759e-05
Talagante,2024-12-27,1.6148827267615795e-05
Talagante,2024-12-28,2.2686189503437478e-05
Talagante,2024-12-29,2.3819016853457012e-05
Talagante,2024-12-30,2.4603159076645822e-05
Talagante,2024-12-31,2.4199330377974876e-05
Talagante,2025-01-01,1.3904638754059685e-05
Talagante,2025-01-02,2.9346489483648265e-05
Talagante,2025-01-03,3.135302114911867e-05
Talagante,2025-01-04,1.3594266800169362e-05
Talagante,2025-01-06,2.39231219075764e-05
Talagante,2025-01-07,1.7240942917503342e-05
Talagante,2025-01-08,1.6433806460226378e-05
Talagante,2025-01-09,4.1648912618845144e-05
Talagante,2025-01-10,2.1957549123986886e-05
Talagante,2025-01-11,2.2835866238751174e-05
Talagante,2025-01-12,1.5352093946573016e-05
Talagante,2025-01-13,1.8507626908150562e-05
Talagante,2025-01-14,1.5959271288895568e-05
Talagante,2025-01-15,2.2603908431371306e-05
Talagante,2025-01-16,7.658602523836995e-06
Talagante,2025-01-17,1.5530413128443238e-05
Talagante,2025-01-18,1.415640788013315e-05
Talagante,2025-01-19,2.418248803238398e-05
Talagante,2025-01-20,1.8169265355773794e-05
Talagante,2025-01-21,2.98778166374031e-05
Talagante,2025-01-22,1.722696448903707e-05
Talagante,2025-01-23,6.052731730302208e-06
Talagante,2025-01-24,2.9454620036955904e-05
Talagante,2025-01-25,2.4010960301001992e-05
Talagante,2025-01-26,1.9330165955668146e-05
Talagante,2025-01-27,2.188649042041926e-05
Talagante,2025-01-28,1.7091370839533817e-05
Talagante,2025-01-29,1.4358887332937849e-05
Talagante,2025-01-30,3.056889988028738e-05
Talagante,2025-01-31,3.945362402056196e-05
Talagante,2025-02-01,1.5418017732404623e-05
Talagante,2025-02-02,1.1963383632854922e-05
Talagante,2025-02-03,1.0767053812140506e-05
Talagante,2025-02-04,3.175652963898456e-05
Talagante,2025-02-05,2.7880661206462596e-05
Talagante,2025-02-06,2.8454825728012606e-05
Talagante,2025-02-07,2.680833616432027e-05
Talagante,2025-02-08,2.3681354372746207e-05
Talagante,2025-02-09,2.4210603692848224e-05
Talagante,2025-02-10,2.261965803561748e-05
Talagante,2025-02-11,3.460079223959087e-05
Talagante,2025-02-12,2.1687975262978246e-05
Talagante,2025-02-13,1.1040225168195498e-05
Talagante,2025-02-14,2.002699424850646e-05
Talagante,2025-02-15,1.9924036049609415e-05
Talagante,2025-02-16,1.8602479499703888e-05
Talagante,2025-02-17,1.9770507418145887e-05
Talagante,2025-02-18,3.162208130669807e-05
Talagante,2025-02-19,2.256347911410723e-05
Talagante,2025-02-20,2.6789129158866406e-05
Talagante,2025-02-21,2.405708757053312e-05
Talagante,2025-02-22,3.0743174911662045e-05
Talagante,2025-02-23,2.5566546819849606e-05
Talagante,2025-02-24,9.110769316683094e-06
Talagante,2025-02-25,3.7657297506397e-05
Talagante,2025-02-26,2.7869493455612882e-05
Talagante,2025-02-27,2.3301028900950063e-05
Talagante,2025-02-28,8.883994626139713e-06
Talagante,2025-03-01,-1.724435208203071e-06
Talagante,2025-03-02,8.797452489738137e-06
Talagante,2025-03-03,1.598094082424082e-05
Talagante,2025-03-04,3.813840351212557e-05
Talagante,2025-03-05,4.079206094383225e-06
Talagante,2025-03-06,1.3391436302945962e-05
Talagante,2025-03-07,5.600031875835227e-06
Talagante,2025-03-08,1.9520109187221706e-05
Talagante,2025-03-09,2.366110833478384e-05
Talagante,2025-03-10,1.7826000357513517e-05
Talagante,2025-03-11,1.9814037256141657e-05
Talagante,2025-03-12,1.2023964066989005e-05
Talagante,2025-03-13,1.4414709089989675e-05
Talagante,2025-03-14,3.06928789054244e-05
Talagante,2025-03-15,1.2376313198697918e-05
Talagante,2025-03-16,1.860675908596121e-05
Talagante,2025-03-17,3.6275856208038165e-05
Talagante,2025-03-18,4.4715532157440836e-05
Talagante,2025-03-19,1.9907797389600466e-05
Talagante,2025-03-20,2.4428111950547727e-05
Talagante,2025-03-21,2.580428345981809e-05
Talagante,2025-03-22,1.5803786847481134e-05
Talagante,2025-03-24,2.9185866705045426e-05
Talagante,2025-03-25,6.283180477259813e-06
Talagante,2025-03-26,2.8055499637313986e-05
Talagante,2025-03-27,2.4728738674032183e-05
Talagante,2025-03-29,1.1889299208616184e-05
Talagante,2025-03-31,8.992012411791987e-05
Talagante,2025-04-01,9.55408476481578e-05
Talagante,2025-04-02,8.676680513316019e-05
Talagante,2025-04-03,0.00012069811572404447
Talagante,2025-04-04,8.04168497307055e-05
Talagante,2025-04-06,3.4505633076743666e-05
Talagante,2025-04-07,5.1984466023155825e-05
Talagante,2025-04-08,4.802185073365774e-05
Talagante,2025-04-09,3.610700311992261e-05
Talagante,2025-04-12,6.05610591546563e-05
Talagante,2025-04-13,2.3271177519965803e-05
Talagante,2025-04-15,5.288641707684536e-05
Talagante,2025-04-16,6.80492012179437e-05
Talagante,2025-04-18,6.886293579431185e-05
Talagante,2025-04-19,3.123856318659641e-05
Talagante,2025-04-20,1.6767280589796386e-05
Talagante,2025-04-22,0.0001260199774114116
Talagante,2025-04-24,3.131375540186876e-05
Talagante,2025-04-26,5.836870502735947e-05
Talagante,2025-04-27,4.3805282637296656e-05
Talagante,2025-04-28,0.0001084286332122514
Talagante,2025-04-29,2.9102801714492177e-05
Talagante,2025-05-01,8.383287553770647e-05
Talagante,2025-05-02,0.000134888031946183
Talagante,2025-05-03,9.88389571046702e-05
Talagante,2025-05-04,8.77653844169307e-05
Talagante,2025-05-05,7.51106400099153e-05
Talagante,2025-05-09,0.0003143029953649853
Talagante,2025-05-10,0.00021793780427243172
Talagante,2025-05-11,7.337896046882626e-05
Talagante,2025-05-14,0.0002643277697538798
Talagante,2025-05-15,0.00014158346790395696
Talagante,2025-05-16,8.687670531179324e-05
Talagante,2025-05-19,7.646678770359554e-05
Talagante,2025-05-21,0.00011223076401326054
Talagante,2025-05-24,0.00021022916724628058
Talagante,2025-05-27,0.0001206261313069473
Talagante,2025-05-28,0.00024251301455436837
Talagante,2025-05-29,0.00043015570665072176
Talagante,2025-05-30,0.00018666911349262658
Talagante,2025-05-31,9.440358922590678e-05
Talagante,2025-06-01,0.00014238592314337058
Talagante,2025-06-04,0.0004315703040593721
Talagante,2025-06-05,0.0002502941612967871
Talagante,2025-06-07,0.00015520942872012037
Talagante,2025-06-08,0.00025556063463166715
Talagante,2025-06-09,0.0001870936684158136
Talagante,2025-06-10,0.0002818711868248487
Talagante,2025-06-13,0.00010897453285693753
Talagante,2025-06-17,0.0001653410850244381
Talagante,2025-06-18,0.00023651239034249303
Talagante,2025-06-19,0.000352038945768674
Talagante,2025-06-20,0.000189971160974981
Talagante,2025-06-21,0.0001761646853189882
Talagante,2025-06-22,5.8010785839751624e-05
Talagante,2025-06-23,0.00022213079511889538
Talagante,2025-06-24,0.0002282372990335971
Talagante,2025-06-25,0.0002781800368250273
Talagante,2025-06-26,0.00021757421942801894
Talagante,2025-06-28,0.0001346332275362138
Talagante,2025-06-29,6.194781869498054e-05
Talagante,2025-07-01,0.0005283236055045977
Talagante,2025-07-03,0.0003493847124509904
Talagante,2025-07-04,0.00046583150787223834
Talagante,2025-07-06,3.623713902670241e-05
Talagante,2025-07-07,0.00021242995763691398
Talagante,2025-07-08,0.00021728289895806802
Talagante,2025-07-10,0.00042279043579267667
Talagante,2025-07-11,0.00038735068763582795
Talagante,2025-07-12,0.0003503938036111963
Talagante,2025-07-14,0.00011747038040803008
Talagante,2025-07-16,0.00017897782465176626
Talagante,2025-07-17,0.0002455040818951089
Talagante,2025-07-18,0.0002591554440204821
Talagante,2025-07-19,0.0002346219939904937
Talagante,2025-07-21,0.00018034189214282661
Talagante,2025-07-22,0.00028654869781734175
Talagante,2025-07-23,0.00011786966338213291
Talagante,2025-07-24,5.4727227611105195e-05
Talagante,2025-07-28,0.0003339013484230061
Talagante,2025-08-02,5.996855569941349e-05
Talagante,2025-08-05,0.00021939831622701575
Talagante,2025-08-06,0.00012753774594200586
Talagante,2025-08-07,0.0001162235886001757
Talagante,2025-08-08,0.00018828265475889447
Talagante,2025-08-10,9.325121208334479e-05
Talagante,2025-08-13,0.0003225957212493542
Talagante,2025-08-14,5.94357804518989e-05
Talagante,2025-08-16,6.050976727212374e-05
Talagante,2025-08-17,3.1883917365618724e-05
Talagante,2025-08-19,5.0260369474573695e-05
Talagante,2025-08-20,8.766326355305498e-05
Talagante,2025-08-23,4.9082889158531026e-05
Talagante,2025-08-24,4.205011708401341e-05
Talagante,2025-08-25,9.509813927612342e-05
Talagante,2025-08-26,0.00019238619266251863
Talagante,2025-08-27,0.00011272059414503476
Talagante,2025-09-01,0.00012089723484898395
Talagante,2025-09-03,9.741478368861624e-05
Talagante,2025-09-04,7.096935573592645e-05
Talagante,2025-09-05,7.88669357949007e-05
Talagante,2025-09-08,5.362843294087327e-05
Talagante,2025-09-09,5.4250378292197207e-05
Talagante,2025-09-10,6.004348084419296e-05
Talagante,2025-09-11,7.849513589341244e-05
Talagante,2025-09-12,5.9292639441071505e-05
Talagante,2025-09-13,2.2687467948572972e-05
Talagante,2025-09-15,4.595267788906554e-05
Talagante,2025-09-16,6.18485949101055e-05
Talagante,2025-09-18,4.804533236399606e-05
Talagante,2025-09-19,2.0613778748940754e-05
Talagante,2025-09-21,2.290443967729141e-05
Talagante,2025-09-22,8.072475150935061e-05
Talagante,2025-09-23,7.353678087036621e-05
Talagante,2025-09-24,6.690071612221021e-05
Talagante,2025-09-27,7.357248795504072e-05
Talagante,2025-09-28,3.72469440440291e-05
Talagante,2025-09-29,3.711589413413698e-05
Talagante,2025-09-30,6.79129680370183e-05
Talagante,2025-10-01,4.568226628604605e-05
Talagante,2025-10-02,4.970216140795579e-05
Talagante,2025-10-03,5.07230293871333e-05
Talagante,2025-10-04,2.8246200367657437e-05
Talagante,2025-10-05,2.4324525575262354e-05
Talagante,2025-10-06,5.971551373295973e-05
Talagante,2025-10-07,6.803047626117741e-05
Talagante,2025-10-08,7.190799130887868e-05
Talagante,2025-10-09,6.725848615926401e-05
Talagante,2025-10-10,3.4522839992428254e-05
Talagante,2025-10-11,2.8784095991784624e-05
Talagante,2025-10-12,3.819414438813597e-05
Talagante,2025-10-13,3.912128958538373e-05
Talagante,2025-10-14,3.927091852770986e-05
Talagante,2025-10-15,3.803369101601527e-05
Talagante,2025-10-16,4.240955455768605e-05
Talagante,2025-10-17,4.158389316186711e-05
Talagante,2025-10-18,3.4005021618765525e-05
Talagante,2025-10-19,4.385288621041596e-05
Talagante,2025-10-20,4.0583170999300204e-05
Talagante,2025-10-22,2.197553986952428e-05
Talagante,2025-11-04,4.0942825321353335e-05
Talagante,2025-11-05,3.740190400944478e-05
Talagante,2025-11-07,4.170838838831742e-05
Talagante,2025-11-08,2.6344954665222357e-05
Talagante,2025-11-09,2.2976188983825647e-05
Talagante,2025-11-10,3.702618257502269e-05
Talagante,2025-11-11,2.6512721177816856e-05
Talagante,2025-11-12,2.4522302543341498e-05
Talagante,2025-11-13,3.402961338931436e-05
Talagante,2025-11-14,4.143380807075718e-05
Talagante,2025-11-15,2.321924217572286e-05
Talagante,2025-11-16,1.8511456008946823e-05
Talagante,2025-11-17,2.6913006084263692e-05
Talagante,2025-11-18,3.347901168655104e-05
Talagante,2025-11-19,3.3906023442712734e-05
Talagante,2025-11-21,3.0411407865405374e-05
Talagante,2025-11-22,2.0127823869177848e-05
Talagante,2025-11-23,2.1028307133488793e-05
Talagante,2025-11-24,3.7987398612285785e-05
Talagante,2025-11-25,2.6732519605187654e-05
Talagante,2025-11-26,1.8453089647371995e-05
Talagante,2025-11-27,1.598169713384136e-05
Talagante,2025-11-28,1.2010552723552456e-05
Talagante,2025-11-29,2.8270309632063226e-05
Talagante,2025-11-30,2.0825093137344172e-05
Talagante,2025-12-01,1.3703121844207959e-05
Talagante,2025-12-02,2.396249656128267e-05
Talagante,2025-12-03,2.089505234217039e-05
Talagante,2025-12-04,2.421337429146147e-05
Talagante,2025-12-05,3.300486659950226e-05
Talagante,2025-12-08,2.1233213393711465e-05
Talagante,2025-12-09,1.5908439777113323e-05
Talagante,2025-12-10,1.7966892255962695e-05
Talagante,2025-12-12,3.2183342492496786e-05
Talagante,2025-12-13,2.2851540878129803e-05
Talagante,2025-12-14,1.285961025132528e-05
Talagante,2025-12-15,2.376087301236537e-05
Talagante,2025-12-16,3.6069353704847e-05
Talagante,2025-12-17,3.9939296065931847e-05
Talagante,2025-12-18,2.7044638533011843e-05
Talagante,2025-12-19,1.3565548969620699e-05
Talagante,2025-12-21,1.2823710135102146e-05
Talagante,2025-12-22,2.0368287546693577e-05
Talagante,2025-12-23,9.080426996897314e-06
Talagante,2025-12-24,1.2944233120075798e-05
Talagante,2025-12-25,9.840837164732421e-06
Talagante,2025-12-26,1.9673630399022313e-05
Talagante,2025-12-27,2.6279393354874945e-05
Talagante,2025-12-28,7.417462469660344e-07
Talagante,2025-12-29,1.4646860873473383e-05
Talagante,2025-12-30,2.2853908522270195e-05
Talagante,2025-12-31,1.987212225370417e-05
