date,blh,u,v
2019-01-01,1218.092041015625,2.597621202468872,2.191234588623047
2019-01-02,1143.2515869140625,2.2857260704040527,2.709743022918701
2019-01-03,1072.6929931640625,2.428185224533081,1.6294584274291992
2019-01-04,1112.637451171875,2.90602445602417,1.583937644958496
2019-01-05,1163.72412109375,2.8824591636657715,1.9632470607757568
2019-01-06,1261.8232421875,2.141592502593994,1.2585396766662598
2019-01-07,1563.27587890625,2.6284711360931396,0.2418503761291504
2019-01-08,1689.1636962890625,1.9504048824310303,0.6075611114501953
2019-01-09,663.1944580078125,0.9048604965209961,1.6550910472869873
2019-01-10,1565.977783203125,2.434441089630127,0.851975679397583
2019-01-11,1458.698974609375,2.775078296661377,1.4987871646881104
2019-01-12,1701.6527099609375,2.3507728576660156,1.1182632446289062
2019-01-13,1698.840087890625,2.2353994846343994,0.9952772855758667
2019-01-14,1672.844970703125,2.1294236183166504,0.5952634811401367
2019-01-15,1795.664794921875,2.257721424102783,1.1055381298065186
2019-01-16,1469.6260986328125,3.009077548980713,1.5973883867263794
2019-01-17,1970.5584716796875,1.2824970483779907,1.194448709487915
2019-01-18,1872.47900390625,2.7572643756866455,0.9001122117042542
2019-01-19,1212.8148193359375,3.0463919639587402,1.3454116582870483
2019-01-20,1166.0284423828125,2.5294322967529297,1.4513599872589111
2019-01-21,1276.4261474609375,2.640451431274414,1.6610352993011475
2019-01-22,1075.7041015625,2.485274314880371,1.4548227787017822
2019-01-23,1093.3128662109375,2.852281093597412,1.6052956581115723
2019-01-24,1038.0546875,2.516874313354492,1.2552247047424316
2019-01-25,989.85595703125,2.3902459144592285,1.5741826295852661
2019-01-26,1138.3367919921875,2.0132668018341064,1.6997840404510498
2019-01-27,1046.3662109375,2.9099040031433105,1.7890101671218872
2019-01-28,1236.1129150390625,2.575165033340454,1.4301890134811401
2019-01-29,1178.9708251953125,2.8084216117858887,1.4926116466522217
2019-01-30,1139.7083740234375,2.142605781555176,2.123622417449951
2019-01-31,1570.5242919921875,2.671023368835449,1.9998674392700195
2019-02-01,1583.0433349609375,2.712899923324585,1.0391714572906494
2019-02-02,1088.5234375,2.1277389526367188,1.3416236639022827
2019-02-03,1061.575439453125,2.017951488494873,1.4331287145614624
2019-02-04,1035.5802001953125,2.288898229598999,1.6442348957061768
2019-02-05,901.48046875,2.639517068862915,2.2278289794921875
2019-02-06,983.935546875,3.155851364135742,1.7945963144302368
2019-02-07,1255.76220703125,2.0001909732818604,1.3580989837646484
2019-02-08,1274.3916015625,2.405226707458496,1.6680474281311035
2019-02-09,1557.55322265625,2.569056749343872,1.0595204830169678
2019-02-10,1534.5887451171875,2.1348330974578857,0.7865029573440552
2019-02-11,1506.6685791015625,2.217705011367798,0.3234308660030365
2019-02-12,1373.3756103515625,2.854520082473755,0.5698925852775574
2019-02-13,1356.0263671875,1.7334905862808228,1.4446399211883545
2019-02-14,1076.90625,1.8684813976287842,1.3771388530731201
2019-02-15,1114.573486328125,2.184565782546997,1.1225550174713135
2019-02-16,1010.763916015625,2.356736660003662,0.9917683005332947
2019-02-17,1102.1976318359375,2.4493751525878906,0.9425438642501831
2019-02-18,1216.5042724609375,2.903337240219116,1.0088369846343994
2019-02-19,1369.668212890625,2.4094128608703613,1.4659538269042969
2019-02-20,1381.7091064453125,2.349653720855713,0.7524175643920898
2019-02-21,1158.273193359375,3.3383970260620117,1.6016216278076172
2019-02-22,1090.182861328125,2.448364019393921,1.6529974937438965
2019-02-23,1375.5048828125,2.6263787746429443,1.607276439666748
2019-02-24,1381.6051025390625,2.311123847961426,1.311819314956665
2019-02-25,1438.969970703125,2.5348217487335205,0.8205319046974182
2019-02-26,1374.6798095703125,2.136148452758789,1.3363043069839478
2019-02-27,1525.5084228515625,2.135241746902466,0.9913206100463867
2019-02-28,1094.5574951171875,2.65073299407959,1.4615757465362549
2019-03-01,1137.203857421875,2.0619282722473145,1.6463459730148315
2019-03-02,1263.039794921875,2.6342885494232178,1.133952260017395
2019-03-03,1104.21240234375,2.8849985599517822,1.4812530279159546
2019-03-04,1395.370361328125,1.6857926845550537,1.3304094076156616
2019-03-05,1293.5809326171875,2.262545347213745,1.5224683284759521
2019-03-06,1170.16650390625,2.2753872871398926,1.5345011949539185
2019-03-07,1019.185546875,1.5761672258377075,1.4188295602798462
2019-03-08,1205.185302734375,2.847743511199951,0.9407519102096558
2019-03-09,1010.805908203125,3.1548922061920166,1.4284708499908447
2019-03-10,1154.292236328125,1.0915029048919678,1.9507237672805786
2019-03-11,1371.822509765625,1.7738157510757446,1.3065414428710938
2019-03-12,1503.527587890625,1.3301044702529907,1.1433696746826172
2019-03-13,1016.0224609375,2.1734883785247803,1.4779114723205566
2019-03-14,1359.6038818359375,1.9722084999084473,1.0555922985076904
2019-03-15,1408.2548828125,2.0640342235565186,0.6491765975952148
2019-03-16,1392.82958984375,2.2982780933380127,1.2638227939605713
2019-03-17,1088.1436767578125,2.0937612056732178,1.3702011108398438
2019-03-18,1133.080078125,2.6230783462524414,1.594028115272522
2019-03-19,1031.064208984375,1.1565423011779785,2.121042251586914
2019-03-20,1060.0732421875,2.1412696838378906,1.15731942653656
2019-03-21,924.8623046875,1.983107566833496,1.7392382621765137
2019-03-22,907.5235595703125,1.634674310684204,1.541778564453125
2019-03-23,921.6724853515625,2.2014591693878174,1.4987913370132446
2019-03-24,975.4561767578125,2.192751169204712,1.3014588356018066
2019-03-25,1007.593994140625,2.243917226791382,1.2524302005767822
2019-03-26,926.133544921875,2.2056777477264404,1.4709657430648804
2019-03-27,848.6744384765625,2.2946484088897705,1.4916540384292603
2019-03-28,753.5758056640625,1.298581838607788,1.5934933423995972
2019-03-29,663.1727294921875,1.8575868606567383,1.6792576313018799
2019-03-30,407.0992431640625,1.9856030941009521,0.31738436222076416
2019-03-31,859.7657470703125,2.776151657104492,1.6227271556854248
2019-04-01,721.0718994140625,2.047497272491455,1.7085732221603394
2019-04-02,777.8931884765625,1.9397459030151367,1.2633404731750488
2019-04-03,725.8326416015625,2.4201502799987793,1.2690393924713135
2019-04-04,967.72705078125,1.5822813510894775,0.908574104309082
2019-04-05,1133.256591796875,1.0257515907287598,1.1811254024505615
2019-04-06,875.0704345703125,0.9971081018447876,1.3577947616577148
2019-04-07,887.335205078125,1.4739210605621338,1.1132762432098389
2019-04-08,733.1099853515625,2.3655619621276855,1.2044498920440674
2019-04-09,835.827392578125,3.006063222885132,1.174312949180603
2019-04-10,740.4501953125,1.417553186416626,1.8645777702331543
2019-04-11,756.5003662109375,1.6956206560134888,0.8616864681243896
2019-04-12,725.985595703125,2.102564811706543,1.083509922027588
2019-04-13,422.2353515625,1.9818576574325562,1.6595271825790405
2019-04-14,652.7412109375,1.6249645948410034,1.456997275352478
2019-04-15,633.9693603515625,1.2158764600753784,1.9462001323699951
2019-04-16,611.5631103515625,1.4382765293121338,1.3972954750061035
2019-04-17,605.271484375,1.7527687549591064,1.4986581802368164
2019-04-18,506.15869140625,1.9671845436096191,1.0123387575149536
2019-04-19,783.0946044921875,2.3194665908813477,1.0023810863494873
2019-04-20,863.3648681640625,2.4513983726501465,1.2839241027832031
2019-04-21,840.674560546875,2.254464864730835,1.0698484182357788
2019-04-22,806.0841064453125,1.0769912004470825,1.1805970668792725
2019-04-23,708.6424560546875,2.5565953254699707,1.1306533813476562
2019-04-24,317.5601806640625,1.331717610359192,0.7990223169326782
2019-04-25,808.1300048828125,1.7482397556304932,0.7350209355354309
2019-04-26,601.8843994140625,1.317528247833252,1.1457310914993286
2019-04-27,481.37451171875,1.509700894355774,1.4588090181350708
2019-04-28,497.9151611328125,1.3523263931274414,1.454979658126831
2019-04-29,530.1905517578125,1.6792978048324585,1.406982183456421
2019-04-30,695.9996337890625,2.2277731895446777,1.8826302289962769
2019-05-01,497.391845703125,1.2579474449157715,1.449537754058838
2019-05-02,407.9708251953125,0.6843546628952026,0.8657804727554321
2019-05-03,483.15966796875,0.9216173887252808,1.2007322311401367
2019-05-04,707.256103515625,2.098571300506592,1.0991597175598145
2019-05-05,489.353759765625,1.4772731065750122,1.2675223350524902
2019-05-06,468.5504150390625,1.8301148414611816,0.7855721116065979
2019-05-07,506.1798095703125,1.3074002265930176,1.4443550109863281
2019-05-08,498.8629150390625,1.8350659608840942,0.9671443104743958
2019-05-09,882.0860595703125,2.342930555343628,0.8265333771705627
2019-05-10,688.900390625,1.70858895778656,1.3736815452575684
2019-05-11,623.2734375,1.932538628578186,1.4581352472305298
2019-05-12,510.7685546875,1.5444225072860718,1.028242588043213
2019-05-13,441.044921875,0.952608585357666,0.9115259647369385
2019-05-14,363.150146484375,0.8219664096832275,1.1912682056427002
2019-05-15,413.760009765625,1.3120386600494385,1.0792152881622314
2019-05-16,432.0908203125,1.7578883171081543,0.8308448791503906
2019-05-17,684.05615234375,2.88577938079834,1.2569329738616943
2019-05-18,716.4921875,1.8796442747116089,1.446000099182129
2019-05-19,398.7412109375,1.340543508529663,0.8208670020103455
2019-05-20,684.57568359375,3.479127883911133,0.8490074872970581
2019-05-21,763.8892822265625,1.0039069652557373,0.2503523826599121
2019-05-22,606.744384765625,1.288670539855957,0.8653107285499573
2019-05-23,399.016357421875,0.4992772340774536,0.6669723391532898
2019-05-24,102.192138671875,0.6228441596031189,0.5152103304862976
2019-05-25,533.7015380859375,1.8685853481292725,1.0867230892181396
2019-05-26,878.612548828125,1.4905953407287598,0.9310535192489624
2019-05-27,756.064208984375,0.811070442199707,0.37965118885040283
2019-05-28,665.129150390625,1.1107962131500244,1.2509111166000366
2019-05-29,111.974365234375,-0.7259379625320435,0.6081004738807678
2019-05-30,738.7947998046875,1.2004525661468506,-0.8437422513961792
2019-05-31,897.5994873046875,0.14120972156524658,-0.3660510182380676
2019-06-01,584.8427734375,0.18639379739761353,0.8828458786010742
2019-06-02,429.11083984375,0.3200366497039795,0.8778066635131836
2019-06-03,338.114990234375,0.7466848492622375,0.8988971710205078
2019-06-04,275.745361328125,1.2173274755477905,0.45670944452285767
2019-06-05,425.774658203125,1.7957648038864136,0.7340789437294006
2019-06-06,535.7763671875,2.31689715385437,0.98110431432724
2019-06-07,426.7373046875,0.9693405628204346,1.3582608699798584
2019-06-08,389.62353515625,0.9680366516113281,0.8770934343338013
2019-06-09,425.757568359375,1.441541314125061,0.48212650418281555
2019-06-10,393.897216796875,0.7835625410079956,0.2277517318725586
2019-06-11,669.2418212890625,2.9134037494659424,0.3950732946395874
2019-06-12,873.498779296875,1.906562328338623,-1.311789631843567
2019-06-13,375.482666015625,0.7952221035957336,0.4725644588470459
2019-06-14,547.3568115234375,2.0709950923919678,0.6793479919433594
2019-06-15,658.4974365234375,-0.6641218662261963,0.5044714212417603
2019-06-16,739.214599609375,0.810452938079834,0.9214409589767456
2019-06-17,508.8662109375,1.2782948017120361,0.6633970141410828
2019-06-18,425.61669921875,-0.5535820722579956,1.2008693218231201
2019-06-19,49.88818359375,-0.9978882074356079,0.7085789442062378
2019-06-20,315.7236328125,1.8711211681365967,1.1600648164749146
2019-06-21,379.251953125,0.7659383416175842,1.0498828887939453
2019-06-22,286.358154296875,0.8598777055740356,0.4848313331604004
2019-06-23,210.991943359375,1.0755479335784912,0.8572679758071899
2019-06-24,190.74169921875,0.15303635597229004,-0.5644998550415039
2019-06-25,519.06689453125,0.016020774841308594,1.4739999771118164
2019-06-26,357.916748046875,1.4007699489593506,0.7919055223464966
2019-06-27,74.196533203125,0.12080144882202148,0.5829563736915588
2019-06-28,149.57666015625,0.5961847901344299,-0.1443495750427246
2019-06-29,493.895751953125,-0.5712958574295044,-0.7975107431411743
2019-06-30,547.54443359375,1.215918779373169,1.2668054103851318
2019-07-01,371.83203125,0.059011902660131454,1.217071533203125
2019-07-02,294.5361328125,0.5222043991088867,1.034759521484375
2019-07-03,415.043701171875,0.5566025972366333,1.1583731174468994
2019-07-04,361.45068359375,0.4476042687892914,1.5199990272521973
2019-07-05,164.092529296875,-0.6358261108398438,0.5073108673095703
2019-07-06,312.162109375,1.6976463794708252,0.7781033515930176
2019-07-07,226.580810546875,0.5191152095794678,0.49784326553344727
2019-07-08,458.415771484375,1.7164697647094727,1.0077890157699585
2019-07-09,411.080810546875,1.2805049419403076,0.4152172803878784
2019-07-10,399.09375,1.2983235120773315,0.5967589616775513
2019-07-11,759.897705078125,1.831415057182312,0.6016517281532288
2019-07-12,553.874267578125,1.508784294128418,1.015654444694519
2019-07-13,571.126220703125,1.1296411752700806,1.0473442077636719
2019-07-14,482.461181640625,0.6857820749282837,1.45708429813385
2019-07-15,361.044189453125,0.2614783048629761,1.2226303815841675
2019-07-16,311.031494140625,1.1892415285110474,1.1316620111465454
2019-07-17,304.59765625,1.6131196022033691,0.8354994058609009
2019-07-18,520.281005859375,0.714637279510498,1.4920661449432373
2019-07-19,317.994140625,1.6871562004089355,1.226867914199829
2019-07-20,324.40087890625,1.1841721534729004,0.21614384651184082
2019-07-21,694.5380859375,2.254608631134033,1.9570002555847168
2019-07-22,702.5194091796875,1.5642170906066895,1.4505538940429688
2019-07-23,622.9072265625,1.148528814315796,0.7878924608230591
2019-07-24,465.20166015625,1.1894679069519043,0.28952598571777344
2019-07-25,584.57861328125,0.8577018976211548,0.45823603868484497
2019-07-26,468.929931640625,0.8020339012145996,1.2271515130996704
2019-07-27,348.697509765625,1.2065876722335815,1.0608234405517578
2019-07-28,444.0224609375,1.2816321849822998,0.5046027898788452
2019-07-29,676.13671875,0.6185753345489502,1.5612733364105225
2019-07-30,378.930908203125,0.7828371524810791,1.558964729309082
2019-07-31,512.21142578125,2.300239086151123,1.2036261558532715
2019-08-01,866.3043212890625,1.2421789169311523,2.823942184448242
2019-08-02,418.3134765625,1.0862325429916382,1.3506218194961548
2019-08-03,415.501708984375,0.7657161951065063,1.3946411609649658
2019-08-04,328.41552734375,0.6200535297393799,0.7625513076782227
2019-08-05,483.56640625,1.75077486038208,0.3872861862182617
2019-08-06,738.451904296875,2.6089556217193604,1.3494960069656372
2019-08-07,652.45068359375,2.4362711906433105,1.2603586912155151
2019-08-08,840.6634521484375,1.7380894422531128,0.7348588705062866
2019-08-09,680.595703125,1.4635889530181885,1.4516631364822388
2019-08-10,512.623779296875,1.403703212738037,1.2702300548553467
2019-08-11,998.66650390625,2.3812294006347656,0.8653802871704102
2019-08-12,644.2685546875,1.0176677703857422,1.9807161092758179
2019-08-13,398.844970703125,-0.8389248847961426,0.7930996417999268
2019-08-14,493.915771484375,1.6818220615386963,0.9874733090400696
2019-08-15,519.050048828125,1.2735620737075806,0.7576471567153931
2019-08-16,649.70947265625,2.846069097518921,0.851438581943512
2019-08-17,878.1419677734375,1.883901596069336,1.1387689113616943
2019-08-18,322.60205078125,0.7187578678131104,0.7437695264816284
2019-08-19,184.831787109375,0.05003352463245392,1.393176555633545
2019-08-20,508.9373779296875,-0.17301905155181885,0.6264470219612122
2019-08-21,338.510009765625,1.5355395078659058,0.8085141181945801
2019-08-22,541.568603515625,-0.331236869096756,0.874178409576416
2019-08-23,491.790283203125,1.4313762187957764,1.1721343994140625
2019-08-24,551.228515625,2.21142840385437,1.3665757179260254
2019-08-25,512.060546875,1.9628024101257324,1.1140365600585938
2019-08-26,589.38134765625,1.5341280698776245,1.6800670623779297
2019-08-27,479.2215576171875,1.0527498722076416,1.3117680549621582
2019-08-28,664.63818359375,2.3790085315704346,1.2484321594238281
2019-08-29,928.2664794921875,2.4004297256469727,1.1775656938552856
2019-08-30,857.9154052734375,2.0388481616973877,1.9444448947906494
2019-08-31,719.197265625,1.3357268571853638,1.7135940790176392
2019-09-01,736.7698974609375,1.465294599533081,1.8966487646102905
2019-09-02,908.7083740234375,1.518455982208252,0.8212742805480957
2019-09-03,752.072998046875,1.3344155550003052,1.1080944538116455
2019-09-04,434.0478515625,2.3044826984405518,1.4623653888702393
2019-09-05,1092.4420166015625,1.5022553205490112,0.27915096282958984
2019-09-06,757.487060546875,0.8406224846839905,1.2122724056243896
2019-09-07,695.2374267578125,1.3136268854141235,1.3093230724334717
2019-09-08,1153.9049072265625,1.8877555131912231,0.8059744834899902
2019-09-09,948.4774169921875,2.4798998832702637,-0.5952685475349426
2019-09-10,1335.479736328125,1.8486413955688477,1.3227968215942383
2019-09-11,1352.47314453125,0.7817463874816895,0.8770202398300171
2019-09-12,689.0106201171875,0.366147518157959,1.5876457691192627
2019-09-13,856.9715576171875,1.7461743354797363,1.153551459312439
2019-09-14,963.342529296875,2.944835901260376,1.1838622093200684
2019-09-15,805.9083251953125,2.7336885929107666,0.7850255966186523
2019-09-16,808.4454345703125,1.8562800884246826,1.471369743347168
2019-09-17,1007.6810302734375,2.646472454071045,1.2365740537643433
2019-09-18,898.1121826171875,1.8315218687057495,0.5950928926467896
2019-09-19,890.038818359375,1.206132173538208,1.351794719696045
2019-09-20,1008.2056884765625,2.0589888095855713,2.18686842918396
2019-09-21,700.5341796875,1.4976050853729248,2.0873453617095947
2019-09-22,843.6273193359375,2.8407304286956787,1.4138331413269043
2019-09-23,896.8092041015625,2.8787360191345215,1.4740220308303833
2019-09-24,687.5023193359375,2.8461098670959473,0.9660033583641052
2019-09-25,706.992431640625,2.5740573406219482,1.2192002534866333
2019-09-26,740.25634765625,2.572890281677246,0.92911696434021
2019-09-27,874.0062255859375,2.2837018966674805,1.0065009593963623
2019-09-28,834.40673828125,2.2931721210479736,1.2156627178192139
2019-09-29,1014.4666748046875,3.6953186988830566,0.8430649042129517
2019-09-30,928.6182861328125,2.9910991191864014,1.0947787761688232
2019-10-01,1330.1015625,1.5902621746063232,0.37056195735931396
2019-10-02,1551.68896484375,2.1242194175720215,0.9278945922851562
2019-10-03,1619.509765625,2.0741734504699707,1.405027985572815
2019-10-04,1535.943603515625,1.3808820247650146,1.3776150941848755
2019-10-05,1409.9605712890625,1.6853671073913574,1.1055150032043457
2019-10-06,1126.7685546875,1.503009557723999,2.0954644680023193
2019-10-07,1035.7188720703125,1.2747507095336914,1.5524685382843018
2019-10-08,1016.1446533203125,0.2609894275665283,1.6816699504852295
2019-10-09,1307.0133056640625,1.1938799619674683,1.2306807041168213
2019-10-10,927.084716796875,2.092860221862793,1.0895898342132568
2019-10-11,759.560791015625,2.2642288208007812,1.574690818786621
2019-10-12,610.302001953125,1.6468112468719482,1.4817246198654175
2019-10-13,1259.4429931640625,1.46748685836792,0.6824949383735657
2019-10-14,532.0821533203125,-0.5276185274124146,1.1662787199020386
2019-10-15,1215.676513671875,1.3688578605651855,0.8463698625564575
2019-10-16,618.107177734375,2.5047080516815186,-0.09065812826156616
2019-10-17,1355.080810546875,2.098208427429199,1.4653537273406982
2019-10-18,1196.10498046875,2.583132266998291,1.2876603603363037
2019-10-19,1030.63037109375,2.8983325958251953,1.0471354722976685
2019-10-20,1475.992431640625,2.5963313579559326,1.8893065452575684
2019-10-21,1057.886474609375,1.861823558807373,2.083665132522583
2019-10-22,1853.575439453125,1.2765330076217651,0.9149928092956543
2019-10-23,1570.4688720703125,2.0849769115448,1.0798238515853882
2019-10-24,1698.2198486328125,2.4151008129119873,0.4262908101081848
2019-10-25,1507.28271484375,1.7294464111328125,0.8794029951095581
2019-10-26,1485.4273681640625,3.0388078689575195,0.7892248630523682
2019-10-27,745.5869140625,2.3590493202209473,1.5274592638015747
2019-10-28,1760.111572265625,4.180755615234375,-0.4106438159942627
2019-10-29,1749.0281982421875,3.283799886703491,0.7643766403198242
2019-10-30,1605.1700439453125,1.861905813217163,1.047420620918274
2019-10-31,1224.8438720703125,3.2699038982391357,1.1610379219055176
2019-11-01,1297.6337890625,2.6641530990600586,1.8232407569885254
2019-11-02,1225.923583984375,1.8579127788543701,1.4009090662002563
2019-11-03,1238.89208984375,2.8875691890716553,1.1690500974655151
2019-11-04,1202.7451171875,2.588585615158081,0.7934844493865967
2019-11-05,1587.280517578125,1.4782122373580933,0.9828181266784668
2019-11-06,1669.56396484375,2.005438804626465,1.4721356630325317
2019-11-07,1549.6021728515625,2.393432140350342,1.622825026512146
2019-11-08,1066.746337890625,2.419504404067993,1.7482802867889404
2019-11-09,1522.951416015625,1.755505084991455,1.8831124305725098
2019-11-10,1394.1287841796875,3.853065013885498,1.1916706562042236
2019-11-11,1165.0880126953125,2.875119924545288,1.2104623317718506
2019-11-12,1539.2613525390625,2.820248603820801,1.1116998195648193
2019-11-13,1577.472900390625,2.622201919555664,1.9593732357025146
2019-11-14,1397.7030029296875,1.9502134323120117,1.9181880950927734
2019-11-15,1212.8028564453125,2.3215911388397217,2.442599296569824
2019-11-16,1936.4085693359375,2.691664934158325,1.7781085968017578
2019-11-17,1347.5941162109375,3.1020991802215576,1.9707683324813843
2019-11-18,1285.9464111328125,1.799005150794983,1.905137062072754
2019-11-19,1323.09765625,3.5455727577209473,1.7336479425430298
2019-11-20,1714.402099609375,2.324414014816284,2.4627301692962646
2019-11-21,1052.130859375,3.0893921852111816,1.5733081102371216
2019-11-22,1423.702392578125,3.355619430541992,1.4032788276672363
2019-11-23,1294.47607421875,3.484201431274414,1.6176024675369263
2019-11-24,1409.39990234375,2.4073092937469482,0.6929270029067993
2019-11-25,986.437255859375,0.5084133148193359,1.4152462482452393
2019-11-26,1722.49169921875,2.2684288024902344,1.376378059387207
2019-11-27,1512.8792724609375,1.6511870622634888,1.7717175483703613
2019-11-28,1621.89013671875,2.0748276710510254,1.3751449584960938
2019-11-29,1624.22216796875,1.9407216310501099,1.2887969017028809
2019-11-30,1642.9393310546875,2.0452158451080322,1.6531920433044434
2019-12-01,1546.7880859375,3.415642261505127,1.485526204109192
2019-12-02,1448.6019287109375,2.759791374206543,1.9066569805145264
2019-12-03,1839.23291015625,2.4613099098205566,0.7540184855461121
2019-12-04,2466.40234375,1.975482702255249,0.7321028709411621
2019-12-05,2085.160888671875,2.442302703857422,1.2012107372283936
2019-12-06,1946.455322265625,3.2567598819732666,0.8049341440200806
2019-12-07,1767.379638671875,2.7252683639526367,1.0217372179031372
2019-12-08,1778.4337158203125,2.41852068901062,1.0047938823699951
2019-12-09,1570.0537109375,2.7900328636169434,1.0595746040344238
2019-12-10,1263.9180908203125,3.3733603954315186,1.7414109706878662
2019-12-11,1394.1116943359375,2.4896678924560547,1.8620799779891968
2019-12-12,1557.7584228515625,1.4648510217666626,1.6292760372161865
2019-12-13,1631.2432861328125,2.9820570945739746,0.9493110179901123
2019-12-14,1366.2298583984375,0.9278606176376343,1.2147912979125977
2019-12-15,1924.5540771484375,2.435106039047241,1.292968988418579
2019-12-16,1757.1087646484375,2.539965867996216,1.8246498107910156
2019-12-17,1671.72216796875,2.265070915222168,1.5654330253601074
2019-12-18,1811.9384765625,2.771638870239258,1.9243712425231934
2019-12-19,1394.2301025390625,3.692760467529297,1.1473957300186157
2019-12-20,1943.7110595703125,2.094757080078125,0.8906705379486084
2019-12-21,1943.347412109375,2.9417569637298584,1.213224172592163
2019-12-22,1602.263427734375,2.277498245239258,1.626405954360962
2019-12-23,1843.3349609375,2.7455668449401855,2.0297791957855225
2019-12-24,1779.6302490234375,3.907072067260742,1.4300386905670166
2019-12-25,1633.7510986328125,2.7404353618621826,1.1872203350067139
2019-12-26,1517.160888671875,3.205301284790039,1.66064453125
2019-12-27,1525.435546875,3.33135986328125,1.8450849056243896
2019-12-28,1519.574951171875,2.86818790435791,2.2699105739593506
2019-12-29,1608.7745361328125,3.3712940216064453,1.6741023063659668
2019-12-30,1428.1063232421875,2.8347291946411133,1.7867565155029297
2019-12-31,1659.8175048828125,3.26210355758667,1.5663191080093384
2020-01-01,1467.474853515625,3.1539220809936523,1.3936150074005127
2020-01-02,1354.6922607421875,3.4488792419433594,1.5750751495361328
2020-01-03,1330.22509765625,3.1518115997314453,1.8724188804626465
2020-01-04,1356.43310546875,3.390747547149658,1.5231132507324219
2020-01-05,1040.728759765625,2.616431474685669,0.9594282507896423
2020-01-06,2026.1820068359375,1.5769251585006714,-0.7874376773834229
2020-01-07,1981.6776123046875,2.018692970275879,0.7622295618057251
2020-01-08,1499.30908203125,2.2225117683410645,1.0388803482055664
2020-01-09,1637.8365478515625,1.6113225221633911,0.7219945788383484
2020-01-10,1684.3934326171875,1.9268624782562256,1.165161371231079
2020-01-11,1661.6436767578125,2.513570547103882,1.3376004695892334
2020-01-12,1684.005859375,3.05631947517395,1.3298648595809937
2020-01-13,1460.748291015625,2.9228012561798096,1.8245620727539062
2020-01-14,1393.180419921875,3.1962666511535645,2.1991186141967773
2020-01-15,1317.0408935546875,2.5716452598571777,1.8420422077178955
2020-01-16,1230.546875,3.0833849906921387,1.2701365947723389
2020-01-17,1137.554443359375,2.824448823928833,1.5366265773773193
2020-01-18,1088.8067626953125,3.13655948638916,1.4599019289016724
2020-01-19,841.117431640625,3.5544028282165527,1.4358484745025635
2020-01-20,1103.9921875,2.9254112243652344,1.5888512134552002
2020-01-21,1069.0234375,2.9009761810302734,1.3256118297576904
2020-01-22,1134.455078125,3.013096809387207,1.098301887512207
2020-01-23,1526.35595703125,3.2061209678649902,1.5626955032348633
2020-01-24,1296.011474609375,3.086204767227173,1.615513801574707
2020-01-25,1433.8153076171875,2.8229727745056152,1.6252691745758057
2020-01-26,1659.0555419921875,2.5123131275177,1.7871570587158203
2020-01-27,1756.2060546875,3.2357664108276367,1.0344679355621338
2020-01-28,1763.9136962890625,3.1710076332092285,1.1369962692260742
2020-01-29,1838.59130859375,2.099851131439209,1.010894775390625
2020-01-30,1742.90185546875,2.963958740234375,1.2657685279846191
2020-01-31,1497.07568359375,3.00298810005188,1.5657382011413574
2020-02-01,1422.086181640625,2.5806868076324463,1.5284442901611328
2020-02-02,1776.32666015625,3.3050954341888428,0.6471377015113831
2020-02-03,1430.2904052734375,2.998924732208252,1.2307237386703491
2020-02-04,1564.490966796875,2.3592216968536377,1.3735418319702148
2020-02-05,1481.269775390625,3.370739459991455,0.8928709626197815
2020-02-06,1426.1591796875,2.615962266921997,1.3453625440597534
2020-02-07,1514.02392578125,2.824866533279419,1.5608105659484863
2020-02-08,1491.778076171875,2.9771292209625244,1.4099349975585938
2020-02-09,1422.120361328125,3.082439422607422,1.4242064952850342
2020-02-10,1523.508544921875,3.0878195762634277,1.425610899925232
2020-02-11,1389.08642578125,3.2555923461914062,1.400193691253662
2020-02-12,1368.02978515625,3.2447965145111084,1.8046568632125854
2020-02-13,1496.819580078125,2.637939453125,1.637148141860962
2020-02-14,1211.094970703125,2.973217487335205,1.621031403541565
2020-02-15,1220.239990234375,2.8909428119659424,1.5755834579467773
2020-02-16,1561.00439453125,3.0315942764282227,1.110757827758789
2020-02-17,1404.07177734375,2.2902677059173584,2.3022513389587402
2020-02-18,1333.7666015625,2.888369083404541,1.274192214012146
2020-02-19,1262.678466796875,2.7624943256378174,1.6322346925735474
2020-02-20,1278.9654541015625,2.926400661468506,1.3529858589172363
2020-02-21,1071.224365234375,2.5862059593200684,1.0873761177062988
2020-02-22,1098.690185546875,2.6903538703918457,1.3412779569625854
2020-02-23,1176.416259765625,2.8461546897888184,1.424463152885437
2020-02-24,1353.107177734375,2.8682701587677,0.8634042143821716
2020-02-25,1499.6539306640625,1.7792587280273438,1.4336425065994263
2020-02-26,1616.7652587890625,1.8706581592559814,1.1480644941329956
2020-02-27,1471.381103515625,2.357335329055786,1.4602842330932617
2020-02-28,1631.12890625,2.4089267253875732,1.1615909337997437
2020-02-29,1185.197509765625,2.6148295402526855,1.0719273090362549
2020-03-01,1123.6295166015625,2.663825750350952,1.243277668952942
2020-03-02,1087.5648193359375,2.6693532466888428,1.4122238159179688
2020-03-03,1006.7403564453125,2.5974326133728027,1.2576225996017456
2020-03-04,1039.7117919921875,2.344900369644165,1.4895875453948975
2020-03-05,1033.2327880859375,2.4525535106658936,1.7515302896499634
2020-03-06,1036.7276611328125,3.007044792175293,1.2239552736282349
2020-03-07,1099.900634765625,2.803748607635498,1.2531179189682007
2020-03-08,1153.128173828125,2.5709569454193115,1.648910403251648
2020-03-09,1146.806396484375,2.3753488063812256,1.9012718200683594
2020-03-10,1201.9837646484375,2.4320602416992188,1.8650912046432495
2020-03-11,1464.652099609375,2.012666702270508,1.3999855518341064
2020-03-12,1104.64013671875,2.626509189605713,1.1801151037216187
2020-03-13,1146.331787109375,2.41617751121521,1.5618515014648438
2020-03-14,1249.968994140625,2.3723208904266357,1.1043400764465332
2020-03-15,1176.0064697265625,2.6953091621398926,1.4275208711624146
2020-03-16,1152.9569091796875,3.290750026702881,1.2254284620285034
2020-03-17,1319.732177734375,1.8839844465255737,1.2708961963653564
2020-03-18,1357.9368896484375,2.202382802963257,1.064713954925537
2020-03-19,1116.2147216796875,2.184481143951416,1.3362637758255005
2020-03-20,1210.3138427734375,2.3785340785980225,1.0251944065093994
2020-03-21,1037.572021484375,2.573187828063965,1.2675302028656006
2020-03-22,1075.68017578125,2.287482738494873,1.4090043306350708
2020-03-23,1631.144287109375,1.93023681640625,0.9673869609832764
2020-03-24,1370.224365234375,2.5786890983581543,1.3731825351715088
2020-03-25,1090.99658203125,1.4417393207550049,0.442754864692688
2020-03-26,1119.253662109375,2.543363571166992,0.8503057956695557
2020-03-27,1049.05078125,2.2759134769439697,0.867700457572937
2020-03-28,1147.031494140625,2.521790027618408,1.2540541887283325
2020-03-29,1038.8817138671875,2.111558198928833,1.4545000791549683
2020-03-30,1074.70556640625,2.1096718311309814,1.4006630182266235
2020-03-31,975.4022216796875,2.1219778060913086,1.4928994178771973
2020-04-01,956.209228515625,2.1537115573883057,2.034559488296509
2020-04-02,927.375,2.1017978191375732,0.8268672227859497
2020-04-03,804.3775634765625,2.2932517528533936,1.138450026512146
2020-04-04,1057.583251953125,2.3607430458068848,1.126417636871338
2020-04-05,1155.97998046875,1.5906472206115723,1.4762861728668213
2020-04-06,1115.6566162109375,1.4370783567428589,1.4442875385284424
2020-04-07,1042.4378662109375,1.5157095193862915,0.7048368453979492
2020-04-08,830.231689453125,2.699932098388672,1.2744970321655273
2020-04-09,762.0767822265625,2.568819522857666,1.517833948135376
2020-04-10,748.7183837890625,2.1051089763641357,1.259295105934143
2020-04-11,881.089111328125,1.9376904964447021,1.1004860401153564
2020-04-12,400.8712158203125,1.8297024965286255,0.864304780960083
2020-04-13,855.80810546875,0.8754458427429199,1.6424286365509033
2020-04-14,710.34912109375,1.4878143072128296,1.3192683458328247
2020-04-15,659.3697509765625,1.8707143068313599,1.1663577556610107
2020-04-16,644.592041015625,1.9680564403533936,1.6706103086471558
2020-04-17,592.497314453125,1.3247053623199463,1.3190557956695557
2020-04-18,611.28271484375,1.6627061367034912,1.4085562229156494
2020-04-19,609.3240966796875,1.2043397426605225,1.1542768478393555
2020-04-20,662.4454345703125,1.7146484851837158,1.5536696910858154
2020-04-21,677.1123046875,1.205759048461914,1.113945484161377
2020-04-22,677.66796875,1.8981778621673584,0.9636849761009216
2020-04-23,602.0565185546875,1.655140995979309,0.775967001914978
2020-04-24,1020.688720703125,2.2045466899871826,0.7645796537399292
2020-04-25,1146.017578125,2.067922353744507,1.4053329229354858
2020-04-26,898.061279296875,2.506769895553589,1.1195697784423828
2020-04-27,1098.62451171875,2.7946248054504395,0.9671278595924377
2020-04-28,712.678955078125,0.8877841234207153,2.2005276679992676
2020-04-29,588.955322265625,1.7262145280838013,1.3086133003234863
2020-04-30,590.8419189453125,1.3926044702529907,1.4145088195800781
2020-05-01,622.947509765625,1.7260605096817017,0.8419639468193054
2020-05-02,668.7509765625,2.5743165016174316,1.414583444595337
2020-05-03,687.69482421875,2.3351120948791504,1.6657847166061401
2020-05-04,713.48193359375,0.9350523948669434,1.885632038116455
2020-05-05,650.9234619140625,0.7201063632965088,1.6544111967086792
2020-05-06,448.636474609375,0.4907759428024292,1.1396558284759521
2020-05-07,405.01416015625,1.3421413898468018,1.1285896301269531
2020-05-08,436.514404296875,1.6796209812164307,0.7970720529556274
2020-05-09,609.171875,2.0182313919067383,1.0123406648635864
2020-05-10,730.76123046875,1.8034803867340088,1.496981143951416
2020-05-11,573.269775390625,2.0389809608459473,1.2039293050765991
2020-05-12,457.087158203125,1.5943371057510376,0.824051022529602
2020-05-13,672.203857421875,0.4502219557762146,0.87424236536026
2020-05-14,504.68994140625,1.9715031385421753,1.8478151559829712
2020-05-15,512.879150390625,1.0745364427566528,0.9249481558799744
2020-05-16,442.7998046875,1.3711419105529785,1.3796957731246948
2020-05-17,534.787841796875,1.6898823976516724,1.3338253498077393
2020-05-18,575.4512939453125,1.789038062095642,0.9942646026611328
2020-05-19,589.4771728515625,1.5290679931640625,0.7651512622833252
2020-05-20,433.595703125,1.2710468769073486,1.0716246366500854
2020-05-21,810.8853759765625,0.7187087535858154,1.579633355140686
2020-05-22,512.802490234375,0.3549947738647461,1.3652018308639526
2020-05-23,331.006103515625,0.8375089168548584,1.0630329847335815
2020-05-24,327.220703125,0.5632116794586182,1.6335289478302002
2020-05-25,311.570556640625,0.308347225189209,0.7774479389190674
2020-05-26,446.2706298828125,2.028548240661621,1.0287020206451416
2020-05-27,486.6834716796875,1.9050871133804321,0.9880277514457703
2020-05-28,400.91162109375,2.0654067993164062,0.9560583233833313
2020-05-29,632.961181640625,1.6669049263000488,1.041139841079712
2020-05-30,575.280517578125,1.2380280494689941,1.250461220741272
2020-05-31,641.09423828125,2.074211597442627,0.9649485349655151
2020-06-01,665.4102783203125,1.3595049381256104,1.1524250507354736
2020-06-02,258.555419921875,1.402807593345642,0.5971872210502625
2020-06-03,651.541259765625,2.3163857460021973,0.26036542654037476
2020-06-04,827.724365234375,1.7779837846755981,0.5453417301177979
2020-06-05,491.4970703125,1.1443376541137695,0.5478357076644897
2020-06-06,474.9906005859375,1.8399485349655151,0.9196324348449707
2020-06-07,608.3302001953125,2.036363124847412,0.6322618722915649
2020-06-08,378.599365234375,1.5626837015151978,1.0726079940795898
2020-06-09,478.7271728515625,1.4968349933624268,0.9993095397949219
2020-06-10,502.6494140625,1.5245184898376465,1.0006269216537476
2020-06-11,389.81494140625,1.1686592102050781,0.4710402488708496
2020-06-12,574.617919921875,-0.3459569811820984,-0.6091341972351074
2020-06-13,248.15576171875,-0.6454685926437378,1.0482101440429688
2020-06-14,125.775146484375,-0.7611221075057983,0.046126723289489746
2020-06-15,391.66357421875,1.4364274740219116,0.024634838104248047
2020-06-16,307.1640625,0.8352169990539551,0.24944767355918884
2020-06-17,1142.1939697265625,1.8959736824035645,-0.5701000690460205
2020-06-18,75.67431640625,0.013417720794677734,0.3450639545917511
2020-06-19,190.530517578125,-0.1181492805480957,1.0015370845794678
2020-06-20,81.919921875,0.8789576888084412,1.032326102256775
2020-06-21,227.68798828125,0.9643524885177612,0.8097376227378845
2020-06-22,75.603759765625,-0.12508058547973633,0.7551391124725342
2020-06-23,366.46630859375,1.4506568908691406,0.3805111050605774
2020-06-24,817.0772705078125,0.20111870765686035,-0.6149192452430725
2020-06-25,81.4609375,-1.0651261806488037,0.8788799047470093
2020-06-26,519.66455078125,0.9133785963058472,0.6206358671188354
2020-06-27,84.375244140625,0.4662907123565674,0.8666973114013672
2020-06-28,251.09619140625,0.24527209997177124,0.5580203533172607
2020-06-29,383.126953125,-0.7879844307899475,-0.3511946201324463
2020-06-30,292.19677734375,0.15013685822486877,1.045843243598938
2020-07-01,344.47314453125,0.006035208702087402,-0.2987072467803955
2020-07-02,378.664306640625,0.17671498656272888,1.0508476495742798
2020-07-03,363.06396484375,1.0926074981689453,0.37764617800712585
2020-07-04,217.4296875,0.28698062896728516,2.2992312908172607
2020-07-05,722.084228515625,0.7773798704147339,1.845361590385437
2020-07-06,496.11962890625,1.363024353981018,0.791164755821228
2020-07-07,1229.9266357421875,0.5429375171661377,-0.7453250885009766
2020-07-08,340.85546875,-1.1237633228302002,0.6638067960739136
2020-07-09,399.81201171875,0.15941810607910156,0.8048946857452393
2020-07-10,181.571044921875,1.2285263538360596,0.9659862518310547
2020-07-11,169.263671875,0.8034365177154541,0.922541618347168
2020-07-12,323.033203125,-0.015333175659179688,0.9202132225036621
2020-07-13,269.783935546875,-0.8707059025764465,0.41665661334991455
2020-07-14,301.912841796875,0.39705151319503784,0.8155961036682129
2020-07-15,309.6767578125,1.1117501258850098,0.3184574842453003
2020-07-16,98.654541015625,0.5885369777679443,0.9407019019126892
2020-07-17,308.129150390625,1.5318067073822021,0.6514581441879272
2020-07-18,167.838134765625,0.2904083728790283,1.253265142440796
2020-07-19,715.89794921875,1.6256957054138184,0.2978942394256592
2020-07-20,442.35888671875,1.4683188199996948,0.310458779335022
2020-07-21,309.763427734375,1.3946572542190552,0.9185923933982849
2020-07-22,846.4964599609375,1.073990821838379,0.5793388485908508
2020-07-23,1195.357666015625,0.37711286544799805,0.24640226364135742
2020-07-24,917.6358642578125,0.7907602787017822,1.0179142951965332
2020-07-25,67.391845703125,0.22036074101924896,0.649451732635498
2020-07-26,143.979736328125,0.8878933191299438,0.4383060932159424
2020-07-27,688.236083984375,1.0741372108459473,1.0908896923065186
2020-07-28,412.308349609375,-0.052771687507629395,0.8428666591644287
2020-07-29,310.97314453125,0.015277385711669922,0.9642606377601624
2020-07-30,295.760498046875,0.7542577981948853,1.015718698501587
2020-07-31,168.861083984375,-1.065710425376892,0.583301305770874
2020-08-01,412.513671875,1.6998159885406494,0.8968864679336548
2020-08-02,325.69384765625,1.1012353897094727,0.7891637086868286
2020-08-03,407.903076171875,0.9417030215263367,0.8938229084014893
2020-08-04,473.479248046875,0.5294516086578369,0.5604993104934692
2020-08-05,525.35595703125,2.273181915283203,1.400413990020752
2020-08-06,406.398681640625,0.6634093523025513,0.9767076969146729
2020-08-07,430.62744140625,1.275145411491394,1.5024679899215698
2020-08-08,404.447509765625,0.850489616394043,1.550077199935913
2020-08-09,587.8995361328125,1.8244304656982422,0.9482458233833313
2020-08-10,541.703125,-0.18679362535476685,1.4893739223480225
2020-08-11,532.513916015625,1.1143388748168945,1.4567303657531738
2020-08-12,653.563720703125,1.1044197082519531,1.10325288772583
2020-08-13,662.539794921875,1.0119712352752686,0.9281491041183472
2020-08-14,918.0426025390625,1.1498422622680664,1.3025612831115723
2020-08-15,653.381103515625,0.20183563232421875,1.383459448814392
2020-08-16,651.799560546875,0.6137340068817139,0.9381121397018433
2020-08-17,710.967041015625,1.1995513439178467,0.6699939966201782
2020-08-18,1045.1658935546875,1.380774736404419,0.24008989334106445
2020-08-19,885.3577880859375,0.3329200744628906,0.8063061833381653
2020-08-20,598.14111328125,0.4272575378417969,0.1169973611831665
2020-08-21,625.017822265625,0.705893874168396,0.7392789125442505
2020-08-22,679.980224609375,1.8482813835144043,0.8049173355102539
2020-08-23,829.4569091796875,1.7801432609558105,1.132926106452942
2020-08-24,1109.0267333984375,1.110499382019043,-0.10479593276977539
2020-08-25,782.4163818359375,2.9409725666046143,-0.002323627471923828
2020-08-26,1044.8284912109375,1.7329869270324707,0.09628176689147949
2020-08-27,995.060791015625,2.1051523685455322,0.20556116104125977
2020-08-28,831.5205078125,2.159670352935791,0.45149970054626465
2020-08-29,1098.3138427734375,1.9848947525024414,1.230804681777954
2020-08-30,821.7510986328125,1.6891720294952393,1.6112439632415771
2020-08-31,845.35107421875,2.0450286865234375,0.5745751857757568
2020-09-01,835.7744140625,1.3391616344451904,0.2120121717453003
2020-09-02,859.2164306640625,1.5685409307479858,1.413309097290039
2020-09-03,1012.3385009765625,0.5500574111938477,0.6801228523254395
2020-09-04,904.62451171875,1.9723281860351562,0.7160356044769287
2020-09-05,935.01904296875,1.1130043268203735,1.474395513534546
2020-09-06,830.40380859375,1.4930098056793213,0.9829615354537964
2020-09-07,813.849609375,0.6781749725341797,0.9151158332824707
2020-09-08,458.3692626953125,1.6070735454559326,0.8542748689651489
2020-09-09,945.57861328125,1.8764019012451172,1.3616368770599365
2020-09-10,787.216552734375,1.7859220504760742,1.6004431247711182
2020-09-11,816.887451171875,2.1485671997070312,2.6889138221740723
2020-09-12,734.7725830078125,1.9477589130401611,1.6615796089172363
2020-09-13,820.7386474609375,1.2217600345611572,2.0679426193237305
2020-09-14,719.537109375,1.3192813396453857,0.5690513849258423
2020-09-15,943.64306640625,2.7445642948150635,0.7354965209960938
2020-09-16,886.4713134765625,1.567972183227539,1.3364522457122803
2020-09-17,708.2703857421875,1.5577821731567383,1.6792207956314087
2020-09-18,819.6917724609375,1.337050199508667,1.873993992805481
2020-09-19,1074.8172607421875,1.7594330310821533,1.0108462572097778
2020-09-20,924.98193359375,1.5643715858459473,1.1017248630523682
2020-09-21,815.9957275390625,1.1602369546890259,1.1574316024780273
2020-09-22,1131.4373779296875,1.4107686281204224,1.3830409049987793
2020-09-23,903.3721923828125,1.6992790699005127,1.2613226175308228
2020-09-24,834.61376953125,3.272897720336914,0.8758517503738403
2020-09-25,815.3428955078125,3.4656612873077393,0.8238574266433716
2020-09-26,1214.8248291015625,0.766853928565979,0.7774585485458374
2020-09-27,1396.2296142578125,1.1912440061569214,1.1355361938476562
2020-09-28,883.586181640625,2.1697025299072266,0.7319890260696411
2020-09-29,983.3675537109375,2.954918384552002,0.6840418577194214
2020-09-30,1261.27880859375,2.972022294998169,1.283203363418579
2020-10-01,1201.994873046875,3.0819661617279053,0.9534444808959961
2020-10-02,1284.420654296875,3.138537883758545,0.9111571907997131
2020-10-03,1290.45849609375,3.4150493144989014,1.3395519256591797
2020-10-04,1117.273193359375,2.3268535137176514,2.2477757930755615
2020-10-05,887.7144775390625,2.528036594390869,1.2414724826812744
2020-10-06,962.621337890625,2.310607671737671,0.7763972282409668
2020-10-07,1200.21435546875,2.696033239364624,1.219199299812317
2020-10-08,1218.764892578125,2.6922850608825684,1.8172855377197266
2020-10-09,957.7412109375,1.6356003284454346,2.171487331390381
2020-10-10,903.5665283203125,1.7701599597930908,1.863288164138794
2020-10-11,1308.9910888671875,1.8758635520935059,0.9479372501373291
2020-10-12,1144.9891357421875,1.8753725290298462,1.2685940265655518
2020-10-13,1056.21240234375,2.6216988563537598,0.705578088760376
2020-10-14,1180.1156005859375,2.7651398181915283,0.965434193611145
2020-10-15,1021.82080078125,1.7165062427520752,1.3132400512695312
2020-10-16,924.197265625,2.2516229152679443,0.731332540512085
2020-10-17,893.21337890625,2.984405517578125,1.3736624717712402
2020-10-18,1210.7816162109375,3.3029329776763916,1.4261386394500732
2020-10-19,989.0230712890625,0.754493236541748,1.1803362369537354
2020-10-20,1162.58642578125,2.707265615463257,1.461514949798584
2020-10-21,1105.4779052734375,3.0523271560668945,1.3008192777633667
2020-10-22,961.0926513671875,2.7922983169555664,1.3675888776779175
2020-10-23,1003.8028564453125,2.7938270568847656,1.4566229581832886
2020-10-24,1104.6634521484375,3.4385900497436523,1.4595927000045776
2020-10-25,1159.169921875,0.4914834499359131,1.4808943271636963
2020-10-26,1070.4315185546875,2.351069927215576,1.3875161409378052
2020-10-27,496.4405517578125,1.480159878730774,1.3749877214431763
2020-10-28,1198.177001953125,1.988363265991211,2.198317050933838
2020-10-29,1419.9901123046875,2.4557549953460693,0.8963044881820679
2020-10-30,1516.0498046875,1.8684170246124268,1.379514217376709
2020-10-31,1123.3330078125,2.909555196762085,1.4365010261535645
2020-11-01,1089.30517578125,2.70682954788208,1.166994571685791
2020-11-02,888.10400390625,3.1506242752075195,1.4556000232696533
2020-11-03,997.421875,2.491469383239746,1.886817216873169
2020-11-04,1053.3223876953125,3.34623646736145,1.5622313022613525
2020-11-05,1157.8321533203125,2.4896552562713623,1.513922929763794
2020-11-06,1332.373291015625,2.2233948707580566,1.074374794960022
2020-11-07,1443.6834716796875,2.580106258392334,1.1331400871276855
2020-11-08,1125.4908447265625,3.021603584289551,1.4339419603347778
2020-11-09,1313.6151123046875,2.040555953979492,1.5342769622802734
2020-11-10,1480.383544921875,2.7606494426727295,0.9861353039741516
2020-11-11,1133.99267578125,2.662712574005127,1.480885624885559
2020-11-12,1151.0745849609375,2.653702974319458,1.3103468418121338
2020-11-13,1268.5157470703125,3.4164345264434814,1.3111991882324219
2020-11-14,1431.4302978515625,1.7867629528045654,1.6715087890625
2020-11-15,1739.7208251953125,2.7351341247558594,0.6843693256378174
2020-11-16,1443.8773193359375,2.114668846130371,1.65365731716156
2020-11-17,812.3621826171875,2.1318297386169434,0.14901913702487946
2020-11-18,1360.4979248046875,1.8852629661560059,0.8607219457626343
2020-11-19,1148.6123046875,2.517282009124756,0.8583446145057678
2020-11-20,1286.0859375,2.499443531036377,1.0118201971054077
2020-11-21,1393.218994140625,2.2870266437530518,1.698566198348999
2020-11-22,1356.0679931640625,2.4388787746429443,1.2085020542144775
2020-11-23,1512.50146484375,2.9488253593444824,1.3990753889083862
2020-11-24,1685.6322021484375,3.1919991970062256,1.5789316892623901
2020-11-25,1271.195556640625,1.8865137100219727,2.5454659461975098
2020-11-26,1523.137939453125,2.2546021938323975,1.7494322061538696
2020-11-27,1341.550537109375,2.9844231605529785,1.2780375480651855
2020-11-28,1400.677978515625,2.629444122314453,1.4437580108642578
2020-11-29,1465.565185546875,2.410940170288086,1.7847392559051514
2020-11-30,1652.921875,2.773571491241455,1.5557067394256592
2020-12-01,1315.6976318359375,4.33449125289917,1.4493088722229004
2020-12-02,1419.612060546875,2.375333547592163,2.0901741981506348
2020-12-03,1672.1307373046875,1.7507450580596924,1.7217862606048584
2020-12-04,1415.9517822265625,3.0559122562408447,1.061455488204956
2020-12-05,1242.949462890625,2.4635069370269775,1.3075568675994873
2020-12-06,1302.134521484375,2.4546401500701904,1.5274499654769897
2020-12-07,1198.2718505859375,3.239710807800293,1.5748486518859863
2020-12-08,1112.4637451171875,2.608368158340454,1.8638088703155518
2020-12-09,1276.6707763671875,2.7222325801849365,1.780562400817871
2020-12-10,1165.8770751953125,3.0368361473083496,1.5905773639678955
2020-12-11,1474.2574462890625,2.0755884647369385,1.6808786392211914
2020-12-12,1532.7371826171875,2.306000232696533,1.224109172821045
2020-12-13,1622.3720703125,2.109830379486084,2.4850337505340576
2020-12-14,1584.3795166015625,2.2532477378845215,1.7994896173477173
2020-12-15,1742.6805419921875,2.343820571899414,1.230994462966919
2020-12-16,1569.7061767578125,2.8934242725372314,1.463146686553955
2020-12-17,1609.7578125,3.0370426177978516,1.0684008598327637
2020-12-18,1515.769287109375,1.2142727375030518,0.7845208644866943
2020-12-19,1913.3408203125,2.865841865539551,0.7514715194702148
2020-12-20,1638.0400390625,2.046623706817627,1.3262929916381836
2020-12-21,1538.7279052734375,3.081892251968384,1.5143078565597534
2020-12-22,1411.380859375,3.3268628120422363,1.7683833837509155
2020-12-23,1236.4354248046875,3.425806999206543,1.6917434930801392
2020-12-24,1555.3924560546875,3.068979263305664,1.8458075523376465
2020-12-25,1437.61181640625,2.5939807891845703,1.4480979442596436
2020-12-26,1311.658447265625,3.253861665725708,1.3845298290252686
2020-12-27,1399.4439697265625,2.679509401321411,1.4148328304290771
2020-12-28,1608.6011962890625,3.1413402557373047,1.5444092750549316
2020-12-29,1392.435791015625,2.9758453369140625,1.938835620880127
2020-12-30,1524.98681640625,1.9114582538604736,1.996272087097168
2020-12-31,1217.52392578125,3.7860865592956543,1.3048410415649414
2021-01-01,1368.17138671875,3.068509101867676,1.8678183555603027
2021-01-02,1740.98486328125,2.874114513397217,0.8261322379112244
2021-01-03,1472.6539306640625,2.3995285034179688,1.6284703016281128
2021-01-04,1816.9591064453125,2.992091417312622,1.3354406356811523
2021-01-05,1786.8677978515625,2.996774673461914,1.1780141592025757
2021-01-06,1949.3974609375,2.537435293197632,1.020509123802185
2021-01-07,1887.7578125,2.590895652770996,1.0588979721069336
2021-01-08,2308.5634765625,3.590075969696045,0.3287479877471924
2021-01-09,1634.955810546875,2.9705560207366943,0.860175371170044
2021-01-10,1558.0948486328125,2.7383737564086914,1.300100326538086
2021-01-11,1616.614013671875,2.0409982204437256,1.0479681491851807
2021-01-12,1605.343017578125,2.9756224155426025,1.170806646347046
2021-01-13,1396.7344970703125,2.955477237701416,1.4664126634597778
2021-01-14,1248.4129638671875,3.520702362060547,1.6483373641967773
2021-01-15,1524.312255859375,2.7212953567504883,2.2150192260742188
2021-01-16,1759.16650390625,3.2980799674987793,1.8874444961547852
2021-01-17,1581.872314453125,2.598585844039917,1.6358764171600342
2021-01-18,1341.6632080078125,2.827082633972168,1.0042673349380493
2021-01-19,1236.610595703125,3.1100120544433594,0.9837498664855957
2021-01-20,1072.0716552734375,1.9544745683670044,1.1232894659042358
2021-01-21,1148.20556640625,2.2392280101776123,0.8014230728149414
2021-01-22,1025.1441650390625,2.7329020500183105,0.9591455459594727
2021-01-23,1107.078125,3.1793723106384277,1.4509708881378174
2021-01-24,1534.49462890625,2.1621274948120117,1.2046653032302856
2021-01-25,1440.306884765625,2.4879841804504395,1.1387518644332886
2021-01-26,1555.3359375,2.71983003616333,1.14895498752594
2021-01-27,1530.9107666015625,2.4373066425323486,1.7366459369659424
2021-01-28,1686.9498291015625,2.5762100219726562,1.2797746658325195
2021-01-29,693.4091796875,-0.7592034339904785,0.3948395252227783
2021-01-30,483.73681640625,0.5958734750747681,0.8774271011352539
2021-01-31,1380.224609375,0.41964268684387207,-0.00913860835134983
2021-02-01,789.8232421875,1.4395962953567505,0.7288587689399719
2021-02-02,1310.6142578125,2.0155889987945557,0.3216952085494995
2021-02-03,906.0108642578125,1.3073289394378662,1.8049604892730713
2021-02-04,803.313232421875,2.8928236961364746,1.1431946754455566
2021-02-05,786.7857666015625,2.4274983406066895,1.1089997291564941
2021-02-06,774.684814453125,3.001356601715088,1.2436401844024658
2021-02-07,1017.9237060546875,2.206477642059326,1.0873334407806396
2021-02-08,1241.1751708984375,2.569314479827881,1.6120035648345947
2021-02-09,1063.898193359375,1.5676442384719849,0.4550248384475708
2021-02-10,1095.8865966796875,1.5992653369903564,1.2785488367080688
2021-02-11,748.3426513671875,2.7323508262634277,1.3723955154418945
2021-02-12,1358.2706298828125,2.135077953338623,0.9983298778533936
2021-02-13,1264.0826416015625,1.7131602764129639,0.6395460963249207
2021-02-14,1212.1925048828125,2.04355525970459,0.9657161235809326
2021-02-15,1231.4786376953125,1.76898193359375,0.6491706371307373
2021-02-16,1240.308349609375,2.398843288421631,1.3280836343765259
2021-02-17,1214.884765625,2.1782054901123047,1.091776967048645
2021-02-18,1205.4993896484375,1.8053914308547974,1.12167489528656
2021-02-19,1398.1512451171875,1.7784839868545532,1.0615438222885132
2021-02-20,1332.1353759765625,1.881519079208374,0.7149930000305176
2021-02-21,1152.562744140625,2.4668140411376953,1.217405080795288
2021-02-22,1120.227294921875,2.208434581756592,1.5422396659851074
2021-02-23,1088.536376953125,2.5549023151397705,1.8260653018951416
2021-02-24,927.019287109375,3.4560036659240723,1.1419284343719482
2021-02-25,949.511474609375,3.1681125164031982,1.2071125507354736
2021-02-26,941.2281494140625,2.8192152976989746,1.3726857900619507
2021-02-27,970.7227172851562,2.5273385047912598,1.6949280500411987
2021-02-28,1165.796630859375,2.2579760551452637,1.1572325229644775
2021-03-01,1199.605224609375,2.8054354190826416,0.6554816365242004
2021-03-02,1112.075927734375,2.4439659118652344,1.0873252153396606
2021-03-03,1131.67724609375,1.9893815517425537,1.0824482440948486
2021-03-04,1018.4254150390625,1.9426977634429932,1.1136013269424438
2021-03-05,1318.565185546875,3.056839942932129,0.8706232309341431
2021-03-06,1068.1392822265625,2.662696599960327,1.0801234245300293
2021-03-07,1040.790771484375,2.471362829208374,1.840561032295227
2021-03-08,1245.0093994140625,2.584444522857666,0.800629198551178
2021-03-09,1096.5076904296875,3.0594747066497803,1.3251560926437378
2021-03-10,1074.5694580078125,2.6285958290100098,1.5678592920303345
2021-03-11,1104.530517578125,2.3498120307922363,1.6332978010177612
2021-03-12,1247.04638671875,2.2476847171783447,0.8353379964828491
2021-03-13,1218.21044921875,1.9565346240997314,0.8079805970191956
2021-03-14,1109.880126953125,2.3040835857391357,0.7562767863273621
2021-03-15,684.6026611328125,2.5526223182678223,0.6154313087463379
2021-03-16,1262.038330078125,2.172025680541992,1.1068884134292603
2021-03-17,1246.861083984375,2.800680160522461,0.15448319911956787
2021-03-18,970.512451171875,2.72904634475708,0.6823668479919434
2021-03-19,900.4049072265625,2.9430150985717773,-0.1425495147705078
2021-03-20,1383.3536376953125,1.6754409074783325,0.7493865489959717
2021-03-21,1288.0198974609375,2.480999708175659,0.6804987788200378
2021-03-22,1115.0133056640625,1.4039201736450195,0.8773807287216187
2021-03-23,1169.509033203125,2.5802624225616455,1.0076241493225098
2021-03-24,1301.3604736328125,2.772881507873535,0.9155254364013672
2021-03-25,1321.444580078125,2.5785322189331055,0.7530595064163208
2021-03-26,1323.84765625,1.6565828323364258,1.3481779098510742
2021-03-27,1217.5859375,1.269366979598999,0.9951438903808594
2021-03-28,1010.8948974609375,2.4293570518493652,0.9434377551078796
2021-03-29,960.818359375,2.211364269256592,0.7385205030441284
2021-03-30,872.9351806640625,2.470517158508301,1.1028631925582886
2021-03-31,922.033203125,2.141810655593872,0.8681073188781738
2021-04-01,1008.5946044921875,2.1682355403900146,0.7184956073760986
2021-04-02,806.2393798828125,1.8885881900787354,1.2742012739181519
2021-04-03,834.1170654296875,2.1145572662353516,1.1737968921661377
2021-04-04,806.5843505859375,2.521284341812134,0.7197623252868652
2021-04-05,868.759033203125,2.6848621368408203,1.2355505228042603
2021-04-06,911.8680419921875,2.0137999057769775,0.9263306856155396
2021-04-07,1021.08251953125,2.577075481414795,1.2080575227737427
2021-04-08,1214.5716552734375,2.820739269256592,1.3593839406967163
2021-04-09,1138.0338134765625,2.874465227127075,1.0284175872802734
2021-04-10,1095.5780029296875,-0.13817542791366577,1.736308217048645
2021-04-11,721.2265625,1.2021288871765137,0.9004489183425903
2021-04-12,712.177490234375,2.010225534439087,1.2901878356933594
2021-04-13,720.2767333984375,2.2343087196350098,0.9072033166885376
2021-04-14,705.7152099609375,2.409125804901123,1.2025198936462402
2021-04-15,780.2393798828125,2.3174190521240234,1.4609168767929077
2021-04-16,823.1151123046875,2.437248706817627,1.1990668773651123
2021-04-17,807.7681884765625,2.285233497619629,1.0588237047195435
2021-04-18,751.7786865234375,1.9016835689544678,1.191420078277588
2021-04-19,851.4189453125,2.2928738594055176,0.6559821963310242
2021-04-20,1188.6529541015625,2.1538827419281006,-0.12716072797775269
2021-04-21,1396.7921142578125,2.543408155441284,-0.4552529454231262
2021-04-22,862.1107177734375,2.502633810043335,1.0910133123397827
2021-04-23,1096.4940185546875,1.9255425930023193,1.0577409267425537
2021-04-24,709.45849609375,1.5531147718429565,1.1149730682373047
2021-04-25,722.049072265625,1.647708535194397,1.1075334548950195
2021-04-26,665.502685546875,1.2894141674041748,0.9839679002761841
2021-04-27,659.32080078125,1.7864904403686523,1.0722522735595703
2021-04-28,545.6605224609375,1.4987430572509766,1.1681227684020996
2021-04-29,645.30908203125,1.2992818355560303,0.5595537424087524
2021-04-30,776.0047607421875,2.365131139755249,0.7274458408355713
2021-05-01,612.8319091796875,1.6595900058746338,0.4406110644340515
2021-05-02,773.1341552734375,1.9803780317306519,0.642011284828186
2021-05-03,722.381103515625,0.7636222839355469,0.9730695486068726
2021-05-04,834.218994140625,1.4863877296447754,1.2522526979446411
2021-05-05,862.3526611328125,1.6379714012145996,0.9033071994781494
2021-05-06,720.1361083984375,0.922832190990448,0.853141188621521
2021-05-07,1165.2999267578125,1.9586870670318604,0.38006508350372314
2021-05-08,688.197998046875,2.2510974407196045,1.0519071817398071
2021-05-09,772.7801513671875,1.4033887386322021,1.4267635345458984
2021-05-10,704.3974609375,1.4635677337646484,1.2207238674163818
2021-05-11,578.36279296875,0.5755634903907776,1.2093448638916016
2021-05-12,473.424072265625,-0.3555482029914856,1.153782844543457
2021-05-13,303.778076171875,0.910159707069397,1.2530325651168823
2021-05-14,490.9130859375,1.297074794769287,1.278456449508667
2021-05-15,468.925537109375,1.6354105472564697,0.828434944152832
2021-05-16,239.059814453125,0.04293084144592285,1.2984569072723389
2021-05-17,407.268798828125,1.2260515689849854,0.8502843379974365
2021-05-18,541.39111328125,1.3201062679290771,0.7194094657897949
2021-05-19,636.03173828125,0.766618013381958,0.571091890335083
2021-05-20,458.19140625,0.8462793827056885,0.1472235918045044
2021-05-21,1026.4954833984375,0.7618335485458374,0.9654664993286133
2021-05-22,610.874755859375,0.2182798683643341,1.6681830883026123
2021-05-23,372.6708984375,0.43015527725219727,1.4352028369903564
2021-05-24,447.566162109375,0.589484691619873,1.3868147134780884
2021-05-25,314.154296875,-0.09814077615737915,1.1769073009490967
2021-05-26,233.79345703125,-0.8552004098892212,0.5665555000305176
2021-05-27,435.918212890625,0.8646219968795776,0.523624837398529
2021-05-28,659.16845703125,0.5909276008605957,0.5909790992736816
2021-05-29,351.67138671875,0.8772727251052856,1.2358224391937256
2021-05-30,440.997314453125,1.0119340419769287,1.0709843635559082
2021-05-31,357.255126953125,0.12945008277893066,1.5119433403015137
2021-06-01,280.035888671875,-0.06418561935424805,1.8531635999679565
2021-06-02,435.077880859375,1.0375316143035889,1.3690862655639648
2021-06-03,373.623046875,1.301415205001831,0.8880393505096436
2021-06-04,394.091552734375,1.8030154705047607,0.6595513820648193
2021-06-05,461.22412109375,1.5026448965072632,1.5108942985534668
2021-06-06,491.22021484375,1.7945556640625,1.0525567531585693
2021-06-07,554.606201171875,0.9236025810241699,1.040738582611084
2021-06-08,442.562744140625,1.354146122932434,0.9957009553909302
2021-06-09,935.14404296875,1.9772652387619019,0.8182065486907959
2021-06-10,411.62548828125,1.1448827981948853,1.523118257522583
2021-06-11,298.073486328125,0.7512823343276978,1.1707009077072144
2021-06-12,325.224365234375,1.4663527011871338,0.6700948476791382
2021-06-13,426.03759765625,1.9193907976150513,1.1606813669204712
2021-06-14,277.24951171875,0.9019535183906555,1.0730175971984863
2021-06-15,600.746826171875,3.9069342613220215,0.3817692995071411
2021-06-16,722.171630859375,0.8721976280212402,1.3950910568237305
2021-06-17,509.7509765625,1.029228925704956,0.8381602764129639
2021-06-18,607.624267578125,1.6235828399658203,0.3954927921295166
2021-06-19,405.991943359375,0.36749744415283203,1.2184807062149048
2021-06-20,698.62353515625,1.9846673011779785,0.4354229271411896
2021-06-21,447.997802734375,1.014796495437622,1.3210617303848267
2021-06-22,521.192626953125,2.0338919162750244,0.6354057788848877
2021-06-23,361.794677734375,1.0841479301452637,1.0598726272583008
2021-06-24,278.164306640625,0.5433707237243652,0.8464260101318359
2021-06-25,152.4052734375,0.6797599792480469,0.6198848485946655
2021-06-26,541.743408203125,0.628990650177002,0.9915512800216675
2021-06-27,402.285400390625,0.34812551736831665,0.676122784614563
2021-06-28,149.540771484375,-0.6519274711608887,0.28584742546081543
2021-06-29,78.721435546875,-0.8229030966758728,0.12428268790245056
2021-06-30,208.1357421875,1.5736578702926636,1.0411951541900635
2021-07-01,152.4931640625,0.9227335453033447,0.6612803936004639
2021-07-02,259.720703125,0.31723999977111816,1.4591879844665527
2021-07-03,181.245849609375,1.2089848518371582,0.5700573921203613
2021-07-04,281.813720703125,1.190901517868042,0.6979914307594299
2021-07-05,344.170654296875,1.7019102573394775,0.4005836248397827
2021-07-06,321.625732421875,-0.034606218338012695,-0.9570772647857666
2021-07-07,328.97265625,1.3488638401031494,1.3557099103927612
2021-07-08,355.689697265625,1.8045868873596191,0.7430095672607422
2021-07-09,437.729736328125,1.7871342897415161,0.914399266242981
2021-07-10,267.913818359375,0.4454595744609833,1.0639872550964355
2021-07-11,296.050048828125,1.4944798946380615,0.24328839778900146
2021-07-12,509.28076171875,1.8518359661102295,0.5338764190673828
2021-07-13,485.616455078125,1.4864661693572998,0.6727991104125977
2021-07-14,464.18310546875,1.1056091785430908,0.9001977443695068
2021-07-15,395.407958984375,0.8034999370574951,0.8833704590797424
2021-07-16,532.560302734375,1.5443974733352661,0.8461247086524963
2021-07-17,350.703125,0.2427409291267395,1.7744253873825073
2021-07-18,241.55908203125,0.4004494249820709,0.7904319167137146
2021-07-19,302.96435546875,0.7698733806610107,-0.17544841766357422
2021-07-20,232.401611328125,0.3982474207878113,0.2612438201904297
2021-07-21,325.171142578125,1.2989625930786133,0.4572828710079193
2021-07-22,285.4560546875,0.9537159204483032,0.7842139005661011
2021-07-23,375.0419921875,1.6695289611816406,0.5690326690673828
2021-07-24,476.75244140625,1.8886973857879639,0.375471293926239
2021-07-25,746.490478515625,1.656597375869751,0.5013152956962585
2021-07-26,869.650634765625,1.1419272422790527,1.7282403707504272
2021-07-27,575.576904296875,0.8226122260093689,0.7919599413871765
2021-07-28,397.97412109375,0.31740427017211914,0.16519427299499512
2021-07-29,378.58447265625,0.22819912433624268,0.6427031755447388
2021-07-30,384.5908203125,0.7257034778594971,0.957861602306366
2021-07-31,394.06884765625,0.7008090019226074,1.1745784282684326
2021-08-01,330.5400390625,1.0983684062957764,0.855551540851593
2021-08-02,313.765869140625,1.1423301696777344,0.6460698246955872
2021-08-03,355.255126953125,1.7136266231536865,0.5785092115402222
2021-08-04,398.180419921875,1.0660176277160645,0.36395397782325745
2021-08-05,480.346435546875,1.7411617040634155,0.8314154744148254
2021-08-06,462.74169921875,1.9018630981445312,0.7346012592315674
2021-08-07,745.57763671875,2.563962936401367,0.9059370756149292
2021-08-08,721.204833984375,1.7923028469085693,0.8813467025756836
2021-08-09,708.90576171875,1.7453677654266357,1.4185982942581177
2021-08-10,513.127685546875,1.0846889019012451,1.4682167768478394
2021-08-11,517.71044921875,1.8398280143737793,0.7342493534088135
2021-08-12,605.76171875,1.6809253692626953,0.7078741192817688
2021-08-13,488.18603515625,0.9838470220565796,1.1261775493621826
2021-08-14,451.40869140625,1.3078515529632568,0.5770511627197266
2021-08-15,166.953369140625,1.4365572929382324,0.6244505643844604
2021-08-16,980.6005859375,0.8652017116546631,-0.16553127765655518
2021-08-17,642.20849609375,1.7494480609893799,0.5178751349449158
2021-08-18,294.7275390625,-0.29125499725341797,0.3234119415283203
2021-08-19,593.11474609375,2.7859621047973633,0.07935994863510132
2021-08-20,295.39794921875,0.30754321813583374,0.7249909043312073
2021-08-21,682.223876953125,1.5963433980941772,-0.18657946586608887
2021-08-22,993.353759765625,1.1507041454315186,0.5835587978363037
2021-08-23,524.96630859375,1.8417586088180542,0.31284308433532715
2021-08-24,1093.3829345703125,1.0182337760925293,1.2263504266738892
2021-08-25,1062.35498046875,2.0458645820617676,0.3533473014831543
2021-08-26,818.6173095703125,0.7234020233154297,1.5691049098968506
2021-08-27,644.3929443359375,1.9445545673370361,0.8826884627342224
2021-08-28,327.561767578125,-0.347099244594574,1.3518776893615723
2021-08-29,577.445068359375,1.3606696128845215,0.5064668655395508
2021-08-30,755.928955078125,2.3498737812042236,1.039816975593567
2021-08-31,735.69482421875,2.415890693664551,1.046080470085144
2021-09-01,965.3470458984375,-1.5098555088043213,0.20333313941955566
2021-09-02,729.7396240234375,2.3315377235412598,1.0968791246414185
2021-09-03,799.8328857421875,3.1403908729553223,0.7263323068618774
2021-09-04,1038.2974853515625,2.1350419521331787,1.2647604942321777
2021-09-05,834.597412109375,3.087231397628784,1.0506073236465454
2021-09-06,945.113037109375,2.9578375816345215,0.8200628161430359
2021-09-07,914.3255615234375,1.373600959777832,0.7964076995849609
2021-09-08,748.9068603515625,1.0945779085159302,1.6248866319656372
2021-09-09,650.141845703125,1.1152104139328003,0.7942214012145996
2021-09-10,633.45263671875,2.4204797744750977,1.0854129791259766
2021-09-11,678.5223388671875,3.5437052249908447,0.454359769821167
2021-09-12,852.0164794921875,1.7825127840042114,-0.15092068910598755
2021-09-13,973.319091796875,0.6755123138427734,1.3611022233963013
2021-09-14,824.2547607421875,-0.031169116497039795,1.389612078666687
2021-09-15,839.50439453125,0.1918686330318451,1.4667167663574219
2021-09-16,760.6812744140625,1.1227045059204102,1.0053471326828003
2021-09-17,787.16064453125,1.0497312545776367,1.2313225269317627
2021-09-18,932.6373291015625,2.1917724609375,1.3803555965423584
2021-09-19,814.665771484375,2.6012539863586426,0.8702988624572754
2021-09-20,871.6383056640625,1.5070189237594604,1.5743074417114258
2021-09-21,1049.0538330078125,2.7379627227783203,1.0002590417861938
2021-09-22,889.3309326171875,1.6505999565124512,0.9554930925369263
2021-09-23,671.048095703125,1.400132656097412,1.6878738403320312
2021-09-24,844.5391845703125,1.5320643186569214,0.7602825164794922
2021-09-25,957.933837890625,2.9349966049194336,1.195907473564148
2021-09-26,827.6234130859375,2.354318141937256,1.2571479082107544
2021-09-27,901.894287109375,1.5773961544036865,0.7443896532058716
2021-09-28,996.641845703125,2.0053300857543945,0.9385398626327515
2021-09-29,753.377197265625,2.7998785972595215,1.283740520477295
2021-09-30,1195.6934814453125,2.525941848754883,1.4928709268569946
2021-10-01,1170.5804443359375,1.8877720832824707,0.8493427634239197
2021-10-02,1498.7457275390625,1.720348596572876,1.0619735717773438
2021-10-03,1376.7398681640625,1.8086587190628052,1.2474653720855713
2021-10-04,1305.63427734375,2.4134714603424072,0.9982094764709473
2021-10-05,1329.850830078125,2.846842050552368,1.1992034912109375
2021-10-06,1381.31005859375,2.0251922607421875,0.9432177543640137
2021-10-07,1161.130126953125,2.991482734680176,1.5677013397216797
2021-10-08,1184.857421875,1.6138226985931396,2.0775938034057617
2021-10-09,1365.2626953125,2.496168613433838,1.169701337814331
2021-10-10,1010.5643310546875,1.308359980583191,1.9436606168746948
2021-10-11,1002.168212890625,2.574915885925293,0.643236517906189
2021-10-12,900.6373291015625,3.0702061653137207,0.9421544075012207
2021-10-13,1425.7066650390625,2.2426507472991943,0.6121737360954285
2021-10-14,1087.4669189453125,0.7467679977416992,1.5640966892242432
2021-10-15,1609.4979248046875,1.7544097900390625,1.2663111686706543
2021-10-16,1371.64111328125,2.0040955543518066,1.2386908531188965
2021-10-17,1424.3837890625,1.4101687669754028,1.6502914428710938
2021-10-18,1212.6190185546875,1.6275492906570435,1.6436054706573486
2021-10-19,1275.3082275390625,2.298738479614258,1.0259579420089722
2021-10-20,1187.8524169921875,2.630617380142212,1.2854682207107544
2021-10-21,1303.5849609375,2.920534133911133,1.620680570602417
2021-10-22,858.10986328125,2.07922101020813,0.6602333784103394
2021-10-23,1581.021484375,1.9155263900756836,1.4968829154968262
2021-10-24,957.1549072265625,1.8128204345703125,2.333129405975342
2021-10-25,943.2099609375,2.1677913665771484,2.163071632385254
2021-10-26,1115.33056640625,2.9169623851776123,1.0790009498596191
2021-10-27,1117.7091064453125,2.7160918712615967,1.3028508424758911
2021-10-28,1361.868408203125,1.9906494617462158,1.6988519430160522
2021-10-29,1378.5201416015625,2.51528263092041,1.1372238397598267
2021-10-30,1254.684326171875,2.5536274909973145,1.425092339515686
2021-10-31,1012.6676025390625,3.365838050842285,1.4766299724578857
2021-11-01,1070.1790771484375,2.462397336959839,1.3739420175552368
2021-11-02,1415.3394775390625,1.95940101146698,0.7509490251541138
2021-11-03,1299.3468017578125,3.195552110671997,1.7990620136260986
2021-11-04,1145.408447265625,2.1613383293151855,2.0420920848846436
2021-11-05,1440.3421630859375,2.6467041969299316,0.320833683013916
2021-11-06,1403.680908203125,2.5491156578063965,1.1657159328460693
2021-11-07,1384.060546875,2.022911310195923,1.7536662817001343
2021-11-08,1556.2236328125,1.8834507465362549,1.8399478197097778
2021-11-09,1288.6180419921875,2.8855669498443604,0.6494014263153076
2021-11-10,1446.7860107421875,2.5215206146240234,1.0564868450164795
2021-11-11,1214.9654541015625,2.6989245414733887,1.2368098497390747
2021-11-12,1391.835205078125,3.1446170806884766,1.385006070137024
2021-11-13,1267.177978515625,1.0216634273529053,1.653669834136963
2021-11-14,1441.712646484375,1.9958951473236084,1.5976386070251465
2021-11-15,1435.53076171875,1.6414949893951416,1.4023650884628296
2021-11-16,1473.51806640625,2.604218006134033,1.4316473007202148
2021-11-17,1435.673828125,2.399294853210449,1.5314834117889404
2021-11-18,1571.997314453125,2.0698819160461426,1.6164021492004395
2021-11-19,1484.3277587890625,1.8446922302246094,0.7585533857345581
2021-11-20,1479.150146484375,2.1259400844573975,1.5530831813812256
2021-11-21,1507.037841796875,2.573979616165161,1.8057825565338135
2021-11-22,1638.830810546875,2.5760445594787598,1.6531758308410645
2021-11-23,1131.201416015625,3.051368236541748,1.7819596529006958
2021-11-24,1251.453369140625,0.6374424695968628,0.585132360458374
2021-11-25,1385.744140625,2.0698657035827637,1.7035537958145142
2021-11-26,1248.8546142578125,3.3583202362060547,1.44734525680542
2021-11-27,1273.7965087890625,0.9692961573600769,2.1971192359924316
2021-11-28,1360.766357421875,1.2618659734725952,2.0312211513519287
2021-11-29,1409.026123046875,2.978240489959717,1.1568830013275146
2021-11-30,1432.0908203125,2.6388070583343506,1.0393317937850952
2021-12-01,1482.1380615234375,2.378385305404663,1.4616010189056396
2021-12-02,1527.95361328125,3.1050710678100586,1.528683066368103
2021-12-03,1572.7144775390625,2.8040194511413574,1.6384245157241821
2021-12-04,1533.8319091796875,2.227720260620117,1.662798285484314
2021-12-05,1199.963134765625,3.0201735496520996,1.7898906469345093
2021-12-06,1159.072021484375,3.4454522132873535,1.2968533039093018
2021-12-07,1061.824951171875,2.3897275924682617,1.301753282546997
2021-12-08,1245.3255615234375,3.4361748695373535,1.5517578125
2021-12-09,1296.84228515625,3.2621777057647705,1.4487128257751465
2021-12-10,1263.810546875,3.104630947113037,1.6281311511993408
2021-12-11,1238.554443359375,2.877322196960449,1.3201420307159424
2021-12-12,1505.7689208984375,1.3111623525619507,0.9739961624145508
2021-12-13,1719.9649658203125,3.0188169479370117,0.8614107966423035
2021-12-14,1825.859130859375,1.8883284330368042,1.3616032600402832
2021-12-15,1722.60205078125,2.604534387588501,1.7522108554840088
2021-12-16,1374.2264404296875,3.084207534790039,1.3609107732772827
2021-12-17,1247.727783203125,3.0211052894592285,1.6976230144500732
2021-12-18,1314.025146484375,2.9837779998779297,1.6549125909805298
2021-12-19,1290.2222900390625,3.2328765392303467,1.9044981002807617
2021-12-20,1187.23974609375,3.1358683109283447,2.1252458095550537
2021-12-21,1164.2509765625,3.1112442016601562,1.9618642330169678
2021-12-22,1241.28369140625,3.4091362953186035,1.4657164812088013
2021-12-23,1368.485107421875,2.9395408630371094,1.4292086362838745
2021-12-24,1334.71728515625,2.908298969268799,2.18455171585083
2021-12-25,1325.09716796875,2.806610345840454,1.7935137748718262
2021-12-26,1436.0748291015625,3.022632360458374,1.4726994037628174
2021-12-27,1389.2806396484375,2.7613093852996826,1.3228561878204346
2021-12-28,1359.3197021484375,3.0697524547576904,1.033918857574463
2021-12-29,1085.6690673828125,2.885192394256592,1.374680757522583
2021-12-30,1374.260498046875,2.903918981552124,1.6395188570022583
2021-12-31,1472.21240234375,3.2552759647369385,1.4202617406845093
2022-01-01,1508.87646484375,2.561715602874756,1.3261597156524658
2022-01-02,1619.72021484375,1.9868985414505005,0.8719378709793091
2022-01-03,1737.270263671875,2.026332378387451,1.0061578750610352
2022-01-04,1658.671142578125,2.5630946159362793,1.349118947982788
2022-01-05,1494.857177734375,2.922527313232422,1.1177476644515991
2022-01-06,1321.9630126953125,3.6111416816711426,1.5328561067581177
2022-01-07,1388.8238525390625,3.2037062644958496,1.5869280099868774
2022-01-08,1548.83056640625,3.018449306488037,1.0987038612365723
2022-01-09,1314.0740966796875,2.3231682777404785,1.720513105392456
2022-01-10,1325.16015625,3.0799484252929688,1.4503650665283203
2022-01-11,1271.947265625,2.9447336196899414,1.1440953016281128
2022-01-12,1150.628173828125,3.4682059288024902,1.5564093589782715
2022-01-13,1132.222412109375,2.5494189262390137,0.9407198429107666
2022-01-14,1238.9920654296875,2.9387454986572266,1.6147998571395874
2022-01-15,1421.520263671875,3.0144968032836914,0.7074757218360901
2022-01-16,1113.0513916015625,2.852985382080078,0.1434316635131836
2022-01-17,1285.32275390625,1.8816077709197998,1.8476964235305786
2022-01-18,1662.5045166015625,2.705164909362793,0.9730139374732971
2022-01-19,1593.540283203125,3.226088762283325,1.0876649618148804
2022-01-20,1313.3818359375,2.7092037200927734,1.0051660537719727
2022-01-21,1412.169921875,2.7934188842773438,0.9037328958511353
2022-01-22,1448.3070068359375,2.3050851821899414,1.432517409324646
2022-01-23,1574.8966064453125,2.526207685470581,1.6824147701263428
2022-01-24,1420.884521484375,3.045301914215088,1.7225971221923828
2022-01-25,1307.493408203125,2.9849801063537598,1.415484070777893
2022-01-26,1148.294921875,3.1992745399475098,1.416778326034546
2022-01-27,1192.159912109375,3.2340123653411865,0.9451180696487427
2022-01-28,1259.4039306640625,2.991736888885498,1.1175537109375
2022-01-29,1270.496337890625,3.372565746307373,1.4594507217407227
2022-01-30,1435.751953125,3.3031885623931885,1.6115305423736572
2022-01-31,1478.9228515625,3.43796443939209,1.247147798538208
2022-02-01,1473.734375,3.6402130126953125,0.796877384185791
2022-02-02,1612.263671875,2.5521039962768555,1.2135902643203735
2022-02-03,1397.690185546875,3.2887847423553467,0.6433209776878357
2022-02-04,1928.384521484375,1.7458593845367432,1.4528205394744873
2022-02-05,2088.2978515625,2.5201492309570312,0.9807286262512207
2022-02-06,1764.2137451171875,3.3782806396484375,1.282416820526123
2022-02-07,1363.9288330078125,3.313945770263672,1.3250794410705566
2022-02-08,1385.955078125,3.0179624557495117,1.3380931615829468
2022-02-09,1349.454345703125,3.52006196975708,1.1979899406433105
2022-02-10,1578.448486328125,2.8958580493927,1.0688047409057617
2022-02-11,1726.4888916015625,2.5423502922058105,1.2727302312850952
2022-02-12,1384.0283203125,3.1645989418029785,1.0399118661880493
2022-02-13,1420.17626953125,3.2181737422943115,0.7851554155349731
2022-02-14,1362.38671875,2.838743209838867,1.3197364807128906
2022-02-15,1151.4495849609375,3.013399362564087,1.3151692152023315
2022-02-16,996.95849609375,2.3752493858337402,1.8192877769470215
2022-02-17,1297.3870849609375,2.9545109272003174,1.4877994060516357
2022-02-18,1384.906494140625,3.510150671005249,1.279673457145691
2022-02-19,1655.2169189453125,2.483163833618164,1.6118842363357544
2022-02-20,1720.578369140625,2.7393109798431396,0.8556135892868042
2022-02-21,1593.7939453125,3.03719162940979,0.3992806673049927
2022-02-22,1537.2615966796875,2.997311592102051,1.3086013793945312
2022-02-23,1286.15625,1.028803825378418,-0.5413278937339783
2022-02-24,1521.341796875,2.5030438899993896,1.3220375776290894
2022-02-25,1344.4268798828125,2.299522638320923,1.3065105676651
2022-02-26,1342.0712890625,2.968611717224121,1.897796630859375
2022-02-27,1462.037109375,2.666184425354004,1.8831491470336914
2022-02-28,1303.8046875,2.6179184913635254,2.051326274871826
2022-03-01,1293.78466796875,2.6245317459106445,1.3637347221374512
2022-03-02,1231.6549072265625,2.998300790786743,0.6299176216125488
2022-03-03,1391.719482421875,2.8629794120788574,1.2540760040283203
2022-03-04,1387.9189453125,2.206235885620117,1.113386869430542
2022-03-05,1493.487548828125,2.031980276107788,1.4367356300354004
2022-03-06,1217.66748046875,2.862119197845459,1.6162807941436768
2022-03-07,1377.17041015625,1.773253083229065,1.534991979598999
2022-03-08,1224.877197265625,3.0319154262542725,1.4124445915222168
2022-03-09,1466.5379638671875,2.344294786453247,1.473996639251709
2022-03-10,1570.494873046875,2.133136034011841,1.71817147731781
2022-03-11,1394.562255859375,2.533334732055664,0.691286563873291
2022-03-12,1318.216064453125,2.5878963470458984,1.2465229034423828
2022-03-13,1209.5570068359375,2.411618709564209,0.9204812049865723
2022-03-14,1078.8128662109375,2.8666131496429443,1.2601430416107178
2022-03-15,1056.10205078125,2.963407278060913,1.1850438117980957
2022-03-16,1163.300048828125,2.837383270263672,1.1817774772644043
2022-03-17,1222.1627197265625,1.8191819190979004,0.8923654556274414
2022-03-18,1718.749267578125,1.4568883180618286,1.1683582067489624
2022-03-19,949.229736328125,1.095589518547058,0.7036688327789307
2022-03-20,1148.3258056640625,3.1892523765563965,1.0424823760986328
2022-03-21,1140.5850830078125,2.1964895725250244,1.2713167667388916
2022-03-22,1163.941162109375,2.317368507385254,0.9425034523010254
2022-03-23,1332.4302978515625,3.0189058780670166,1.6180826425552368
2022-03-24,939.5550537109375,1.4736802577972412,1.4881784915924072
2022-03-25,1106.7867431640625,2.8299434185028076,0.8916589617729187
2022-03-26,925.025390625,2.676027774810791,1.246976375579834
2022-03-27,855.4185791015625,1.9332177639007568,1.7426278591156006
2022-03-28,988.656494140625,2.463301420211792,0.9358236193656921
2022-03-29,1045.4854736328125,1.4972140789031982,2.3109757900238037
2022-03-30,1165.56396484375,1.8014353513717651,1.576024055480957
2022-03-31,1128.66650390625,1.3207032680511475,1.4167858362197876
2022-04-01,1036.5572509765625,2.1474692821502686,1.4674135446548462
2022-04-02,1119.3038330078125,2.4997172355651855,1.2034350633621216
2022-04-03,1053.00048828125,1.4241162538528442,1.2066785097122192
2022-04-04,1208.7939453125,1.479738712310791,0.9105405807495117
2022-04-05,1215.0982666015625,1.2774089574813843,0.9517254829406738
2022-04-06,1091.7718505859375,1.5631550550460815,1.2334108352661133
2022-04-07,980.8016357421875,1.3582792282104492,1.6358026266098022
2022-04-08,946.2117919921875,1.9858261346817017,1.2587074041366577
2022-04-09,1070.2474365234375,2.0224781036376953,0.9102041125297546
2022-04-10,1168.7789306640625,1.788204550743103,0.809308648109436
2022-04-11,1110.275146484375,1.67702054977417,0.9888524413108826
2022-04-12,1049.854736328125,1.3936504125595093,1.5442839860916138
2022-04-13,839.492431640625,0.6524617671966553,0.868636965751648
2022-04-14,890.0443115234375,1.934471845626831,0.8614668846130371
2022-04-15,837.752197265625,2.012099027633667,1.1840567588806152
2022-04-16,806.8505859375,1.9339239597320557,1.100981593132019
2022-04-17,702.4835205078125,2.5565552711486816,1.4140914678573608
2022-04-18,742.481689453125,2.0828261375427246,1.5944163799285889
2022-04-19,906.5982666015625,2.522675037384033,1.2233359813690186
2022-04-20,1135.4642333984375,1.2267731428146362,1.4625669717788696
2022-04-21,718.7392578125,0.9022853970527649,1.8305968046188354
2022-04-22,911.4300537109375,0.7234265208244324,1.2486391067504883
2022-04-23,884.676513671875,2.216939687728882,1.1542694568634033
2022-04-24,1133.7158203125,2.078606128692627,0.11088311672210693
2022-04-25,1408.2080078125,2.666018486022949,0.1716320812702179
2022-04-26,877.8062744140625,2.591423988342285,-2.4088821411132812
2022-04-27,625.1778564453125,1.9053081274032593,1.8769197463989258
2022-04-28,572.0926513671875,0.854009747505188,1.9508724212646484
2022-04-29,500.8348388671875,1.708636999130249,0.9985411167144775
2022-04-30,655.599365234375,1.4615627527236938,1.4067543745040894
2022-05-01,785.5252685546875,1.5711612701416016,0.7989552021026611
2022-05-02,677.335205078125,1.5213744640350342,1.5135047435760498
2022-05-03,476.2691650390625,1.352043628692627,0.9552633762359619
2022-05-04,573.281982421875,2.120012044906616,0.6762075424194336
2022-05-05,594.4593505859375,1.95711350440979,1.464149832725525
2022-05-06,481.928955078125,1.2734570503234863,1.1605243682861328
2022-05-07,513.406982421875,1.580628752708435,0.7351017594337463
2022-05-08,724.62646484375,2.4248130321502686,0.9787249565124512
2022-05-09,490.7841796875,1.5646196603775024,1.012429118156433
2022-05-10,432.954345703125,1.5246555805206299,1.4370167255401611
2022-05-11,463.675048828125,1.497126579284668,0.9662314653396606
2022-05-12,381.546142578125,1.1838529109954834,1.1460543870925903
2022-05-13,600.954833984375,1.3975484371185303,1.3548305034637451
2022-05-14,263.7666015625,0.19197189807891846,0.8140671849250793
2022-05-15,462.0399169921875,0.8243342638015747,1.2844635248184204
2022-05-16,468.92333984375,1.5952469110488892,1.046717882156372
2022-05-17,397.300537109375,1.1736009120941162,0.8853772282600403
2022-05-18,379.30078125,0.7948894500732422,0.706474781036377
2022-05-19,603.302978515625,2.4568474292755127,1.1458815336227417
2022-05-20,909.88525390625,0.8600412011146545,1.6609020233154297
2022-05-21,407.604248046875,0.9612929821014404,1.6110178232192993
2022-05-22,266.017578125,1.528808355331421,1.196293830871582
2022-05-23,299.626220703125,0.7758264541625977,0.9340839385986328
2022-05-24,672.873291015625,1.2257411479949951,1.248252511024475
2022-05-25,465.77734375,1.318960189819336,1.5425682067871094
2022-05-26,351.9072265625,1.3119709491729736,0.5966019630432129
2022-05-27,188.27490234375,0.701134204864502,0.7485131621360779
2022-05-28,278.126220703125,0.726545512676239,0.4243163764476776
2022-05-29,713.605712890625,1.888375997543335,1.0413111448287964
2022-05-30,599.2799072265625,1.118412971496582,0.9626879692077637
2022-05-31,588.9283447265625,1.7074270248413086,0.7867461442947388
2022-06-01,607.967041015625,1.589989185333252,0.9288537502288818
2022-06-02,758.3204345703125,1.1461927890777588,1.2269084453582764
2022-06-03,147.25830078125,-0.9756520390510559,0.5056166648864746
2022-06-04,420.137939453125,0.9109525680541992,1.3921122550964355
2022-06-05,851.1876220703125,-0.1795937418937683,0.3458816409111023
2022-06-06,431.787841796875,0.7952427864074707,1.3103119134902954
2022-06-07,360.029052734375,0.5803604125976562,1.1912380456924438
2022-06-08,563.06689453125,1.4293850660324097,1.1010751724243164
2022-06-09,398.10595703125,0.5208616256713867,1.4482625722885132
2022-06-10,265.196533203125,0.3408942222595215,0.7970767617225647
2022-06-11,288.439208984375,0.6601192951202393,0.4961373805999756
2022-06-12,368.16064453125,1.0686638355255127,0.6993591785430908
2022-06-13,346.416259765625,1.7116596698760986,0.5310299396514893
2022-06-14,777.5830078125,1.861717939376831,0.8892942070960999
2022-06-15,698.43359375,2.219749689102173,0.8302757740020752
2022-06-16,818.12451171875,1.4213544130325317,0.8978884220123291
2022-06-17,471.336181640625,0.6984353065490723,1.2239372730255127
2022-06-18,325.853271484375,1.1487147808074951,0.8105363249778748
2022-06-19,290.754150390625,1.2905285358428955,0.6055481433868408
2022-06-20,486.9482421875,1.740349531173706,0.5496904850006104
2022-06-21,589.76953125,2.1789321899414062,0.9984339475631714
2022-06-22,545.2666015625,-0.21661072969436646,1.823413610458374
2022-06-23,432.55126953125,0.3349483609199524,0.026740849018096924
2022-06-24,441.75341796875,1.4626598358154297,0.7395408153533936
2022-06-25,410.81689453125,1.447505235671997,0.367329865694046
2022-06-26,577.851806640625,1.4997235536575317,0.518444299697876
2022-06-27,870.7646484375,1.6872087717056274,0.2818966507911682
2022-06-28,365.57666015625,0.13921308517456055,1.2384727001190186
2022-06-29,495.9404296875,2.585484266281128,1.657561182975769
2022-06-30,450.376953125,1.5228464603424072,0.5878887176513672
2022-07-01,378.381103515625,-0.3305755853652954,-2.4449615478515625
2022-07-02,885.849609375,1.1425580978393555,0.7494829893112183
2022-07-03,102.811279296875,0.888613224029541,0.22913265228271484
2022-07-04,623.04296875,0.5967626571655273,0.67654949426651
2022-07-05,450.494140625,1.4785782098770142,0.7997825741767883
2022-07-06,148.46142578125,-0.09865705668926239,0.9176583886146545
2022-07-07,227.50244140625,-0.16948214173316956,0.8500404357910156
2022-07-08,619.469482421875,1.4579311609268188,0.6910898089408875
2022-07-09,1455.24560546875,1.325406789779663,-0.8793733716011047
2022-07-10,379.2041015625,-0.27993953227996826,0.3406747877597809
2022-07-11,873.8851318359375,0.685447096824646,-0.13174653053283691
2022-07-12,416.593994140625,0.3232126235961914,0.8479413986206055
2022-07-13,596.31591796875,2.2539420127868652,1.2152541875839233
2022-07-14,635.039306640625,-0.07462596893310547,-1.452488899230957
2022-07-15,531.5048828125,0.65492844581604,-0.9785101413726807
2022-07-16,698.25390625,0.9636015295982361,1.3834028244018555
2022-07-17,56.32763671875,0.7870470881462097,0.9727091789245605
2022-07-18,325.023193359375,0.3889946937561035,1.0133109092712402
2022-07-19,119.22607421875,0.4660044312477112,0.7840027809143066
2022-07-20,147.409423828125,1.001749038696289,0.5616319179534912
2022-07-21,283.9765625,0.007097482681274414,1.1557289361953735
2022-07-22,258.732666015625,0.31641513109207153,1.112077236175537
2022-07-23,400.128662109375,0.9799274802207947,0.7153980135917664
2022-07-24,464.2880859375,1.1465318202972412,0.8181957006454468
2022-07-25,485.77880859375,1.75392484664917,0.16587817668914795
2022-07-26,633.814453125,1.7259435653686523,0.9044041633605957
2022-07-27,731.76220703125,2.533130645751953,1.0895404815673828
2022-07-28,483.191650390625,-0.08482098579406738,1.004485845565796
2022-07-29,321.964599609375,1.739305019378662,0.8539117574691772
2022-07-30,329.693115234375,2.081428050994873,0.42311668395996094
2022-07-31,491.21044921875,1.2805951833724976,0.9763962030410767
2022-08-01,546.062744140625,1.713721752166748,0.770606279373169
2022-08-02,594.558837890625,0.9357743263244629,1.189800500869751
2022-08-03,765.94140625,1.3191149234771729,0.112496018409729
2022-08-04,551.7509765625,0.7151451110839844,1.4421031475067139
2022-08-05,605.2265625,1.2207317352294922,0.8706445097923279
2022-08-06,324.696533203125,-0.9417563676834106,0.24691399931907654
2022-08-07,1173.6112060546875,1.0788037776947021,-0.10749998688697815
2022-08-08,533.073486328125,0.49088096618652344,1.5356600284576416
2022-08-09,188.9130859375,-0.3606538772583008,0.21838366985321045
2022-08-10,500.454833984375,1.5325260162353516,0.7840856909751892
2022-08-11,462.84521484375,1.884021282196045,0.6562550663948059
2022-08-12,851.7139892578125,2.224066734313965,1.0012837648391724
2022-08-13,638.15771484375,1.1256171464920044,0.7089362144470215
2022-08-14,762.1728515625,1.8113441467285156,-1.2615625858306885
2022-08-15,1172.131591796875,1.5211093425750732,0.017658591270446777
2022-08-16,290.704833984375,-0.6220643520355225,0.2960476875305176
2022-08-17,927.989990234375,1.5751330852508545,1.8623783588409424
2022-08-18,597.49609375,0.9444336891174316,1.2206512689590454
2022-08-19,367.026123046875,0.3518650531768799,0.6983329057693481
2022-08-20,404.3466796875,0.4136359691619873,0.706627607345581
2022-08-21,454.73779296875,1.6244449615478516,0.9547103643417358
2022-08-22,548.327392578125,0.7321295738220215,0.649227499961853
2022-08-23,495.66748046875,1.0682146549224854,1.2503743171691895
2022-08-24,362.573486328125,1.0813121795654297,1.2827378511428833
2022-08-25,528.524169921875,0.49098527431488037,1.219698190689087
2022-08-26,371.281982421875,0.9944431781768799,0.4991859793663025
2022-08-27,753.8988037109375,0.6726828813552856,2.021131753921509
2022-08-28,287.110107421875,-1.055241346359253,0.405170202255249
2022-08-29,538.7073974609375,1.2588303089141846,0.8663745522499084
2022-08-30,616.60302734375,1.8034762144088745,0.9129530787467957
2022-08-31,793.25927734375,2.182155132293701,1.258940577507019
2022-09-01,902.0225830078125,1.7474536895751953,1.4790351390838623
2022-09-02,798.5789794921875,1.274632453918457,0.43840765953063965
2022-09-03,673.5333251953125,1.4057424068450928,0.8144187331199646
2022-09-04,620.2034912109375,1.2297102212905884,0.945580244064331
2022-09-05,544.3021240234375,1.0205729007720947,0.7429518699645996
2022-09-06,733.96728515625,1.863789677619934,0.708951473236084
2022-09-07,919.6478271484375,3.099684238433838,1.0369272232055664
2022-09-08,896.055908203125,0.5044410228729248,1.1083964109420776
2022-09-09,800.96533203125,0.44850966334342957,1.2520027160644531
2022-09-10,938.6275634765625,2.1050336360931396,0.8974390029907227
2022-09-11,825.5023193359375,1.6847705841064453,1.4187679290771484
2022-09-12,1102.812744140625,1.8960912227630615,0.47414612770080566
2022-09-13,1158.444091796875,1.0185240507125854,0.4974393844604492
2022-09-14,762.6844482421875,1.120011806488037,1.0605881214141846
2022-09-15,661.50048828125,1.5453920364379883,0.7228102684020996
2022-09-16,792.809326171875,2.8098485469818115,0.8834044933319092
2022-09-17,911.4842529296875,2.6996521949768066,0.06461668014526367
2022-09-18,799.580322265625,2.238365650177002,1.207128882408142
2022-09-19,1096.557373046875,1.8152904510498047,1.7275835275650024
2022-09-20,1091.7244873046875,2.0833539962768555,0.8307419419288635
2022-09-21,1512.3997802734375,1.2993954420089722,1.3850617408752441
2022-09-22,767.9361572265625,0.34790143370628357,1.5856873989105225
2022-09-23,930.3282470703125,1.5499542951583862,1.0369000434875488
2022-09-24,654.5830078125,2.070366382598877,0.8066087961196899
2022-09-25,1297.015625,0.7273941040039062,0.7528132200241089
2022-09-26,1154.6689453125,1.5293433666229248,1.4105448722839355
2022-09-27,1047.0972900390625,2.0924696922302246,0.9849957823753357
2022-09-28,911.4185791015625,2.2070727348327637,0.933858335018158
2022-09-29,1115.038330078125,1.9406672716140747,0.7111999988555908
2022-09-30,1082.9356689453125,1.364220142364502,1.6609950065612793
2022-10-01,937.5950927734375,1.88539457321167,1.1788291931152344
2022-10-02,783.1871337890625,2.428828477859497,1.26630699634552
2022-10-03,795.9522705078125,2.9096274375915527,1.5609345436096191
2022-10-04,812.468017578125,2.316926956176758,1.1777632236480713
2022-10-05,1309.17724609375,1.6129472255706787,0.4551299810409546
2022-10-06,1026.443359375,1.75124192237854,2.017137050628662
2022-10-07,1234.6820068359375,2.794018030166626,0.2730751037597656
2022-10-08,1535.092529296875,1.330020546913147,2.2283122539520264
2022-10-09,1380.309814453125,1.4876959323883057,1.5397979021072388
2022-10-10,1364.2247314453125,1.3625352382659912,0.34985560178756714
2022-10-11,1157.019287109375,1.946886658668518,1.1112138032913208
2022-10-12,1268.7674560546875,2.6630001068115234,1.9427512884140015
2022-10-13,1312.839599609375,1.88273286819458,1.5108833312988281
2022-10-14,1198.7818603515625,1.3377622365951538,1.6102805137634277
2022-10-15,1139.6544189453125,2.309084415435791,1.12241530418396
2022-10-16,1375.19873046875,2.421975612640381,1.4023483991622925
2022-10-17,1084.1143798828125,2.458665609359741,0.7108770608901978
2022-10-18,1556.3292236328125,1.607081651687622,0.37311697006225586
2022-10-19,1509.2076416015625,1.575209617614746,1.3444087505340576
2022-10-20,1432.984375,1.983248233795166,1.721464991569519
2022-10-21,1507.7227783203125,2.6291565895080566,1.043886661529541
2022-10-22,1251.835693359375,2.4140920639038086,0.9691649079322815
2022-10-23,969.44970703125,2.8542513847351074,1.397007703781128
2022-10-24,1206.6856689453125,2.747938632965088,1.3786098957061768
2022-10-25,1504.9501953125,3.30617356300354,0.9202823638916016
2022-10-26,1532.8292236328125,1.8878400325775146,1.3644092082977295
2022-10-27,1460.6502685546875,2.60451340675354,1.2823787927627563
2022-10-28,1181.1744384765625,1.8073766231536865,1.3143298625946045
2022-10-29,1481.6248779296875,2.4172492027282715,1.2986900806427002
2022-10-30,1087.34033203125,2.7665934562683105,2.465061664581299
2022-10-31,1812.673828125,-0.2553791403770447,2.232816696166992
2022-11-01,1262.55322265625,3.6316909790039062,1.596165657043457
2022-11-02,1003.1910400390625,2.820502519607544,1.5710773468017578
2022-11-03,1008.6983642578125,2.9790661334991455,1.4696154594421387
2022-11-04,960.13134765625,2.5846166610717773,1.0113303661346436
2022-11-05,1003.18896484375,2.351365089416504,1.4165287017822266
2022-11-06,950.009033203125,2.481731414794922,1.4127206802368164
2022-11-07,1098.261474609375,2.645328998565674,1.1167219877243042
2022-11-08,966.58056640625,3.047945499420166,1.1128201484680176
2022-11-09,800.522705078125,2.841956615447998,0.4795788526535034
2022-11-10,1432.7110595703125,2.31852650642395,0.8014442324638367
2022-11-11,750.873291015625,2.5412864685058594,-0.4859547019004822
2022-11-12,973.1707763671875,1.7489105463027954,1.0626251697540283
2022-11-13,1710.133056640625,1.7466611862182617,0.22462081909179688
2022-11-14,1489.1136474609375,1.9718880653381348,1.9793682098388672
2022-11-15,1387.0186767578125,2.48799991607666,1.3003913164138794
2022-11-16,1336.78173828125,2.7215352058410645,1.8568133115768433
2022-11-17,1341.54541015625,2.2791476249694824,1.3785549402236938
2022-11-18,1468.756591796875,2.2171785831451416,2.114548683166504
2022-11-19,1612.53564453125,3.3947157859802246,1.2860318422317505
2022-11-20,1781.65625,2.7755370140075684,1.5532538890838623
2022-11-21,1864.178466796875,1.240098476409912,1.4787216186523438
2022-11-22,1445.615478515625,3.044804811477661,1.6658117771148682
2022-11-23,1312.9312744140625,3.303675413131714,1.941617727279663
2022-11-24,1291.416748046875,2.5619072914123535,0.5141456127166748
2022-11-25,1268.7103271484375,3.0860304832458496,0.9181422591209412
2022-11-26,1036.7581787109375,2.854644298553467,1.5249643325805664
2022-11-27,1038.7064208984375,3.0640716552734375,1.071312427520752
2022-11-28,1042.19775390625,3.2568776607513428,1.2595741748809814
2022-11-29,1136.9542236328125,3.3863134384155273,1.4673075675964355
2022-11-30,1293.7718505859375,2.956010580062866,1.3981735706329346
2022-12-01,1483.6461181640625,2.9245100021362305,1.6660603284835815
2022-12-02,1460.16162109375,2.862670421600342,1.3399746417999268
2022-12-03,1521.494873046875,2.966505765914917,1.7203783988952637
2022-12-04,1739.423828125,2.1437060832977295,1.2663202285766602
2022-12-05,1676.4774169921875,3.069859743118286,1.20725679397583
2022-12-06,1837.1676025390625,2.1500015258789062,1.271019458770752
2022-12-07,1657.552490234375,3.2590699195861816,1.5321619510650635
2022-12-08,1588.378173828125,2.9517838954925537,1.7770748138427734
2022-12-09,1645.367919921875,3.112037420272827,1.8938909769058228
2022-12-10,1380.1722412109375,2.661759614944458,2.184417247772217
2022-12-11,1275.40185546875,2.465437889099121,2.437664747238159
2022-12-12,1403.6171875,2.6840333938598633,1.4894113540649414
2022-12-13,1241.681640625,3.1055283546447754,1.4845771789550781
2022-12-14,1495.4232177734375,3.267089605331421,1.3402721881866455
2022-12-15,1438.1015625,2.150313377380371,1.5640192031860352
2022-12-16,1518.553955078125,3.606771469116211,0.9594488143920898
2022-12-17,1398.026123046875,2.976682424545288,0.5673978924751282
2022-12-18,1787.2772216796875,2.5773327350616455,1.0650821924209595
2022-12-19,1833.52001953125,2.9367599487304688,0.5868978500366211
2022-12-20,1631.7918701171875,2.3876688480377197,1.2599045038223267
2022-12-21,1522.63525390625,2.9581336975097656,1.2145397663116455
2022-12-22,1571.6259765625,2.7887134552001953,1.6981863975524902
2022-12-23,1757.18701171875,3.1037328243255615,1.2793642282485962
2022-12-24,1818.0213623046875,2.853365421295166,0.9538494348526001
2022-12-25,1381.1695556640625,2.9875802993774414,0.5691092014312744
2022-12-26,1282.1214599609375,0.9950674772262573,1.522674322128296
2022-12-27,1997.0322265625,2.00734543800354,1.7587711811065674
2022-12-28,2485.15087890625,1.873386263847351,0.8942853212356567
2022-12-29,1533.480712890625,3.1309595108032227,1.220297932624817
2022-12-30,1359.4613037109375,3.0896224975585938,1.2863349914550781
2022-12-31,334.927978515625,-0.5296765565872192,1.3906021118164062
2023-01-01,1616.431396484375,1.7644675970077515,1.5830161571502686
2023-01-02,1497.1224365234375,2.4853789806365967,1.2220816612243652
2023-01-03,1432.982177734375,2.329303741455078,1.6791841983795166
2023-01-04,1405.1417236328125,3.331669807434082,0.9832011461257935
2023-01-05,1354.6590576171875,3.0288755893707275,0.7686789631843567
2023-01-06,1096.201171875,1.6544533967971802,1.495585560798645
2023-01-07,1259.918701171875,2.3361613750457764,0.8166102170944214
2023-01-08,1203.6458740234375,3.1924054622650146,1.4185433387756348
2023-01-09,1253.2581787109375,3.2886834144592285,1.3196797370910645
2023-01-10,1494.14453125,1.8623569011688232,1.392316460609436
2023-01-11,1733.2745361328125,2.0962393283843994,0.9180805683135986
2023-01-12,1962.627197265625,1.5175601243972778,0.8800156712532043
2023-01-13,1737.5750732421875,2.3601067066192627,1.3546335697174072
2023-01-14,1334.055908203125,2.804487943649292,1.210092544555664
2023-01-15,1662.7294921875,2.186856985092163,1.167908787727356
2023-01-16,1401.750244140625,2.877366304397583,1.13856041431427
2023-01-17,1312.90771484375,2.6527841091156006,1.0954289436340332
2023-01-18,1163.737548828125,3.2693939208984375,1.59230375289917
2023-01-19,1080.045654296875,3.280844211578369,1.056216835975647
2023-01-20,1187.857177734375,2.4256832599639893,1.3562620878219604
2023-01-21,1254.099609375,3.122138261795044,1.5844968557357788
2023-01-22,1285.9254150390625,2.9584500789642334,1.659757137298584
2023-01-23,1323.67578125,3.3161935806274414,1.3219430446624756
2023-01-24,1386.422119140625,2.3381507396698,1.7109781503677368
2023-01-25,1465.4373779296875,2.9485607147216797,1.0456063747406006
2023-01-26,1257.449951171875,2.9673516750335693,1.4343006610870361
2023-01-27,1474.805908203125,2.3488357067108154,1.2606979608535767
2023-01-28,1369.9678955078125,2.741212844848633,1.392591953277588
2023-01-29,1348.7392578125,3.1796340942382812,1.1121723651885986
2023-01-30,1206.3643798828125,3.280353546142578,1.5846542119979858
2023-01-31,1272.3197021484375,3.322253704071045,1.5934890508651733
2023-02-01,1367.89453125,2.9531450271606445,2.0048651695251465
2023-02-02,1385.3125,2.8842196464538574,1.1102221012115479
2023-02-03,1238.5029296875,2.663145065307617,0.8423459529876709
2023-02-04,1266.9453125,2.430562973022461,1.2457606792449951
2023-02-05,1341.788330078125,3.473270893096924,1.396639347076416
2023-02-06,1346.048583984375,2.8320422172546387,1.155930757522583
2023-02-07,1250.207763671875,3.132984161376953,1.4419822692871094
2023-02-08,1299.4906005859375,2.68929123878479,1.694292664527893
2023-02-09,1370.587890625,2.8031022548675537,1.4543328285217285
2023-02-10,1300.7099609375,2.8333921432495117,1.8622864484786987
2023-02-11,1296.5281982421875,2.55018949508667,1.748682975769043
2023-02-12,1535.2236328125,3.373366594314575,1.209709882736206
2023-02-13,1485.189453125,2.4056766033172607,1.284274697303772
2023-02-14,1206.459716796875,2.168436050415039,1.5750417709350586
2023-02-15,1240.7021484375,3.1440343856811523,1.0058995485305786
2023-02-16,1551.36865234375,3.048086166381836,1.256709098815918
2023-02-17,2171.562255859375,1.8667144775390625,0.47827160358428955
2023-02-18,2152.018310546875,2.7270970344543457,1.2912631034851074
2023-02-19,1943.3690185546875,1.6157886981964111,1.2518060207366943
2023-02-20,1924.569580078125,2.0478572845458984,0.9369583129882812
2023-02-21,1822.170654296875,2.5730156898498535,0.8660857677459717
2023-02-22,1621.9173583984375,2.047945022583008,0.7101919054985046
2023-02-23,1287.9351806640625,2.027435064315796,1.0606791973114014
2023-02-24,1474.603271484375,2.7130649089813232,0.8517742156982422
2023-02-25,1410.285888671875,2.047697067260742,1.4808070659637451
2023-02-26,1349.6474609375,1.6546547412872314,1.578629732131958
2023-02-27,1212.687255859375,2.8221278190612793,1.028486967086792
2023-02-28,1113.59423828125,2.412524938583374,1.5652002096176147
2023-03-01,1162.3179931640625,2.2532763481140137,1.4615037441253662
2023-03-02,1046.3175048828125,2.2586963176727295,0.652395486831665
2023-03-03,1071.8123779296875,2.562911033630371,1.2868239879608154
2023-03-04,1174.8856201171875,2.333515167236328,1.5458035469055176
2023-03-05,1192.701904296875,2.7798755168914795,0.9956014156341553
2023-03-06,1230.16650390625,1.924764633178711,1.328061580657959
2023-03-07,1306.418212890625,1.7616530656814575,0.8194556832313538
2023-03-08,1487.238525390625,2.3100969791412354,1.3094362020492554
2023-03-09,1327.541015625,2.826033115386963,1.2294143438339233
2023-03-10,1092.0772705078125,2.8925933837890625,1.1895661354064941
2023-03-11,1133.37841796875,2.57149076461792,1.1204493045806885
2023-03-12,1091.6632080078125,2.889047145843506,1.3219962120056152
2023-03-13,1231.9637451171875,2.1600236892700195,1.320238709449768
2023-03-14,1273.9219970703125,2.4349851608276367,0.8286854028701782
2023-03-15,1390.1141357421875,2.325737714767456,1.0650322437286377
2023-03-16,1267.15380859375,2.2163302898406982,0.8792306184768677
2023-03-17,1054.01025390625,2.7122182846069336,1.2224868535995483
2023-03-18,1085.9544677734375,2.5989389419555664,1.6501864194869995
2023-03-19,1190.3045654296875,2.8932604789733887,1.2398813962936401
2023-03-20,1127.685302734375,2.853508710861206,1.2121130228042603
2023-03-21,1243.7239990234375,2.3553481101989746,1.6559123992919922
2023-03-22,1200.915283203125,2.2531723976135254,1.619284749031067
2023-03-23,1245.3837890625,1.605172872543335,1.3622922897338867
2023-03-24,1390.430908203125,1.4342707395553589,1.049163818359375
2023-03-25,1256.432861328125,2.177978515625,1.4145596027374268
2023-03-26,967.642578125,2.514535665512085,1.073224663734436
2023-03-27,903.0819091796875,2.5515055656433105,1.3961001634597778
2023-03-28,983.0047607421875,2.2107114791870117,1.2843291759490967
2023-03-29,959.972900390625,1.8170862197875977,1.0589234828948975
2023-03-30,947.9615478515625,1.8368117809295654,1.4420757293701172
2023-03-31,1059.61474609375,1.5065345764160156,0.9151760339736938
2023-04-01,984.455322265625,2.2232108116149902,1.1605404615402222
2023-04-02,1068.0521240234375,1.8046119213104248,1.020418405532837
2023-04-03,916.18310546875,1.439200758934021,1.2666397094726562
2023-04-04,1224.371337890625,2.0184779167175293,1.1092934608459473
2023-04-05,1089.0927734375,2.0400547981262207,1.236420750617981
2023-04-06,1077.404541015625,1.6265562772750854,1.6738179922103882
2023-04-07,944.65478515625,1.3857231140136719,1.1736843585968018
2023-04-08,872.97119140625,2.269969940185547,1.261008381843567
2023-04-09,880.3385009765625,1.951702356338501,1.254542589187622
2023-04-10,902.4600830078125,1.8589122295379639,0.9857645034790039
2023-04-11,1128.114013671875,2.051351547241211,1.2125893831253052
2023-04-12,689.672119140625,2.1852481365203857,1.4438114166259766
2023-04-13,1092.8388671875,2.057121753692627,1.2090651988983154
2023-04-14,1102.888916015625,2.175534725189209,0.676809549331665
2023-04-15,1236.919921875,2.1534533500671387,0.9130291938781738
2023-04-16,1205.544921875,1.913260579109192,0.4969552755355835
2023-04-17,1314.5723876953125,2.0017948150634766,1.4105229377746582
2023-04-18,1136.013427734375,0.8925893306732178,1.6688270568847656
2023-04-19,724.634521484375,0.8336097002029419,0.8872243165969849
2023-04-20,798.60107421875,2.651216506958008,1.265982747077942
2023-04-21,1023.1297607421875,1.5380475521087646,1.2949395179748535
2023-04-22,953.7529296875,1.4887351989746094,0.9166615605354309
2023-04-23,974.0927734375,2.070977210998535,1.3619158267974854
2023-04-24,1035.6868896484375,1.9870858192443848,1.1525640487670898
2023-04-25,600.09033203125,1.9225053787231445,1.330574870109558
2023-04-26,482.502685546875,1.5189255475997925,1.07072913646698
2023-04-27,636.49853515625,2.5049471855163574,0.9421844482421875
2023-04-28,636.182373046875,2.847104549407959,0.931430459022522
2023-04-29,372.505126953125,1.6040220260620117,0.41167742013931274
2023-04-30,846.4678955078125,0.7871167063713074,2.609776020050049
2023-05-01,692.226318359375,2.059779167175293,1.4822087287902832
2023-05-02,611.29736328125,1.724153995513916,1.4041799306869507
2023-05-03,577.62158203125,1.757676601409912,1.2510524988174438
2023-05-04,583.8408203125,1.2231173515319824,1.3826638460159302
2023-05-05,592.180908203125,2.5209596157073975,0.9516485929489136
2023-05-06,605.2900390625,1.5419865846633911,1.0216341018676758
2023-05-07,433.666748046875,0.530160665512085,1.272663950920105
2023-05-08,404.65234375,0.48568665981292725,1.4064044952392578
2023-05-09,340.0927734375,0.5508140921592712,1.0122426748275757
2023-05-10,354.79052734375,0.979523241519928,1.6243736743927002
2023-05-11,461.71435546875,0.9196294546127319,1.6771035194396973
2023-05-12,379.36865234375,0.927728533744812,1.5526158809661865
2023-05-13,378.3515625,1.5294283628463745,1.088695764541626
2023-05-14,423.2060546875,1.5824917554855347,1.3362983465194702
2023-05-15,452.2969970703125,1.6415212154388428,0.8719969987869263
2023-05-16,632.89013671875,2.166025161743164,0.8848773241043091
2023-05-17,391.2392578125,0.5331506729125977,0.7880074977874756
2023-05-18,572.7154541015625,1.4241976737976074,1.3481390476226807
2023-05-19,563.9622802734375,1.2629551887512207,1.8784868717193604
2023-05-20,507.3824462890625,0.47683560848236084,0.35298633575439453
2023-05-21,494.34228515625,1.5023125410079956,1.5710070133209229
2023-05-22,276.490234375,1.0305936336517334,0.6776762008666992
2023-05-23,152.533935546875,0.5451186299324036,0.3927478790283203
2023-05-24,540.002197265625,1.9042253494262695,0.9268375635147095
2023-05-25,296.899169921875,1.0558369159698486,0.5628411173820496
2023-05-26,661.1304931640625,1.5333905220031738,1.7660560607910156
2023-05-27,467.803955078125,0.7726621627807617,0.8533782958984375
2023-05-28,181.7880859375,1.0962917804718018,0.7848624587059021
2023-05-29,434.056396484375,0.6193909645080566,1.0315823554992676
2023-05-30,237.0926513671875,1.0938520431518555,0.6868865489959717
2023-05-31,410.6754150390625,1.0899677276611328,1.286543607711792
2023-06-01,445.216796875,1.404070496559143,0.742047905921936
2023-06-02,515.3887939453125,1.397991418838501,1.7897706031799316
2023-06-03,330.76611328125,1.5785025358200073,1.2774930000305176
2023-06-04,333.582763671875,1.252096176147461,1.2738574743270874
2023-06-05,320.177490234375,1.606891393661499,1.491868019104004
2023-06-06,358.1328125,1.0437541007995605,1.1206854581832886
2023-06-07,371.4368896484375,1.4082887172698975,0.5869452953338623
2023-06-08,500.278564453125,1.3551490306854248,0.13882827758789062
2023-06-09,344.581298828125,1.9510551691055298,0.935687780380249
2023-06-10,629.0157470703125,2.138618230819702,1.3153821229934692
2023-06-11,517.8956298828125,1.4589847326278687,1.1954066753387451
2023-06-12,416.1142578125,1.2401918172836304,0.5404900312423706
2023-06-13,333.656982421875,0.8764638304710388,0.5064831972122192
2023-06-14,221.5185546875,1.088932991027832,0.8770918846130371
2023-06-15,324.86572265625,0.9415967464447021,0.9912629127502441
2023-06-16,308.709228515625,0.6417378187179565,1.402070164680481
2023-06-17,217.357177734375,-0.14261716604232788,0.9986317753791809
2023-06-18,379.2314453125,1.3936220407485962,1.4310002326965332
2023-06-19,554.715087890625,1.1494718790054321,1.2186349630355835
2023-06-20,287.420166015625,1.6961307525634766,0.8675553798675537
2023-06-21,209.44384765625,0.582451343536377,0.8722658157348633
2023-06-22,268.277587890625,-1.2714380025863647,-0.6212911009788513
2023-06-23,423.121826171875,-1.4360404014587402,-1.4966546297073364
2023-06-24,222.001220703125,0.17229723930358887,0.7585906982421875
2023-06-25,251.004150390625,1.3642851114273071,0.9879677891731262
2023-06-26,224.4873046875,0.9593660831451416,0.5407477617263794
2023-06-27,420.078857421875,1.589108943939209,1.2336854934692383
2023-06-28,119.3359375,0.93184494972229,0.30457162857055664
2023-06-29,282.61328125,1.2356436252593994,0.8159158229827881
2023-06-30,295.579833984375,0.7488678693771362,1.1264216899871826
2023-07-01,294.783447265625,1.7480278015136719,0.6775708198547363
2023-07-02,531.2353515625,1.9045493602752686,0.753960371017456
2023-07-03,448.607666015625,1.6534485816955566,0.9303287267684937
2023-07-04,507.77490234375,2.0807347297668457,1.255875825881958
2023-07-05,658.420654296875,2.2365212440490723,1.1671631336212158
2023-07-06,450.19970703125,1.6950205564498901,1.010674238204956
2023-07-07,427.696044921875,1.927539348602295,0.7855224609375
2023-07-08,684.445556640625,1.7915892601013184,1.115946888923645
2023-07-09,252.881103515625,0.27160555124282837,0.8000445365905762
2023-07-10,438.89013671875,1.80375075340271,0.8371301889419556
2023-07-11,390.765625,1.0827882289886475,0.8224790096282959
2023-07-12,412.828125,-0.7240082025527954,-0.1802540421485901
2023-07-13,375.802490234375,-0.17572498321533203,1.3962644338607788
2023-07-14,174.2197265625,0.4802870750427246,0.7895112037658691
2023-07-15,299.944091796875,0.4105932116508484,1.1873492002487183
2023-07-16,435.511962890625,0.4227806329727173,0.7452627420425415
2023-07-17,355.933349609375,0.431485652923584,0.23456627130508423
2023-07-18,290.552978515625,0.0207064151763916,1.0342657566070557
2023-07-19,272.16455078125,0.2461431920528412,0.5246554017066956
2023-07-20,312.041015625,1.2203419208526611,0.49556243419647217
2023-07-21,502.019775390625,1.3140769004821777,0.28846168518066406
2023-07-22,362.03271484375,0.08865952491760254,1.2276291847229004
2023-07-23,196.7158203125,1.4723641872406006,0.7823119759559631
2023-07-24,483.849853515625,1.5902985334396362,1.3095635175704956
2023-07-25,698.632568359375,2.2472896575927734,1.1717336177825928
2023-07-26,392.444091796875,2.158766508102417,1.0273358821868896
2023-07-27,435.84130859375,0.31029534339904785,0.8788609504699707
2023-07-28,215.156005859375,0.5531485080718994,0.8768593072891235
2023-07-29,347.201171875,1.1713428497314453,1.025062084197998
2023-07-30,292.416015625,0.7211008071899414,1.0856871604919434
2023-07-31,424.505615234375,1.5213037729263306,0.7388033866882324
2023-08-01,376.270751953125,0.9748551845550537,1.3318332433700562
2023-08-02,355.887939453125,0.48522937297821045,1.0121865272521973
2023-08-03,342.14599609375,1.261519193649292,0.9230537414550781
2023-08-04,335.10791015625,0.7463431358337402,1.0500825643539429
2023-08-05,529.04541015625,2.292982578277588,0.7377015352249146
2023-08-06,729.8642578125,1.749770998954773,1.425669550895691
2023-08-07,359.5849609375,1.73622727394104,0.7496868371963501
2023-08-08,502.18603515625,2.058016300201416,0.8426740169525146
2023-08-09,143.399169921875,0.18365754187107086,-0.08611679077148438
2023-08-10,834.5648193359375,1.3508398532867432,-0.7464181184768677
2023-08-11,560.41552734375,0.9063811898231506,2.2066736221313477
2023-08-12,452.03076171875,0.6239385604858398,1.7591429948806763
2023-08-13,369.986572265625,0.5734210014343262,0.6932393908500671
2023-08-14,384.2412109375,0.8471976518630981,0.5156217217445374
2023-08-15,414.505126953125,2.0510342121124268,0.9621667861938477
2023-08-16,531.66943359375,2.2139177322387695,1.0686248540878296
2023-08-17,525.4117431640625,0.9256914258003235,-0.004343315958976746
2023-08-18,963.2281494140625,1.5576179027557373,0.3086191415786743
2023-08-19,410.0478515625,-0.249045729637146,-1.7031147480010986
2023-08-20,1210.222412109375,0.68829745054245,-1.553351640701294
2023-08-21,247.83154296875,-0.6334452629089355,0.45370015501976013
2023-08-22,976.99951171875,-1.2405339479446411,-2.793877124786377
2023-08-23,540.502197265625,1.00419282913208,0.08741450309753418
2023-08-24,1015.2001953125,1.7088629007339478,0.8250864148139954
2023-08-25,886.822509765625,1.4389910697937012,2.363380193710327
2023-08-26,835.31103515625,1.2726500034332275,1.4825248718261719
2023-08-27,636.2237548828125,-0.3614571690559387,0.9073528051376343
2023-08-28,698.093017578125,1.0759339332580566,1.2068231105804443
2023-08-29,713.78076171875,1.1952582597732544,1.2280429601669312
2023-08-30,819.0125732421875,1.5850898027420044,2.133826494216919
2023-08-31,665.8070068359375,1.803943157196045,1.1767094135284424
2023-09-01,228.27978515625,0.5864642262458801,1.1237592697143555
2023-09-02,639.9444580078125,0.5802619457244873,0.6224486827850342
2023-09-03,996.5927734375,1.7467784881591797,0.9481925964355469
2023-09-04,314.230712890625,-0.06586551666259766,1.6073130369186401
2023-09-05,96.0146484375,-0.16433334350585938,0.7157204151153564
2023-09-06,414.5855712890625,1.2942309379577637,0.5235947370529175
2023-09-07,1000.5533447265625,0.8783392906188965,1.7015756368637085
2023-09-08,1155.466064453125,1.383749008178711,-0.8609694242477417
2023-09-09,739.5340576171875,1.6907427310943604,0.5013047456741333
2023-09-10,50.660888671875,0.5071146488189697,0.9549126625061035
2023-09-11,1144.6136474609375,1.6180146932601929,1.666783094406128
2023-09-12,704.798095703125,1.439105749130249,1.4198981523513794
2023-09-13,907.914794921875,1.2928845882415771,0.8982130289077759
2023-09-14,645.140625,1.1809329986572266,2.184843063354492
2023-09-15,724.72509765625,1.5948269367218018,0.8519265651702881
2023-09-16,902.4637451171875,3.147188186645508,0.9643232822418213
2023-09-17,855.262939453125,3.1322712898254395,1.870387315750122
2023-09-18,389.2255859375,1.2069958448410034,1.112173080444336
2023-09-19,555.15771484375,1.4975309371948242,1.3249160051345825
2023-09-20,660.262939453125,2.527921199798584,1.363008975982666
2023-09-21,765.157958984375,2.399797201156616,0.5352604389190674
2023-09-22,313.912353515625,1.3095052242279053,0.554142415523529
2023-09-23,499.9227294921875,1.699123501777649,0.8616974353790283
2023-09-24,854.773681640625,2.4147980213165283,1.0358266830444336
2023-09-25,1150.7813720703125,3.2797751426696777,-0.06373238563537598
2023-09-26,1088.4267578125,2.271200656890869,2.413236618041992
2023-09-27,814.618408203125,2.0982563495635986,1.4250012636184692
2023-09-28,933.259765625,2.2094287872314453,1.2532463073730469
2023-09-29,882.876953125,2.0275423526763916,1.3483428955078125
2023-09-30,856.705078125,2.234510898590088,1.1971358060836792
2023-10-01,962.4849853515625,3.236772298812866,1.1741825342178345
2023-10-02,989.4979248046875,2.4289889335632324,1.2475337982177734
2023-10-03,853.1297607421875,0.996749758720398,0.8823562860488892
2023-10-04,1219.847900390625,2.040905475616455,0.8488951921463013
2023-10-05,1056.5052490234375,2.646752119064331,0.5715804100036621
2023-10-06,1245.974853515625,2.052358627319336,1.189204216003418
2023-10-07,990.4395751953125,1.6780972480773926,1.31549072265625
2023-10-08,928.897705078125,1.8229341506958008,1.7719769477844238
2023-10-09,1057.707275390625,2.738574266433716,0.769136905670166
2023-10-10,876.419677734375,2.523519515991211,0.48802947998046875
2023-10-11,1203.5616455078125,2.510392189025879,1.0592366456985474
2023-10-12,1197.157958984375,2.190615177154541,1.599912405014038
2023-10-13,1035.035400390625,2.4262843132019043,1.01450514793396
2023-10-14,1135.48779296875,3.1871087551116943,0.9425486326217651
2023-10-15,1104.7183837890625,3.080869197845459,1.1273690462112427
2023-10-16,1144.5126953125,2.4823880195617676,1.100921869277954
2023-10-17,1058.833984375,2.9140512943267822,1.3233940601348877
2023-10-18,1272.0283203125,-0.16382189095020294,0.08317136764526367
2023-10-19,721.3111572265625,2.002774953842163,1.1514811515808105
2023-10-20,641.0902099609375,2.902888774871826,1.2855877876281738
2023-10-21,801.513427734375,1.4787671566009521,0.9304863810539246
2023-10-22,979.9449462890625,2.1557745933532715,0.8315790891647339
2023-10-23,1215.9068603515625,1.5217528343200684,0.4800913333892822
2023-10-24,1028.2059326171875,2.6115710735321045,1.285912036895752
2023-10-25,1140.310791015625,2.930253028869629,0.9191960096359253
2023-10-26,1238.65380859375,2.4573311805725098,0.48562994599342346
2023-10-27,1327.7664794921875,2.342137575149536,-0.00637972354888916
2023-10-28,665.6727294921875,3.191957473754883,1.0307222604751587
2023-10-29,1143.863037109375,3.5644333362579346,-0.6947125196456909
2023-10-30,1273.6224365234375,2.453260660171509,0.8534589409828186
2023-10-31,1309.12744140625,2.531003952026367,1.0048410892486572
2023-11-01,1046.310546875,2.5371153354644775,1.113546371459961
2023-11-02,982.5357666015625,1.4082940816879272,0.6944014430046082
2023-11-03,913.541748046875,0.8878655433654785,1.9579594135284424
2023-11-04,1275.3321533203125,3.360849380493164,1.195802092552185
2023-11-05,1087.1943359375,3.0214977264404297,1.5411174297332764
2023-11-06,995.6800537109375,3.3664448261260986,1.3572827577590942
2023-11-07,1193.841064453125,2.004889965057373,1.7944178581237793
2023-11-08,1155.72119140625,2.2737677097320557,1.8009352684020996
2023-11-09,1001.9892578125,3.2373974323272705,1.1369738578796387
2023-11-10,548.103271484375,-1.2035236358642578,0.8169726133346558
2023-11-11,417.12548828125,0.9369816780090332,0.7725931406021118
2023-11-12,1171.25439453125,2.6461873054504395,1.1977932453155518
2023-11-13,1224.527587890625,2.2236385345458984,1.3121488094329834
2023-11-14,1257.046630859375,2.0594844818115234,0.43823349475860596
2023-11-15,1361.5166015625,2.3242549896240234,0.5386021137237549
2023-11-16,1430.343505859375,2.3436851501464844,0.939354658126831
2023-11-17,621.839599609375,1.8229176998138428,1.1925387382507324
2023-11-18,739.3912353515625,1.0969688892364502,2.007730007171631
2023-11-19,1197.4903564453125,2.4224445819854736,1.5679539442062378
2023-11-20,1064.7349853515625,2.7007980346679688,1.5424003601074219
2023-11-21,1152.8934326171875,2.7672314643859863,1.6260740756988525
2023-11-22,1270.4884033203125,2.798759937286377,2.050577163696289
2023-11-23,1537.882568359375,1.972980260848999,1.8949893712997437
2023-11-24,1162.095703125,2.6361184120178223,1.986380696296692
2023-11-25,1078.4371337890625,2.920684576034546,1.8584156036376953
2023-11-26,1091.4537353515625,3.198045253753662,1.628002405166626
2023-11-27,977.951416015625,3.6832900047302246,1.7703890800476074
2023-11-28,1124.4852294921875,3.510498523712158,1.353684902191162
2023-11-29,1298.3985595703125,2.2211997509002686,1.9631279706954956
2023-11-30,1232.0750732421875,3.426245927810669,1.1867824792861938
2023-12-01,1297.11865234375,2.899285078048706,1.1701316833496094
2023-12-02,1345.2608642578125,2.9006738662719727,1.638063907623291
2023-12-03,1470.333984375,2.6496970653533936,1.6318273544311523
2023-12-04,1556.228759765625,3.136986255645752,0.9852741360664368
2023-12-05,1451.6448974609375,2.533083915710449,0.8940160274505615
2023-12-06,1610.51904296875,2.0357673168182373,1.7815477848052979
2023-12-07,1378.8773193359375,2.1184513568878174,2.0943093299865723
2023-12-08,1252.2406005859375,3.2729709148406982,1.8761401176452637
2023-12-09,1530.3328857421875,1.5634256601333618,2.679497003555298
2023-12-10,1100.041259765625,4.240049839019775,1.3200626373291016
2023-12-11,1226.77490234375,2.7714240550994873,1.895061731338501
2023-12-12,1248.6790771484375,2.7536416053771973,2.1678004264831543
2023-12-13,1425.388671875,1.8356555700302124,1.677074670791626
2023-12-14,1298.7987060546875,3.026167869567871,1.8244956731796265
2023-12-15,1311.533203125,2.810607671737671,1.1961766481399536
2023-12-16,1324.7080078125,3.0295398235321045,1.2343926429748535
2023-12-17,1460.277099609375,2.715090274810791,1.7210569381713867
2023-12-18,1539.91796875,2.461740732192993,1.3789312839508057
2023-12-19,1506.9276123046875,3.883923053741455,0.7539660334587097
2023-12-20,1532.052490234375,2.13702654838562,1.4680044651031494
2023-12-21,1333.46337890625,3.0218043327331543,1.6494085788726807
2023-12-22,1432.2783203125,2.5545811653137207,1.731749415397644
2023-12-23,1438.49755859375,3.2588248252868652,0.8454796075820923
2023-12-24,1251.537353515625,3.215733289718628,1.948624849319458
2023-12-25,1231.719970703125,2.680422782897949,1.8491816520690918
2023-12-26,1006.703125,3.0921790599823,1.5423489809036255
2023-12-27,977.185546875,2.319587469100952,1.8538321256637573
2023-12-28,790.8626708984375,2.2113027572631836,1.8117516040802002
2023-12-29,1172.4140625,2.88006854057312,1.9323012828826904
2023-12-30,1326.42333984375,3.111907958984375,1.2247978448867798
2023-12-31,1478.5849609375,2.7725961208343506,1.0606675148010254
2024-01-01,1371.699462890625,2.8200478553771973,1.5106866359710693
2024-01-02,1369.164306640625,3.139033079147339,1.6967620849609375
2024-01-03,1369.3145751953125,3.051697015762329,1.5595142841339111
2024-01-04,1281.4461669921875,3.3297109603881836,1.5614218711853027
2024-01-05,1306.1163330078125,3.0389819145202637,1.585990309715271
2024-01-06,1353.595703125,2.811323642730713,1.0027539730072021
2024-01-07,1668.624267578125,2.25895619392395,1.6671019792556763
2024-01-08,1583.000244140625,2.945265054702759,1.4590764045715332
2024-01-09,1474.53955078125,2.9866175651550293,1.7405859231948853
2024-01-10,1564.09912109375,2.4754436016082764,1.4002280235290527
2024-01-11,1530.74462890625,2.8137757778167725,1.37002432346344
2024-01-12,1387.6400146484375,2.9931607246398926,1.3798106908798218
2024-01-13,1418.14599609375,2.8303802013397217,1.4273548126220703
2024-01-14,1514.5706787109375,2.3952219486236572,1.7365249395370483
2024-01-15,1521.39306640625,3.9797143936157227,1.5793293714523315
2024-01-16,1698.970458984375,2.593679666519165,1.8423014879226685
2024-01-17,1156.443115234375,3.851040840148926,1.6345027685165405
2024-01-18,1443.842529296875,2.591093063354492,2.038484811782837
2024-01-19,1316.042724609375,2.988393783569336,1.711876392364502
2024-01-20,1208.727294921875,2.9423348903656006,1.8266141414642334
2024-01-21,1254.68212890625,2.9992594718933105,1.6244128942489624
2024-01-22,1189.3922119140625,3.0217232704162598,1.5220609903335571
2024-01-23,1206.587158203125,2.9304349422454834,1.657843828201294
2024-01-24,1246.9603271484375,2.735447883605957,1.562495470046997
2024-01-25,1296.615966796875,3.395247459411621,1.3038090467453003
2024-01-26,1120.6851806640625,2.9641518592834473,1.823184847831726
2024-01-27,1174.265380859375,3.1234920024871826,1.3396248817443848
2024-01-28,1131.9775390625,3.7669837474823,1.458088755607605
2024-01-29,1182.6763916015625,3.193122386932373,1.8063712120056152
2024-01-30,1110.37060546875,2.616393566131592,1.9233614206314087
2024-01-31,1596.97900390625,2.321770191192627,1.7758479118347168
2024-02-01,1353.8897705078125,2.786189079284668,1.413406252861023
2024-02-02,1288.522216796875,2.5498433113098145,2.673455238342285
2024-02-03,1210.0894775390625,2.453592538833618,1.917568325996399
2024-02-04,1157.9539794921875,3.287433624267578,1.4987797737121582
2024-02-05,1144.0606689453125,2.5652904510498047,1.894015908241272
2024-02-06,1224.478271484375,3.3433234691619873,1.67311429977417
2024-02-07,1285.5869140625,2.97265362739563,1.8079560995101929
2024-02-08,1544.4910888671875,3.525064706802368,1.0550438165664673
2024-02-09,1663.365478515625,3.185375213623047,0.8176982402801514
2024-02-10,1487.2327880859375,2.290752410888672,1.200800895690918
2024-02-11,1166.472412109375,2.69920015335083,1.5971324443817139
2024-02-12,1531.2943115234375,2.200627326965332,1.5032496452331543
2024-02-13,1128.7781982421875,2.280276298522949,0.8861608505249023
2024-02-14,1141.760986328125,2.526257276535034,1.410733938217163
2024-02-15,1132.462158203125,2.4620985984802246,1.5634996891021729
2024-02-16,1082.4454345703125,3.007594108581543,1.704747200012207
2024-02-17,1158.12158203125,2.314528465270996,1.9022927284240723
2024-02-18,1111.94189453125,3.171398162841797,1.542595624923706
2024-02-19,1106.771240234375,3.041037082672119,1.2700910568237305
2024-02-20,1296.1961669921875,2.8277854919433594,1.451331615447998
2024-02-21,1539.112060546875,3.023143768310547,1.436719536781311
2024-02-22,422.194091796875,2.131765365600586,1.2802438735961914
2024-02-23,1661.2957763671875,1.1885919570922852,1.4666123390197754
2024-02-24,1472.5394287109375,1.4931648969650269,0.777583658695221
2024-02-25,1497.616943359375,2.391206741333008,1.2707473039627075
2024-02-26,1479.3179931640625,2.708951711654663,1.720151662826538
2024-02-27,1382.364990234375,2.7549283504486084,1.6628267765045166
2024-02-28,1394.2930908203125,2.2001476287841797,1.7294697761535645
2024-02-29,1275.735595703125,2.839526414871216,1.5904533863067627
2024-03-01,1127.0029296875,3.1832644939422607,1.742281198501587
2024-03-02,1324.9677734375,2.6429996490478516,1.5247712135314941
2024-03-03,1420.60888671875,2.563368320465088,1.6413652896881104
2024-03-04,1432.05810546875,2.360090732574463,1.4785571098327637
2024-03-05,1233.33984375,2.8437981605529785,1.6097989082336426
2024-03-06,1426.783203125,2.4468045234680176,1.330878734588623
2024-03-07,1288.673095703125,2.5812385082244873,1.1480705738067627
2024-03-08,1354.8201904296875,2.335322380065918,1.1376886367797852
2024-03-09,1165.6390380859375,2.2060513496398926,1.5057951211929321
2024-03-10,1142.231201171875,3.3685102462768555,1.4052629470825195
2024-03-11,1044.6982421875,2.869215965270996,1.422709584236145
2024-03-12,1148.1475830078125,2.239433765411377,1.505622386932373
2024-03-13,1124.3955078125,2.28041672706604,1.6808478832244873
2024-03-14,997.9297485351562,2.435335636138916,1.761657476425171
2024-03-15,1111.903564453125,2.772733211517334,1.509864091873169
2024-03-16,1158.1678466796875,2.288304567337036,1.5441017150878906
2024-03-17,1165.622802734375,2.3994860649108887,1.4755253791809082
2024-03-18,1254.20458984375,1.9797221422195435,1.4462299346923828
2024-03-19,1333.74609375,3.1994874477386475,0.8382835388183594
2024-03-20,937.8433837890625,1.802795648574829,1.344433069229126
2024-03-21,1272.97021484375,1.8559879064559937,1.5847313404083252
2024-03-22,1160.123779296875,2.4131808280944824,1.4711174964904785
2024-03-23,1049.0565185546875,2.3537793159484863,1.8092663288116455
2024-03-24,971.085205078125,2.218034505844116,1.4346895217895508
2024-03-25,992.2763671875,2.8803110122680664,1.2480573654174805
2024-03-26,1061.657470703125,2.3916022777557373,1.6293041706085205
2024-03-27,1151.06787109375,2.340740919113159,1.2181516885757446
2024-03-28,1053.5599365234375,2.4984943866729736,0.907002329826355
2024-03-29,1057.7784423828125,2.593691349029541,1.4910633563995361
2024-03-30,965.3065185546875,1.1619436740875244,1.3384902477264404
2024-03-31,1102.5814208984375,1.713721752166748,1.410718321800232
2024-04-01,1127.8968505859375,1.8198230266571045,1.0339014530181885
2024-04-02,571.470458984375,1.296604037284851,1.6168735027313232
2024-04-03,634.69873046875,1.3605129718780518,1.3482080698013306
2024-04-04,1128.0889892578125,1.6524584293365479,1.3878103494644165
2024-04-05,1245.484375,2.1996281147003174,1.183129906654358
2024-04-06,1088.547119140625,2.1154439449310303,1.8362200260162354
2024-04-07,955.23779296875,1.8643534183502197,1.3408081531524658
2024-04-08,921.8345947265625,2.4778683185577393,1.4240933656692505
2024-04-09,1111.5574951171875,2.0213711261749268,1.0528762340545654
2024-04-10,1164.110107421875,3.0391297340393066,1.1024134159088135
2024-04-11,928.002197265625,2.263477087020874,1.054216742515564
2024-04-12,604.87060546875,1.6057524681091309,1.0939244031906128
2024-04-13,740.82275390625,1.4533259868621826,0.877117395401001
2024-04-14,1104.524658203125,1.228855848312378,1.0166215896606445
2024-04-15,942.7532958984375,0.5635003447532654,0.6139914989471436
2024-04-16,1305.660888671875,1.3399349451065063,0.9418795704841614
2024-04-17,678.9117431640625,1.1495846509933472,1.5426822900772095
2024-04-18,662.00244140625,1.505117416381836,0.9603700041770935
2024-04-19,718.533935546875,1.7913196086883545,1.2891602516174316
2024-04-20,565.008056640625,1.8620350360870361,0.7975037097930908
2024-04-21,736.7703857421875,2.8328192234039307,1.3038203716278076
2024-04-22,900.5611572265625,1.8621222972869873,1.1420581340789795
2024-04-23,848.337890625,1.5091794729232788,1.1223182678222656
2024-04-24,844.23046875,3.0703415870666504,1.313560962677002
2024-04-25,870.0863037109375,2.451500654220581,1.2068545818328857
2024-04-26,1008.349853515625,2.527409315109253,1.418522596359253
2024-04-27,833.8978271484375,1.8372766971588135,1.371402621269226
2024-04-28,705.484375,2.3342599868774414,0.702890932559967
2024-04-29,1492.4412841796875,2.6234593391418457,-0.5129954814910889
2024-04-30,794.409912109375,1.7304331064224243,1.4057023525238037
2024-05-01,839.4822998046875,1.9331707954406738,1.0312328338623047
2024-05-02,606.5496826171875,1.898535966873169,1.0956683158874512
2024-05-03,929.8267822265625,1.7920756340026855,0.653087854385376
2024-05-04,999.8597412109375,2.3412389755249023,1.2022957801818848
2024-05-05,619.5440673828125,1.9941015243530273,0.8668375611305237
2024-05-06,1199.4119873046875,2.706014633178711,0.3091700077056885
2024-05-07,1094.081787109375,-0.3038146495819092,-0.45282089710235596
2024-05-08,554.0655517578125,0.08827924728393555,1.8978403806686401
2024-05-09,480.183837890625,1.6743661165237427,0.7510712146759033
2024-05-10,687.060791015625,1.8144252300262451,0.9451562166213989
2024-05-11,903.523681640625,1.8216845989227295,1.3672834634780884
2024-05-12,1016.9263916015625,1.308413028717041,1.7465941905975342
2024-05-13,795.9110107421875,1.2345850467681885,1.3814985752105713
2024-05-14,590.501220703125,1.8316876888275146,1.0961905717849731
2024-05-15,629.58642578125,3.2857041358947754,0.08888697624206543
2024-05-16,864.647216796875,1.1519333124160767,1.603349208831787
2024-05-17,749.6644287109375,0.8390064239501953,0.8767079710960388
2024-05-18,864.9327392578125,-0.00012135505676269531,0.720766544342041
2024-05-19,270.1055908203125,0.2912747859954834,1.0790373086929321
2024-05-20,131.5830078125,-0.545076847076416,0.672211766242981
2024-05-21,532.132080078125,0.42935365438461304,1.9272611141204834
2024-05-22,694.9573974609375,1.471791386604309,1.0283242464065552
2024-05-23,1221.85888671875,0.8040568232536316,-0.4333977699279785
2024-05-24,125.578369140625,-1.2444874048233032,0.7672362327575684
2024-05-25,669.3837890625,1.3802778720855713,1.0235384702682495
2024-05-26,966.76025390625,-0.5797774791717529,0.10354852676391602
2024-05-27,138.84423828125,-0.5166721343994141,0.9472100138664246
2024-05-28,193.41162109375,0.6175054311752319,0.5136229991912842
2024-05-29,326.254150390625,0.37218403816223145,1.2761932611465454
2024-05-30,289.219970703125,-0.13338327407836914,0.7226853370666504
2024-05-31,310.444580078125,1.606392741203308,0.9041773080825806
2024-06-01,337.45166015625,0.5384619235992432,1.2350988388061523
2024-06-02,65.576904296875,-1.3428956270217896,0.5153927803039551
2024-06-03,248.31396484375,1.17007315158844,0.8977000713348389
2024-06-04,132.660888671875,0.5403174757957458,0.22598397731781006
2024-06-05,195.97998046875,0.9162192344665527,0.9404635429382324
2024-06-06,236.186767578125,0.9410772323608398,0.49246203899383545
2024-06-07,242.162841796875,0.1603156477212906,0.45404595136642456
2024-06-08,538.211181640625,2.378485918045044,0.09121501445770264
2024-06-09,379.1806640625,0.7027320861816406,0.6642305850982666
2024-06-10,178.3330078125,1.0385875701904297,0.37374448776245117
2024-06-11,264.08251953125,1.150655746459961,0.7840378284454346
2024-06-12,235.172119140625,1.3204684257507324,0.45173096656799316
2024-06-13,217.59716796875,-1.5791950225830078,-0.256725549697876
2024-06-14,839.77490234375,-0.8550400733947754,-0.00747227668762207
2024-06-15,579.9013671875,1.1355985403060913,0.8465985059738159
2024-06-16,458.5732421875,0.5393047332763672,0.8977299928665161
2024-06-17,394.294677734375,0.8562798500061035,0.1700727939605713
2024-06-18,593.49658203125,-0.6423883438110352,-1.1689794063568115
2024-06-19,856.210693359375,0.8169386386871338,0.7310333251953125
2024-06-20,410.01806640625,1.9226630926132202,0.9075063467025757
2024-06-21,932.7020263671875,-1.173058032989502,-1.3032853603363037
2024-06-22,263.94580078125,1.2721624374389648,0.7930935621261597
2024-06-23,827.9781494140625,1.842562198638916,0.8288804292678833
2024-06-24,128.25,0.8557732701301575,0.47771692276000977
2024-06-25,917.58203125,-0.2970748543739319,0.12113523483276367
2024-06-26,126.55322265625,-0.6881345510482788,0.6093630790710449
2024-06-27,122.02490234375,0.7824311852455139,0.9050614833831787
2024-06-28,401.70263671875,0.45844948291778564,1.2984838485717773
2024-06-29,174.28369140625,-0.15442943572998047,0.7520852088928223
2024-06-30,312.105224609375,0.02018260955810547,0.9531092643737793
2024-07-01,332.1455078125,-0.23619168996810913,0.7742089033126831
2024-07-02,399.870361328125,0.7823107242584229,1.138887882232666
2024-07-03,268.9091796875,0.6786336898803711,1.0819240808486938
2024-07-04,444.361328125,1.2085262537002563,1.2245503664016724
2024-07-05,318.04541015625,0.19534331560134888,0.8515373468399048
2024-07-06,423.689697265625,0.8422331809997559,0.7921628355979919
2024-07-07,374.9873046875,0.4132425785064697,1.132802963256836
2024-07-08,401.958251953125,0.6846379041671753,1.0040547847747803
2024-07-09,523.156982421875,1.728759765625,0.612311840057373
2024-07-10,620.278564453125,0.7836257219314575,1.0900297164916992
2024-07-11,496.27099609375,0.43470025062561035,0.6110042333602905
2024-07-12,300.494384765625,0.7329390048980713,0.16765442490577698
2024-07-13,350.335205078125,0.5236068964004517,0.8504993915557861
2024-07-14,333.87109375,0.9274739027023315,0.9022171497344971
2024-07-15,235.6376953125,1.123983383178711,1.0209553241729736
2024-07-16,193.398681640625,1.3044099807739258,1.8124130964279175
2024-07-17,216.17724609375,1.162847876548767,0.849185585975647
2024-07-18,224.858154296875,-0.007427692413330078,0.9945946335792542
2024-07-19,399.0810546875,1.1043734550476074,0.8270516395568848
2024-07-20,462.03662109375,1.4529685974121094,0.8259560465812683
2024-07-21,679.325439453125,0.8466892838478088,1.7070732116699219
2024-07-22,408.44287109375,0.8977066278457642,0.8046238422393799
2024-07-23,553.6220703125,1.57167387008667,0.7245057225227356
2024-07-24,538.036865234375,-0.552178144454956,0.8873233795166016
2024-07-25,385.522216796875,1.3354744911193848,0.3176461458206177
2024-07-26,374.47119140625,1.422818660736084,1.1218957901000977
2024-07-27,412.09765625,1.0606743097305298,1.2683300971984863
2024-07-28,433.1953125,0.6501678824424744,1.3934829235076904
2024-07-29,301.067626953125,-0.771403968334198,0.6914474964141846
2024-07-30,262.790283203125,1.0615193843841553,0.5039792060852051
2024-07-31,116.352783203125,-0.3380591869354248,0.3864482641220093
2024-08-01,171.220703125,1.0810117721557617,-0.40583935379981995
2024-08-02,1260.880615234375,-0.03758248686790466,-3.067641019821167
2024-08-03,828.9124755859375,-0.8563088774681091,1.5157462358474731
2024-08-04,473.421630859375,0.6974020004272461,0.9881429076194763
2024-08-05,445.720458984375,1.1487910747528076,1.6801308393478394
2024-08-06,874.6373291015625,1.3663573265075684,2.125422954559326
2024-08-07,956.341796875,1.4242134094238281,0.9754654169082642
2024-08-08,601.612060546875,0.08766555786132812,0.8833961486816406
2024-08-09,353.9296875,0.9785308837890625,1.1197609901428223
2024-08-10,465.694091796875,0.31601178646087646,1.4770374298095703
2024-08-11,409.209716796875,0.3089612126350403,1.2964534759521484
2024-08-12,348.28369140625,0.10764145851135254,1.1882574558258057
2024-08-13,527.678466796875,1.2949573993682861,0.6190203428268433
2024-08-14,464.58935546875,1.4609806537628174,0.9694373607635498
2024-08-15,717.6148681640625,1.8863937854766846,0.5182340145111084
2024-08-16,409.775146484375,1.4821200370788574,1.1871428489685059
2024-08-17,618.852783203125,1.442751169204712,0.7902286052703857
2024-08-18,545.7802734375,1.042151689529419,0.3354787826538086
2024-08-19,843.614013671875,2.321566104888916,0.6432865858078003
2024-08-20,771.4962158203125,1.7729389667510986,0.8821637630462646
2024-08-21,1015.6522216796875,2.1893091201782227,-1.5427873134613037
2024-08-22,972.102294921875,1.8018200397491455,0.2300267219543457
2024-08-23,803.8717041015625,0.8726835250854492,0.575492799282074
2024-08-24,552.306884765625,0.09894585609436035,1.1095380783081055
2024-08-25,551.0792236328125,1.0334420204162598,0.1610598862171173
2024-08-26,747.0528564453125,2.391299247741699,1.5706732273101807
2024-08-27,581.75244140625,1.128082513809204,1.2122855186462402
2024-08-28,730.3151245117188,1.958740234375,0.953521728515625
2024-08-29,849.3818359375,2.0167312622070312,0.8096773624420166
2024-08-30,765.693603515625,-0.0057721734046936035,0.4584507942199707
2024-08-31,657.55078125,0.662816047668457,0.5196719765663147
2024-09-01,507.1551513671875,1.7926431894302368,0.973259449005127
2024-09-02,705.471435546875,2.5532455444335938,1.8342233896255493
2024-09-03,630.68701171875,1.6684774160385132,1.941377878189087
2024-09-04,595.0809326171875,1.3012847900390625,1.8383026123046875
2024-09-05,555.2136840820312,1.3637237548828125,0.962127685546875
2024-09-06,810.907958984375,2.109375,0.8475341796875
2024-09-07,926.3748168945312,1.9888763427734375,1.258453369140625
2024-09-08,757.3681640625,1.7731170654296875,1.2872161865234375
2024-09-09,804.6770629882812,1.091644287109375,0.58062744140625
2024-09-10,1059.0848388671875,2.8586273193359375,1.0641937255859375
2024-09-11,1049.4222412109375,1.316925048828125,1.5012054443359375
2024-09-12,982.8212280273438,2.38970947265625,1.1846160888671875
2024-09-13,953.92822265625,1.372039794921875,1.9680633544921875
2024-09-14,879.94384765625,0.9252777099609375,1.0060272216796875
2024-09-15,861.2799072265625,1.084869384765625,1.6092987060546875
2024-09-16,597.0029296875,1.3129119873046875,0.525115966796875
2024-09-17,1353.0609130859375,1.853912353515625,0.108062744140625
2024-09-18,716.6409301757812,3.031036376953125,0.50921630859375
2024-09-19,1166.549072265625,3.352294921875,-0.2091827392578125
2024-09-20,460.8880920410156,0.895263671875,0.967315673828125
2024-09-21,873.7318115234375,2.69024658203125,0.70367431640625
2024-09-22,385.55670166015625,0.7964935302734375,0.8737640380859375
2024-09-23,858.3497924804688,1.198028564453125,0.6655426025390625
2024-09-24,980.3817138671875,2.2841644287109375,1.0510711669921875
2024-09-25,1145.185302734375,1.5479888916015625,1.5116424560546875
2024-09-26,1095.3240966796875,0.8111114501953125,0.45697021484375
2024-09-27,813.5560913085938,1.650421142578125,0.9656524658203125
2024-09-28,888.2543334960938,1.008514404296875,0.381805419921875
2024-09-29,991.6944580078125,2.9752655029296875,0.8693389892578125
2024-09-30,1025.016845703125,3.180450439453125,-0.30096435546875
2024-10-01,1037.28955078125,1.6886138916015625,1.5631561279296875
2024-10-02,1127.9820556640625,2.0195159912109375,1.0952301025390625
2024-10-03,1108.8360595703125,1.773345947265625,1.064178466796875
2024-10-04,1062.9755859375,2.5068359375,1.222991943359375
2024-10-05,871.5700073242188,2.160888671875,1.5460968017578125
2024-10-06,667.539306640625,3.359710693359375,1.2862091064453125
2024-10-07,964.8873291015625,2.024078369140625,2.2586212158203125
2024-10-08,617.2390747070312,1.6667938232421875,1.1446075439453125
2024-10-09,614.7381591796875,1.8971405029296875,0.4130859375
2024-10-10,629.1647338867188,3.525360107421875,0.9947509765625
2024-10-11,694.2811889648438,2.85888671875,1.679901123046875
2024-10-12,545.3018188476562,1.6109619140625,1.024627685546875
2024-10-13,977.1983032226562,1.843841552734375,0.9602813720703125
2024-10-14,779.2592163085938,2.636932373046875,1.1078033447265625
2024-10-15,788.8236694335938,1.251983642578125,0.99542236328125
2024-10-16,1001.9561767578125,3.2125244140625,1.0295867919921875
2024-10-17,863.6054077148438,1.416900634765625,1.171295166015625
2024-10-18,898.5025024414062,1.844635009765625,1.5992431640625
2024-10-19,739.7130737304688,3.7061920166015625,0.9340362548828125
2024-10-20,1295.3460693359375,2.5636749267578125,0.946624755859375
2024-10-21,1090.1754150390625,2.307952880859375,1.3653106689453125
2024-10-22,1047.8868408203125,3.2135009765625,0.3398590087890625
2024-10-23,731.0938110351562,1.8017120361328125,1.138427734375
2024-10-24,1445.4383544921875,1.562469482421875,1.2608642578125
2024-10-25,1302.8284912109375,1.47412109375,1.5545654296875
2024-10-26,1414.3480224609375,1.99267578125,0.8020477294921875
2024-10-27,1054.8082275390625,2.2398834228515625,1.86749267578125
2024-10-28,1202.0380859375,2.58258056640625,1.7103118896484375
2024-10-29,1028.5372314453125,3.13507080078125,1.536773681640625
2024-10-30,1053.8841552734375,3.02618408203125,1.69219970703125
2024-10-31,1102.1868896484375,3.069488525390625,1.117828369140625
2024-11-01,974.4625854492188,2.961212158203125,1.19195556640625
2024-11-02,1406.6585693359375,2.34356689453125,1.4237213134765625
2024-11-03,1214.9326171875,3.5394439697265625,1.0510406494140625
2024-11-04,1379.416259765625,2.139984130859375,1.3156280517578125
2024-11-05,1387.254638671875,2.1579742431640625,1.995758056640625
2024-11-06,1387.435302734375,1.503997802734375,1.1895599365234375
2024-11-07,1109.232421875,0.342803955078125,0.8182525634765625
2024-11-08,1486.0355224609375,1.19439697265625,1.2252960205078125
2024-11-09,1510.7218017578125,2.6979522705078125,1.5895233154296875
2024-11-10,1274.0753173828125,1.54046630859375,2.2620697021484375
2024-11-11,1376.46435546875,1.75146484375,2.6897430419921875
2024-11-12,1193.496337890625,1.77215576171875,2.415679931640625
2024-11-13,1119.08984375,3.7421875,1.4710693359375
2024-11-14,1194.0042724609375,2.4984283447265625,1.464447021484375
2024-11-15,1207.1907958984375,2.6269378662109375,1.8155975341796875
2024-11-16,1067.1136474609375,1.9781494140625,1.5679779052734375
2024-11-17,1431.869384765625,2.2808074951171875,1.550445556640625
2024-11-18,1494.3714599609375,2.5240325927734375,1.3715362548828125
2024-11-19,1414.9647216796875,2.4310760498046875,1.328125
2024-11-20,1393.400146484375,1.5354766845703125,1.3258056640625
2024-11-21,1393.7681884765625,3.1653594970703125,1.48492431640625
2024-11-22,1230.7164306640625,2.963409423828125,1.9365997314453125
2024-11-23,1514.5477294921875,2.569915771484375,1.8403167724609375
2024-11-24,1678.106201171875,2.588043212890625,2.01239013671875
2024-11-25,1791.960693359375,2.967193603515625,1.4649810791015625
2024-11-26,1480.922607421875,2.80230712890625,1.5594482421875
2024-11-27,1502.1912841796875,2.896575927734375,1.442535400390625
2024-11-28,1594.6649169921875,2.6326751708984375,1.943328857421875
2024-11-29,1802.8994140625,2.695526123046875,1.3426361083984375
2024-11-30,1544.89453125,3.5712890625,1.2039642333984375
2024-12-01,1802.6732177734375,2.254486083984375,1.64935302734375
2024-12-02,1690.9803466796875,2.9122161865234375,1.3336029052734375
2024-12-03,1785.94677734375,2.718048095703125,0.809906005859375
2024-12-04,1703.3721923828125,2.733978271484375,0.9844970703125
2024-12-05,1745.11181640625,3.6761322021484375,1.0114898681640625
2024-12-06,1740.5418701171875,2.2261505126953125,1.1868133544921875
2024-12-07,1884.59814453125,3.209442138671875,0.867279052734375
2024-12-08,1648.086181640625,2.88397216796875,1.4010009765625
2024-12-09,1599.0347900390625,2.173431396484375,1.45660400390625
2024-12-10,1219.499755859375,3.47607421875,1.73785400390625
2024-12-11,1389.671875,2.9675140380859375,1.859466552734375
2024-12-12,1685.5784912109375,2.4227447509765625,1.1717071533203125
2024-12-13,1769.8426513671875,2.6791839599609375,1.2708282470703125
2024-12-14,1649.96630859375,3.2453155517578125,1.4332427978515625
2024-12-15,1300.4505615234375,3.1766204833984375,1.29364013671875
2024-12-16,1490.886474609375,3.4001922607421875,1.3438720703125
2024-12-17,1558.197021484375,2.3155364990234375,1.03973388671875
2024-12-18,1665.8482666015625,3.0395355224609375,1.7746734619140625
2024-12-19,1648.8343505859375,2.40673828125,2.1389617919921875
2024-12-20,1644.2357177734375,2.3102569580078125,1.142974853515625
2024-12-21,1757.9754638671875,2.6749114990234375,1.855865478515625
2024-12-22,1567.7862548828125,3.32232666015625,1.5551605224609375
2024-12-23,1476.511962890625,2.90423583984375,1.58563232421875
2024-12-24,1491.59423828125,2.722320556640625,1.2870635986328125
2024-12-25,1134.944091796875,2.877044677734375,0.995513916015625
2024-12-26,1152.9608154296875,3.397247314453125,1.5664215087890625
2024-12-27,1422.204833984375,2.2043609619140625,1.111114501953125
2024-12-28,1462.5009765625,3.2739105224609375,1.2056121826171875
2024-12-29,1640.0794677734375,3.13055419921875,0.7872161865234375
2024-12-30,1544.6044921875,3.03851318359375,1.0771942138671875
2024-12-31,1641.4554443359375,2.6995697021484375,0.9721527099609375
2025-01-01,1429.56298828125,3.2935943603515625,1.1855010986328125
2025-01-02,1448.1153564453125,3.38812255859375,1.2779388427734375
2025-01-03,1411.0086669921875,3.6834259033203125,1.419830322265625
2025-01-04,1411.0784912109375,3.48779296875,1.5147552490234375
2025-01-05,1621.2601318359375,2.6915435791015625,1.2569580078125
2025-01-06,1347.313720703125,3.1138153076171875,1.4568328857421875
2025-01-07,1215.609619140625,3.3184051513671875,1.4524993896484375
2025-01-08,1406.8057861328125,2.948211669921875,1.3313751220703125
2025-01-09,1522.3067626953125,2.698516845703125,1.575958251953125
2025-01-10,1646.0501708984375,3.263275146484375,1.777740478515625
2025-01-11,1561.9697265625,2.46197509765625,1.4088134765625
2025-01-12,1508.30126953125,2.8621368408203125,0.8034210205078125
2025-01-13,1563.2420654296875,2.766845703125,1.5400238037109375
2025-01-14,1600.0413818359375,2.583465576171875,1.3682403564453125
2025-01-15,1695.18408203125,2.560394287109375,1.8714141845703125
2025-01-16,2000.080322265625,2.574859619140625,1.526031494140625
2025-01-17,1834.5968017578125,2.9747467041015625,1.402099609375
2025-01-18,1775.9130859375,3.07373046875,0.906280517578125
2025-01-19,1870.71484375,3.2881011962890625,1.770904541015625
2025-01-20,1512.2197265625,3.6562042236328125,1.431427001953125
2025-01-21,1634.12255859375,3.6338958740234375,1.4050140380859375
2025-01-22,1394.2823486328125,3.2187652587890625,0.8966217041015625
2025-01-23,1652.704833984375,2.9691619873046875,1.4796295166015625
2025-01-24,1654.9862060546875,2.646575927734375,1.813629150390625
2025-01-25,1516.4921875,3.4371795654296875,1.3646087646484375
2025-01-26,1398.476318359375,3.5769195556640625,1.561859130859375
2025-01-27,1593.853515625,2.8697967529296875,1.6816253662109375
2025-01-28,1524.8094482421875,3.1943817138671875,1.458892822265625
2025-01-29,1247.2423095703125,3.79400634765625,1.4633026123046875
2025-01-30,1110.1129150390625,3.7361602783203125,1.3930206298828125
2025-01-31,1191.07080078125,3.3020172119140625,1.6156463623046875
2025-02-01,1259.1085205078125,3.587860107421875,1.5755462646484375
2025-02-02,1268.1378173828125,3.34722900390625,1.6338653564453125
2025-02-03,1517.9278564453125,2.6217041015625,1.4407196044921875
2025-02-04,1650.7633056640625,3.2856903076171875,1.4198455810546875
2025-02-05,1655.6739501953125,2.176666259765625,2.0646209716796875
2025-02-06,1311.2161865234375,3.1684417724609375,1.2823333740234375
2025-02-07,1179.4627685546875,3.3329925537109375,1.471710205078125
2025-02-08,1095.3321533203125,2.9468994140625,1.758392333984375
2025-02-09,1152.26123046875,3.369873046875,1.107879638671875
2025-02-10,1183.7496337890625,3.8842010498046875,1.5298614501953125
2025-02-11,1471.1588134765625,3.113189697265625,1.2216796875
2025-02-12,1460.61376953125,2.8847808837890625,1.38800048828125
2025-02-13,1413.1453857421875,3.1188507080078125,1.247467041015625
2025-02-14,1352.0762939453125,3.0882110595703125,1.1533203125
2025-02-15,1249.367431640625,3.0374908447265625,1.5244903564453125
2025-02-16,1488.0679931640625,2.7173309326171875,1.4784698486328125
2025-02-17,1350.1959228515625,2.3508453369140625,1.4919281005859375
2025-02-18,1218.856201171875,3.4092864990234375,1.0272979736328125
2025-02-19,1328.0640869140625,3.0490264892578125,0.973541259765625
2025-02-20,1386.406005859375,2.9824981689453125,1.3549652099609375
2025-02-21,1338.684814453125,3.1003875732421875,1.5627288818359375
2025-02-22,1277.35791015625,3.41326904296875,1.681060791015625
2025-02-23,1275.375,3.084136962890625,1.43017578125
2025-02-24,1311.3134765625,2.7562408447265625,1.639801025390625
2025-02-25,1392.0318603515625,2.943603515625,1.4171142578125
2025-02-26,1320.3974609375,3.2517242431640625,1.6640167236328125
2025-02-27,1308.155517578125,2.9887237548828125,0.9752960205078125
2025-02-28,1368.1904296875,2.4771575927734375,1.08355712890625
2025-03-01,1519.2784423828125,2.79254150390625,1.309051513671875
2025-03-02,1284.301025390625,2.6662750244140625,1.0452880859375
2025-03-03,1286.8375244140625,2.3877105712890625,1.30450439453125
2025-03-04,1168.56787109375,2.579132080078125,1.69110107421875
2025-03-05,1412.302978515625,2.87493896484375,0.736602783203125
2025-03-06,1367.998291015625,2.76202392578125,0.940887451171875
2025-03-07,1554.14599609375,1.838348388671875,1.3577423095703125
2025-03-08,1256.1673583984375,2.086334228515625,1.651885986328125
2025-03-09,1246.7342529296875,2.8712921142578125,1.0440673828125
2025-03-10,1176.067626953125,3.0328216552734375,1.80389404296875
2025-03-11,1375.6435546875,2.527679443359375,0.8402099609375
2025-03-12,1454.783203125,2.7857513427734375,1.2211151123046875
2025-03-13,1282.3009033203125,3.2266845703125,0.9777679443359375
2025-03-14,1389.548095703125,2.809814453125,0.6770477294921875
2025-03-15,1238.1456298828125,2.1348724365234375,1.0715789794921875
2025-03-16,1437.062255859375,2.0128631591796875,1.428131103515625
2025-03-17,1240.5770263671875,2.0325927734375,1.59649658203125
2025-03-18,1144.984375,2.456298828125,0.8952484130859375
2025-03-19,994.3162841796875,3.113311767578125,1.3417816162109375
2025-03-20,1047.4169921875,2.2918853759765625,1.1465301513671875
2025-03-21,1227.1341552734375,1.8281707763671875,1.3833770751953125
2025-03-22,1288.1982421875,2.4939117431640625,1.4679412841796875
2025-03-23,1357.3751220703125,2.594146728515625,-0.2080078125
2025-03-24,1614.3961181640625,2.3597869873046875,0.2339935302734375
2025-03-25,1084.017333984375,2.4264373779296875,1.0501861572265625
2025-03-26,1587.453857421875,1.620635986328125,0.459808349609375
2025-03-27,1420.6036376953125,2.1590118408203125,0.3778533935546875
2025-03-28,1149.83251953125,2.2089080810546875,1.282135009765625
2025-03-29,1173.6002197265625,3.029083251953125,1.0885162353515625
2025-03-30,706.3945922851562,0.4465179443359375,1.1172637939453125
2025-03-31,849.63037109375,1.407012939453125,2.0535736083984375
2025-04-01,870.9478759765625,1.665435791015625,0.98480224609375
2025-04-02,944.3939208984375,1.20269775390625,1.5920562744140625
2025-04-03,883.8377075195312,1.585601806640625,1.6320037841796875
2025-04-04,788.3275146484375,2.428802490234375,1.129608154296875
2025-04-05,750.4776611328125,2.704803466796875,1.1381072998046875
2025-04-06,1010.7785034179688,1.860137939453125,1.080535888671875
2025-04-07,894.351318359375,0.847412109375,1.425872802734375
2025-04-08,838.4507446289062,2.2004852294921875,0.97607421875
2025-04-09,858.5084838867188,2.4606781005859375,0.8045196533203125
2025-04-10,1029.85107421875,2.1277008056640625,1.6614837646484375
2025-04-11,986.6242065429688,1.798004150390625,1.030609130859375
2025-04-12,1050.8170166015625,1.22705078125,1.27789306640625
2025-04-13,852.6337890625,2.0248565673828125,1.177337646484375
2025-04-14,1068.424072265625,1.887786865234375,0.8929443359375
2025-04-15,874.164794921875,1.3580474853515625,1.150787353515625
2025-04-16,842.0885620117188,1.2392425537109375,1.1069183349609375
2025-04-17,517.3460693359375,0.933441162109375,1.80999755859375
2025-04-18,911.0352172851562,1.5544586181640625,1.3322906494140625
2025-04-19,713.32861328125,2.2786407470703125,1.23828125
2025-04-20,667.2621459960938,2.0101165771484375,1.4189605712890625
2025-04-21,680.7154541015625,2.047210693359375,1.6698760986328125
2025-04-22,711.2240600585938,1.6148834228515625,1.359649658203125
2025-04-23,406.21026611328125,1.7897491455078125,0.941436767578125
2025-04-24,837.23828125,2.53985595703125,0.8446502685546875
2025-04-25,475.7609558105469,0.5723114013671875,0.9963531494140625
2025-04-26,891.2862548828125,1.6501922607421875,1.450958251953125
2025-04-27,633.7221069335938,1.1837615966796875,1.7637786865234375
2025-04-28,613.8225708007812,1.44140625,0.96356201171875
2025-04-29,608.54296875,1.9227447509765625,0.9602813720703125
2025-04-30,636.8551025390625,2.473236083984375,0.9286346435546875
2025-05-01,740.2874755859375,1.5696258544921875,1.178436279296875
2025-05-02,537.9804077148438,1.2556915283203125,1.7059326171875
2025-05-03,532.3500366210938,1.62005615234375,1.302154541015625
2025-05-04,636.626953125,1.3091278076171875,1.2997894287109375
2025-05-05,604.3096923828125,1.6233062744140625,0.96466064453125
2025-05-06,354.39617919921875,0.589996337890625,0.935516357421875
2025-05-07,330.2309265136719,0.9951019287109375,0.8490142822265625
2025-05-08,534.3433837890625,-1.20703125,0.206939697265625
2025-05-09,465.5660400390625,0.856048583984375,1.5330047607421875
2025-05-10,345.1170349121094,0.746185302734375,1.0196075439453125
2025-05-11,467.8101806640625,1.564849853515625,0.944122314453125
2025-05-12,421.5987243652344,1.854339599609375,0.9939727783203125
2025-05-13,525.2070922851562,2.4920654296875,1.0081939697265625
2025-05-14,459.649658203125,1.871978759765625,1.2480316162109375
2025-05-15,490.5881652832031,1.9495391845703125,0.9903564453125
2025-05-16,501.5787048339844,1.912445068359375,0.9728240966796875
2025-05-17,161.01023864746094,0.44427490234375,0.0050201416015625
2025-05-18,231.53929138183594,0.3221893310546875,0.575347900390625
2025-05-19,699.02685546875,0.672454833984375,0.35345458984375
2025-05-20,395.4803771972656,1.096282958984375,1.0212860107421875
2025-05-21,512.5477294921875,0.90716552734375,1.8698883056640625
2025-05-22,259.6808776855469,0.7121734619140625,0.85687255859375
2025-05-23,417.7643127441406,1.5849609375,0.7255706787109375
2025-05-24,507.8352355957031,1.11224365234375,1.271087646484375
2025-05-25,632.9750366210938,1.4085540771484375,0.5974578857421875
2025-05-26,121.4345474243164,0.29388427734375,0.781524658203125
2025-05-27,642.9386596679688,0.867340087890625,2.106719970703125
2025-05-28,249.13829040527344,0.46978759765625,0.90948486328125
2025-05-29,336.8564758300781,1.03106689453125,1.4547882080078125
2025-05-30,452.7334899902344,1.147003173828125,1.3231048583984375
2025-05-31,365.1581115722656,0.12689208984375,1.2184295654296875
2025-06-01,405.9494934082031,0.74041748046875,0.3520660400390625
2025-06-02,239.53591918945312,0.539093017578125,0.75714111328125
2025-06-03,163.5725860595703,0.51959228515625,0.4992828369140625
2025-06-04,520.8206176757812,1.2095489501953125,1.4786529541015625
2025-06-05,337.2033996582031,1.3190460205078125,1.0819854736328125
2025-06-06,513.7274169921875,2.271331787109375,0.6123504638671875
2025-06-07,558.8213500976562,0.9269866943359375,1.269256591796875
2025-06-08,402.4979248046875,0.8995208740234375,1.5059051513671875
2025-06-09,299.7499084472656,0.4963836669921875,1.3333282470703125
2025-06-10,296.22210693359375,0.2290802001953125,0.800384521484375
2025-06-11,417.75592041015625,1.97528076171875,0.657958984375
2025-06-12,473.5651550292969,-1.10760498046875,-0.695953369140625
2025-06-13,971.5611572265625,1.051727294921875,1.0802764892578125
2025-06-14,331.9166564941406,-0.7947540283203125,0.2560272216796875
2025-06-15,596.1557006835938,0.915679931640625,-0.09454345703125
2025-06-16,764.6625366210938,-1.030303955078125,-1.3883209228515625
2025-06-17,475.2162170410156,0.041748046875,0.623260498046875
2025-06-18,393.4414367675781,-0.147430419921875,0.7663116455078125
2025-06-19,307.2083740234375,0.94879150390625,0.9411163330078125
2025-06-20,283.5896911621094,0.4636077880859375,0.542144775390625
2025-06-21,232.1246795654297,1.11602783203125,1.434722900390625
2025-06-22,644.9161376953125,1.1717071533203125,1.7695465087890625
2025-06-23,442.558837890625,0.993621826171875,0.8004150390625
2025-06-24,207.0554962158203,0.7032623291015625,0.8547821044921875
2025-06-25,551.6179809570312,0.6869354248046875,0.850494384765625
2025-06-26,543.2059326171875,-0.0531005859375,1.2688446044921875
2025-06-27,315.1683654785156,0.36248779296875,0.7649993896484375
2025-06-28,666.409423828125,0.02587890625,-0.2086944580078125
2025-06-29,516.0209350585938,0.845062255859375,1.711761474609375
2025-06-30,206.41693115234375,0.323089599609375,1.0069122314453125
2025-07-01,250.28219604492188,-0.07061767578125,0.958221435546875
2025-07-02,139.29110717773438,0.0585479736328125,0.9161376953125
2025-07-03,48.95402908325195,-0.450286865234375,0.3155517578125
2025-07-04,115.05448913574219,1.001068115234375,0.632049560546875
2025-07-05,328.4141540527344,0.7405853271484375,0.873260498046875
2025-07-06,617.4505615234375,1.2622222900390625,0.4724578857421875
2025-07-07,85.30062103271484,-0.5991058349609375,0.599761962890625
2025-07-08,272.66839599609375,1.41741943359375,0.4701995849609375
2025-07-09,543.2368774414062,1.4945526123046875,0.754974365234375
2025-07-10,396.272705078125,0.8717498779296875,1.0326995849609375
2025-07-11,303.2347717285156,0.619171142578125,0.6681060791015625
2025-07-12,341.6327209472656,1.118621826171875,0.56103515625
2025-07-13,404.6813659667969,1.6415863037109375,0.374847412109375
2025-07-14,496.9121398925781,1.6930999755859375,0.722503662109375
2025-07-15,496.56439208984375,1.5468902587890625,0.8791046142578125
2025-07-16,429.1712951660156,1.0451507568359375,0.58123779296875
2025-07-17,283.3744201660156,0.747833251953125,0.92279052734375
2025-07-18,302.8560791015625,0.776702880859375,0.7214202880859375
2025-07-19,286.1469421386719,0.56097412109375,0.4963226318359375
2025-07-20,274.40264892578125,1.311065673828125,0.4990692138671875
2025-07-21,475.46539306640625,1.313201904296875,1.1356353759765625
2025-07-22,373.7660217285156,0.0511932373046875,1.2177886962890625
2025-07-23,473.612060546875,1.48046875,0.9214324951171875
2025-07-24,721.5693359375,2.5207977294921875,0.705352783203125
2025-07-25,505.0790100097656,1.4383392333984375,1.0114593505859375
2025-07-26,427.9853515625,1.4658203125,0.5817108154296875
2025-07-27,301.0849914550781,0.8088226318359375,0.7592926025390625
2025-07-28,391.8863830566406,0.5772857666015625,1.0999603271484375
2025-07-29,239.8527069091797,0.742034912109375,0.561248779296875
2025-07-30,328.85650634765625,0.3680572509765625,-0.24957275390625
2025-07-31,525.4605102539062,2.001495361328125,0.5161285400390625
2025-08-01,1266.5679931640625,-1.1617431640625,-1.9819793701171875
2025-08-02,576.7305297851562,1.1067352294921875,0.88446044921875
2025-08-03,125.92976379394531,-0.117889404296875,1.137237548828125
2025-08-04,298.4253234863281,0.4817657470703125,1.0637969970703125
2025-08-05,372.1142883300781,1.03265380859375,1.0224456787109375
2025-08-06,500.9000549316406,1.043487548828125,1.353668212890625
2025-08-07,674.4197387695312,1.140106201171875,1.200164794921875
2025-08-08,438.82708740234375,0.59686279296875,0.6615447998046875
2025-08-09,560.0565185546875,1.5522918701171875,0.5028228759765625
2025-08-10,466.01611328125,0.990478515625,1.41387939453125
2025-08-11,390.9725341796875,0.578887939453125,0.9798583984375
2025-08-12,318.9736633300781,0.9317626953125,0.7986907958984375
2025-08-13,434.6511535644531,0.4046630859375,1.208160400390625
2025-08-14,587.3247680664062,1.8707427978515625,1.2081756591796875
2025-08-15,577.6591186523438,1.8415069580078125,1.13616943359375
2025-08-16,770.3756103515625,1.05908203125,1.48602294921875
2025-08-17,994.8010864257812,1.80157470703125,0.92828369140625
2025-08-18,813.0015869140625,2.7041473388671875,1.021514892578125
2025-08-19,1046.444580078125,1.9626312255859375,0.81500244140625
2025-08-20,1106.380615234375,2.6386566162109375,0.4019622802734375
2025-08-21,1243.576904296875,1.015533447265625,-2.5569305419921875
2025-08-22,715.1287231445312,0.1548309326171875,-1.5763092041015625
2025-08-23,825.9833374023438,0.2805328369140625,1.813873291015625
2025-08-24,570.6155395507812,1.088287353515625,1.2924652099609375
2025-08-25,442.9522399902344,0.947845458984375,1.2113189697265625
2025-08-26,372.75030517578125,0.09344482421875,0.9877471923828125
2025-08-27,508.788818359375,2.166168212890625,1.1920623779296875
2025-08-28,509.9530029296875,1.8697967529296875,0.8281707763671875
2025-08-29,454.6647644042969,1.7264862060546875,0.695709228515625
2025-08-30,649.1372680664062,2.141387939453125,0.451812744140625
2025-08-31,553.269287109375,0.22021484375,0.1138458251953125
2025-09-01,736.5209350585938,1.0171661376953125,1.1495208740234375
2025-09-02,761.736083984375,2.4910736083984375,1.1805877685546875
2025-09-03,829.8712158203125,1.272369384765625,1.26617431640625
2025-09-04,706.7396240234375,1.2901763916015625,0.859100341796875
2025-09-05,690.1849975585938,1.29364013671875,0.9285736083984375
2025-09-06,752.0218505859375,2.046539306640625,0.9475860595703125
2025-09-07,741.8026123046875,2.6896820068359375,1.38714599609375
2025-09-08,1077.091552734375,1.1614837646484375,0.479095458984375
2025-09-09,783.21142578125,1.763824462890625,1.0951995849609375
2025-09-10,925.6168212890625,1.5796051025390625,2.2570648193359375
2025-09-11,542.8223876953125,1.84613037109375,1.097930908203125
2025-09-12,588.7109375,2.446044921875,0.7686767578125
2025-09-13,954.2501831054688,1.704925537109375,1.2691802978515625
2025-09-14,618.5095825195312,1.9735260009765625,1.200531005859375
2025-09-15,563.7015991210938,1.7301025390625,1.7406005859375
2025-09-16,643.3784790039062,2.3466033935546875,0.367584228515625
2025-09-17,771.8812255859375,1.826812744140625,0.477508544921875
2025-09-18,712.5291137695312,2.6826019287109375,1.1656646728515625
2025-09-19,960.8832397460938,2.717926025390625,0.699951171875
2025-09-20,725.169921875,0.91192626953125,0.228424072265625
2025-09-21,599.1573486328125,1.846466064453125,0.0338592529296875
2025-09-22,758.7872924804688,-0.005035400390625,1.739532470703125
2025-09-23,836.1144409179688,0.89764404296875,0.8992767333984375
2025-09-24,691.7467041015625,1.5651092529296875,1.28472900390625
2025-09-25,756.6748046875,3.43072509765625,1.2218780517578125
2025-09-26,799.6028442382812,2.036834716796875,1.1840667724609375
2025-09-27,798.8523559570312,0.8052825927734375,1.9330291748046875
2025-09-28,684.76904296875,1.76507568359375,1.2209625244140625
2025-09-29,1151.935546875,1.6928253173828125,0.9241790771484375
2025-09-30,834.6648559570312,1.75408935546875,1.4683685302734375
2025-10-01,786.6526489257812,1.965728759765625,1.17523193359375
2025-10-02,818.7130126953125,2.105072021484375,1.0378875732421875
2025-10-03,804.9954223632812,3.268310546875,0.8071136474609375
2025-10-04,913.94384765625,2.4662322998046875,0.9361419677734375
2025-10-05,1104.4271240234375,0.0501556396484375,2.3262939453125
2025-10-06,937.9682006835938,1.314544677734375,2.04266357421875
2025-10-07,843.7166137695312,1.7838897705078125,1.75262451171875
2025-10-08,835.673583984375,1.6201324462890625,1.0100555419921875
2025-10-09,921.5587768554688,2.460540771484375,1.3046417236328125
2025-10-10,969.4251708984375,3.1414031982421875,1.04766845703125
2025-10-11,1293.736083984375,1.700897216796875,1.1717071533203125
2025-10-12,1151.3758544921875,1.8341217041015625,1.2634429931640625
2025-10-13,1153.6837158203125,2.2065277099609375,1.1539764404296875
2025-10-14,1380.1087646484375,2.587646484375,1.063751220703125
2025-10-15,1258.8558349609375,2.2093353271484375,1.5204315185546875
2025-10-16,1035.042236328125,1.7230682373046875,1.4515380859375
2025-10-17,1368.743896484375,1.4881134033203125,1.66131591796875
2025-10-18,1088.079833984375,2.649810791015625,1.232208251953125
2025-10-19,987.8024291992188,2.5230255126953125,0.93359375
2025-10-20,1091.3990478515625,2.352783203125,1.543548583984375
2025-10-21,882.8709716796875,2.2345733642578125,1.6351470947265625
2025-10-22,1287.7371826171875,2.2703704833984375,1.07861328125
2025-10-23,824.7637329101562,2.6013946533203125,1.4374847412109375
2025-10-24,1441.99755859375,2.00390625,0.93438720703125
2025-10-25,1659.2271728515625,1.686614990234375,2.147918701171875
2025-10-26,1400.29931640625,1.782928466796875,1.667205810546875
2025-10-27,1799.1240234375,2.4937591552734375,0.4325408935546875
2025-10-28,1785.3140869140625,1.59649658203125,0.945892333984375
2025-10-29,1545.32861328125,2.555694580078125,0.44549560546875
2025-10-30,1641.6192626953125,1.844390869140625,1.146484375
2025-10-31,1543.421142578125,1.6292572021484375,0.5955352783203125
2025-11-01,1674.6624755859375,2.14031982421875,1.6078338623046875
2025-11-02,1712.08154296875,2.664703369140625,0.9831695556640625
2025-11-03,1555.674072265625,2.5696258544921875,0.49261474609375
2025-11-04,1638.8155517578125,1.998748779296875,1.193206787109375
2025-11-05,1503.3172607421875,2.918792724609375,0.5015869140625
2025-11-06,924.6137084960938,0.95703125,0.1953277587890625
2025-11-07,1943.8240966796875,2.11163330078125,1.25146484375
2025-11-08,1429.3720703125,2.9159393310546875,0.65838623046875
2025-11-09,1500.569091796875,2.3302459716796875,0.9070587158203125
2025-11-10,1559.94189453125,2.947845458984375,1.100067138671875
2025-11-11,1614.4052734375,1.852935791015625,1.7471160888671875
2025-11-12,2155.055908203125,1.728302001953125,0.84735107421875
2025-11-13,1975.5994873046875,1.3540802001953125,1.039581298828125
2025-11-14,1331.6175537109375,2.791595458984375,1.285369873046875
2025-11-15,1393.694580078125,2.451080322265625,0.52520751953125
2025-11-16,2035.708984375,2.4492340087890625,2.03326416015625
2025-11-17,1144.4964599609375,2.4408721923828125,2.1649627685546875
2025-11-18,1304.473876953125,2.91265869140625,1.7239990234375
2025-11-19,1331.8056640625,3.3076019287109375,1.698822021484375
2025-11-20,970.8372802734375,-0.4462432861328125,1.55255126953125
2025-11-21,1592.9364013671875,2.3212738037109375,1.668487548828125
2025-11-22,1269.9913330078125,2.8657684326171875,1.639007568359375
2025-11-23,1247.074951171875,3.05230712890625,1.3525390625
2025-11-24,1163.6949462890625,3.34991455078125,1.5806732177734375
2025-11-25,1109.942138671875,3.572723388671875,1.4962158203125
2025-11-26,1291.8446044921875,0.947998046875,-0.00750732421875
2025-11-27,1179.197998046875,2.9235687255859375,1.74755859375
2025-11-28,1176.280029296875,3.4386444091796875,1.502410888671875
2025-11-29,1399.1807861328125,3.464385986328125,1.2847900390625
2025-11-30,1603.3031005859375,3.0609283447265625,1.5513153076171875
2025-12-01,1676.603271484375,2.5975494384765625,1.384979248046875
2025-12-02,1635.8685302734375,2.393829345703125,2.1293487548828125
2025-12-03,1517.875732421875,3.09173583984375,1.783966064453125
2025-12-04,1387.673583984375,3.919647216796875,1.504241943359375
2025-12-05,1742.431396484375,2.7719268798828125,0.79644775390625
2025-12-06,656.4171752929688,2.03973388671875,-0.35711669921875
2025-12-07,1865.4984130859375,0.6681976318359375,-0.1835479736328125
2025-12-08,1658.4678955078125,2.144073486328125,1.443511962890625
2025-12-09,1233.7462158203125,2.28887939453125,1.0075531005859375
2025-12-10,1397.9644775390625,2.988555908203125,1.3258056640625
2025-12-11,975.9281616210938,1.674835205078125,0.87109375
2025-12-12,1555.7578125,2.1440582275390625,0.8890380859375
2025-12-13,1603.52099609375,2.5562744140625,0.96875
2025-12-14,1101.93310546875,0.003509521484375,0.5447540283203125
2025-12-15,1629.203857421875,2.023345947265625,2.3203277587890625
2025-12-16,1402.892578125,1.7972869873046875,1.4235076904296875
2025-12-17,1509.55810546875,2.6691436767578125,1.4552001953125
2025-12-18,1508.6962890625,2.724578857421875,1.3099822998046875
2025-12-19,1685.5048828125,1.8483734130859375,0.872161865234375
2025-12-20,1559.5924072265625,2.2854156494140625,0.6602935791015625
2025-12-21,1765.98193359375,1.750885009765625,1.00830078125
2025-12-22,2032.5169677734375,2.2162933349609375,0.327117919921875
2025-12-23,1863.570556640625,1.9687652587890625,1.2574005126953125
2025-12-24,2002.5830078125,1.6219482421875,1.2645721435546875
2025-12-25,1859.9356689453125,2.374542236328125,1.8877716064453125
2025-12-26,1625.1036376953125,2.59991455078125,1.3782196044921875
2025-12-27,1754.545166015625,2.7671966552734375,1.8155517578125
2025-12-28,1821.7550048828125,2.615966796875,1.8097381591796875
2025-12-29,2025.0865478515625,2.67352294921875,1.5735626220703125
2025-12-30,1916.2471923828125,2.7792816162109375,1.7277679443359375
2025-12-31,1848.0472412109375,3.106842041015625,1.1907501220703125
