train_r2,train_rmse,train_mae,test_r2,test_rmse,test_mae
0.9997200760686854,0.47707790172201675,0.32996501402988954,0.9984348647752417,1.194391101895559,0.6373579285495055
