site,date,u10,v10,precip,t2m
Hawthorne,2019-01-01,-1.042911211649577,-0.7791513601938883,0.0,260.3973083496094
Hawthorne,2019-01-02,-1.0237126747767131,0.13422075907389322,8.52346317969932e-07,259.69567553202313
Hawthorne,2019-01-03,-1.0296976168950398,0.5212141275405884,4.76837158203125e-07,263.11034456888837
Hawthorne,2019-01-04,-1.3744721412658691,0.1596833864847819,1.0013579299084086e-06,265.28265444437665
Hawthorne,2019-01-05,-2.2605685790379844,0.7076247135798136,1.1920928955078125e-07,265.6353638966878
Hawthorne,2019-01-06,-1.5274260838826497,1.66228187084198,0.010136607289268795,273.70591735839844
Hawthorne,2019-01-07,-0.9899126688639323,2.354288180669149,0.009756057139895802,272.57532056172687
Hawthorne,2019-01-08,-1.1515757242838542,0.32409719626108807,0.0012691646813323132,273.9226754506429
Hawthorne,2019-01-09,-1.9798653920491536,1.070689598719279,4.2319288695580326e-07,272.7428633371989
Hawthorne,2019-01-10,-1.5865637461344402,0.47168223063151044,3.181209422109532e-05,272.0495077768962
Hawthorne,2019-01-11,0.013273239135742188,-0.4208799997965495,0.0006069605644256626,273.90835126241046
Hawthorne,2019-01-12,-0.467739741007487,-0.29569117228190106,0.00012259185314178467,268.83090591430664
Hawthorne,2019-01-13,-0.8275185426076254,-0.4597119490305583,1.1861324260564743e-06,266.4850215911865
Hawthorne,2019-01-14,-1.1959482828776042,-0.08312527338663737,2.7386818146624137e-06,264.48125584920246
Hawthorne,2019-01-15,-1.5382671356201172,0.24575678507486978,0.0005006641149520874,267.7257493336995
Hawthorne,2019-01-16,-0.9663389126459757,1.4524701436360676,0.0067428886890184,273.89201100667316
Hawthorne,2019-01-17,-2.0407066345214844,2.6815770467122397,0.007816067337898858,274.91394742329913
Hawthorne,2019-01-18,0.08317184448242188,0.17881401379903158,0.01775405944533759,274.4569085439046
Hawthorne,2019-01-19,-1.4427731831868489,1.4202109177907307,0.0010806649922301403,271.35980796813965
Hawthorne,2019-01-20,-1.9150390625,1.6213599840799968,1.1503695418468851e-06,274.0894311269124
Hawthorne,2019-01-21,-0.5789229075113932,0.833245595296224,0.016038036346344597,273.4806563059489
Hawthorne,2019-01-22,1.1673022508621216,-0.9133145411809286,0.0009261816740036011,268.93673769632977
Hawthorne,2019-01-23,-1.4592941999435425,1.4151910146077473,0.00023576319210860675,265.2281850179036
Hawthorne,2019-01-24,-0.7841781377792358,1.241604487101237,0.003151313488501728,270.6627114613851
Hawthorne,2019-01-25,-0.9852933883666992,1.1612210671106975,0.0007944995471120819,272.09278933207196
Hawthorne,2019-01-26,-1.1445865631103516,0.4516302744547526,5.877963189959701e-06,271.00107447306317
Hawthorne,2019-01-27,-1.4814828236897786,0.9822132587432861,1.2758374168697628e-05,269.6372152964274
Hawthorne,2019-01-28,-1.0385328928629558,0.472634752591451,6.283165703280247e-06,272.57777913411456
Hawthorne,2019-01-29,-1.0408288637797039,0.18918871879577637,5.078570723071607e-06,269.02121289571124
Hawthorne,2019-01-30,-1.4489227533340454,0.6114533344904581,0.0,267.50419425964355
Hawthorne,2019-01-31,-1.5933843056360881,0.6124770641326904,0.0,270.09030214945477
Hawthorne,2019-02-01,-1.9954980214436848,0.8681888580322266,2.5868415605145856e-06,270.50402069091797
Hawthorne,2019-02-02,-2.4204578399658203,1.8832509915033977,3.777444362640381e-05,273.27158610026044
Hawthorne,2019-02-03,-1.372557520866394,2.896132707595825,0.004524365067481995,276.6876564025879
Hawthorne,2019-02-04,-1.0956687927246094,4.09210745493571,0.0006210518852753921,276.9563668568929
Hawthorne,2019-02-05,-0.4470977783203125,3.618951439857483,0.006728741526501381,275.07800420125324
Hawthorne,2019-02-06,1.43117360273997,-0.8286377588907877,0.014865982532398903,269.92217381795246
Hawthorne,2019-02-07,0.41018907229105633,0.6105396747589111,0.0017014873928928864,266.9136149088542
Hawthorne,2019-02-08,-1.6544520060221355,0.7809516986211141,2.14482975025021e-06,261.66906420389813
Hawthorne,2019-02-09,-2.176734288533529,1.2683520317077637,0.00045036673545695294,264.82184473673504
Hawthorne,2019-02-10,-2.0112527211507163,2.772706985473633,0.0008856832980086438,268.0659243265788
Hawthorne,2019-02-11,0.555145263671875,0.47038714090983075,0.007388433813957818,267.50674565633136
Hawthorne,2019-02-12,-1.9436365763346355,1.7764657338460286,8.52346317969932e-07,264.94672139485675
Hawthorne,2019-02-13,-1.9103406270345051,2.418726603190104,0.004854947328567505,271.9398663838704
Hawthorne,2019-02-14,-1.6669972737630208,3.6093692779541016,0.0072113037108465505,275.9007002512614
Hawthorne,2019-02-15,-0.5961208343505859,3.2048990726470947,0.005132305621998512,277.16467157999676
Hawthorne,2019-02-16,0.6344852447509766,0.4830182393391927,0.008116501569645607,272.3586120605469
Hawthorne,2019-02-17,-0.6536909739176432,0.957669178644816,0.0006329119205474854,270.72669347127277
Hawthorne,2019-02-18,-0.5093294779459635,-0.40132594108581543,0.0014362215994765393,268.93488756815594
Hawthorne,2019-02-19,1.3387508392333984,-0.8372821807861328,0.0013158082961695072,267.5081132253011
Hawthorne,2019-02-20,-0.7016468048095703,2.253941456476847,0.0015285551547776777,266.22520128885907
Hawthorne,2019-02-21,-1.0302448272705078,0.06642985343933105,0.0006031069891037077,268.093053817749
Hawthorne,2019-02-22,0.3321367899576823,-1.2777496973673503,0.002261707436332472,268.38812192281085
Hawthorne,2019-02-23,-0.5709724426269531,1.1179951032002766,3.55161018887884e-05,267.0780556996663
Hawthorne,2019-02-24,-1.8599281311035156,2.2260872522989907,9.682650215836475e-06,267.4604949951172
Hawthorne,2019-02-25,-1.827749252319336,2.7194512685139975,0.001138123869793617,272.294090906779
Hawthorne,2019-02-26,-1.5574750105539958,3.5966751178105674,7.680783789965062e-05,276.14356358846027
Hawthorne,2019-02-27,-1.6768416563669841,2.5637334187825522,0.002151389191681119,275.551056543986
Hawthorne,2019-02-28,-1.4875590006510417,1.9899253447850545,0.001216697692825619,275.99643898010254
Hawthorne,2019-03-01,0.10937182108561198,0.7379650274912516,0.00274619460105896,277.7301909128825
Hawthorne,2019-03-02,0.2539653778076172,-0.42304813861846924,0.004529643058674537,275.8416576385498
Hawthorne,2019-03-03,0.9124730428059896,-0.7356331745783488,0.005491778254508972,272.89837010701496
Hawthorne,2019-03-04,-0.22490835189819336,0.1493989626566569,1.5920400528557366e-05,272.76290957132977
Hawthorne,2019-03-05,-1.5770613352457683,0.8397174676259359,7.614493370056152e-06,273.42919158935547
Hawthorne,2019-03-06,-1.7396939595540364,2.1583409706751504,0.006981870937238455,277.00467681884766
Hawthorne,2019-03-07,-0.6969795227050781,2.1755717992782593,0.0066306740045547485,277.0659999847412
Hawthorne,2019-03-08,-0.6824690500895182,0.9581174850463867,0.007001313567059242,276.07422129313153
Hawthorne,2019-03-09,0.12791657447814941,0.5214284658432007,0.003801098465828545,273.09779930114746
Hawthorne,2019-03-10,-0.9556878407796224,0.4707835117975871,0.0038860664350295337,273.29491742451984
Hawthorne,2019-03-11,-0.5191198984781901,-0.3185844421386719,0.00011176769157827948,273.0676740010579
Hawthorne,2019-03-12,-0.8268057505289713,0.23574169476826987,4.4833748091832604e-07,274.19898160298663
Hawthorne,2019-03-13,2.19154953956604,-1.4186280568440754,0.014460116624832153,273.5911947886149
Hawthorne,2019-03-14,1.4413499037424724,-0.7770881652832031,0.004576711966649327,272.21397908528644
Hawthorne,2019-03-15,-0.6368071238199869,0.15562744935353598,7.834020664176933e-06,271.29724311828613
Hawthorne,2019-03-16,-0.6936874389648438,-0.11671654383341472,1.7106532936850272e-06,272.16572697957355
Hawthorne,2019-03-17,-0.9560457865397135,0.31728482246398926,1.78813479578821e-08,274.8168379465739
Hawthorne,2019-03-18,-0.9725551605224609,0.21461864312489828,1.7046928064701206e-06,276.7526156107585
Hawthorne,2019-03-19,-0.6976966857910156,-0.02932580312093099,1.2874602930423862e-06,277.6833553314209
Hawthorne,2019-03-20,-1.9662240346272786,0.6528292894363403,1.7145424635600648e-06,274.1152648925781
Hawthorne,2019-03-21,-1.7820905049641926,0.580563465754191,0.004434050956035662,276.10646057128906
Hawthorne,2019-03-22,-0.4611937204996745,1.5182282129923503,0.0033391639012165797,277.52835019429523
Hawthorne,2019-03-23,-0.6549027760823568,1.2873719533284504,0.0008926686732593225,276.51692390441895
Hawthorne,2019-03-24,-0.06276639302571614,0.536163330078125,0.008858366379172367,278.47940254211426
Hawthorne,2019-03-25,-1.1551546653111775,1.1161000728607178,0.00025653839111328125,276.48767280578613
Hawthorne,2019-03-26,-1.5245405832926433,1.845241904258728,0.0,278.5999170939128
Hawthorne,2019-03-27,-1.4275773366292317,2.348572850227356,1.2814997489840607e-06,281.3177490234375
Hawthorne,2019-03-28,0.015699386596679688,1.1089305877685547,0.002171456813812256,281.76755650838214
Hawthorne,2019-03-29,0.5992679595947266,-0.01129913330078125,0.013094595004076837,276.4394931793213
Hawthorne,2019-03-30,-0.10299022992451985,0.13981548945109049,0.000643548756556811,277.10488828023273
Hawthorne,2019-03-31,-0.4494317372639974,-0.3722969690958659,1.049041748046875e-05,276.7688153584798
Hawthorne,2019-04-01,-0.5533663431803385,1.0076854626337688,2.2916983084542153e-06,279.50635528564453
Hawthorne,2019-04-02,-1.1318473815917969,1.5758699178695679,0.0010722701380814215,281.1264712015788
Hawthorne,2019-04-03,-0.2839622497558594,0.5913976033528646,0.009182530641453468,280.502347946167
Hawthorne,2019-04-04,-0.9674981435139974,1.557437260945638,9.534060950500134e-05,281.74757703145343
Hawthorne,2019-04-05,-1.1660041809082031,2.162729342778524,0.00020494455787911647,283.89428901672363
Hawthorne,2019-04-06,0.42142168680826825,0.4844436248143514,0.006134726929076351,282.7177429199219
Hawthorne,2019-04-07,-0.6446800231933594,1.0384900569915771,7.418256819846647e-05,281.5671672821045
Hawthorne,2019-04-08,-0.8348954518636068,1.016682227452596,2.7325971188929543e-05,284.7976773579915
Hawthorne,2019-04-09,-0.7881882985432943,0.33652567863464355,0.008277479729276394,283.7510407765706
Hawthorne,2019-04-10,2.0806096394856772,-1.9451731443405151,0.01752692759026786,277.4031861623128
Hawthorne,2019-04-11,2.1987876892089844,-1.6469242175420125,0.005448638045663756,277.4974422454834
Hawthorne,2019-04-12,0.5744202931722006,0.1956401268641154,0.0038889437913880442,277.8696543375651
Hawthorne,2019-04-13,0.5444170633951823,0.5215059518814087,0.0015483975409438244,278.6625556945801
Hawthorne,2019-04-14,-1.1456470489501953,2.061229427655538,0.0008346319198153651,280.67408498128253
Hawthorne,2019-04-15,-0.9428373972574869,0.47067856788635254,0.013828948140144348,283.1135851542155
Hawthorne,2019-04-16,-0.09504127502441406,-0.071143905321757,0.01647174784437766,280.7056592305501
Hawthorne,2019-04-17,0.1986408233642578,-0.7294813791910807,0.00041844248761435665,280.50634320576984
Hawthorne,2019-04-18,-0.32570521036783856,0.14618420600891113,1.7505581695331784e-06,282.98967997233075
Hawthorne,2019-04-19,-1.1180260976155598,0.6844332218170166,3.007982343206095e-06,283.91644859313965
Hawthorne,2019-04-20,-1.7300300598144531,1.5744655132293701,0.00031138942370034783,287.86208216349286
Hawthorne,2019-04-21,0.1402594248453776,0.21831969420115152,0.017205557227043755,285.42636553446454
Hawthorne,2019-04-22,-0.0948041280110677,-0.8229008515675863,0.0012901008128665126,283.77601687113446
Hawthorne,2019-04-23,-0.39187876383463544,-0.7687628269195557,3.2067297865978617e-06,283.82777150472003
Hawthorne,2019-04-24,-0.5118465423583984,0.06904490788777669,0.0,285.39219093322754
Hawthorne,2019-04-25,-0.46401341756184894,0.16324476401011148,0.0003207564353893133,287.2461357116699
Hawthorne,2019-04-26,-1.2865918477376301,1.6780552864074707,0.003112971782684326,287.5674082438151
Hawthorne,2019-04-27,0.6278807322184244,0.020093480745951336,0.0008451342582702637,288.1482702891032
Hawthorne,2019-04-28,0.34795888264973956,-0.7060499588648478,1.724528942759207e-06,285.5797526041667
Hawthorne,2019-04-29,-0.3848762512207031,0.3371473550796509,0.00014937306718820764,281.92928822835285
Hawthorne,2019-04-30,0.9231897989908854,-0.16619634628295898,0.011270502167121776,282.9498354593913
Hawthorne,2019-05-01,0.7446982065836588,0.4226509730021159,0.007508549094097816,277.2966302235921
Hawthorne,2019-05-02,-0.486819585164388,0.8823928833007812,9.314417837913425e-05,280.0179748535156
Hawthorne,2019-05-03,-0.6807092030843099,0.6140740712483724,1.2994059943594038e-06,283.93922233581543
Hawthorne,2019-05-04,-0.8312568664550781,0.5668798287709554,0.00014846324910422481,284.6880003611247
Hawthorne,2019-05-05,-0.9481544494628906,0.9411807060241699,0.0007178932428359985,286.7245737711589
Hawthorne,2019-05-06,-1.079154332478841,1.0350284576416016,0.0010163217782519496,287.4759947458903
Hawthorne,2019-05-07,-0.7886206309000651,0.1594076156616211,0.0046318769454956055,284.75731468200684
Hawthorne,2019-05-08,0.5813573201497396,-0.5379432439804077,0.006988394260304176,283.9000536600749
Hawthorne,2019-05-09,-0.7272561391194662,-0.6094505389531454,0.0024492681026409002,282.2660420735677
Hawthorne,2019-05-10,-0.3311004638671875,-0.767634908358256,0.00013698390336003285,283.3782844543457
Hawthorne,2019-05-11,-0.07729148864746094,-0.5243299007415771,2.3230910301208496e-05,285.09650802612305
Hawthorne,2019-05-12,-0.5592314402262369,0.11314558982849121,8.225439955822367e-07,287.2582130432129
Hawthorne,2019-05-13,-1.0639699300130208,1.0401577552159627,9.852647679053916e-06,289.513339360555
Hawthorne,2019-05-14,-1.2552083333333333,1.4787537256876628,2.610087394572247e-05,290.6944471995036
Hawthorne,2019-05-15,-1.3822110493977864,2.9596153497695923,4.258155822256526e-05,292.6323979695638
Hawthorne,2019-05-16,-1.3348140716552734,3.0369367202123008,0.00014294981946250118,292.4998200734456
Hawthorne,2019-05-17,0.3383350372314453,1.1152631839116414,0.015434995293617249,284.29824447631836
Hawthorne,2019-05-18,0.7878214518229166,0.9462329943974813,0.011341485381080929,281.8106803894043
Hawthorne,2019-05-19,-1.4221700032552083,1.661588152249654,0.0019556939780613902,283.8169854482015
Hawthorne,2019-05-20,-0.21490097045898438,1.1888188123703003,0.0034083391100807603,282.27581151326496
Hawthorne,2019-05-21,0.3947461446126302,0.6544354756673177,0.009340977667722683,281.7153854370117
Hawthorne,2019-05-22,0.2405071258544922,-0.03895946343739828,0.008326733112330231,280.4645462036133
Hawthorne,2019-05-23,-0.6192270914713541,0.14644225438435873,0.007723929486530778,282.02955691019696
Hawthorne,2019-05-24,-0.1318353017171224,2.2588907877604165,0.009230762720108032,282.99542872111004
Hawthorne,2019-05-25,-0.9676284790039062,2.0450629393259683,0.0008586486656518844,285.16171010335285
Hawthorne,2019-05-26,-1.2489020029703777,1.8631866375605266,0.0003786013783724229,287.191063563029
Hawthorne,2019-05-27,-0.03107007344563802,0.7544576327006022,0.006479764842879376,285.3376096089681
Hawthorne,2019-05-28,0.2518666585286458,0.5002241929372152,0.005536550283352426,283.95299847920734
Hawthorne,2019-05-29,-0.2732187906901042,-0.13036938508351645,0.0003842353821141842,285.91340255737305
Hawthorne,2019-05-30,-0.37314287821451825,0.5734826326370239,0.0009756069756008401,287.64018567403156
Hawthorne,2019-05-31,-0.3742624918619792,0.4855605363845825,0.0021146357059365073,288.39994557698566
Hawthorne,2019-06-01,-0.5449784596761068,-0.05377809206644694,0.0026421964167866463,289.5093739827474
Hawthorne,2019-06-02,-0.5526758829752604,-0.1720355749130249,0.0011069715023381832,289.56254323323566
Hawthorne,2019-06-03,-0.13552029927571616,-0.12820804119110107,0.00038249194621542415,290.54280281066895
Hawthorne,2019-06-04,-0.06634457906087239,-0.3528869152069092,0.0003139227628707886,291.9266274770101
Hawthorne,2019-06-05,-0.35467060407002765,-0.5135058164596558,9.253621101379395e-06,292.75147247314453
Hawthorne,2019-06-06,-0.707009752591451,1.5129855473836262,2.7088065280622686e-05,294.31336911519367
Hawthorne,2019-06-07,0.3436272939046224,2.5505752563476562,0.0009005738473888414,294.9076124827067
Hawthorne,2019-06-08,2.045831044514974,-2.479854941368103,0.0009009987115859985,285.8480809529622
Hawthorne,2019-06-09,0.39577166239420575,-1.4449055989583333,8.583068797918258e-07,286.6594893137614
Hawthorne,2019-06-10,0.08982531229654948,-0.25676536560058594,8.52346317969932e-07,288.36202303568524
Hawthorne,2019-06-11,-0.0785992940266927,-0.3766638437906901,1.714413713216345e-06,291.6270179748535
Hawthorne,2019-06-12,-0.24189186096191406,-0.14368120829264322,8.591141167357819e-07,293.09042994181317
Hawthorne,2019-06-13,-0.554931640625,0.41839599609375,0.0008544772863388062,294.9804859161377
Hawthorne,2019-06-14,0.023703893025716145,-0.3011532624562581,0.00036432147015830196,293.4928894042969
Hawthorne,2019-06-15,-0.15607007344563803,0.14338469505310059,8.648633962593522e-05,294.3109773000081
Hawthorne,2019-06-16,-0.3092053731282552,0.39749594529469806,6.895661353922833e-05,294.60462125142413
Hawthorne,2019-06-17,-0.7094118992487589,0.9711075226465861,0.0016262796859223272,293.6128215789795
Hawthorne,2019-06-18,-0.026053746541341145,0.16598240534464517,0.00011655675143629196,293.4864050547282
Hawthorne,2019-06-19,0.3092597723007202,0.04601975282033285,8.523463748133508e-07,296.2879835764567
Hawthorne,2019-06-20,1.0856870015462239,0.02558167775472005,0.0004017710684820486,296.46568552652997
Hawthorne,2019-06-21,1.5053539276123047,-2.2335864305496216,0.00014089643946135766,287.8588924407959
Hawthorne,2019-06-22,1.6538162231445312,-2.0108108520507812,0.0005711615085601807,287.20904604593915
Hawthorne,2019-06-23,0.26128578186035156,0.5769400199254354,4.489617305125648e-05,289.28374671936035
Hawthorne,2019-06-24,-0.0707384745279948,0.6556911468505859,5.261826072455733e-05,293.221986134847
Hawthorne,2019-06-25,-0.6977570851643881,1.1157169342041016,4.295706747825534e-05,294.59524790445965
Hawthorne,2019-06-26,-0.5806922912597656,2.838102181752523,4.276633262634277e-06,297.1251843770345
Hawthorne,2019-06-27,-0.3980261484781901,4.012275695800781,1.2919306755065918e-05,298.61144320170087
Hawthorne,2019-06-28,-0.5520846048990885,3.6721355517705283,8.583068797918258e-07,298.8023509979248
Hawthorne,2019-06-29,0.4489479064941406,1.6455169121424358,1.7064354551621363e-06,299.3189690907796
Hawthorne,2019-06-30,-0.610510508219401,2.0887845357259116,0.00023192187336462666,298.58012835184735
Hawthorne,2019-07-01,-0.7088247934977213,1.9008935292561848,8.523463748133508e-07,296.0014991760254
Hawthorne,2019-07-02,-0.36343129475911456,1.3959509531656902,0.0,298.717383702596
Hawthorne,2019-07-03,0.5865249633789062,0.7995820045471191,1.2636184692382812e-05,299.8524792989095
Hawthorne,2019-07-04,1.3833567301432292,-1.237152338027954,0.0010326206684112549,295.97621790568036
Hawthorne,2019-07-05,0.03344281514485677,-0.7520597378412882,0.0009856164455186445,294.8762626647949
Hawthorne,2019-07-06,-0.2881050109863281,0.46114710966746014,7.944440426399524e-06,297.08814748128253
Hawthorne,2019-07-07,-0.3229249318440755,2.3627907435099282,5.024671452247276e-06,298.9868965148926
Hawthorne,2019-07-08,0.37098248799641925,2.0521870454152427,0.00029328465461730957,298.1082992553711
Hawthorne,2019-07-09,0.1887213389078776,-0.08807118733723958,2.1660327906403154e-05,296.52016766866046
Hawthorne,2019-07-10,-0.6915334065755209,0.9901320139567057,1.7032621713042317e-06,298.5730546315511
Hawthorne,2019-07-11,-0.47420012950897217,1.319478710492452,0.00010779737397115241,301.02968978881836
Hawthorne,2019-07-12,-0.5780560970306396,0.9111818075180054,1.8495321171485557e-05,300.96240679423016
Hawthorne,2019-07-13,-0.8936071395874023,1.476119836171468,0.00013875961303710938,301.76912689208984
Hawthorne,2019-07-14,-0.43717682361602783,1.4149402777353923,9.175539016226253e-05,301.2001241048177
Hawthorne,2019-07-15,0.1788144906361898,1.1460927327473958,0.0,301.570852915446
Hawthorne,2019-07-16,-0.038045922915140785,0.5422819058100382,4.228949535445281e-06,300.829153696696
Hawthorne,2019-07-17,0.9979860385258993,-0.01989595095316569,2.404865028893255e-06,301.5711034138997
Hawthorne,2019-07-18,-0.07567787170410156,1.688240647315979,0.0,300.8309911092122
Hawthorne,2019-07-19,0.10880851745605469,1.7878543138504028,2.139806667855737e-06,302.07151794433594
Hawthorne,2019-07-20,0.2775764465332031,0.1288754940032959,3.7431715895763773e-06,300.9965655008952
Hawthorne,2019-07-21,-0.215346892674764,0.3068052927652995,3.3497810250082694e-06,300.7903258005778
Hawthorne,2019-07-22,-0.287872314453125,0.42711321512858075,8.583068797918258e-07,302.4590555826823
Hawthorne,2019-07-23,-0.5434341430664062,0.6530542771021525,1.2993811537853617e-06,302.93976338704425
Hawthorne,2019-07-24,0.36681493123372394,-0.4201863606770833,0.0009007397517528659,302.16725095113117
Hawthorne,2019-07-25,0.13622156778971353,-0.07156594594319661,7.724165914169134e-05,301.0072701772054
Hawthorne,2019-07-26,0.011788686116536459,-0.07855542500813802,0.0020697712898254395,299.85864003499347
Hawthorne,2019-07-27,0.7911548614501953,-0.3062742551167806,0.0008500357096750122,298.2823435465495
Hawthorne,2019-07-28,0.16620254516601562,-0.246794064839681,0.0,299.3676579793294
Hawthorne,2019-07-29,-0.27446619669596356,1.0435735781987507,1.8292665458830015e-05,301.1102352142334
Hawthorne,2019-07-30,-0.08052698771158855,1.8116422494252522,1.418590443336143e-06,302.64810434977215
Hawthorne,2019-07-31,-0.6476834615071615,2.012103716532389,0.0007986921824567617,300.9214617411296
Hawthorne,2019-08-01,-0.6454461415608724,0.9026451110839844,0.0011463852246720307,295.53730328877765
Hawthorne,2019-08-02,-0.25624338785807294,0.44706205526987713,3.6895275066228805e-06,299.7414213816325
Hawthorne,2019-08-03,-0.28214263916015625,0.4336695671081543,2.0235776901245117e-05,301.1367956797282
Hawthorne,2019-08-04,-0.5562674204508463,0.6488365332285563,8.279085159301758e-05,301.2344621022542
Hawthorne,2019-08-05,-0.2536048889160156,0.4584949811299642,2.5162100786957353e-05,301.9063784281413
Hawthorne,2019-08-06,-0.3918285369873047,0.4989534616470337,1.5974044799804688e-05,302.542626063029
Hawthorne,2019-08-07,-0.5308945973714193,0.44858535130818683,0.0012652061321887231,300.8057810465495
Hawthorne,2019-08-08,-0.5129547119140625,0.5356999238332113,0.006262102723116669,295.9577388763428
Hawthorne,2019-08-09,-0.07077725728352864,0.6946194966634115,1.7786025978239195e-05,296.37231254577637
Hawthorne,2019-08-10,-0.8402455647786459,2.348717371622721,1.2838948464377609e-06,298.8146394093831
Hawthorne,2019-08-11,0.3306967417399089,1.9072596232096355,3.272034211931896e-05,298.82564481099445
Hawthorne,2019-08-12,0.8841069539388021,-1.1137770414352417,8.583068797918258e-07,297.1639766693115
Hawthorne,2019-08-13,-0.13323354721069336,0.06131426493326823,1.0013579299084086e-06,297.04207611083984
Hawthorne,2019-08-14,-0.14137017726898193,-0.09747632344563802,0.0,298.53442128499347
Hawthorne,2019-08-15,-0.2203528086344401,0.03493924935658773,2.753734588623047e-05,299.22829755147296
Hawthorne,2019-08-16,0.3768240610758464,-0.804803212483724,3.274679183462581e-05,300.73404757181805
Hawthorne,2019-08-17,0.1819941202799479,-0.31963857014973956,4.112720489501953e-06,299.25867144266766
Hawthorne,2019-08-18,-0.42568016052246094,0.6447423299153646,0.0,298.6194788614909
Hawthorne,2019-08-19,-0.5323505401611328,2.084579825401306,0.0,300.3169008890788
Hawthorne,2019-08-20,-0.6762886047363281,1.829572280248006,8.59748936932192e-07,300.3811906178792
Hawthorne,2019-08-21,-0.3225930531819661,0.44833282629648846,2.5732547754842017e-06,300.38338915507
Hawthorne,2019-08-22,-0.1607977549235026,0.6590614318847656,0.0003510415554046631,299.86196835835773
Hawthorne,2019-08-23,1.2414639790852864,-1.0035648743311565,8.418319339398295e-07,297.7857526143392
Hawthorne,2019-08-24,0.022446314493815105,0.17161067326863608,1.315856156480777e-06,297.6992950439453
Hawthorne,2019-08-25,-0.0622412363688151,0.6088360548019409,1.7174984918710834e-06,299.91407203674316
Hawthorne,2019-08-26,1.3490931193033855,-1.3496341705322266,4.351138045421976e-07,298.113431930542
Hawthorne,2019-08-27,0.1674084266026815,-0.5597546895345052,3.4394398653603275e-06,295.1912644704183
Hawthorne,2019-08-28,-0.2928212483723958,0.4167195161183675,1.7127420619544864e-06,296.6618595123291
Hawthorne,2019-08-29,-0.3578192392985026,0.9431227842966715,0.00018365881976478704,299.97074127197266
Hawthorne,2019-08-30,-0.5241476694742838,0.8150485754013062,0.0007743789286678293,299.63699531555176
Hawthorne,2019-08-31,-0.20769500732421875,0.1049512227376302,-4.324533620092552e-09,300.04761060078937
Hawthorne,2019-09-01,-0.46738751729329425,0.6131267547607422,1.284479992591514e-06,299.9444942474365
Hawthorne,2019-09-02,-0.4614124298095703,0.6628799438476562,8.523463748133508e-07,300.4980875651042
Hawthorne,2019-09-03,-0.2958208719889323,0.009370168050130209,0.0005713999271392822,301.87525685628253
Hawthorne,2019-09-04,-0.5505104064941406,0.5581803719202677,0.0018350720405528875,299.76246388753253
Hawthorne,2019-09-05,0.08306376139322917,-0.05503201484680176,5.393624303451361e-05,301.8497231801351
Hawthorne,2019-09-06,-0.28339894612630206,0.017567793528238933,0.002607090448350391,297.90630467732746
Hawthorne,2019-09-07,-0.03507296244303385,-0.11912977695465088,4.127621650695801e-06,297.53003819783527
Hawthorne,2019-09-08,-0.7031211853027344,1.1074473063151042,0.004455366730685029,295.54034487406415
Hawthorne,2019-09-09,0.1591943105061849,0.4107214609781901,0.00030562281608581543,292.84353001912433
Hawthorne,2019-09-10,-0.07797559102376302,1.707742691040039,0.001255282759661469,293.2958335876465
Hawthorne,2019-09-11,0.4559345245361328,-0.515686551729838,0.01886466145515442,288.2528769175212
Hawthorne,2019-09-12,0.2600091298421224,0.2853037516276042,4.830956356727256e-06,288.73790613810223
Hawthorne,2019-09-13,-0.2569135030110677,0.17840576171875,0.0,290.0429490407308
Hawthorne,2019-09-14,-0.9070173899332682,0.7395103375116984,8.52346317969932e-07,292.7010561625163
Hawthorne,2019-09-15,-1.2157796223958333,1.8882312774658203,0.0,294.8640842437744
Hawthorne,2019-09-16,-1.1491044362386067,3.3027591705322266,2.682209014892578e-07,296.2562764485677
Hawthorne,2019-09-17,1.6217241684595745,1.1283073425292969,0.0023057494846057125,293.02619616190594
Hawthorne,2019-09-18,-0.7188551823298136,1.3833037614822388,8.583068833445395e-07,289.9701271057129
Hawthorne,2019-09-19,0.2138646443684896,1.4377007881800334,1.71661376953125e-05,292.64941724141437
Hawthorne,2019-09-20,1.1411361694335938,-1.0250410636266072,0.00825825631608268,285.7381064097087
Hawthorne,2019-09-21,0.05978584289550781,0.12111965815226237,0.0005018711090087891,285.350975672404
Hawthorne,2019-09-22,-0.5263207753499349,0.9262005885442098,0.0,287.1391353607178
Hawthorne,2019-09-23,-0.8239103953043619,0.6939936876296997,3.4306277143514308e-06,290.05097007751465
Hawthorne,2019-09-24,0.045064290364583336,-0.5928643544514974,4.261732051702438e-07,291.0077819824219
Hawthorne,2019-09-25,-0.03285789489746094,-0.5466505289077759,8.52346317969932e-07,291.0118096669515
Hawthorne,2019-09-26,-0.22985331217447916,0.4867183764775594,5.684341886080802e-14,290.3789882659912
Hawthorne,2019-09-27,-0.05127398173014323,0.17270453770955405,0.00013070106501800183,292.0717830657959
Hawthorne,2019-09-28,-0.7875027656555176,0.9210484822591146,0.020776879371698698,288.6504618326823
Hawthorne,2019-09-29,0.9465103149414062,-0.369021733601888,0.026051223278045654,283.2918173472087
Hawthorne,2019-09-30,0.2598012288411458,-0.4531091054280599,0.0010591596364974976,282.14420890808105
Hawthorne,2019-10-01,0.42206764221191406,-0.5535017251968384,8.265116645134185e-05,282.62121391296387
Hawthorne,2019-10-02,0.8698755900065104,-0.7228186130523682,0.0008237744896177901,282.7301438649495
Hawthorne,2019-10-03,-0.6652317047119141,0.435116449991862,1.8954276583826868e-06,282.87231826782227
Hawthorne,2019-10-04,0.3818543752034505,0.40019293626149494,0.0013621151447296143,285.8234272003174
Hawthorne,2019-10-05,0.46527989705403644,-0.03622901439666748,2.6725547286332585e-06,282.90920066833496
Hawthorne,2019-10-06,0.21824963887532553,-0.729522705078125,4.351138045421976e-07,283.5524444580078
Hawthorne,2019-10-07,-0.42704518636067706,0.12166992823282878,0.0,281.55247751871747
Hawthorne,2019-10-08,-0.8455613454182943,0.7989966074625651,8.583068833445395e-07,285.2698281606038
Hawthorne,2019-10-09,0.37772369384765625,-0.1430826187133789,0.0002841563637048239,284.3949616750081
Hawthorne,2019-10-10,2.004571278889974,-2.2271433671315513,5.904436102355248e-05,275.4398447672526
Hawthorne,2019-10-11,0.5903377532958984,-0.24128377437591553,2.679228771285125e-06,276.19473965962726
Hawthorne,2019-10-12,-0.35433197021484375,-0.2622388203938802,1.7127204614553193e-06,278.154447555542
Hawthorne,2019-10-13,-0.9663565158843994,0.6163619756698608,2.2315945784612268e-06,280.30957921346027
Hawthorne,2019-10-14,-0.8269443511962891,0.698242704073588,4.261732087229575e-07,283.4787311553955
Hawthorne,2019-10-15,-0.9456043243408203,0.2882741689682007,-7.363574638930004e-09,283.65394528706867
Hawthorne,2019-10-16,-1.318794886271159,1.1999286810557048,8.583068797918258e-07,285.23872629801434
Hawthorne,2019-10-17,-1.2519213358561199,2.284187396367391,8.211581439354632e-05,288.4504858652751
Hawthorne,2019-10-18,1.1928730010986328,-0.6755247513453165,0.005023510732598879,282.9778645833333
Hawthorne,2019-10-19,-0.37839508056640625,1.6138051350911458,0.0015196144580791326,281.0730234781901
Hawthorne,2019-10-20,2.030602137247721,-0.9263893763224283,0.007848548889114682,277.8826649983724
Hawthorne,2019-10-21,0.5277595520019531,-0.09794302781422932,0.000429689884185791,279.4596633911133
Hawthorne,2019-10-22,-0.44985198974609375,0.7619248628616333,1.4380919424183958e-06,281.56082280476886
Hawthorne,2019-10-23,0.5671515862147013,-0.7090018192927042,7.075593788385959e-05,284.4689998626709
Hawthorne,2019-10-24,-0.23849781354268393,-0.6154680649439493,1.8283724784851074e-05,278.845251083374
Hawthorne,2019-10-25,-0.6720364888509115,0.29704856872558594,2.5749205860847724e-06,278.22018178304035
Hawthorne,2019-10-26,-0.7845942179361979,0.3100852966308594,0.0,280.87800852457684
Hawthorne,2019-10-27,1.5334182580312092,-1.5391079584757488,0.004422351717948914,276.5079752604167
Hawthorne,2019-10-28,1.1751976013183594,-0.06948300202687581,7.045865049803979e-05,272.755916595459
Hawthorne,2019-10-29,0.5831356048583984,0.11423508326212566,0.006195822358126435,272.14670117696124
Hawthorne,2019-10-30,-0.5455296834309896,-0.6180959145228068,2.301047408082013e-05,264.50958887736004
Hawthorne,2019-10-31,-0.9429589112599691,0.3164056142171224,3.5762786865234375e-07,265.6322333017985
Hawthorne,2019-11-01,-0.86243204275767,-0.090699036916097,8.52346317969932e-07,271.0782585144043
Hawthorne,2019-11-02,-1.1691614786783855,0.25541214148203534,0.0,270.87011273701984
Hawthorne,2019-11-03,-1.334646224975586,0.5542712211608887,0.0,274.7061595916748
Hawthorne,2019-11-04,-1.128980000813802,0.3457715113957723,4.351138045421976e-07,277.3737672170003
Hawthorne,2019-11-05,-1.2764937082926433,0.4941607316335042,1.2934207802572928e-06,277.49691073099774
Hawthorne,2019-11-06,-1.3808650970458984,0.4525649944941203,0.0,278.3649984995524
Hawthorne,2019-11-07,-1.2232608795166016,0.24886461098988852,0.0,278.4801330566406
Hawthorne,2019-11-08,-1.3165270487467449,0.43371911843617755,8.52346317969932e-07,279.0854008992513
Hawthorne,2019-11-09,-1.388964335123698,0.342587153116862,8.523463748133508e-07,279.25438753763837
Hawthorne,2019-11-10,-1.2015037536621094,0.33049813906351727,8.52346317969932e-07,279.6454842885335
Hawthorne,2019-11-11,-0.07374127705891927,-0.2537085215250651,8.583069366352447e-07,282.14298184712726
Hawthorne,2019-11-12,-0.9238726298014323,0.7934118111928304,4.351138613856165e-07,276.9151802062988
Hawthorne,2019-11-13,-0.7944889068603516,0.4435586134592692,2.9802322387695312e-08,280.8636900583903
Hawthorne,2019-11-14,-1.398782730102539,0.6574654976526896,1.7106531231547706e-06,279.7592016855876
Hawthorne,2019-11-15,-1.4539063771565754,0.9884573618570963,3.471970558166504e-06,281.659917195638
Hawthorne,2019-11-16,-0.27379167079925537,-0.22625362873077393,7.081031696998252e-06,283.05468877156574
Hawthorne,2019-11-17,-0.7364041407903036,0.3807404041290283,8.52346317969932e-07,278.660680770874
Hawthorne,2019-11-18,-1.281504233678182,0.8384825388590494,0.0,279.62645022074383
Hawthorne,2019-11-19,-1.7004076639811199,1.8248985211054485,0.0,280.9508221944173
Hawthorne,2019-11-20,-1.1339302062988281,0.5345653295516968,0.0035154521465301514,279.88132603963214
Hawthorne,2019-11-21,-0.7553733587265015,-0.38552125295003253,0.005196452140751262,277.4822591145833
Hawthorne,2019-11-22,-0.14812405904134116,-0.4282786051432292,0.0004979962542961403,277.1273829142253
Hawthorne,2019-11-23,-0.2006071408589681,-0.3088415861129761,7.569789880790267e-05,275.47828102111816
Hawthorne,2019-11-24,-0.6889328956604004,0.6983858744303385,8.594906262260338e-07,274.85863558451337
Hawthorne,2019-11-25,-0.21925036112467447,-0.3204546372095744,0.004416859679224672,275.43167050679523
Hawthorne,2019-11-26,1.533966064453125,-1.1070014238357544,0.00336533784866333,270.5614121754964
Hawthorne,2019-11-27,-1.7132742802302043,1.160434087117513,0.0017207650550403741,269.78288014729816
Hawthorne,2019-11-28,-1.2348437706629436,0.6142994165420532,0.011158096789586125,272.4759470621745
Hawthorne,2019-11-29,-0.8170382181803385,0.07805236180623372,0.017160701751606666,272.51806831359863
Hawthorne,2019-11-30,0.6159680684407552,0.8631165822347006,0.0046029239892959595,271.68031946818036
Hawthorne,2019-12-01,-1.755178451538086,0.7204807996749878,6.985664299463679e-06,265.95694732666016
Hawthorne,2019-12-02,-1.5811564127604167,0.707736055056254,1.4889240219417843e-05,270.2569497426351
Hawthorne,2019-12-03,-0.8195667266845703,0.054361979166666664,8.678436188347405e-06,275.0979754130046
Hawthorne,2019-12-04,-1.2720057169596355,-0.011443456013997396,4.023314090773056e-07,272.011417388916
Hawthorne,2019-12-05,-0.16738510131835938,-0.10220575332641602,0.008169472217559814,275.06030146280926
Hawthorne,2019-12-06,-1.1716201305389404,0.6582188606262207,5.874037742614746e-05,274.0800387064616
Hawthorne,2019-12-07,-1.9288570880889893,1.5289198954900105,2.384185791015625e-07,272.7876567840576
Hawthorne,2019-12-08,-0.7284149328867594,1.7956395943959553,0.0053147971630096436,276.6161181131999
Hawthorne,2019-12-09,0.5641530354817709,0.16995028654734293,0.005785304307835304,275.5258146921794
Hawthorne,2019-12-10,-1.1583201090494792,0.9356206258138021,1.3709068298339844e-05,271.9317321777344
Hawthorne,2019-12-11,-1.7067076365152996,0.7819418907165527,4.55498420137701e-05,268.80675252278644
Hawthorne,2019-12-12,-1.5726900100708008,1.7799514929453533,0.004356169700617585,274.5900700887044
Hawthorne,2019-12-13,-0.6769290367762247,1.2143287658691406,0.006513097882248076,276.25857798258465
Hawthorne,2019-12-14,-0.09769952297210693,0.691070556640625,0.015053337812332757,275.10350227355957
Hawthorne,2019-12-15,-0.3563547134399414,-0.15606876214345297,0.00013585388649062224,269.9005991617839
Hawthorne,2019-12-16,0.8934427897135416,-0.7131691773732504,0.002716511488017659,269.1285756429036
Hawthorne,2019-12-17,-1.2020797729492188,0.7013370196024576,3.8536398960786755e-05,264.5485947926839
Hawthorne,2019-12-18,-2.023807684580485,0.6925779978434244,1.9518186284983585e-06,263.26665115356445
Hawthorne,2019-12-19,-1.579964280128479,0.6356601317723592,0.0,268.2317587534587
Hawthorne,2019-12-20,-2.0127166112264,1.0953147013982136,4.351138045421976e-07,268.7700424194336
Hawthorne,2019-12-21,-2.6043394009272256,1.1605373620986938,0.0,268.1642157236735
Hawthorne,2019-12-22,-3.1281398137410483,1.7255319754282634,8.52346317969932e-07,271.48130289713544
Hawthorne,2019-12-23,-2.7389615376790366,1.2925934791564941,0.00016959011554718018,272.9140046437581
Hawthorne,2019-12-24,-1.7025973002115886,1.403508464495341,0.0021652579307556152,275.2049338022868
Hawthorne,2019-12-25,0.42630529403686523,-0.06204899152119955,0.005723326399504458,274.79576110839844
Hawthorne,2019-12-26,-0.861744244893392,0.5528600613276163,0.0005001574754714966,271.9720401763916
Hawthorne,2019-12-27,-0.7329562107721964,-0.49251612027486164,2.8479099171363487e-05,268.27485911051434
Hawthorne,2019-12-28,1.1328322887420654,-1.7540609041849773,0.0006827890871932141,266.74851989746094
Hawthorne,2019-12-29,-1.112528959910075,0.7787829240163168,0.0005117356776054294,265.11188379923504
Hawthorne,2019-12-30,-0.723012646039327,0.3340708414713542,0.0011715274193306868,268.25626881917316
Hawthorne,2019-12-31,-0.2657032012939453,0.22319889068603516,0.0005475014447142712,267.5011100769043
Hawthorne,2020-01-01,-1.318101445833842,1.8555800120035808,0.010635569691601177,269.01404507954913
Hawthorne,2020-01-02,0.19690179824829102,0.3260459899902344,0.005973231792324896,273.1923084259033
Hawthorne,2020-01-03,-1.1957757472991943,1.3224976857503254,0.00027850866308654076,271.78042538960773
Hawthorne,2020-01-04,-1.9193830887476604,1.2565178473790486,2.772180778265465e-06,270.7750720977783
Hawthorne,2020-01-05,-1.360148588816325,0.308291753133138,0.000965990980546394,271.5801410675049
Hawthorne,2020-01-06,-1.2537014881769817,1.2440624237060547,0.0004683315752913586,271.0566323598226
Hawthorne,2020-01-07,-2.0893807411193848,1.583213170369466,4.917383193969727e-07,270.1239808400472
Hawthorne,2020-01-08,-1.959943135579427,1.5364901224772136,0.0023956894874572754,270.30568250020343
Hawthorne,2020-01-09,-0.9976959228515625,1.1299495697021484,0.002866142988203535,270.76966349283856
Hawthorne,2020-01-10,0.6766484578450521,-0.08884557088216145,0.0013397186994552612,269.72984822591144
Hawthorne,2020-01-11,-1.6710694630940754,1.711570103963216,0.002284824848175049,266.08374214172363
Hawthorne,2020-01-12,-0.5604945421218872,1.489012360572815,0.003976941108703613,269.987740834554
Hawthorne,2020-01-13,-1.4080619812011719,2.0729688803354898,0.003165236115364678,267.9213746388753
Hawthorne,2020-01-14,-1.0197257995605469,2.099302291870117,0.0031205862760543823,270.5652262369792
Hawthorne,2020-01-15,-1.6222241719563801,0.7615288496017456,0.0007583975790907971,269.4856719970703
Hawthorne,2020-01-16,-2.845383048057556,1.3866970539093018,1.7143987065537658e-06,266.73813247680664
Hawthorne,2020-01-17,-0.54881751537323,0.825560728708903,0.008545374975199138,270.5648816426595
Hawthorne,2020-01-18,-1.4012815554936726,0.5863282680511475,1.7873900446829794e-05,270.28560002644855
Hawthorne,2020-01-19,-1.7078170776367188,0.32957343260447186,8.52346317969932e-07,268.1994743347168
Hawthorne,2020-01-20,-2.0766069889068604,0.4634113311767578,8.285045574041305e-07,267.62428029378253
Hawthorne,2020-01-21,-1.8199893633524578,1.1631475687026978,0.0014426439999510876,271.96944363911945
Hawthorne,2020-01-22,-0.7954224745432535,0.9449752569198608,0.0037114592619218456,274.296449025472
Hawthorne,2020-01-23,-0.7326869964599609,0.8466561635335287,0.0005114614962167252,275.30306180318195
Hawthorne,2020-01-24,-1.5710042317708333,1.131686528523763,0.0027949362993240356,273.0383358001709
Hawthorne,2020-01-25,-1.0316734313964844,1.1515985329945881,0.00018045306205749512,275.52585792541504
Hawthorne,2020-01-26,-1.5424550374348958,1.1648979187011719,0.0004208611201761414,274.6912530263265
Hawthorne,2020-01-27,0.17025057474772134,0.06962013244628906,0.008826169371502601,276.02079582214355
Hawthorne,2020-01-28,-1.423654556274414,1.3652500708897908,7.054507739212568e-05,272.87700780232746
Hawthorne,2020-01-29,-0.19916216532389322,-0.04592688878377279,0.0018355748343310552,273.39933649698895
Hawthorne,2020-01-30,-0.23617768287658691,0.35775689284006756,0.001996627449159405,272.23361841837567
Hawthorne,2020-01-31,-0.928959051767985,0.665253758430481,3.856718529959835e-05,269.5262171427409
Hawthorne,2020-02-01,-1.6543006896972656,1.244476318359375,3.1191589187073987e-06,271.638874689738
Hawthorne,2020-02-02,-2.104954401652018,2.1246534983317056,4.5031464424027945e-07,274.3257287343343
Hawthorne,2020-02-03,2.0781716108322144,-0.40720876057942706,0.01398687362666351,270.69766426086426
Hawthorne,2020-02-04,0.5304635365804037,-0.7197170257568359,0.0018027752637976846,265.8683554331462
Hawthorne,2020-02-05,-0.894293467203776,1.2076711257298787,0.0008959650992323986,263.192424138387
Hawthorne,2020-02-06,-1.2968260049819946,1.9033131996790569,0.011883027392855183,267.7648099263509
Hawthorne,2020-02-07,-0.04007593790690104,1.4582164287567139,0.006844714283943176,276.47508176167804
Hawthorne,2020-02-08,-0.8199316660563151,0.9957116444905599,0.0002695649861266247,275.51501337687176
Hawthorne,2020-02-09,0.020862142244974773,-1.0057474772135417,0.00017590820789337158,272.58903312683105
Hawthorne,2020-02-10,-0.2726917266845703,-0.3010183970133464,0.00015538930892944336,270.2864869435628
Hawthorne,2020-02-11,-0.4877999623616536,-0.08691978454589844,9.714364995261349e-05,268.12166023254395
Hawthorne,2020-02-12,-0.8936042785644531,0.7255491813023885,0.00018804053121357356,269.3970095316569
Hawthorne,2020-02-13,-0.9741598765055338,1.2323517799377441,4.920363426208496e-05,271.6218147277832
Hawthorne,2020-02-14,-1.8883997599283855,1.9372730255126953,2.5749205860847724e-06,270.557653427124
Hawthorne,2020-02-15,-0.47010382016499835,0.4281589984893799,4.1955709455976375e-05,275.11465136210126
Hawthorne,2020-02-16,-1.0797210137049358,1.4103113810221355,0.006917273361978005,274.52492841084796
Hawthorne,2020-02-17,0.2636093695958455,-0.10826937357584636,0.003179448842900001,274.0120855967204
Hawthorne,2020-02-18,-0.2116851806640625,0.09829266866048177,8.405745029449463e-05,271.07506306966144
Hawthorne,2020-02-19,-0.4230092366536458,-0.5305678844451904,1.7195939108205494e-06,269.48279698689777
Hawthorne,2020-02-20,-1.0752423604329426,0.07560098171234131,0.0,265.38611157735187
Hawthorne,2020-02-21,-1.4391365051269531,0.36622293790181476,8.523463748133508e-07,266.958781560262
Hawthorne,2020-02-22,-1.3922860622406006,-0.022578835487365723,8.52346317969932e-07,271.51855023701984
Hawthorne,2020-02-23,-0.5164546966552734,0.034545342127482094,2.312660171810421e-06,275.02248764038086
Hawthorne,2020-02-24,1.0782095591227214,-0.47751863797505695,0.0007035372544237362,272.87221654256183
Hawthorne,2020-02-25,0.4517406225204468,-0.6002650658289591,0.00029260516157592065,271.43797874450684
Hawthorne,2020-02-26,-0.9306685129801432,0.8945048650105795,8.553266184208042e-07,269.46070035298663
Hawthorne,2020-02-27,-1.2201779683430989,1.0087755123774211,0.0,273.77681668599445
Hawthorne,2020-02-28,-1.6184749603271484,1.027880589167277,8.52346317969932e-07,273.72754224141437
Hawthorne,2020-02-29,-2.005854924519857,2.266902804374695,4.0752219092610176e-06,275.2693799336751
Hawthorne,2020-03-01,0.348025639851888,0.5390046437581381,0.006327676773025814,274.9235642751058
Hawthorne,2020-03-02,0.3027610778808594,-0.0128403107325236,0.0013960778712203137,272.3085689544678
Hawthorne,2020-03-03,-0.8252779642740885,0.2814626693725586,1.7310372186329914e-05,272.3507073720296
Hawthorne,2020-03-04,-1.2463870843251545,1.0024930238723755,0.0,273.70759201049805
Hawthorne,2020-03-05,-1.811330000559489,1.6168251434961955,0.0,276.3144296010335
Hawthorne,2020-03-06,-2.352853775024414,1.6469984849294026,8.583068797918258e-07,276.8187681833903
Hawthorne,2020-03-07,-2.053877512613932,2.3943174282709756,3.0612945522534574e-05,278.73334948221844
Hawthorne,2020-03-08,0.10828081766764323,1.2713690996170044,0.003527370398387575,279.92654355367023
Hawthorne,2020-03-09,-1.0159823099772136,1.6332906087239583,7.304847235900525e-05,277.1991024017334
Hawthorne,2020-03-10,-0.23397000630696616,-0.05648612976074219,0.00014910101890563965,279.6665318806966
Hawthorne,2020-03-11,-1.1045767466227214,1.0378576914469402,0.0008023917674790937,277.35340309143066
Hawthorne,2020-03-12,-0.23358535766601562,0.5594348907470703,0.00021681487561409085,279.97575124104816
Hawthorne,2020-03-13,-0.5168629089991251,0.10454400380452473,0.0003547966480255127,276.5121593475342
Hawthorne,2020-03-14,-1.2312056223551433,4.199481884638469,0.0006655514239923832,278.42247517903644
Hawthorne,2020-03-15,-0.6953080495198568,3.990260442097982,0.0007575750350952148,280.6787026723226
Hawthorne,2020-03-16,-1.0347894032796223,2.4566266536712646,1.9177794456481934e-05,280.8969186147054
Hawthorne,2020-03-17,-1.2216288248697917,1.866908311843872,0.0004726141691193675,280.2430311838786
Hawthorne,2020-03-18,-0.6836705605189005,2.2988929748535156,0.004589295213520472,279.0226885477702
Hawthorne,2020-03-19,1.0702091852823894,-0.32836584250132245,0.003135406970955046,277.78863588968915
Hawthorne,2020-03-20,-0.562652587890625,0.8367873032887777,0.0027137518675885985,276.8422559102376
Hawthorne,2020-03-21,-0.416897455851237,1.0543182293574016,0.00035432169983096173,277.9104461669922
Hawthorne,2020-03-22,-0.20444583892822266,0.8273127476374308,0.0004267096519470215,279.03201993306476
Hawthorne,2020-03-23,-1.042856772740682,1.6595558722813923,0.0005440294741561047,278.11443456013996
Hawthorne,2020-03-24,-0.7075831095377604,2.923672835032145,0.002858787775039673,279.69968605041504
Hawthorne,2020-03-25,0.002407709757486979,0.8074249029159546,0.009605750441551208,279.0215320587158
Hawthorne,2020-03-26,0.9658896128336588,-1.6243350108464558,0.008121460676193237,275.1235987345378
Hawthorne,2020-03-27,0.03143501281738281,-0.6917750040690104,0.00018927454948425293,273.7916323343913
Hawthorne,2020-03-28,-0.21741358439127603,1.37143874168396,0.0028844088315622685,274.6531861623128
Hawthorne,2020-03-29,-1.1559549967447917,1.3163058757781982,0.00012491941441794552,275.06313705444336
Hawthorne,2020-03-30,-0.5630671183268229,1.3963666359583538,0.0008258223533630371,277.5916976928711
Hawthorne,2020-03-31,-0.35602378845214844,2.4986366430918374,0.000554863702802777,280.9076283772786
Hawthorne,2020-04-01,1.0660266876220703,0.6000811258951823,0.0015926361083984375,283.1072483062744
Hawthorne,2020-04-02,1.919149398803711,-1.8091354370117188,0.004018905758755409,275.62791951497394
Hawthorne,2020-04-03,-0.5764884948730469,0.5700524648030599,3.416861147798045e-06,274.8044624328613
Hawthorne,2020-04-04,-1.0632483164469402,0.9676389296849569,0.00023500747084881368,276.8368549346924
Hawthorne,2020-04-05,-1.0071118672688801,2.522047440210978,0.0017466723917891613,283.6742312113444
Hawthorne,2020-04-06,-0.5023873647054037,3.5159225463867188,0.0009655803442001343,284.53718249003094
Hawthorne,2020-04-07,-0.7137451171875,1.92814834912618,0.00040847361077567257,283.41766293843585
Hawthorne,2020-04-08,-1.239023208618164,-0.14665349324544272,2.178847779532589e-05,283.0933609008789
Hawthorne,2020-04-09,-1.0417086283365886,0.016033132870992024,0.00180777907371521,283.57432238260907
Hawthorne,2020-04-10,-0.2445354461669922,0.23525261878967285,4.4841836427167436e-05,283.07850710550946
Hawthorne,2020-04-11,-0.09105555216471355,0.4419759114583333,0.00039908289909362793,283.5035260518392
Hawthorne,2020-04-12,2.571142832438151,-2.121220270792643,0.003119240770047327,280.84815216064453
Hawthorne,2020-04-13,1.7490692138671875,-2.0526599884033203,0.0003189742564586595,277.6411425272624
Hawthorne,2020-04-14,0.6573848724365234,-0.4162343343098958,5.453824996948242e-06,276.58239364624023
Hawthorne,2020-04-15,-0.3481496175130208,1.5039088726043701,0.001563796401018891,279.4574947357178
Hawthorne,2020-04-16,1.1023413340250652,-0.2689460913340251,0.006014445424078474,278.587454477946
Hawthorne,2020-04-17,-0.358791987101237,0.06053606669108073,8.859552696094397e-05,278.367530186971
Hawthorne,2020-04-18,-0.2364190419514974,0.16963640848795572,8.242950940484661e-05,281.28257179260254
Hawthorne,2020-04-19,-0.5262336730957031,0.7600123882293701,0.002219587564468384,281.65901883443195
Hawthorne,2020-04-20,-0.6558577219645182,0.024222294489542644,0.00043818291677766297,282.2345434824626
Hawthorne,2020-04-21,-0.4100933074951172,-0.8003567059834799,1.82271002699963e-05,283.76281483968097
Hawthorne,2020-04-22,0.8769048055013021,-1.0755105018615723,3.8489699363708496e-05,287.26461537679035
Hawthorne,2020-04-23,0.6401576995849609,-0.42116840680440265,0.006228461861610413,285.3359654744466
Hawthorne,2020-04-24,1.384360631306966,-1.2947457631429036,0.0001462489366481634,284.52000427246094
Hawthorne,2020-04-25,-0.6765022277832031,0.6259613037109375,8.523463215226457e-07,284.48041979471844
Hawthorne,2020-04-26,-0.9227212270100912,0.3535906473795573,0.0006739497184753418,287.46332359313965
Hawthorne,2020-04-27,-0.7841955820719401,0.15273292859395346,5.930662155151367e-06,287.3889497121175
Hawthorne,2020-04-28,0.1871617635091146,-1.1043981313705444,0.0,289.8822275797526
Hawthorne,2020-04-29,-1.36676025390625,0.700098435084025,3.373622803337639e-06,287.6732711791992
Hawthorne,2020-04-30,-1.3172842661539714,0.8769354025522867,0.000794541835791307,291.26658693949383
Hawthorne,2020-05-01,-0.4450365702311198,-0.9590899149576823,0.0012701094150493475,289.11311531066895
Hawthorne,2020-05-02,-0.4825897216796875,0.44881002108256024,0.0007562875747630926,287.6224225362142
Hawthorne,2020-05-03,-0.32030677795410156,-0.602928876876831,0.0010241150854994885,287.8385753631592
Hawthorne,2020-05-04,0.7634531656901041,-1.4320776462554932,0.0007847785949479658,286.0917110443115
Hawthorne,2020-05-05,-0.5077438354492188,-0.10160175959269206,5.784954737464432e-09,285.7571169535319
Hawthorne,2020-05-06,-0.565270741780599,-0.009908755620320639,1.8477439880371094e-06,288.4716567993164
Hawthorne,2020-05-07,1.5886980692545574,-2.607452392578125,0.0,285.6856460571289
Hawthorne,2020-05-08,0.13340059916178384,-0.11747233072916667,8.285045574041305e-07,285.61534754435223
Hawthorne,2020-05-09,-0.5959790547688802,-0.5655320485432943,0.0,287.54004224141437
Hawthorne,2020-05-10,-0.9243436654408773,0.23984360694885254,7.621347904063214e-05,289.5405190785726
Hawthorne,2020-05-11,-0.6388327280680338,1.7102593580881755,0.0003654360771179199,293.71203804016113
Hawthorne,2020-05-12,0.4196898142496745,0.9637801249821981,0.0007853686808516613,291.8426793416341
Hawthorne,2020-05-13,0.8917992909749349,-1.108469009399414,0.0006173849105834961,288.3655363718669
Hawthorne,2020-05-14,0.040753682454427086,-0.7757629553476969,0.00017315149307250977,288.4227352142334
Hawthorne,2020-05-15,0.6055323282877604,-1.074785629908244,0.00014990866174002804,288.7628059387207
Hawthorne,2020-05-16,0.14511096477508545,-0.49874810377756756,0.0,289.18435923258465
Hawthorne,2020-05-17,-1.0755889813105266,1.8982394138971965,8.583068797918258e-07,291.79559961954754
Hawthorne,2020-05-18,-0.12555376688639322,4.6923909187316895,0.0,297.3194999694824
Hawthorne,2020-05-19,0.38201332092285156,2.8693061669667563,0.0023043453693389893,295.4065055847168
Hawthorne,2020-05-20,1.204964319864909,1.6206873257954915,0.0017004996537366424,287.80186525980633
Hawthorne,2020-05-21,0.9916019439697266,0.08095947901407878,0.0013554096221923828,287.18328221638996
Hawthorne,2020-05-22,0.028895060221354168,1.2840430339177449,6.574392318725586e-05,290.02485211690265
Hawthorne,2020-05-23,1.9486096700032551,-1.4586275418599446,0.008505567908287048,282.6859874725342
Hawthorne,2020-05-24,0.5709813435872396,-1.4548566738764446,0.00014847319386745994,284.9634316762288
Hawthorne,2020-05-25,0.17967096964518228,-0.961157480875651,1.946091651916504e-05,286.9538968404134
Hawthorne,2020-05-26,-0.20628039042154947,0.15675942103068033,1.7267087741856812e-06,289.95838101704913
Hawthorne,2020-05-27,0.032009124755859375,-0.9964180787404379,8.736848826629284e-05,294.7833506266276
Hawthorne,2020-05-28,-0.27264149983723956,-0.37761791547139484,8.600190142260544e-07,294.8182722727458
Hawthorne,2020-05-29,-0.7561696370442709,0.4847053686777751,1.4990568161010742e-05,297.115821202596
Hawthorne,2020-05-30,-2.0415426890055337,1.5024725596110027,0.0017846405505110852,298.63813336690265
Hawthorne,2020-05-31,-0.6432374318440756,1.4129854440689087,0.000881844758982453,297.0422890981038
Hawthorne,2020-06-01,0.1550286610921224,2.6194875637690225,0.0,298.4808152516683
Hawthorne,2020-06-02,0.8541463216145834,0.03979229927062988,8.388814194404404e-07,298.2210941314697
Hawthorne,2020-06-03,0.051432291666666664,-0.4008322556813558,0.00044156908984405163,296.9433364868164
Hawthorne,2020-06-04,-0.1496709187825521,0.7619711558024088,7.355213160309404e-06,297.47631645202637
Hawthorne,2020-06-05,-0.9995365142822266,1.7534360885620117,5.9604644775390625e-06,298.3521156311035
Hawthorne,2020-06-06,-1.6077473958333333,3.7401757637659707,0.001964842587142357,298.12989870707196
Hawthorne,2020-06-07,0.6692285140355428,0.4681352774302165,0.017523840069770813,286.74620819091797
Hawthorne,2020-06-08,1.8558565775553386,-1.408195932706197,0.004746615886688232,282.49890899658203
Hawthorne,2020-06-09,0.5986779530843099,-0.3855115572611491,0.0004142105578353039,286.2819569905599
Hawthorne,2020-06-10,-0.38553746541341144,0.24132482210795084,7.857680310507931e-05,289.4408206939697
Hawthorne,2020-06-11,-1.3975645701090496,0.9544828732808431,3.695487976074219e-05,292.8549321492513
Hawthorne,2020-06-12,-1.7246100107828777,2.1007588704427085,8.569718374928925e-07,296.6053695678711
Hawthorne,2020-06-13,0.05375544230143229,2.4071348110834756,0.0,296.9630896250407
Hawthorne,2020-06-14,1.5618699391682942,-1.2700341542561848,8.523463748133508e-07,292.0389868418376
Hawthorne,2020-06-15,-0.08469772338867188,0.5106242497762045,1.7107572034547047e-06,293.5408109029134
Hawthorne,2020-06-16,0.8495712280273438,-0.13790194193522134,0.0008469238060229145,294.43027369181317
Hawthorne,2020-06-17,1.6384423573811848,-1.5458049774169922,0.008023513375519542,287.9888776143392
Hawthorne,2020-06-18,0.5780436197916666,-1.432516098022461,1.9543142798283952e-05,288.5953909556071
Hawthorne,2020-06-19,0.7181975046793619,-0.6525890032450358,3.9171575281216064e-06,290.4931233723958
Hawthorne,2020-06-20,-0.12089347839355469,-0.22975552082061768,1.3665157894138247e-10,292.99158986409503
Hawthorne,2020-06-21,-0.10509427388509114,-0.011912027994791666,5.765498201526498e-06,295.88104883829754
Hawthorne,2020-06-22,0.6563695271809896,-1.2790762583414714,0.0,298.1984748840332
Hawthorne,2020-06-23,0.1510772705078125,-0.7117424011230469,0.0,296.47197914123535
Hawthorne,2020-06-24,-0.1308422088623047,-0.214401642481486,0.0,298.01355743408203
Hawthorne,2020-06-25,-0.036501566569010414,-0.3195161422093709,0.001364793773348083,298.48022715250653
Hawthorne,2020-06-26,0.19866053263346353,-0.929986317952474,0.00015040636062479962,297.4822629292806
Hawthorne,2020-06-27,-0.26649030049641925,0.356997807820638,0.0,297.8366305033366
Hawthorne,2020-06-28,0.40056800842285156,1.6797542572021484,6.317173233583162e-05,300.7442849477132
Hawthorne,2020-06-29,2.0208524068196616,-0.8976205587387085,0.011972447781431583,286.12181345621747
Hawthorne,2020-06-30,0.7787132263183594,0.7878962755203247,0.004924654960632324,288.00475947062176
Hawthorne,2020-07-01,-0.572350819905599,1.495321273803711,4.7445805837043054e-05,291.5035915374756
Hawthorne,2020-07-02,0.0976244608561198,1.8008153438568115,7.831065943264548e-06,297.07654698689777
Hawthorne,2020-07-03,-0.44628135363260907,1.6664125124613445,5.805492378385679e-06,298.33524894714355
Hawthorne,2020-07-04,-0.437881867090861,1.5916671355565388,7.033347060314554e-07,299.6200828552246
Hawthorne,2020-07-05,0.05655988057454427,-0.15965843200683594,1.5458690825198573e-05,299.36999193827313
Hawthorne,2020-07-06,-0.22748116652170816,0.0911865234375,1.7106532936850272e-06,299.12840843200684
Hawthorne,2020-07-07,0.3843715985616048,0.6562109788258871,5.364418029785156e-07,300.358580271403
Hawthorne,2020-07-08,0.5425230662027994,-0.8877255121866862,5.811452865600586e-06,298.62085660298663
Hawthorne,2020-07-09,-0.05927467346191406,0.28622206052144367,2.562910594861023e-06,297.9768149058024
Hawthorne,2020-07-10,0.10363960266113281,0.058321754137674965,2.980414137709886e-09,300.1472562154134
Hawthorne,2020-07-11,-0.23327128092447916,0.10294512907663982,8.52346317969932e-07,300.5236129760742
Hawthorne,2020-07-12,0.13248443603515625,0.11955841382344563,7.751584007564816e-06,302.0374348958333
Hawthorne,2020-07-13,0.20186297098795572,-0.2577533721923828,8.702277796146518e-07,300.847375869751
Hawthorne,2020-07-14,0.8148053487141927,-1.410537838935852,1.983046532672006e-05,299.81071790059406
Hawthorne,2020-07-15,0.43755467732747394,-1.0957926114400227,1.3027214436078793e-06,298.9753710428874
Hawthorne,2020-07-16,0.05266443888346354,0.07633447647094727,4.196166987213701e-06,299.7483838399251
Hawthorne,2020-07-17,-0.016053517659505207,1.3527386983235676,6.874203671713985e-05,301.8427505493164
Hawthorne,2020-07-18,0.43115234375,0.4126100540161133,9.34302806854248e-06,302.8322226206462
Hawthorne,2020-07-19,0.14129130045572916,-0.9737834930419922,4.2691826820373535e-05,301.7180754343669
Hawthorne,2020-07-20,0.26603905359903973,-0.9604595502217611,3.4586129800118215e-06,301.7202612559001
Hawthorne,2020-07-21,-0.004215240478515625,-0.3624604145685832,4.792213434967607e-06,300.80918248494464
Hawthorne,2020-07-22,-0.7408154805501302,0.6178261439005533,0.001379743218421936,299.8126392364502
Hawthorne,2020-07-23,-0.8044554392496744,1.734365701675415,0.0010375678539276123,298.29896354675293
Hawthorne,2020-07-24,-0.3444201151529948,1.8494606018066406,1.3047456736359209e-05,298.8148930867513
Hawthorne,2020-07-25,-0.2631715138753255,0.377072016398112,7.927417755126953e-06,299.15147908528644
Hawthorne,2020-07-26,-0.31103261311848956,-0.45306825637817383,0.0,300.35961023966473
Hawthorne,2020-07-27,-0.4204139709472656,-0.04750672976175944,2.765655512604326e-06,301.08857345581055
Hawthorne,2020-07-28,0.8021736145019531,0.04396549860636393,0.0005792602594851815,300.4028155008952
Hawthorne,2020-07-29,0.3919242223103841,-0.6414430141448975,0.0003095761242093431,300.3877811431885
Hawthorne,2020-07-30,-0.2201481262842814,-0.5004899104436239,1.7136334236056427e-06,300.97400856018066
Hawthorne,2020-07-31,-0.6863028208414713,0.2775187095006307,4.297233431316272e-07,302.34218152364093
Hawthorne,2020-08-01,-0.24133745829264322,0.5264343420664469,8.702277796146518e-07,303.37382825215656
Hawthorne,2020-08-02,-0.4332164525985718,-0.06501992543538411,0.0,303.5806573232015
Hawthorne,2020-08-03,0.12582778930664062,0.6409314473470052,0.0,303.14123662312824
Hawthorne,2020-08-04,0.7396132151285807,-1.1651782989501953,1.728015911339753e-05,302.8506959279378
Hawthorne,2020-08-05,-0.3205223083496094,0.7988952000935873,4.380941390991211e-06,301.17574946085614
Hawthorne,2020-08-06,-0.303097407023112,2.734656492869059,2.6159014225868304e-05,301.5910059611003
Hawthorne,2020-08-07,0.06844329833984375,2.014877518018087,0.0,300.36313883463544
Hawthorne,2020-08-08,0.03685760498046875,0.6646285454432169,0.0,299.128854115804
Hawthorne,2020-08-09,0.057515462239583336,0.3335723876953125,1.7172386037600518e-06,299.70970090230304
Hawthorne,2020-08-10,0.11869366963704427,0.1547778050104777,2.632011728564976e-07,300.1448268890381
Hawthorne,2020-08-11,-0.05950101216634115,0.7039477825164795,3.2776594157013506e-05,300.00070635477704
Hawthorne,2020-08-12,0.2552782694498698,0.5390206972757975,0.00013445615758200802,299.3512312571208
Hawthorne,2020-08-13,-0.2249584197998047,0.30231209595998126,1.7163153529509145e-06,299.26197624206543
Hawthorne,2020-08-14,0.2616159915924072,-0.7960611979166666,8.553265047339664e-07,301.7502606709798
Hawthorne,2020-08-15,-0.1576828956604004,-0.4828273455301921,0.0,299.3992347717285
Hawthorne,2020-08-16,-0.05758539835611979,-0.8199867804845175,0.0,300.57594362894696
Hawthorne,2020-08-17,-0.15423456827799478,-0.7775797843933105,0.0,301.9644406636556
Hawthorne,2020-08-18,-0.0389563242594401,-0.6058028141657511,0.0004892587661693426,302.2614396413167
Hawthorne,2020-08-19,0.03573417663574219,-0.38672077655792236,0.0006103544484581391,302.8960183461507
Hawthorne,2020-08-20,-0.4717032114664714,-0.5626128911972046,0.00014909406968399708,302.47388585408527
Hawthorne,2020-08-21,-0.2163874308268229,-0.22620940208435059,6.524236766836111e-06,301.4573402404785
Hawthorne,2020-08-22,-0.26061248779296875,0.2013866901397705,3.4246936273518713e-06,301.5310923258464
Hawthorne,2020-08-23,-0.8635393778483073,0.7622782389322916,0.00019936247364071846,301.5341091156006
Hawthorne,2020-08-24,-0.15254338582356772,0.8663084904352824,5.5909156799316406e-05,301.47126324971515
Hawthorne,2020-08-25,-0.15412012736002603,0.5606863896052042,0.00045880675315856934,302.11100641886395
Hawthorne,2020-08-26,-0.061840057373046875,0.8080010414123535,4.065334786673702e-05,301.41747029622394
Hawthorne,2020-08-27,0.11474494139353435,1.1821993986765544,0.0,301.9687836964925
Hawthorne,2020-08-28,0.44953425725301105,-0.7909615437189738,8.52346317969932e-07,299.8838342030843
Hawthorne,2020-08-29,0.2084662119547526,0.4252876440684001,0.0002298295497844549,299.5612080891927
Hawthorne,2020-08-30,0.14209111531575522,0.40013694763183594,2.9551982777320518e-05,298.5697886149089
Hawthorne,2020-08-31,1.2236035664876301,-1.2403147220611572,6.4253806044689554e-06,295.9393361409505
Hawthorne,2020-09-01,1.0635299682617188,-1.847859501838684,1.659989356994629e-05,290.81020228068036
Hawthorne,2020-09-02,0.29328664143880206,-0.3653581539789836,0.0,292.62714131673175
Hawthorne,2020-09-03,-0.2452411651611328,-0.2804681062698364,0.0,296.04491933186847
Hawthorne,2020-09-04,-0.20967864990234375,-0.11181294918060303,8.570413569941593e-07,297.7806987762451
Hawthorne,2020-09-05,-0.4550711313883464,0.07661946614583333,1.698198502708692e-06,299.0606269836426
Hawthorne,2020-09-06,-0.40028635660807294,-0.4004857937494914,1.2858401419180154e-06,300.33137766520184
Hawthorne,2020-09-07,0.7178471883138021,-0.1560349464416504,8.583068833445395e-07,302.3640937805176
Hawthorne,2020-09-08,-0.6756712595621744,-3.3242416381835938,0.00500709116448661,288.4155495961507
Hawthorne,2020-09-09,-1.3666292826334636,-2.113714257876078,1.1277198609604966e-05,282.58966700236004
Hawthorne,2020-09-10,-0.2911376953125,-0.9505752722422282,8.642672355563263e-07,286.51655197143555
Hawthorne,2020-09-11,-0.22258567810058594,0.4534660180409749,0.0,289.4665330251058
Hawthorne,2020-09-12,-0.5733820597330729,0.1782666047414144,0.0,292.54634920756024
Hawthorne,2020-09-13,-0.6329161326090494,0.3129691282908122,0.0,293.8250675201416
Hawthorne,2020-09-14,-0.7514470418294271,0.6601276397705078,8.52346317969932e-07,295.75548044840497
Hawthorne,2020-09-15,-0.5291105906168619,-0.10801060994466145,8.52346317969932e-07,295.8840840657552
Hawthorne,2020-09-16,-0.45212427775065106,-0.09511057535807292,0.0,295.51190694173175
Hawthorne,2020-09-17,-0.5353355407714844,0.25377972920735675,4.351138045421976e-07,295.94703483581543
Hawthorne,2020-09-18,-1.0984649658203125,1.341024398803711,3.0024913826309785e-06,296.22363471984863
Hawthorne,2020-09-19,0.17471440633138022,0.5526191790898641,0.0017520517110938272,294.90340487162274
Hawthorne,2020-09-20,0.0842272440592448,-0.6353842417399088,6.396630737981468e-06,292.02957852681476
Hawthorne,2020-09-21,-0.26578839619954425,0.2407477299372355,4.2319288695580326e-07,293.1091995239258
Hawthorne,2020-09-22,-0.8278700510660807,1.7602883179982503,4.1806697840485185e-05,296.0410219828288
Hawthorne,2020-09-23,-0.3875630696614583,0.48224671681722003,0.00017008185386657715,295.3237902323405
Hawthorne,2020-09-24,-0.5040105183919271,1.1661925315856934,0.0,295.74088923136395
Hawthorne,2020-09-25,0.23777643839518228,0.16976483662923178,4.351138045421976e-07,296.98399353027344
Hawthorne,2020-09-26,0.4436492919921875,-0.5632625818252563,0.0,295.3429438273112
Hawthorne,2020-09-27,1.5749759674072266,-2.2055526971817017,4.351138045421976e-07,288.26545906066895
Hawthorne,2020-09-28,0.46483739217122394,-1.3336009581883748,0.0,288.09507751464844
Hawthorne,2020-09-29,0.008414586385091146,-0.1982091267903646,1.2809094300791912e-06,287.65324846903485
Hawthorne,2020-09-30,-0.1741504669189453,-0.4657980600992839,5.039572670284542e-06,289.5178960164388
Hawthorne,2020-10-01,-0.3306891123453776,-0.5783164898554484,0.0,290.709685643514
Hawthorne,2020-10-02,-0.41129493713378906,-0.05021870136260986,0.0,290.6280155181885
Hawthorne,2020-10-03,-0.21360460917154947,-0.26694297790527344,1.2934207802572928e-06,290.99315706888837
Hawthorne,2020-10-04,-0.47280629475911456,0.30380042394002277,0.0,290.8897953033447
Hawthorne,2020-10-05,-0.6138553619384766,0.09009679158528645,0.0,292.1887563069661
Hawthorne,2020-10-06,-0.6391626993815104,-0.012548685073852539,8.52346317969932e-07,291.18629773457843
Hawthorne,2020-10-07,-0.9074560801188151,0.2671552499135335,0.0,290.9239781697591
Hawthorne,2020-10-08,-0.8621069590250651,0.900840957959493,2.5722607119860186e-06,292.4194920857747
Hawthorne,2020-10-09,-0.4736531575520833,0.7076129913330078,7.063150064823276e-07,293.55888811747235
Hawthorne,2020-10-10,-0.5064614613850912,1.8253233830134075,0.0,292.4152139027913
Hawthorne,2020-10-11,1.988442103068034,-1.3477571407953899,0.00673496127128459,288.34012095133465
Hawthorne,2020-10-12,-0.22366968790690103,1.3121142387390137,3.0141636671032757e-06,285.2467390696208
Hawthorne,2020-10-13,-0.43850040435791016,0.831671675046285,4.3580138253673795e-07,290.0443166097005
Hawthorne,2020-10-14,0.8797047932942709,-0.5530789693196615,0.00011163949966430664,291.38705317179364
Hawthorne,2020-10-15,1.307426889737447,-1.3493540287017822,0.0,284.01231892903644
Hawthorne,2020-10-16,-0.058184544245402016,0.31731824080149335,8.380974350075121e-07,282.7466526031494
Hawthorne,2020-10-17,-0.0020116170247395835,0.8995924790700277,1.2834256608584838e-06,286.5231876373291
Hawthorne,2020-10-18,-0.03941535949707031,0.3107079267501831,5.960430371487746e-09,289.6149597167969
Hawthorne,2020-10-19,-0.0818023681640625,0.27631203333536786,1.2872200727542804e-06,290.3755366007487
Hawthorne,2020-10-20,-0.17656707763671875,0.15820391972859701,0.0,289.0069115956624
Hawthorne,2020-10-21,-0.3679815928141276,0.6753771702448527,4.351138045421976e-07,289.14423116048175
Hawthorne,2020-10-22,1.2786649068196614,-1.2584773302078247,4.261732087229575e-07,283.8494071960449
Hawthorne,2020-10-23,0.3762107292811076,-0.0835729440053304,8.70227722771233e-07,279.57345898946124
Hawthorne,2020-10-24,-0.3102588653564453,0.9139626423517863,0.0,281.85400772094727
Hawthorne,2020-10-25,1.374962568283081,-1.8375852902730305,0.003298554945217802,278.861821492513
Hawthorne,2020-10-26,0.0696423848470052,-2.6723448435465493,3.996535417627456e-05,270.28711827596027
Hawthorne,2020-10-27,0.2591870625813802,-0.9085232019424438,1.1747204098355724e-08,273.26428095499676
Hawthorne,2020-10-28,-0.3058592478434245,-0.2607892354329427,0.0,274.9082489013672
Hawthorne,2020-10-29,-0.8463897705078125,0.25510772069295246,8.583068797918258e-07,277.68683433532715
Hawthorne,2020-10-30,-1.1845035155614216,0.8352375427881876,3.4405547921778634e-06,280.2752691904704
Hawthorne,2020-10-31,-0.6271820068359375,0.7074629465738932,8.52346317969932e-07,284.2900250752767
Hawthorne,2020-11-01,-0.890594482421875,0.0903002421061198,0.0,281.7553901672363
Hawthorne,2020-11-02,-1.0590909322102864,0.1451257069905599,4.351138613856165e-07,282.56877581278485
Hawthorne,2020-11-03,-1.0227993726730347,0.2784544626871745,7.905364026328243e-05,284.5144437154134
Hawthorne,2020-11-04,-0.9659316539764404,0.535254955291748,1.7106532368416083e-06,286.05738321940106
Hawthorne,2020-11-05,-1.219655712445577,0.6048672993977865,1.78813479578821e-08,285.66919835408527
Hawthorne,2020-11-06,-2.1310509045918784,1.9448604583740234,3.4433696782798506e-06,287.3133850097656
Hawthorne,2020-11-07,-2.1322657267252603,2.3280635674794516,0.0037604123353389696,288.3464075724284
Hawthorne,2020-11-08,-0.2849922180175781,3.0077033042907715,0.00932641327381134,278.487060546875
Hawthorne,2020-11-09,0.4621938069661458,-0.38474265734354657,0.0029875874518552337,272.92931365966797
Hawthorne,2020-11-10,-0.6194178263346354,1.6430952946345012,0.0008367374724116416,270.8684666951497
Hawthorne,2020-11-11,-0.9473946889241537,1.565167784690857,0.001122912938171794,272.2724952697754
Hawthorne,2020-11-12,-0.8881174723307291,0.9493233362833658,0.0015742957590987317,271.57114028930664
Hawthorne,2020-11-13,-2.2312234242757163,1.7881564299265544,7.142424578887585e-05,270.80440012613934
Hawthorne,2020-11-14,1.7625363667805989,0.302167812983195,0.009184825420334164,276.34060859680176
Hawthorne,2020-11-15,-1.8509667714436848,1.8293129205703735,0.0001988918190249933,275.0251324971517
Hawthorne,2020-11-16,-1.6723238627115886,0.9433304866154989,9.314210751654173e-05,279.1404628753662
Hawthorne,2020-11-17,-2.7870774269104004,1.5550225973129272,3.8575223584302876e-06,278.93710772196454
Hawthorne,2020-11-18,-1.584445317586263,2.683747490247091,0.00043051242823821667,285.1101900736491
Hawthorne,2020-11-19,-0.12395985921223958,-0.6955051422119141,0.0012422353029251099,280.8744608561198
Hawthorne,2020-11-20,-1.0859076182047527,-0.3675088087717692,0.0,274.6664498647054
Hawthorne,2020-11-21,-0.7763258616129557,-0.34506499767303467,1.3142823149792093e-06,272.8441155751546
Hawthorne,2020-11-22,-1.2119496663411458,0.1022875706354777,5.960464477539063e-08,270.8516654968262
Hawthorne,2020-11-23,-0.9105695088704427,-0.19190871715545654,0.00021055340766906738,272.399653116862
Hawthorne,2020-11-24,0.20730717976888022,-0.5311771631240845,0.00043874680994804294,273.98415501912433
Hawthorne,2020-11-25,-1.163424809773763,0.9745277563730875,2.253571551591449e-06,272.85000737508136
Hawthorne,2020-11-26,0.8450615406036377,-1.5695077578226726,0.0009673833847045898,273.87233289082843
Hawthorne,2020-11-27,-0.5142218271891276,-0.5563583374023438,1.4007091522216797e-06,270.03302637736004
Hawthorne,2020-11-28,-0.7637741565704346,0.10625219345092773,4.649161269298929e-07,270.1633892059326
Hawthorne,2020-11-29,-0.8595802783966064,-0.15177448590596518,8.940696716308594e-08,270.9930934906006
Hawthorne,2020-11-30,-1.5069363911946614,0.7197349071502686,4.351138045421976e-07,271.3151206970215
Hawthorne,2020-12-01,0.4273202021916707,-0.8866194089253744,0.00016701221466064453,274.6888682047526
Hawthorne,2020-12-02,-0.9310787121454874,-0.2784474690755208,2.515315827622544e-06,270.44598325093585
Hawthorne,2020-12-03,-1.0448977152506511,-0.20695622762044272,5.959918780717999e-09,268.64961496988934
Hawthorne,2020-12-04,-0.8844480514526367,-0.28193314870198566,9.000300451589283e-07,268.48567390441895
Hawthorne,2020-12-05,-0.9385967254638672,-0.10055657227834065,5.684341886080802e-14,269.5397211710612
Hawthorne,2020-12-06,-1.3533465067545574,0.16149508953094482,1.2993811537853617e-06,270.95666058858234
Hawthorne,2020-12-07,-1.0367800394694011,-0.31565916538238525,0.0,270.8402627309163
Hawthorne,2020-12-08,-1.1597582499186199,-0.08005777994791667,0.0,270.85298983256024
Hawthorne,2020-12-09,-1.4903271993001301,0.31023677190144855,8.583068833445395e-07,270.7488663991292
Hawthorne,2020-12-10,-0.626104990641276,-0.2789921760559082,0.0,272.03625170389813
Hawthorne,2020-12-11,-0.5822906494140625,0.2303816874821981,0.001373642683024201,269.87954902648926
Hawthorne,2020-12-12,-0.5561472574869791,-0.4187808036804199,0.003198385238647461,269.74282773335773
Hawthorne,2020-12-13,-1.4510908126831055,0.7550700902938843,4.484057421905163e-05,266.5233688354492
Hawthorne,2020-12-14,-0.2049488623936971,0.026820063591003418,0.0022747248410155407,270.92458470662433
Hawthorne,2020-12-15,0.12503174940745035,0.23481198151906332,0.0005299746990203857,268.93469683329266
Hawthorne,2020-12-16,-1.1887969970703125,1.3189083735148113,0.0005528599022568415,270.9508196512858
Hawthorne,2020-12-17,-1.9405962626139324,1.3956711292266846,0.003418403863804542,271.73213322957355
Hawthorne,2020-12-18,0.7307263215382894,-0.46823275089263916,0.006398516893284523,272.56594467163086
Hawthorne,2020-12-19,-1.6223602294921875,1.1600261529286702,7.12275505065918e-06,267.8658612569173
Hawthorne,2020-12-20,-1.925255576769511,1.4710572560628254,5.533695220449886e-05,269.53294881184894
Hawthorne,2020-12-21,-1.6254370212554932,1.501197059949239,2.9787671337544452e-05,276.23657925923663
Hawthorne,2020-12-22,-0.8239351908365885,0.906233549118042,0.0017653969407547265,272.90298652648926
Hawthorne,2020-12-23,1.2953834533691406,-0.9976806243260702,0.0015737295149733654,269.26843579610187
Hawthorne,2020-12-24,-1.5398401419321697,0.6023666063944498,4.351138045421976e-07,262.46302541097003
Hawthorne,2020-12-25,-1.6414304574330647,0.364566167195638,1.2845866876887158e-06,264.24626032511395
Hawthorne,2020-12-26,-1.7720044453938801,0.7704645792643229,0.00159462381651565,268.8533566792806
Hawthorne,2020-12-27,-0.5135650634765625,0.5132331848144531,0.001649621128990475,273.8270689646403
Hawthorne,2020-12-28,-1.8491098880767822,-0.09264691670735677,0.0020285427569319836,266.43170801798504
Hawthorne,2020-12-29,-0.45561472574869794,-0.4863109588623047,0.0017242104180468232,268.38143793741864
Hawthorne,2020-12-30,-1.5107899904251099,0.8709571361541748,1.3160705464088096e-05,264.7336953481038
Hawthorne,2020-12-31,-1.0954890648523967,0.32765865325927734,0.0006786500143789453,268.7259051005046
Hawthorne,2021-01-01,-0.5876314242680868,0.07746378580729167,0.0001445859670639038,267.2919387817383
Hawthorne,2021-01-02,-1.3733033736546834,0.9888581037521362,9.742379188537598e-05,266.45514424641925
Hawthorne,2021-01-03,-1.8382765849431355,1.5516510009765625,0.0023750901222179266,269.3473892211914
Hawthorne,2021-01-04,-2.054751714070638,1.2942803700764973,0.0001964896916319958,270.86183102925617
Hawthorne,2021-01-05,-0.1354058583577474,0.47084256013234455,0.004259902238743507,275.06097412109375
Hawthorne,2021-01-06,-1.601166009902954,0.7141055663426717,3.823637960920223e-06,267.8232313791911
Hawthorne,2021-01-07,-1.3763534625371296,0.3841414451599121,0.0,269.9944928487142
Hawthorne,2021-01-08,-1.6255295276641846,0.5502535502115885,8.583068797918258e-07,268.17118136088055
Hawthorne,2021-01-09,-0.5024327437082926,-0.47284968694051105,0.00010896070614307973,271.3599745432536
Hawthorne,2021-01-10,-0.9998162587483724,0.4693092505137126,2.5637805492806365e-05,266.63161277770996
Hawthorne,2021-01-11,-1.2731393178304036,0.518438975016276,2.780556656034605e-06,264.5434144337972
Hawthorne,2021-01-12,-1.501936435699463,0.6894646883010864,2.572633036379557e-06,267.3576424916585
Hawthorne,2021-01-13,-1.5416145324707031,1.3625601132710774,0.0005544453858306042,274.431250890096
Hawthorne,2021-01-14,-0.177154541015625,-0.09236737092336018,0.0012018412350585095,274.52935791015625
Hawthorne,2021-01-15,-1.639330546061198,0.7968746423721313,0.0,269.1423034667969
Hawthorne,2021-01-16,-0.6085898081461588,0.21072177092234293,0.00020965933799743652,274.63500022888184
Hawthorne,2021-01-17,-1.3662598927815754,0.9294376373291016,0.0,271.7743746439616
Hawthorne,2021-01-18,-0.026918411254882812,-0.3274456262588501,0.0009925097226073376,274.6298548380534
Hawthorne,2021-01-19,-1.260841727256775,-0.40098591645558673,0.00021611154079437256,268.80466079711914
Hawthorne,2021-01-20,-1.4623336791992188,0.6828509966532389,0.0,269.168207804362
Hawthorne,2021-01-21,-1.5463390350341797,1.1332459847132366,5.602836608886719e-06,271.74527168273926
Hawthorne,2021-01-22,-1.6750336090723674,1.4681120316187541,0.00013682246208190918,274.48963292439777
Hawthorne,2021-01-23,-0.5376685460408529,1.7499744097391765,0.00973414182652732,274.804786046346
Hawthorne,2021-01-24,0.24199549357096353,-0.13705639044443765,0.0038100332021713257,271.95415687561035
Hawthorne,2021-01-25,-1.1352952321370442,0.46462297439575195,0.00012949109077453613,268.2152551015218
Hawthorne,2021-01-26,-1.0735123952229817,0.23705736796061197,0.0021421045063902966,267.29748662312824
Hawthorne,2021-01-27,-1.6240577697753906,2.211915969848633,0.0004806846379210583,267.454548517863
Hawthorne,2021-01-28,-2.408396005630493,1.900593360265096,0.0009471625088508517,273.2521495819092
Hawthorne,2021-01-29,-2.1705748240152993,1.4650395313898723,0.00012776482452636628,273.75564511617023
Hawthorne,2021-01-30,0.11193529764811198,0.9014104207356771,0.005868451890876258,274.33211008707684
Hawthorne,2021-01-31,-1.5916754404703777,0.6708990732828776,8.034706013404502e-06,268.07637786865234
Hawthorne,2021-02-01,-1.9571514129638672,0.763087789217631,1.2818524055546732e-06,269.22193908691406
Hawthorne,2021-02-02,-1.9803072611490886,1.4646324316660564,1.2814997489840607e-06,273.98828442891437
Hawthorne,2021-02-03,-0.3607921600341797,1.1546250581741333,0.006542525167731128,276.65979385375977
Hawthorne,2021-02-04,0.7389977773030599,-0.4027945200602214,0.002046689391079326,272.6346950531006
Hawthorne,2021-02-05,-0.9870948791503906,1.560207486152649,0.0028960824012074227,270.9026794433594
Hawthorne,2021-02-06,-0.6695588429768881,1.5382126569747925,0.0017384814057095355,272.91371726989746
Hawthorne,2021-02-07,-0.5234324137369791,1.4330223401387532,1.5169632092693064e-06,276.2007420857747
Hawthorne,2021-02-08,-0.7699998219807943,1.4287681579589844,8.634472692392592e-07,277.03487968444824
Hawthorne,2021-02-09,-0.8458398183186849,1.2257964611053467,0.0004296839236985761,277.2863089243571
Hawthorne,2021-02-10,-0.6978772481282552,1.315564473470052,0.0010455399751663208,275.8234265645345
Hawthorne,2021-02-11,-0.5451246897379557,1.2366625467936199,0.0002255380153641795,277.01995786031085
Hawthorne,2021-02-12,-0.36976051330566406,1.4222977956136067,0.008406850695507728,276.759760538737
Hawthorne,2021-02-13,-0.42842674255371094,0.7942321300506592,0.010794776677983009,275.4982515970866
Hawthorne,2021-02-14,0.5802099307378134,-1.2946703433990479,0.007944063893774,270.34031740824383
Hawthorne,2021-02-15,-1.38347331682841,1.676599343617757,0.0036617212215332984,268.57914543151855
Hawthorne,2021-02-16,-0.02207501729329427,0.5555706024169922,0.013890984654324257,271.86618487040204
Hawthorne,2021-02-17,1.69020410378774,-0.7638739347457886,0.007678887247948296,270.1948159535726
Hawthorne,2021-02-18,-0.4522819519042969,0.7589496374130249,0.00023240149010916866,267.9931818644206
Hawthorne,2021-02-19,-1.5689488649368286,1.8570789496103923,0.002330988645553589,269.4756107330322
Hawthorne,2021-02-20,-0.695164163907369,0.2622831662495931,0.004250660538673401,273.97130584716797
Hawthorne,2021-02-21,0.8313827514648438,-0.3376445770263672,0.0006702840328216553,271.72259457906085
Hawthorne,2021-02-22,-1.2147884368896484,1.2818154493967693,8.510228667546471e-06,271.1615924835205
Hawthorne,2021-02-23,-0.7327912648518881,0.3495035568873088,6.812809829170874e-06,272.54546483357746
Hawthorne,2021-02-24,-0.7201010386149088,-0.39929795265197754,0.00014469325532218136,271.30704434712726
Hawthorne,2021-02-25,-0.12701205412546793,-0.326848824818929,0.00017373263835906982,269.114439646403
Hawthorne,2021-02-26,-0.9682388703028361,1.9314299027125041,0.0002754658459593884,270.09814262390137
Hawthorne,2021-02-27,0.5781281789143881,0.07090922196706136,0.003453470306340023,270.4524790445964
Hawthorne,2021-02-28,-0.21190770467122397,0.12869898478190103,0.0004209786652609182,268.90679931640625
Hawthorne,2021-03-01,-1.125833511352539,0.8868076801300049,4.351138045421976e-07,267.65498606363934
Hawthorne,2021-03-02,-1.8064467112223308,1.1091711123784382,0.0,269.9422016143799
Hawthorne,2021-03-03,-1.946786880493164,0.8297776381174723,0.0,272.4548168182373
Hawthorne,2021-03-04,-1.5257975260416667,1.055606206258138,0.0012779563664366833,274.73783747355145
Hawthorne,2021-03-05,-1.5358619689941406,1.027923583984375,1.2904405366498395e-06,274.95026206970215
Hawthorne,2021-03-06,-2.36586062113444,1.729814926783244,0.0,275.8817990620931
Hawthorne,2021-03-07,-0.5639235178629557,0.008307576179504395,1.2874602361989673e-06,279.01723035176593
Hawthorne,2021-03-08,-1.816836675008138,1.8933306535085042,4.4107436991680515e-07,280.1550178527832
Hawthorne,2021-03-09,0.6221815745035807,-0.5004573265711466,0.00018453598022460938,278.14463996887207
Hawthorne,2021-03-10,0.3663260142008464,0.8270248174667358,0.001650732755649642,274.45960934956867
Hawthorne,2021-03-11,-0.799462636311849,0.41082147757212323,0.0019990265369074223,274.82679812113446
Hawthorne,2021-03-12,-1.2147223154703777,-0.9218013286590576,0.00046181678771972656,272.5929234822591
Hawthorne,2021-03-13,-0.5912914276123047,-0.9218578338623047,0.003413565661503526,273.6885573069255
Hawthorne,2021-03-14,0.1919987996419271,-1.1867529948552449,0.0007134123927698965,277.3218542734782
Hawthorne,2021-03-15,-1.1360677083333333,1.8177541097005208,3.867342002195073e-09,278.1494782765706
Hawthorne,2021-03-16,-0.6357591152191162,-0.035842180252075195,0.0009450316429138184,278.29019292195636
Hawthorne,2021-03-17,-0.4928448597590129,0.706831177075704,0.0008475065230868495,278.4232012430827
Hawthorne,2021-03-18,-1.2963708241780598,1.621256430943807,2.4113058941566123e-05,279.7013765970866
Hawthorne,2021-03-19,-1.648384730021159,2.193773110707601,3.003499841724988e-06,281.5080445607503
Hawthorne,2021-03-20,-0.2118523915608724,1.1884714762369792,0.009588050842239682,281.0524609883626
Hawthorne,2021-03-21,0.9393901824951172,-0.7290597359339396,0.0029428362845465017,275.81031036376953
Hawthorne,2021-03-22,-0.15435409545898438,0.31674830118815106,0.0005591660737991333,273.74942715962726
Hawthorne,2021-03-23,-0.09419441223144531,-0.9533729553222656,0.0013765573500563733,275.14085451761883
Hawthorne,2021-03-24,0.016661961873372395,-1.4562784830729167,0.00032429695119162716,274.4569911956787
Hawthorne,2021-03-25,-0.6558958689371744,1.3982574939727783,0.001216313242821343,276.0980218251546
Hawthorne,2021-03-26,1.281746546427409,-0.8807367483774821,0.008026891946787629,275.35387992858887
Hawthorne,2021-03-27,0.14836438496907553,0.0073693593343098955,5.225575762324297e-05,277.5645751953125
Hawthorne,2021-03-28,-1.0439605712890625,1.7283280690511067,1.2806219729100121e-06,278.75501823425293
Hawthorne,2021-03-29,-0.1265405019124349,0.679962158203125,0.0001667992224270165,279.33576520284015
Hawthorne,2021-03-30,1.2729536692301433,-1.7131837209065754,6.68793915679089e-05,274.19530359903973
Hawthorne,2021-03-31,-0.6735852559407552,0.5727011362711588,2.4825880586831772e-06,274.59071159362793
Hawthorne,2021-04-01,-1.1102860768636067,0.6653358141581217,1.7010105466397363e-06,277.66485087076825
Hawthorne,2021-04-02,-1.4376850128173828,1.2646536429723103,8.753334554967296e-07,282.32359568277997
Hawthorne,2021-04-03,-1.4297409057617188,1.1639734109242756,3.6765966001439665e-05,284.89358202616376
Hawthorne,2021-04-04,-1.2649733225504558,1.2413215637207031,1.750480606688143e-05,287.3187777201335
Hawthorne,2021-04-05,-0.7664324442545573,0.5158354441324869,0.00043367397910287764,286.2365582784017
Hawthorne,2021-04-06,2.1542735497156777,-0.607763926188151,0.010655516386030683,278.71005884806317
Hawthorne,2021-04-07,-1.026519815127055,1.0013796488444011,3.0547380447387695e-06,278.85956954956055
Hawthorne,2021-04-08,-0.4652169545491536,-0.19532903035481772,0.0,281.9966297149658
Hawthorne,2021-04-09,1.1903050740559895,-1.4256799618403118,0.0,280.86678314208984
Hawthorne,2021-04-10,-0.5683479309082031,0.45091692606608075,0.0,280.809534072876
Hawthorne,2021-04-11,1.293905258178711,-1.3379936218261719,4.351138613856165e-07,282.0474313100179
Hawthorne,2021-04-12,0.23272740840911865,-0.7861207326253256,1.29405162851981e-06,280.0431842803955
Hawthorne,2021-04-13,-1.441558837890625,-0.3525601625442505,0.0007719516996367304,279.24613126118976
Hawthorne,2021-04-14,-1.3470452626546223,-0.22242367267608643,0.012794214487030331,278.8042112986247
Hawthorne,2021-04-15,0.4310493469238281,-0.9156706730524699,0.004542398502280776,277.9871184031169
Hawthorne,2021-04-16,0.22559738159179688,-0.3061663309733073,0.001988440823936344,279.0918731689453
Hawthorne,2021-04-17,-1.1431681315104167,-1.4415644804636638,3.6025047297272295e-05,278.521525700887
Hawthorne,2021-04-18,-0.5386587778727213,-0.7457135518391927,4.351138045421976e-07,280.10598436991376
Hawthorne,2021-04-19,0.3838621775309245,0.4838169415791829,0.00045496225357055664,282.7290732065837
Hawthorne,2021-04-20,0.12069066365559895,-1.0176556905110676,5.27501106262207e-06,280.3726514180501
Hawthorne,2021-04-21,-1.3184490203857422,-0.8054705063501993,0.0017779916524887085,280.1394755045573
Hawthorne,2021-04-22,-0.35658764839172363,-0.6218744913736979,1.6260902668818744e-05,281.02297592163086
Hawthorne,2021-04-23,-0.17000261942545572,-0.08339365323384602,0.000455408221853304,282.5809268951416
Hawthorne,2021-04-24,-0.9789040883382162,1.4751047293345134,0.0002730697393076298,283.44758796691895
Hawthorne,2021-04-25,-0.12345441182454427,-0.06423580646514893,0.00017828407379738564,283.8499285380046
Hawthorne,2021-04-26,0.5257002512613932,0.023510257403055828,0.012590140104293823,280.6332213083903
Hawthorne,2021-04-27,0.6809577941894531,-1.5873998006184895,0.001895933683840667,279.73780059814453
Hawthorne,2021-04-28,0.3185696601867676,-1.5591166814168294,1.4099478619300498e-05,283.2081762949626
Hawthorne,2021-04-29,-0.3521606922149658,-0.5088898738225301,8.583068797918258e-07,283.97002092997235
Hawthorne,2021-04-30,-0.8215223948160807,0.3319799502690633,4.351138045421976e-07,287.4541320800781
Hawthorne,2021-05-01,-0.9936860402425131,0.9095283349355062,0.00011587142944335938,290.84381103515625
Hawthorne,2021-05-02,1.5785541534423828,-1.5796696345011394,0.0020394325256347656,287.74187151590985
Hawthorne,2021-05-03,0.7116247812906901,-1.9743242263793945,0.0014378815889308783,284.87865193684894
Hawthorne,2021-05-04,0.40760231018066406,-0.2259622017542521,5.9479475016388506e-05,285.0534845987956
Hawthorne,2021-05-05,-0.10315004984537761,-0.5754767656326294,8.52346317969932e-07,287.88150151570636
Hawthorne,2021-05-06,-1.2876047293345134,0.8673705657323202,8.52346317969932e-07,287.8178628285726
Hawthorne,2021-05-07,-0.6611766815185547,2.0769224166870117,0.00020083189010122737,292.1775646209717
Hawthorne,2021-05-08,1.9232246081034343,-2.0760419368743896,0.001685306429862976,285.8968391418457
Hawthorne,2021-05-09,1.275033950805664,-0.8992519378662109,8.589090055011184e-05,283.92538833618164
Hawthorne,2021-05-10,1.1335900624593098,-0.911863366762797,0.002082071820098008,283.4434706370036
Hawthorne,2021-05-11,1.1296412150065105,-0.8010616302490234,5.095601079574408e-05,284.66977310180664
Hawthorne,2021-05-12,-0.2069721221923828,0.22697754700978598,1.7195939676639682e-06,285.82261721293133
Hawthorne,2021-05-13,-0.4620215098063151,-0.00294645627339681,0.00011070816043456944,289.48261070251465
Hawthorne,2021-05-14,-0.47148577372233075,-0.14750421047210693,1.4438331788824144e-05,292.09339269002277
Hawthorne,2021-05-15,-0.47495460510253906,-0.3025229374567668,0.0004416377742018085,292.0186519622803
Hawthorne,2021-05-16,-0.7920875549316406,-0.852264404296875,0.004555186834977576,290.414306640625
Hawthorne,2021-05-17,-0.08668581644694011,-0.5758724212646484,0.0007874697445799939,288.466007232666
Hawthorne,2021-05-18,-0.3382574717203776,-0.434751033782959,9.17404890579121e-05,291.13443692525226
Hawthorne,2021-05-19,-0.20043373107910156,1.0678186813990276,4.341602324942073e-05,293.00753847757977
Hawthorne,2021-05-20,0.9191513061523438,0.0006356239318847656,0.00010843873019439343,292.2539710998535
Hawthorne,2021-05-21,1.4399712880452473,-0.5253897905349731,0.005436375737190247,286.759573618571
Hawthorne,2021-05-22,0.35425567626953125,0.7010211944580078,0.00033611059188842773,285.4962018330892
Hawthorne,2021-05-23,0.7423661549886068,1.272403081258138,0.007411330938339233,284.3561484018962
Hawthorne,2021-05-24,0.5259831746419271,1.024559497833252,0.0035894309254338452,284.2614943186442
Hawthorne,2021-05-25,-0.49547767639160156,0.781402587890625,0.00013023614883422852,288.4405148824056
Hawthorne,2021-05-26,0.7085641225179037,-1.6003926595052083,0.0002676113837765115,289.8904635111491
Hawthorne,2021-05-27,-0.375851313273112,-0.10420163472493489,0.0,289.1336784362793
Hawthorne,2021-05-28,-0.16402371724446616,-0.41945457458496094,2.6524066925048828e-05,291.92503865559894
Hawthorne,2021-05-29,0.6600087483723959,-1.6892204284667969,2.1785497665405273e-05,293.05119196573895
Hawthorne,2021-05-30,0.33365821838378906,-1.1728566487630208,1.9121169998470577e-05,292.8285160064697
Hawthorne,2021-05-31,-0.023532867431640625,-1.0449879964192708,2.2917985916137695e-05,293.6310291290283
Hawthorne,2021-06-01,0.04074358940124512,-0.8484252691268921,1.2713479122794524e-06,294.8796844482422
Hawthorne,2021-06-02,-0.31335119406382245,-0.7479604085286459,4.947185516357422e-06,295.9463710784912
Hawthorne,2021-06-03,-0.25371678670247394,-0.5294474363327026,1.5453902051376645e-06,298.1064879099528
Hawthorne,2021-06-04,-0.19757461547851562,-0.30025482177734375,5.9604644775390625e-06,299.6172739664714
Hawthorne,2021-06-05,0.18067864576975504,0.12480926513671875,7.113218306997737e-05,300.6831480662028
Hawthorne,2021-06-06,0.9366963704427084,-0.3558832009633382,1.6391277348759559e-06,298.97964159647626
Hawthorne,2021-06-07,0.6493797302246094,1.646763801574707,4.947185516357422e-06,299.98776054382324
Hawthorne,2021-06-08,0.1417865753173828,3.6615683237711587,9.507238854666866e-05,299.327818552653
Hawthorne,2021-06-09,-0.12205191453297932,3.920509417851766,0.0,298.95013936360675
Hawthorne,2021-06-10,1.8987630208333333,1.2667393287022908,2.135336399078369e-05,295.91931025187176
Hawthorne,2021-06-11,0.6933860778808594,-0.9662845929463705,0.0,290.15557289123535
Hawthorne,2021-06-12,-0.12365404764811198,-0.3240822156270345,1.2516975402832031e-06,294.1390838623047
Hawthorne,2021-06-13,-0.5263767242431641,0.4676777124404907,8.52346317969932e-07,298.40710830688477
Hawthorne,2021-06-14,-0.4752356211344401,2.2819273471832275,0.0,302.16091601053876
Hawthorne,2021-06-15,-0.35880088806152344,2.952242294947306,8.467811198897834e-07,303.588415145874
Hawthorne,2021-06-16,1.043731689453125,-0.12002273400624593,3.181695927878536e-05,304.11298688252765
Hawthorne,2021-06-17,0.20147577921549478,-0.8403876225153605,2.142786968306609e-06,301.3046525319417
Hawthorne,2021-06-18,-0.177276611328125,-0.039283553759256996,1.1920928955078125e-05,302.00007756551105
Hawthorne,2021-06-19,0.7108720143636068,-0.5537948608398438,3.053495845506404e-05,302.8728834788005
Hawthorne,2021-06-20,1.1869208017985027,-1.0600159962972004,1.722058641462354e-06,302.9438667297363
Hawthorne,2021-06-21,0.4771436055501302,-0.7273853222529093,0.0,301.03621673583984
Hawthorne,2021-06-22,-0.18059158325195312,1.3687119483947754,0.0,301.3138478597005
Hawthorne,2021-06-23,0.6554857889811198,1.4985575278600056,0.00013845039796933634,301.979777654012
Hawthorne,2021-06-24,0.365322748819987,0.746572216351827,0.006263843178714978,297.2774149576823
Hawthorne,2021-06-25,0.3270702362060547,0.15345382690429688,0.000370151147933484,295.3113873799642
Hawthorne,2021-06-26,0.1085357666015625,-1.4257462819417317,3.282725811004639e-05,296.85495948791504
Hawthorne,2021-06-27,-0.05050086975097656,-0.7071050008138021,0.0,297.47183163960773
Hawthorne,2021-06-28,-0.527014414469401,-0.5773646036783854,0.00010387897481223263,298.30124282836914
Hawthorne,2021-06-29,-1.106209437052409,-0.1287997563680013,1.0767579073700517e-05,298.86035410563153
Hawthorne,2021-06-30,-1.0586189031600952,0.8711082537968954,0.0008354663847853772,298.3930606842041
Hawthorne,2021-07-01,-0.7265313466389974,0.5614155133565267,0.0007797330617904663,298.28090985616046
Hawthorne,2021-07-02,-0.08401171366373698,-0.18021416664123535,7.346272468566895e-05,300.1457525889079
Hawthorne,2021-07-03,-0.21875762939453125,0.0819304386774699,0.00031095147124915457,300.74522654215497
Hawthorne,2021-07-04,-0.027729034423828125,-0.10686429341634114,4.9746626757496415e-05,302.05644035339355
Hawthorne,2021-07-05,1.1345744132995605,-0.5973962545394897,4.3362889186937537e-05,302.2151533762614
Hawthorne,2021-07-06,0.057628631591796875,-0.96703040599823,0.0,301.6663653055827
Hawthorne,2021-07-07,-0.08057530721028645,0.2940751314163208,1.677870745453447e-06,302.82614008585614
Hawthorne,2021-07-08,0.027730941772460938,-0.0825283130009969,1.0212723395852663e-06,303.4817314147949
Hawthorne,2021-07-09,0.2629203796386719,-0.8884869416554769,1.2814997489840607e-06,305.05580647786456
Hawthorne,2021-07-10,0.43520228068033856,-0.9263076782226562,8.52346317969932e-07,303.6532147725423
Hawthorne,2021-07-11,-0.03352038065592448,-0.252392053604126,8.52346317969932e-07,303.00462341308594
Hawthorne,2021-07-12,0.04858970642089844,-0.22300346692403158,0.0004862010478063894,304.1357771555583
Hawthorne,2021-07-13,0.026000340779622395,1.2780567804972331,0.00149248813062286,304.645466486613
Hawthorne,2021-07-14,0.6699136098225912,0.916939934094747,0.0008748384864993852,303.7586390177409
Hawthorne,2021-07-15,0.32623545328776044,1.3690545558929443,0.00029073953618308224,301.83738962809247
Hawthorne,2021-07-16,0.4844519297281901,0.8982194264729818,1.895427703857422e-05,301.93050320943195
Hawthorne,2021-07-17,0.40981101989746094,0.23101043701171875,1.3887881209484476e-06,302.67529996236163
Hawthorne,2021-07-18,-0.10286394755045573,-0.33902716636657715,1.7106532368416083e-06,303.7991593678792
Hawthorne,2021-07-19,0.06199073791503906,0.06387221813201904,0.0025182217359542847,303.4739119211833
Hawthorne,2021-07-20,0.23667589823404947,0.40855522950490314,0.0005307197570800781,300.8498592376709
Hawthorne,2021-07-21,0.07249387105305989,0.23293685913085938,0.0006833523511886597,301.3635889689128
Hawthorne,2021-07-22,0.17635599772135416,1.0938701629638672,0.00024080276489257812,302.7253112792969
Hawthorne,2021-07-23,0.15033404032389322,-0.005093932151794434,0.0011959314346299266,301.67311604817706
Hawthorne,2021-07-24,0.6579138437906901,-1.906943917274475,1.856088637808284e-05,302.36841837565106
Hawthorne,2021-07-25,0.5780811309814453,-0.6868720054626465,8.60500051658164e-07,302.2453734079997
Hawthorne,2021-07-26,-0.23550287882486978,0.2722619374593099,4.843771457174739e-05,301.6354052225749
Hawthorne,2021-07-27,-0.0401299794514974,2.1814695994059243,0.00030300021171569824,302.50204213460285
Hawthorne,2021-07-28,-0.21988677978515625,0.3914651870727539,0.0024647891520430676,301.63740793863934
Hawthorne,2021-07-29,0.62213134765625,-0.8823313315709432,0.0011549477654284601,300.31051699320477
Hawthorne,2021-07-30,0.06664403279622395,0.13593761126200357,0.0009731143712947699,299.9640305836995
Hawthorne,2021-07-31,0.06462351481119792,0.156402587890625,0.001970500816302234,300.3198102315267
Hawthorne,2021-08-01,-0.13455518086751303,0.23178652922312418,0.0021408677100680507,298.7100461324056
Hawthorne,2021-08-02,0.5501918792724609,-0.386820912361145,0.0065685600469471694,297.61744054158527
Hawthorne,2021-08-03,1.0293445587158203,-1.2354631423950195,2.5380487045367772e-05,298.3666934967041
Hawthorne,2021-08-04,0.1776580810546875,-0.6287237803141276,0.0,299.1973171234131
Hawthorne,2021-08-05,-0.38233375549316406,1.0040738185246785,2.2664666175842285e-05,300.8460108439128
Hawthorne,2021-08-06,1.4055716196695964,0.5069073438644409,0.00012316405769752237,301.6977532704671
Hawthorne,2021-08-07,0.8047885894775391,-0.3903950850168864,4.351138045421976e-07,298.0238908131917
Hawthorne,2021-08-08,-0.26521555582682294,1.0260730584462483,1.2945832281729963e-06,298.85452206929523
Hawthorne,2021-08-09,1.0433756510416667,-0.8763478597005209,5.284957296680659e-06,301.0402361551921
Hawthorne,2021-08-10,0.2336095174153646,-0.7374255657196045,0.0,298.4299685160319
Hawthorne,2021-08-11,0.053309122721354164,-0.2947820822397868,1.707026910935383e-06,298.2290897369385
Hawthorne,2021-08-12,0.07175636291503906,-0.43327705065409344,1.309018387019023e-06,299.6190350850423
Hawthorne,2021-08-13,-0.03825505574544271,-0.678315798441569,1.281411890374784e-06,301.2368170420329
Hawthorne,2021-08-14,-0.045598347981770836,-0.32776538530985516,0.0008434820671254784,301.73021443684894
Hawthorne,2021-08-15,0.2068309783935547,-0.5734288692474365,0.0,301.1199493408203
Hawthorne,2021-08-16,0.15649859110514322,-0.5154067675272623,1.7195939108205494e-06,301.0951633453369
Hawthorne,2021-08-17,-0.4865379333496094,1.6007189353307087,0.00028367638577719845,300.9267209370931
Hawthorne,2021-08-18,0.2854302724202474,1.786357084910075,0.022121441364220118,295.1530132293701
Hawthorne,2021-08-19,1.0825799306233723,-0.47499799728393555,0.01989553887085549,288.0345649719238
Hawthorne,2021-08-20,-0.09359359741210938,1.2926018635431926,1.922019788480611e-05,289.90669441223145
Hawthorne,2021-08-21,-0.9882779518763224,2.1894107659657798,0.0008364945649077526,292.9404182434082
Hawthorne,2021-08-22,-0.4205605586369832,1.1867258151372273,0.006219798326487336,292.97241020202637
Hawthorne,2021-08-23,-0.8874047994613647,2.552594542503357,4.351138045421976e-07,295.852113087972
Hawthorne,2021-08-24,-0.9125709533691406,2.9494088093439736,1.7090805499719863e-06,296.34556643168133
Hawthorne,2021-08-25,-0.7929134368896484,2.6528154611587524,1.7409411327662383e-05,296.94958623250324
Hawthorne,2021-08-26,-0.22280502319335938,0.9615899721781412,4.89473342781821e-05,297.643123626709
Hawthorne,2021-08-27,-0.30000559488932294,-0.1420366366704305,1.7217039953720814e-06,295.0357316335042
Hawthorne,2021-08-28,0.09309323628743489,-0.8311820824941,4.261732051702438e-07,295.4854901631673
Hawthorne,2021-08-29,-0.15070279439290366,-0.03711465994517008,4.443170837475918e-06,294.66404406229657
Hawthorne,2021-08-30,-0.4372723897298177,0.29566744963328045,5.602836559148727e-07,296.65059026082355
Hawthorne,2021-08-31,-0.7495746612548828,1.2471137046813965,1.0538101093970909e-05,298.17059326171875
Hawthorne,2021-09-01,-0.7023951212565104,1.9074959357579548,6.991922845145382e-05,297.59556643168133
Hawthorne,2021-09-02,-0.4189929962158203,1.6555122931798298,0.0009525323673642561,296.1507962544759
Hawthorne,2021-09-03,-0.1056048075358073,0.2116216023763021,0.0025208853348885896,294.2037830352783
Hawthorne,2021-09-04,-0.29645411173502606,-0.047472635904947914,-1.446096575818956e-10,294.0036214192708
Hawthorne,2021-09-05,-0.5737431844075521,-0.022725423177083332,0.0,295.59295654296875
Hawthorne,2021-09-06,-0.5869846343994141,0.21571139494578043,1.7201011246470443e-06,296.8208815256755
Hawthorne,2021-09-07,-0.6698481241861979,-0.33493471145629883,0.0,296.7119782765706
Hawthorne,2021-09-08,-0.5322933197021484,0.1276858647664388,4.351138045421976e-07,296.28649457295734
Hawthorne,2021-09-09,-0.8587506612141927,0.7389751672744751,8.468390433336026e-07,297.0781078338623
Hawthorne,2021-09-10,-0.8315200805664062,1.643715262413025,0.0005539124559845732,299.6744028727214
Hawthorne,2021-09-11,0.1473973592122396,1.0409647623697917,0.00040474534034729004,298.0445556640625
Hawthorne,2021-09-12,-0.1216875712076823,0.5793184439341227,1.6868114471435547e-05,295.62388801574707
Hawthorne,2021-09-13,0.17998504638671875,-0.3945726950963338,0.0004524648189203617,296.876122156779
Hawthorne,2021-09-14,0.16576194763183594,-0.6228628158569336,8.52346317969932e-07,295.2949873606364
Hawthorne,2021-09-15,-0.30670738220214844,0.5443302790323893,1.7225742112714215e-06,294.7102680206299
Hawthorne,2021-09-16,-0.10880088806152344,0.5430636405944824,1.654922959914984e-05,295.32368024190265
Hawthorne,2021-09-17,-0.12291208902994792,0.5946296056111654,8.595241638431617e-07,294.7281030019124
Hawthorne,2021-09-18,-1.2342529296875,2.752090255419413,0.0011773407459259033,294.6158281962077
Hawthorne,2021-09-19,0.21443875630696616,2.464270313580831,0.00038565469020568344,294.02615038553876
Hawthorne,2021-09-20,1.4321155548095703,-2.108391443888346,0.0004533827304840088,286.8296578725179
Hawthorne,2021-09-21,0.07899828751881917,-0.31538645426432294,8.52346317969932e-07,287.45038922627765
Hawthorne,2021-09-22,-0.3913002014160156,0.4586302439371745,8.52346317969932e-07,289.44599024454754
Hawthorne,2021-09-23,-0.3996651967366536,-0.5053621927897135,0.00041925907129325424,291.7518603006999
Hawthorne,2021-09-24,0.0784226655960083,-0.4052435557047526,5.904496447328711e-09,291.43877538045246
Hawthorne,2021-09-25,-0.37320200602213544,0.4433082739512126,1.2841062471125042e-06,292.071564356486
Hawthorne,2021-09-26,-0.6272601286570231,0.14180509249369302,4.2319288695580326e-07,293.68940925598145
Hawthorne,2021-09-27,-0.6155420939127604,0.19234911600748697,0.0,294.1613960266113
Hawthorne,2021-09-28,0.14911842346191406,-0.19011688232421875,0.002309310436146461,292.0874716440837
Hawthorne,2021-09-29,1.7879619598388672,-1.9012452363967896,0.00018628914409646313,285.3191515604655
Hawthorne,2021-09-30,0.497463862101237,-0.8464628060658773,0.00010304450978537716,286.34207089742023
Hawthorne,2021-10-01,0.10247739156087239,-0.2726375261942546,1.7225742112714215e-06,286.8582598368327
Hawthorne,2021-10-02,-0.043315887451171875,-0.10159365336100261,8.584406785416832e-07,288.6224308013916
Hawthorne,2021-10-03,-0.35092254479726154,0.10946945349375407,1.4867254094497184e-09,288.99195353190106
Hawthorne,2021-10-04,-0.8516902923583984,0.9189463059107462,0.0,290.08555030822754
Hawthorne,2021-10-05,-1.3792025248209636,1.3443036874135335,0.000240194797413551,291.5982545216878
Hawthorne,2021-10-06,-0.8264643351236979,1.7900280157725017,0.006018680334097581,288.7592480977376
Hawthorne,2021-10-07,-0.4131628672281901,1.6190293629964192,0.0010499060153961182,288.8501942952474
Hawthorne,2021-10-08,-1.0502325693766277,2.1498810450236,0.0029161274433135986,287.77221870422363
Hawthorne,2021-10-09,1.0107784271240234,0.7257836659749349,0.020408928394317627,283.4393901824951
Hawthorne,2021-10-10,0.708404541015625,-0.057597835858662925,0.00045925378799438477,283.7108319600423
Hawthorne,2021-10-11,-0.3455066680908203,0.941538413365682,0.001458704779281561,282.86841773986816
Hawthorne,2021-10-12,1.6885878245035808,-1.0723158915837605,0.010064589977162086,278.5968869527181
Hawthorne,2021-10-13,1.2943662405014038,0.40445923805236816,0.003936052322387695,277.9032287597656
Hawthorne,2021-10-14,1.1399447123209636,-0.15107548236846924,0.0029892313308437224,278.55180676778156
Hawthorne,2021-10-15,-0.5780843098958334,0.484880010286967,0.00018167793740531124,277.01959292093915
Hawthorne,2021-10-16,-0.9722633361816406,0.09239542484283447,0.0,278.7065830230713
Hawthorne,2021-10-17,-1.624216079711914,1.3537217378616333,1.7106532936850272e-06,282.04546610514325
Hawthorne,2021-10-18,-1.5756263732910156,1.5000323851903279,0.001957005262340772,284.2653344472249
Hawthorne,2021-10-19,-0.38971900939941406,1.8144843180974324,0.016796457767441098,278.4715881347656
Hawthorne,2021-10-20,-1.6008612314860027,1.2445857524871826,0.0,279.0660400390625
Hawthorne,2021-10-21,-1.5281492869059246,0.9478929042816162,0.0,282.0481783548991
Hawthorne,2021-10-22,-1.8548933664957683,1.4530795415242512,1.7195939108205494e-06,283.45729955037433
Hawthorne,2021-10-23,-0.05842908223470052,0.42304476102193195,0.0031952351331661077,283.4948336283366
Hawthorne,2021-10-24,-1.5590712229410808,1.12623127301534,0.001032501459121704,280.6565971374512
Hawthorne,2021-10-25,-1.7678489685058594,3.6341946919759116,0.0004701776152273851,287.69459851582843
Hawthorne,2021-10-26,1.9230130513509114,-0.7343799670537313,0.025270241498844825,279.58052762349445
Hawthorne,2021-10-27,0.023616790771484375,0.8957347869873047,0.0006462216376235119,280.01404825846356
Hawthorne,2021-10-28,-0.6118323008219401,0.3594703674316406,4.468858242034912e-05,282.19367599487305
Hawthorne,2021-10-29,-1.2881724039713542,0.5451391935348511,0.0,280.3539930979411
Hawthorne,2021-10-30,-1.4297796885172527,0.6330617268880209,8.52346317969932e-07,282.2470696767171
Hawthorne,2021-10-31,-1.1826854546864827,0.8804198900858561,3.2961368560791016e-05,283.88173548380536
Hawthorne,2021-11-01,-0.9946897427241007,0.8517646789550781,0.0006046295166015625,283.52715555826825
Hawthorne,2021-11-02,0.034061431884765625,-0.20551427205403647,0.006877824675711963,284.49859619140625
Hawthorne,2021-11-03,-0.6992530822753906,0.0871661901473999,1.769987687794128e-05,280.733855565389
Hawthorne,2021-11-04,-1.1672000885009766,1.0662084420522053,2.592011128399463e-06,281.33937581380206
Hawthorne,2021-11-05,-0.71478271484375,0.5573130448659261,8.523463748133508e-07,285.4822991689046
Hawthorne,2021-11-06,-1.6196683247884114,2.0734055042266846,4.261732051702438e-07,283.9033597310384
Hawthorne,2021-11-07,0.6543547312418619,-0.029665152231852215,3.7916316841801745e-06,283.5832163492839
Hawthorne,2021-11-08,0.26561752955118817,-0.4784495035807292,0.0005287782927894114,279.81053924560547
Hawthorne,2021-11-09,-1.2358379364013672,1.0788726806640625,0.0026938252263448703,279.2379067738851
Hawthorne,2021-11-10,0.010776519775390625,0.38533465067545575,0.004591449678969184,280.47636731465656
Hawthorne,2021-11-11,-0.39887110392252606,0.800910751024882,0.00010561893759586383,279.89756965637207
Hawthorne,2021-11-12,-0.7085088094075521,0.9428445100784302,0.00015502809532108586,281.6846446990967
Hawthorne,2021-11-13,-0.9462496439615885,0.48058120409647626,1.7136334804490616e-06,281.252005259196
Hawthorne,2021-11-14,-1.0555572509765625,1.1522839864095051,1.284479992591514e-06,282.56494331359863
Hawthorne,2021-11-15,-1.6065667470296223,1.6124032338460286,4.351138045421976e-07,283.21228472391766
Hawthorne,2021-11-16,0.012757619222005209,0.5187416076660156,0.0037947684526216108,283.60279210408527
Hawthorne,2021-11-17,1.2707627614339192,-1.2534027099609375,2.914965142508663e-05,275.2953929901123
Hawthorne,2021-11-18,-0.5505059560139974,0.5078595479329427,8.583068797918258e-07,275.05029996236163
Hawthorne,2021-11-19,-0.8840535481770834,0.47953232129414874,0.00022967457766753796,279.2373161315918
Hawthorne,2021-11-20,-0.05213165283203125,-0.3786481221516927,0.0034392714500199872,278.9703146616618
Hawthorne,2021-11-21,-0.20903809865315756,0.12478892008463542,1.2231982623234217e-05,275.62717564900714
Hawthorne,2021-11-22,-0.7764244079589844,0.029504934946695965,5.394220295329433e-06,274.41100629170734
Hawthorne,2021-11-23,-1.1259880065917969,0.9245471954345703,8.553266184208042e-07,276.0680561065674
Hawthorne,2021-11-24,1.5707562764485676,-1.7099600632985432,0.0014652162789161594,274.69858805338544
Hawthorne,2021-11-25,-0.2907079855600993,0.14016366004943848,3.55243679450723e-06,273.5512612660726
Hawthorne,2021-11-26,-1.0334177017211914,0.23289358615875244,0.0,273.9043553670247
Hawthorne,2021-11-27,-0.8798404137293497,-0.0446014404296875,8.553266184208042e-07,276.00860023498535
Hawthorne,2021-11-28,-1.2835160493850708,0.3917380174001058,4.368416739453096e-10,275.9486166636149
Hawthorne,2021-11-29,-1.407024621963501,0.421735684076945,4.351138045421976e-07,276.5934314727783
Hawthorne,2021-11-30,-0.83311394850413,0.03386382261912028,1.7195939676639682e-06,279.0906976064046
Hawthorne,2021-12-01,-1.0983638763427734,0.19752279917399088,2.1368264242482837e-06,276.45552253723145
Hawthorne,2021-12-02,-1.171353022257487,0.34866929054260254,1.7225741544280027e-06,276.4217109680176
Hawthorne,2021-12-03,-0.9924666086832682,-0.007218599319458008,8.52346317969932e-07,277.4143594106038
Hawthorne,2021-12-04,-1.242349624633789,0.634396513303121,4.291533514333423e-06,276.7743441263835
Hawthorne,2021-12-05,-0.5140438079833984,0.32847007115681964,-5.170477379579097e-09,279.40571149190265
Hawthorne,2021-12-06,-0.5743363698323568,0.6247951984405518,4.7907708335515053e-05,277.5376949310303
Hawthorne,2021-12-07,-0.6376425425211588,0.628693421681722,1.1454347941253218e-05,277.70761744181317
Hawthorne,2021-12-08,-1.0450859069824219,1.407260537147522,0.0,276.53602600097656
Hawthorne,2021-12-09,0.1921869913736979,0.8388757308324178,0.011659647450755983,276.83590507507324
Hawthorne,2021-12-10,1.5945171117782593,-0.7451805273691813,0.006117361783879005,270.0049114227295
Hawthorne,2021-12-11,-1.7849403222401936,1.794848640759786,3.685653206275674e-05,265.35712877909344
Hawthorne,2021-12-12,-2.0497283935546875,2.1254638036092124,2.86102294921875e-06,270.7028102874756
Hawthorne,2021-12-13,-2.3943703969319663,2.0911041100819907,8.553266184208042e-07,272.4146607716878
Hawthorne,2021-12-14,-2.465906778971354,2.9670804341634116,1.0210275604549679e-05,276.9661051432292
Hawthorne,2021-12-15,1.3022937774658203,0.07440594832102458,0.012830206751818451,272.6693337758382
Hawthorne,2021-12-16,-1.6570555369059246,1.6711032390594482,0.0020128190517425537,266.9944896697998
Hawthorne,2021-12-17,-0.2867482503255208,1.0593795776367188,0.002212005853550636,270.22874704996747
Hawthorne,2021-12-18,-1.4594249725341797,0.8964665730794271,0.00016179680824279785,265.9829216003418
Hawthorne,2021-12-19,-1.9963010152180989,0.8685175577799479,1.3709068298339844e-06,264.5657043457031
Hawthorne,2021-12-20,-2.107351303100586,1.0908375978469849,1.2934207802572928e-06,267.3541844685872
Hawthorne,2021-12-21,-2.0916016896565757,0.8495216369628906,8.583068833445395e-07,267.9273961385091
Hawthorne,2021-12-22,-2.1231905619303384,0.8283894856770834,0.0002045512198378674,267.23900922139484
Hawthorne,2021-12-23,-1.6011910041173298,2.755310614903768,0.002371177077293396,274.47072474161786
Hawthorne,2021-12-24,-0.3926919301350911,2.4724413553873696,0.013538825511830055,275.96135838826496
Hawthorne,2021-12-25,-0.21447805563608804,3.0831006368001304,0.00530533492565155,274.6202456156413
Hawthorne,2021-12-26,1.024433175722758,3.0682339668273926,0.00552373794067762,275.0597044626872
Hawthorne,2021-12-27,-0.7345142364501953,2.997943162918091,0.0008801493311239028,269.65896797180176
Hawthorne,2021-12-28,0.18774771690368652,0.19016369183858237,0.008035162091250214,268.50301933288574
Hawthorne,2021-12-29,-0.9637173811594645,1.09988005956014,0.001294215380635677,266.7257372538249
Hawthorne,2021-12-30,-0.3906917969385783,2.773490389188131,0.0036383882399491085,271.1569709777832
Hawthorne,2021-12-31,0.6708770990371704,0.0671224594116211,0.012949499487774574,272.0644296010335
Hawthorne,2022-01-01,0.7279249827067057,-1.0561148325602214,0.000683286785999826,265.553425470988
Hawthorne,2022-01-02,-1.4969838460286458,0.8762334187825521,8.225440979003906e-06,261.1339588165283
Hawthorne,2022-01-03,-2.293104330698649,1.2180239359537761,1.6901151980164286e-06,262.5083535512288
Hawthorne,2022-01-04,-1.4346758524576824,2.202411651611328,0.0006732642650604248,269.6591510772705
Hawthorne,2022-01-05,-1.1676820119222004,2.149099349975586,0.008014857769012451,273.1141192118327
Hawthorne,2022-01-06,-0.9336833953857422,1.7048046191533406,0.007571953534977638,276.34933217366535
Hawthorne,2022-01-07,-1.6849613189697266,2.254852294921875,8.167624463339962e-05,274.7890027364095
Hawthorne,2022-01-08,0.4205926259358724,-0.19888055324554443,0.0026929080486297607,276.6491928100586
Hawthorne,2022-01-09,-1.0027567545572917,0.29542970657348633,7.978081669079984e-06,271.10204633076984
Hawthorne,2022-01-10,-1.2691241105397542,0.2698891957600911,1.2858445188612677e-06,267.9058183034261
Hawthorne,2022-01-11,-1.032569130261739,0.088684876759847,1.2904404798064206e-06,269.60673268636066
Hawthorne,2022-01-12,-1.3386118412017822,0.4874200423558553,0.0,271.09336853027344
Hawthorne,2022-01-13,-1.7624505360921223,0.6779009501139323,1.285171833842469e-06,271.2339668273926
Hawthorne,2022-01-14,-0.1750920613606771,-0.5899161497751871,3.285408018882663e-05,274.83734639485675
Hawthorne,2022-01-15,-0.8742275238037109,0.34836069742838544,2.0619779661501525e-08,269.9270191192627
Hawthorne,2022-01-16,-1.174944559733073,0.06891632080078125,0.0,270.20742988586426
Hawthorne,2022-01-17,-0.9749342600504557,-0.07393042246500652,2.1401110643637367e-06,271.5165481567383
Hawthorne,2022-01-18,-0.6839269797007242,-0.03626314798990885,1.2878651318715129e-06,273.217830657959
Hawthorne,2022-01-19,-0.29674339294433594,-0.3419293165206909,8.146464824676514e-05,273.431884765625
Hawthorne,2022-01-20,-0.14566993713378906,0.5476214090983073,0.0001441478729198309,271.23305892944336
Hawthorne,2022-01-21,-0.16986719767252603,-0.09461593627929688,0.0026937431205737994,273.0568491617839
Hawthorne,2022-01-22,-0.2028662363688151,-0.6427052815755209,0.000218027830101164,270.29271443684894
Hawthorne,2022-01-23,-0.19955571492513022,-0.3685537974039714,8.940696716308594e-08,269.2572873433431
Hawthorne,2022-01-24,-0.7963912089665731,0.4888114929199219,1.704692635939864e-06,270.2254943847656
Hawthorne,2022-01-25,0.3146418333053589,-0.6615027983983358,0.0017671614884307019,272.41304715474445
Hawthorne,2022-01-26,-0.5076773166656494,0.3388184706370036,8.791685104370117e-07,270.2121295928955
Hawthorne,2022-01-27,-0.3911914825439453,-0.4156159559885661,2.5773711627152807e-06,270.6397450764974
Hawthorne,2022-01-28,-0.8418966929117838,0.0033903121948242188,4.3671061078498496e-07,267.9509169260661
Hawthorne,2022-01-29,-1.2150135040283203,-0.09192057450612386,1.2814998058274796e-06,268.24132982889813
Hawthorne,2022-01-30,-0.8736546834309896,-0.1863867441813151,4.351138045421976e-07,269.41472816467285
Hawthorne,2022-01-31,-0.9258608818054199,0.42760105927785236,2.2947770048631355e-06,271.3277937571208
Hawthorne,2022-02-01,0.42536842823028564,-1.0723721186319988,8.322596539755978e-05,270.91527557373047
Hawthorne,2022-02-02,0.8857371012369791,-1.2524497111638386,0.00095328688621521,268.1019643147786
Hawthorne,2022-02-03,0.06326607863108318,-0.30086708068847656,0.0002164781093547674,266.76839955647785
Hawthorne,2022-02-04,-0.37088775634765625,0.06787669658660889,1.2934207802572928e-06,267.0097719828288
Hawthorne,2022-02-05,-0.9330259958902994,0.43392380078633624,8.52346317969932e-07,269.45052401224774
Hawthorne,2022-02-06,-0.5991121927897135,-0.28064560890197754,2.897691047110129e-06,271.42644627888996
Hawthorne,2022-02-07,-0.8033847808837891,0.2819906870524089,8.58374448853283e-07,271.05030822753906
Hawthorne,2022-02-08,-0.9704977671305338,0.2837994893391927,4.351138613856165e-07,273.20667839050293
Hawthorne,2022-02-09,-0.6724541982014974,-0.09758313496907552,4.023677047371166e-05,274.2936038970947
Hawthorne,2022-02-10,-0.5297889709472656,-0.10530281066894531,4.291536193079537e-07,274.7001813252767
Hawthorne,2022-02-11,-0.696448008219401,0.2951806386311849,0.0,276.29299481709796
Hawthorne,2022-02-12,-0.6915899912516276,0.06960495313008626,0.0,274.18606503804523
Hawthorne,2022-02-13,-1.2400932312011719,0.728721539179484,2.573267693151138e-06,274.5883108774821
Hawthorne,2022-02-14,-1.6119626363118489,1.5674480597178142,2.570480319263879e-06,277.0265064239502
Hawthorne,2022-02-15,-0.9053465525309244,1.140859603881836,1.0274102351104375e-06,276.7647514343262
Hawthorne,2022-02-16,1.3885122934977214,-0.8153653144836426,0.002474859356880188,273.24238840738934
Hawthorne,2022-02-17,0.3845163981119792,-0.5044530232747396,0.00014975666999816895,272.5037498474121
Hawthorne,2022-02-18,-0.8356177012125651,0.4459821780522664,3.427267074584961e-07,273.03026008605957
Hawthorne,2022-02-19,-1.2643521626790364,1.2354542016983032,8.615441338122309e-07,274.7552089691162
Hawthorne,2022-02-20,-1.3288733164469402,2.339940388997396,4.351138045421976e-07,276.43661371866864
Hawthorne,2022-02-21,0.9249165852864584,-0.2860571543375651,0.002089455723762512,275.4821408589681
Hawthorne,2022-02-22,-0.5779368082682291,0.843743085861206,0.0009519567816482777,271.8731441497803
Hawthorne,2022-02-23,-0.8864860534667969,-1.2302449941635132,0.003154850006012566,267.00904083251953
Hawthorne,2022-02-24,0.2546520233154297,0.7514624198277792,0.0008152276277542114,266.5106836954753
Hawthorne,2022-02-25,0.17003377278645834,0.23856099446614584,0.0015782147644927136,267.92452812194824
Hawthorne,2022-02-26,-0.6722189585367838,0.3102976481119792,8.392333882056846e-06,264.7437858581543
Hawthorne,2022-02-27,-1.0791676839192708,0.391962210337321,8.52346317969932e-07,265.80513254801434
Hawthorne,2022-02-28,-1.2734198967615764,0.44045770168304443,8.702277796146518e-07,270.67034975687665
Hawthorne,2022-03-01,-1.385994593302409,0.6403554280598959,0.0,275.00184949239093
Hawthorne,2022-03-02,-1.3818600972493489,0.9521528879801432,8.612870487922919e-07,278.67075475056964
Hawthorne,2022-03-03,-1.8286348978678386,1.5014599959055583,1.7225727333425311e-06,280.60329564412433
Hawthorne,2022-03-04,-1.747152328491211,1.9728395541508992,0.00238226950165199,280.7408390045166
Hawthorne,2022-03-05,-0.3243268330891927,2.1132328112920127,0.0016245037317048627,278.46961148579913
Hawthorne,2022-03-06,0.923486073811849,0.6389056046803793,0.01024624407182273,273.2976156870524
Hawthorne,2022-03-07,-0.6267388661702474,0.3099575837453206,2.3153424194788386e-05,267.6162465413411
Hawthorne,2022-03-08,-1.264401117960612,1.5617096026738484,0.0006460100412368774,266.75680987040204
Hawthorne,2022-03-09,0.43822797139485675,0.7882024844487509,0.008616543431628543,273.0036684672038
Hawthorne,2022-03-10,0.6007722218831381,-0.8924388885498047,0.00023328065861960567,268.59856669108075
Hawthorne,2022-03-11,-0.9576752980550131,1.0411466757456462,8.583068833445395e-07,265.1856117248535
Hawthorne,2022-03-12,-1.6925030946731567,1.7939658959706624,8.665701329846343e-07,270.0656566619873
Hawthorne,2022-03-13,-1.366455078125,1.5743428071339924,0.0020365744828154675,275.0705852508545
Hawthorne,2022-03-14,-0.05535125732421875,0.46095530192057294,0.001430523475676182,275.3778483072917
Hawthorne,2022-03-15,-1.4310595194498699,1.4727036952972412,1.2814998626708984e-06,276.233881632487
Hawthorne,2022-03-16,0.04923057556152344,-0.9268314043680826,0.001940566301243507,278.1225725809733
Hawthorne,2022-03-17,0.4031505584716797,-0.6661678155263265,6.1240792206263e-05,276.90574900309247
Hawthorne,2022-03-18,-0.3244921366373698,0.19413185119628906,1.9684433937072754e-05,277.6333478291829
Hawthorne,2022-03-19,-1.6113505760828655,1.7517237265904744,8.52346317969932e-07,278.993621190389
Hawthorne,2022-03-20,-0.11443003018697102,0.315507173538208,0.004224539482493128,279.2033774058024
Hawthorne,2022-03-21,0.8873093922932943,-1.328983743985494,5.524954616475952e-05,274.67919031778973
Hawthorne,2022-03-22,0.10364878177642822,-1.143985629081726,8.273124592506065e-06,276.08983484903973
Hawthorne,2022-03-23,-0.423527995745341,0.11644887924194336,1.8835066839528736e-06,276.5843569437663
Hawthorne,2022-03-24,-0.8150894244511923,0.7350604931513468,1.7252261841349537e-06,280.6768347422282
Hawthorne,2022-03-25,-1.2084922790527344,1.3321865797042847,1.3845176852100849e-05,283.80234654744464
Hawthorne,2022-03-26,-1.5184237162272136,1.7314135233561199,0.0,286.58923721313477
Hawthorne,2022-03-27,-1.665042241414388,2.1626802682876587,2.1338461806408304e-06,287.8073609670003
Hawthorne,2022-03-28,-1.7094370524088542,2.7925402323404946,5.5283308029174805e-05,287.3931687672933
Hawthorne,2022-03-29,-0.4818299611409505,0.4471166133880615,0.002463662624354157,282.3355820973714
Hawthorne,2022-03-30,0.8859589894612631,-1.0266663233439128,0.00067940354347229,282.58123842875165
Hawthorne,2022-03-31,0.31225140889485675,-0.3168891668319702,0.002596929669380188,279.729705174764
Hawthorne,2022-04-01,0.2761007944742839,0.03752470016479492,3.888497019488568e-06,280.63480377197266
Hawthorne,2022-04-02,-0.49086952209472656,0.28438448905944824,1.2965458040525846e-06,281.1446011861165
Hawthorne,2022-04-03,0.6065957148869833,-0.9869912465413412,8.52346317969932e-07,282.78350893656415
Hawthorne,2022-04-04,-0.5008113384246826,1.1114716529846191,0.00043651461419358384,281.3717091878255
Hawthorne,2022-04-05,1.509103775024414,-1.2165083090464275,0.007974773645344158,280.668311436971
Hawthorne,2022-04-06,1.1364796956380208,-2.2145030895868936,1.2177030328075489e-05,276.7333704630534
Hawthorne,2022-04-07,-0.461117426554362,-0.37942298253377277,4.4321253156454077e-07,277.1468976338704
Hawthorne,2022-04-08,-0.9910329182942709,0.7416993379592896,0.0,281.6849250793457
Hawthorne,2022-04-09,0.21802520751953125,-0.2872095505396525,0.00018133223056793213,283.79633204142254
Hawthorne,2022-04-10,1.989972432454427,-1.921155055363973,0.00010754168033599854,277.84384600321454
Hawthorne,2022-04-11,-0.6497827370961508,1.8260058561960857,0.0009029686450503505,279.9119351704915
Hawthorne,2022-04-12,2.530727823575338,-0.9858378569285074,0.010268990779309206,274.58190155029297
Hawthorne,2022-04-13,1.365260084470113,0.6160192092259725,0.0016509443521499634,273.71311060587567
Hawthorne,2022-04-14,-0.5312865972518921,1.4499634504318237,0.0008972734212875366,277.2227242787679
Hawthorne,2022-04-15,-0.23548599084218344,0.10200619697570801,0.005696676640866372,280.29524993896484
Hawthorne,2022-04-16,-0.8027253945668539,0.7998155355453491,0.000975406169800408,280.9556229909261
Hawthorne,2022-04-17,0.4702008565266927,-0.3795519272486369,0.002752411365406715,282.2702388763428
Hawthorne,2022-04-18,-1.188794453938802,0.6158488988876343,2.506375210487022e-06,282.62829208374023
Hawthorne,2022-04-19,-0.5209512710571289,0.3232870896657308,4.5001496573604527e-07,287.12159729003906
Hawthorne,2022-04-20,0.05557886759440104,0.29976773262023926,0.0011042982339404261,282.942284266154
Hawthorne,2022-04-21,-0.7956155141194662,2.5895034074783325,8.643726232548943e-07,286.88912709554035
Hawthorne,2022-04-22,1.527181625366211,-0.3148111899693807,0.009090240285498652,283.18268458048504
Hawthorne,2022-04-23,2.118250012397766,-1.063510497411092,0.007023710012333595,279.36397616068524
Hawthorne,2022-04-24,0.9828478495279948,-1.2146008809407551,0.0005384087563129469,281.57821337382
Hawthorne,2022-04-25,-0.5826797485351562,0.4786491394042969,1.988112916251339e-05,281.6881039937337
Hawthorne,2022-04-26,-1.2899309794108074,1.6123062372207642,2.5581157387932763e-06,284.49342854817706
Hawthorne,2022-04-27,-0.3831939697265625,0.04729934533437093,2.7692317928540433e-05,287.2879104614258
Hawthorne,2022-04-28,-0.5758997599283854,0.6753224929173788,0.000385284423828125,286.50521024068195
Hawthorne,2022-04-29,2.091515223185221,-1.7278938293457031,0.002284067869084083,282.48316446940106
Hawthorne,2022-04-30,-0.8245603640874227,0.7004714409510294,8.52346317969932e-07,282.29468218485516
Hawthorne,2022-05-01,0.1710033416748047,-0.7321489254633585,0.00402047038079445,284.16949971516925
Hawthorne,2022-05-02,0.1631902058919271,1.4463265736897786,0.004370063543319702,284.4532299041748
Hawthorne,2022-05-03,1.6613477071126301,-0.7130248149236044,0.005832254886627197,282.94916915893555
Hawthorne,2022-05-04,0.5816427866617838,-0.42164750893910724,0.004906918336747168,280.5045808156331
Hawthorne,2022-05-05,-1.0575396219889324,1.641383210817973,2.545118263697077e-06,283.88124020894367
Hawthorne,2022-05-06,-0.31081517537434894,0.7198217312494913,0.0,290.85781478881836
Hawthorne,2022-05-07,0.5106703440348307,-0.47883160909016925,0.0007362067699432373,290.29533131917316
Hawthorne,2022-05-08,0.9984169006347656,-0.6842490037282308,0.0007243722677117148,285.8458366394043
Hawthorne,2022-05-09,2.1334921518961587,-0.6572825113932291,0.005602884292500221,280.167963663737
Hawthorne,2022-05-10,0.06616655985514323,-0.12621712684631348,0.0001606881618450018,280.7867857615153
Hawthorne,2022-05-11,-0.06900087992350261,-0.0091630220413208,7.967948909026745e-05,283.8219057718913
Hawthorne,2022-05-12,2.3428122202555337,-0.9605651299158732,0.00447651743888855,282.9690469106038
Hawthorne,2022-05-13,0.09137980143229167,0.2975622812906901,8.52346317969932e-07,284.22178332010907
Hawthorne,2022-05-14,-0.289825439453125,0.09670639038085938,1.7195939108205494e-06,287.48008791605633
Hawthorne,2022-05-15,-0.5001519521077474,-0.29999200503031415,7.5429677508509485e-06,292.06814765930176
Hawthorne,2022-05-16,-0.6253801981608073,0.08408637841542561,0.00017730295650153494,292.6214148203532
Hawthorne,2022-05-17,0.1471080780029297,-1.4667898813883464,0.00014065206050872803,293.3182601928711
Hawthorne,2022-05-18,0.16536966959635416,-0.40667569637298584,1.0460614134899515e-06,291.5472952524821
Hawthorne,2022-05-19,1.1099128723144531,-0.30766495068868,0.00017108023166656494,293.4150587717692
Hawthorne,2022-05-20,1.5195808410644531,-3.082419474919637,0.000829160213470459,282.7763894399007
Hawthorne,2022-05-21,-0.5417194366455078,-0.18723801771799722,0.00090859532349441,283.6190980275472
Hawthorne,2022-05-22,0.16837374369303384,-0.6465357542037964,3.4302472045055765e-06,286.49048614501953
Hawthorne,2022-05-23,1.2810719807942708,-1.909932057062785,1.7136334804490616e-06,285.6338990529378
Hawthorne,2022-05-24,0.5758768717447916,-0.5729096333185831,1.1405348288917594e-05,286.35987281799316
Hawthorne,2022-05-25,-0.009368896484375,-0.30239351590474445,1.284479992591514e-06,289.90550486246747
Hawthorne,2022-05-26,-0.8674125671386719,0.9700169563293457,4.410743663640915e-07,292.9686361948649
Hawthorne,2022-05-27,0.3097235361735026,0.8387682437896729,4.139542579650879e-05,297.85581461588544
Hawthorne,2022-05-28,0.5213743845621744,-1.3593686421712239,0.003722134232418739,291.1759719848633
Hawthorne,2022-05-29,0.6658789316813151,-0.8216257890065511,0.012220197070803351,285.6913471221924
Hawthorne,2022-05-30,1.2426331837972004,0.2670796712239583,0.018580791356214377,281.056339263916
Hawthorne,2022-05-31,0.1875584920247396,-0.6065556208292643,0.0003520359314279631,282.4442329406738
Hawthorne,2022-06-01,-0.282833735148112,-0.5344987710316976,0.0006953030824661255,285.52234268188477
Hawthorne,2022-06-02,-0.1845544179280599,-0.21306192874908447,6.198883006902633e-07,289.59129397074383
Hawthorne,2022-06-03,-0.5756651560465494,0.17145570119222006,0.0002539992332408758,292.5130201975505
Hawthorne,2022-06-04,-0.31723785400390625,0.49599409103393555,0.00011160874748838978,293.61878712972003
Hawthorne,2022-06-05,0.1912816365559896,-0.611626942952474,0.0007827460765383876,293.1299819946289
Hawthorne,2022-06-06,0.23885599772135416,-1.0175902048746746,0.00034246146668692745,292.4183750152588
Hawthorne,2022-06-07,0.14384078979492188,-0.7400314807891846,4.351138045421976e-07,292.822229385376
Hawthorne,2022-06-08,-0.581183115641276,0.06462236245473225,8.523463748133508e-07,293.7525552113851
Hawthorne,2022-06-09,0.09035364786783855,-0.8416885932286581,3.782962721743388e-06,296.9436715443929
Hawthorne,2022-06-10,-0.09897867838541667,-0.23460896809895834,8.631237733425223e-07,297.78684107462567
Hawthorne,2022-06-11,-0.24533843994140625,-0.07587178548177083,2.1418790083771455e-06,299.0333722432454
Hawthorne,2022-06-12,0.13280741373697916,1.0693963368733723,4.5299464090930996e-07,301.39201672871906
Hawthorne,2022-06-13,0.9573726654052734,-1.3874584833780925,0.007373028993601594,292.9966621398926
Hawthorne,2022-06-14,1.9730345408121746,-1.1216175158818562,0.0021259099244161916,286.11991119384766
Hawthorne,2022-06-15,0.9052619934082031,-0.5285632610321045,4.351138613856165e-07,288.35391489664715
Hawthorne,2022-06-16,-0.7595399220784506,1.0413137276967366,0.0,293.5190970102946
Hawthorne,2022-06-17,-0.9821580251057943,2.757238189379374,4.348754879401895e-05,299.3749294281006
Hawthorne,2022-06-18,0.43844350179036456,4.359737555185954,2.565771308127296e-05,300.1721884409587
Hawthorne,2022-06-19,0.05444463094075521,2.703557252883911,0.0012503032165795958,295.5281359354655
Hawthorne,2022-06-20,1.5792064666748047,-0.8393628199895223,0.001534193754196167,288.95836448669434
Hawthorne,2022-06-21,-0.21016629536946616,-0.9074212710062662,0.0,291.4804859161377
Hawthorne,2022-06-22,0.23407491048177084,-0.807373046875,4.261732051702438e-07,294.86775906880695
Hawthorne,2022-06-23,0.022817611694335938,1.1619662841161091,0.0002441495656917425,297.83906110127765
Hawthorne,2022-06-24,0.20809046427408853,0.46090078353881836,0.002021435630695123,296.84660720825195
Hawthorne,2022-06-25,0.6572869618733724,-1.3902266025543213,3.846585747169229e-05,297.70234298706055
Hawthorne,2022-06-26,0.1600214640299479,-0.7444573243459066,7.9244375115195e-05,297.4135748545329
Hawthorne,2022-06-27,-0.14207967122395834,-0.15755279858907065,9.924173305364548e-07,298.759516398112
Hawthorne,2022-06-28,-0.41384653250376385,0.8310654958089193,0.0002943456172488368,300.1468696594238
Hawthorne,2022-06-29,0.19131596883138022,1.0983649492263794,0.0012320488690420461,301.29246520996094
Hawthorne,2022-06-30,0.1421057383219401,0.07987407843271892,0.0007910877466201782,299.6589635213216
Hawthorne,2022-07-01,-0.3675587972005208,1.5448447863260906,0.00024821646610462267,299.60901578267413
Hawthorne,2022-07-02,-0.37119166056315106,1.5882200797398884,0.00021374225616455078,300.18895212809247
Hawthorne,2022-07-03,0.10879453023274739,3.45391845703125,4.351138045421976e-07,301.8741175333659
Hawthorne,2022-07-04,0.523443857828776,3.9212514559427896,8.583068797918258e-07,302.1328773498535
Hawthorne,2022-07-05,-0.016011555989583332,2.6436284383138022,2.1661336973011203e-06,300.49737612406415
Hawthorne,2022-07-06,-0.35881821314493817,2.2189828554789224,2.6214122669898643e-05,300.7346617380778
Hawthorne,2022-07-07,-0.22917330265045166,2.3512614965438843,4.425709789757093e-07,300.92802747090656
Hawthorne,2022-07-08,-0.4451592763264974,2.358639637629191,1.2889569021012903e-06,301.4695625305176
Hawthorne,2022-07-09,-0.13672256469726562,2.673278292020162,3.011132434949104e-06,303.10826301574707
Hawthorne,2022-07-10,0.725091298421224,0.28152287006378174,0.0007351827463821792,304.4228884379069
Hawthorne,2022-07-11,0.7138322591781616,-0.9671380917231241,5.066394805908203e-07,301.6888135274251
Hawthorne,2022-07-12,0.049236297607421875,-0.2022374471028646,1.5497207073167374e-06,301.40641021728516
Hawthorne,2022-07-13,-0.22181129455566406,1.0154922008514404,0.00022407208638242082,303.52215512593585
Hawthorne,2022-07-14,0.04364967346191406,1.3242522875467937,0.00023890435695506085,303.8259334564209
Hawthorne,2022-07-15,-0.254580815633138,1.0061543782552083,0.004664488146485013,300.33066749572754
Hawthorne,2022-07-16,-0.4537901480992635,0.4160497983296712,8.445084091590616e-05,300.50179926554364
Hawthorne,2022-07-17,-0.5336772203445435,0.715697169303894,1.7225742112714215e-06,302.93457221984863
Hawthorne,2022-07-18,0.7173058191935221,0.8784169753392538,0.0002474188804626465,303.8790677388509
Hawthorne,2022-07-19,0.1061083475748698,0.3421885172526042,0.0022470951079185397,301.6292845408122
Hawthorne,2022-07-20,0.1499322255452474,-0.12706724802652994,1.5783541641667398e-05,301.46076011657715
Hawthorne,2022-07-21,0.045015970865885414,-0.08644954363505046,4.6091046840501804e-05,302.1811987559001
Hawthorne,2022-07-22,0.1388517220815023,0.566992998123169,3.69309869938661e-05,303.11203320821124
Hawthorne,2022-07-23,0.3835887908935547,-0.1314308245976766,0.00010371143031306929,303.28989601135254
Hawthorne,2022-07-24,-0.2427387237548828,1.6226234833399455,0.00038923591125694657,301.8490441640218
Hawthorne,2022-07-25,0.03204790751139323,0.8920519351959229,8.732080445383872e-07,299.641118367513
Hawthorne,2022-07-26,0.2245044708251953,-0.06451161702473958,8.581418455833045e-07,301.40575981140137
Hawthorne,2022-07-27,0.00012715657552083334,-0.2796611785888672,1.2755393754559918e-06,301.517339070638
Hawthorne,2022-07-28,0.07239659627278645,-0.509025772412618,0.0002157449720243676,302.26467514038086
Hawthorne,2022-07-29,-0.3489125569661458,-0.13484863440195718,5.445480201160535e-05,301.3222185770671
Hawthorne,2022-07-30,-0.3947919209798177,0.12195960680643718,0.00158449764631996,301.0187924702962
Hawthorne,2022-07-31,-0.675750732421875,0.6785850524902344,0.0003962904214809271,301.3098201751709
Hawthorne,2022-08-01,-0.19792048136393228,0.8867555856704712,0.0007811694613906184,301.61978403727215
Hawthorne,2022-08-02,0.13166364034016928,0.2555824915568034,0.01673731207841911,297.2063045501709
Hawthorne,2022-08-03,0.36650339762369794,-0.42018381754557294,5.2163004870209306e-05,298.8795274098714
Hawthorne,2022-08-04,-0.3636341094970703,0.34658050537109375,2.357762355131854e-05,300.08691215515137
Hawthorne,2022-08-05,-0.12021128336588542,0.9824817180633545,0.0017079025506632206,300.9284299214681
Hawthorne,2022-08-06,0.40821683406829834,0.7925986051559448,0.019501647353138196,296.0953076680501
Hawthorne,2022-08-07,0.4355309804280599,-0.6128705739974976,0.001639518250783567,294.38839022318524
Hawthorne,2022-08-08,0.20808092753092447,-0.5973555246988932,0.0,296.89685503641766
Hawthorne,2022-08-09,-0.09592819213867188,-0.2795339822769165,3.0090670861682156e-06,298.012970606486
Hawthorne,2022-08-10,0.09362220764160156,0.1885673999786377,0.0011572331190059515,299.8449598948161
Hawthorne,2022-08-11,0.3139209747314453,-0.4020952781041463,0.0022509932517955633,298.38012250264484
Hawthorne,2022-08-12,0.0039602915445963545,0.3802282015482585,0.0004353622588944006,298.89839299519855
Hawthorne,2022-08-13,-0.334750493367513,0.94202721118927,0.0037186522167367286,298.9845841725667
Hawthorne,2022-08-14,-0.6459217071533203,0.24969557921091715,0.006301966309479212,297.34106636047363
Hawthorne,2022-08-15,-0.3009389241536458,-0.8648401498794556,0.00010689756193826838,298.96076520284015
Hawthorne,2022-08-16,-0.7814922332763672,-0.4842733144760132,1.150965681517846e-05,299.3016929626465
Hawthorne,2022-08-17,-0.5129648844401041,-0.5623371601104736,0.0,299.9766496022542
Hawthorne,2022-08-18,-0.4678548177083333,0.01304471492767334,8.52346317969932e-07,300.22894350687665
Hawthorne,2022-08-19,0.615685780843099,-0.0318753719329834,0.0033236872895940905,299.52608426411945
Hawthorne,2022-08-20,0.29703839619954425,0.5517961978912354,0.0030515700578348515,295.2932777404785
Hawthorne,2022-08-21,-0.15372530619303384,0.039879838625590004,0.0021093438249977225,295.83200518290204
Hawthorne,2022-08-22,0.04279963175455729,-0.46964871883392334,4.9191713344498567e-05,297.6233081817627
Hawthorne,2022-08-23,-0.3478342692057292,0.06975066661834717,4.979967968665733e-06,298.36875851949054
Hawthorne,2022-08-24,-0.6325836181640625,0.46173612276713055,4.954934115630749e-05,299.7409210205078
Hawthorne,2022-08-25,-0.07394218444824219,0.5596360365549723,0.00010701417922476253,298.4518044789632
Hawthorne,2022-08-26,0.3306509653727214,0.9635918935139974,9.325146675109863e-05,298.7846673329671
Hawthorne,2022-08-27,-0.23645782470703125,1.328456441561381,1.2367963790893555e-05,298.33849652608234
Hawthorne,2022-08-28,0.32136090596516925,-0.02618122100830078,3.8087367961736618e-06,299.79518127441406
Hawthorne,2022-08-29,-0.3388353983561198,-0.23435827096303305,0.0,298.0458978017171
Hawthorne,2022-08-30,-0.6278699239095052,-0.4144442081451416,4.351138045421976e-07,299.22036870320636
Hawthorne,2022-08-31,-0.7618319590886434,-0.4416419267654419,4.467869594293461e-07,300.35713895161945
Hawthorne,2022-09-01,-0.3770790497461955,-0.18212381998697916,8.612871056357108e-07,300.5148245493571
Hawthorne,2022-09-02,-0.07459449768066406,-0.5946069558461508,8.540495741726772e-07,301.0113881429036
Hawthorne,2022-09-03,-0.49173609415690106,-0.08280869325002034,4.351138613856165e-07,299.64354578653973
Hawthorne,2022-09-04,-0.5061386028925577,-0.14637204011281332,8.511478313266707e-07,301.1307379404704
Hawthorne,2022-09-05,-0.3161371946334839,-0.42593737443288165,1.28501659446556e-06,301.0841204325358
Hawthorne,2022-09-06,-0.6751480102539062,-0.4397786458333333,2.1372263745433884e-06,301.76060549418133
Hawthorne,2022-09-07,-0.2647075653076172,-0.012966156005859375,4.466088689980552e-07,301.9672114054362
Hawthorne,2022-09-08,0.12265904744466145,-0.486231009165446,0.00015809439759095767,302.4471600850423
Hawthorne,2022-09-09,1.4420280456542969,-1.113297422726949,1.2993812106287805e-06,297.33142534891766
Hawthorne,2022-09-10,0.11604944864908855,-0.6878858804702759,8.583068833445395e-07,293.4002176920573
Hawthorne,2022-09-11,-0.20008405049641928,-0.09946187337239583,8.600094822952542e-07,294.48628997802734
Hawthorne,2022-09-12,-0.41195106506347656,0.1708685557047526,0.0,295.65475336710614
Hawthorne,2022-09-13,-0.22202364603678384,1.8302994966506958,0.0027334541081245334,296.73115221659344
Hawthorne,2022-09-14,0.13227017720540366,1.2377586364746094,0.01170918643464347,291.4275366465251
Hawthorne,2022-09-15,-0.30542945861816406,1.4093863169352214,0.0007729956881235012,290.7443625132243
Hawthorne,2022-09-16,0.08146413167317708,0.667969544728597,0.011637103380962799,290.4517199198405
Hawthorne,2022-09-17,-0.4001992543538411,0.5901609261830648,0.00018915032603672444,290.3742561340332
Hawthorne,2022-09-18,-1.1106020609537761,1.9471912384033203,6.52611255596014e-05,292.21230189005536
Hawthorne,2022-09-19,-0.8166332244873047,2.3480687538782754,3.001513505296316e-06,293.94748560587567
Hawthorne,2022-09-20,-0.8999277750651041,2.04841156800588,0.00011895596981048584,294.8754628499349
Hawthorne,2022-09-21,-1.5349915822347004,1.8505329688390095,0.0029238611459732056,294.3001130421956
Hawthorne,2022-09-22,-0.10992622375488281,0.7697931528091431,0.005333694815533363,290.99288686116535
Hawthorne,2022-09-23,0.3348350524902344,-0.4462796052296956,6.687295410756633e-06,290.54337247212726
Hawthorne,2022-09-24,-0.2793114980061849,-0.27607282002766925,1.7012785065162461e-06,289.56169573465985
Hawthorne,2022-09-25,-0.366726557413737,-0.2942371368408203,4.351138045421976e-07,290.01032702128094
Hawthorne,2022-09-26,-0.3630809783935547,0.03254115581512451,1.0579823310763459e-06,291.35454241434735
Hawthorne,2022-09-27,-0.8085988362630209,0.3074220021565755,4.261732051702438e-07,292.1675561269124
Hawthorne,2022-09-28,-1.2112096150716145,1.2926980257034302,0.00014727115624779685,293.92771911621094
Hawthorne,2022-09-29,-0.5929247538248698,2.0764878590901694,0.0015477716921736828,293.95141792297363
Hawthorne,2022-09-30,0.6397037506103516,-0.5103890101114908,0.005136609077453613,290.19036293029785
Hawthorne,2022-10-01,0.5300464630126953,-0.4348899920781453,0.0009016603231088993,287.98793919881183
Hawthorne,2022-10-02,-0.18869400024414062,0.016942580540974934,9.989738464355469e-05,288.03829129536945
Hawthorne,2022-10-03,-0.2848167419433594,-0.2889238993326823,4.0942430416635034e-05,288.3593521118164
Hawthorne,2022-10-04,-0.1369196573893229,-0.5410950978597006,1.7269108525397314e-06,289.26330439249676
Hawthorne,2022-10-05,-0.2665945688883464,-0.30262919267018634,2.2367978544934886e-06,289.51477940877277
Hawthorne,2022-10-06,-0.40165138244628906,-0.23292946815490723,8.872586008124017e-07,289.2686030069987
Hawthorne,2022-10-07,-0.45494969685872394,-0.1342538595199585,2.136826515197754e-05,289.5534973144531
Hawthorne,2022-10-08,-0.478424072265625,-0.08438356717427571,2.682209014892578e-07,289.82037289937335
Hawthorne,2022-10-09,-0.5822369654973348,0.06085014343261719,4.398822682105674e-06,289.5657793680827
Hawthorne,2022-10-10,-0.425425926844279,-0.0599827766418457,8.583068051848386e-07,289.57175636291504
Hawthorne,2022-10-11,0.12416776021321614,0.23104588190714517,0.0,290.262113571167
Hawthorne,2022-10-12,-0.29426129659016925,-0.03131477038065592,8.583068797918258e-07,288.7427241007487
Hawthorne,2022-10-13,-0.24858474731445312,-0.5953992605209351,1.2814998058274796e-06,287.10876782735187
Hawthorne,2022-10-14,-0.4805749257405599,-0.07045253117879231,2.92956828573665e-06,286.84333419799805
Hawthorne,2022-10-15,-0.5880438486735026,-0.2781682014465332,3.7412628834943007e-06,287.0836938222249
Hawthorne,2022-10-16,-1.0032958984375,-0.3304974635442098,8.616761419943941e-07,286.65307998657227
Hawthorne,2022-10-17,-0.6415672302246094,-0.15876007080078125,1.2904405366498395e-06,286.41705958048504
Hawthorne,2022-10-18,-0.46825218200683594,-0.21106910705566406,1.2993812106287805e-06,286.97558275858563
Hawthorne,2022-10-19,-0.4481647809346517,-0.219511349995931,1.7195939676639682e-06,287.1945660909017
Hawthorne,2022-10-20,-0.5838171641031901,0.14645508925120035,1.7043551565620874e-06,286.9396095275879
Hawthorne,2022-10-21,-0.5697415669759115,1.3583697875340779,0.0,288.3062108357747
Hawthorne,2022-10-22,-0.5045928955078125,3.0609769026438394,0.0056178271770477295,286.8570162455241
Hawthorne,2022-10-23,1.4287408192952473,-0.6798473199208578,0.019911149144167695,276.9531892140706
Hawthorne,2022-10-24,1.232958475748698,-0.39987274010976154,0.002671077847480774,275.22280248006183
Hawthorne,2022-10-25,-0.5395291646321615,1.426068902015686,0.0031183957377720617,276.88293075561523
Hawthorne,2022-10-26,-0.8329067230224609,0.6560025215148926,0.004898369312286377,276.7071450551351
Hawthorne,2022-10-27,-0.19539896647135416,-0.20431474844614664,0.0011813410541776648,274.92036628723145
Hawthorne,2022-10-28,-1.1650079091389973,0.6097458998362223,3.3557413985363382e-06,272.9994665781657
Hawthorne,2022-10-29,-0.96429975827535,-0.10683564345041911,6.6428310105948185e-06,276.5379645029704
Hawthorne,2022-10-30,-0.73577880859375,-0.15323925018310547,2.1249055066618894e-06,277.4039885203044
Hawthorne,2022-10-31,-1.2641099294026692,0.5756532351175944,8.583068797918258e-07,278.3405927022298
Hawthorne,2022-11-01,-2.0855490366617837,1.9502525329589844,1.2814998058274796e-06,281.77609888712567
Hawthorne,2022-11-02,-0.34043137232462567,1.1839849551518757,0.008305913209824212,280.09388097127277
Hawthorne,2022-11-03,0.46236956119537354,-1.6862399578094482,0.0017260253429363104,274.44418780008954
Hawthorne,2022-11-04,-0.11693139870961507,0.5792336066563925,0.00010249018663444076,273.39268684387207
Hawthorne,2022-11-05,-1.3963621060053508,2.6645450989405313,0.005243229215295742,276.53856468200684
Hawthorne,2022-11-06,-0.7254885037740072,0.9180285533269247,0.0039412577449979835,278.2286942799886
Hawthorne,2022-11-07,-1.3120665550231934,3.2495251496632895,0.0002894431351592175,282.9213517506917
Hawthorne,2022-11-08,-0.04042192300160726,2.0327136516571045,0.007384064793484413,281.80374908447266
Hawthorne,2022-11-09,0.10318628946940105,1.8472744623819988,0.015771693886392768,278.55333773295087
Hawthorne,2022-11-10,1.5030447642008464,0.05450602372487386,0.0060353875160217285,273.01112874348956
Hawthorne,2022-11-11,-0.7197411855061849,-0.06756635506947835,3.640651698333386e-05,268.9329350789388
Hawthorne,2022-11-12,-1.1456356048583984,0.2785831689834595,3.597140221245354e-06,269.16222445170087
Hawthorne,2022-11-13,-0.30271148681640625,-0.6758051713307699,2.416968243323936e-06,270.6206804911296
Hawthorne,2022-11-14,0.6674709320068359,-0.5428263743718466,0.0001228779553343884,270.7778606414795
Hawthorne,2022-11-15,-0.35070228576660156,-0.5880717436472574,3.667175769805908e-05,269.36947695414227
Hawthorne,2022-11-16,-0.3444281419118245,-0.38800740242004395,3.912006093287346e-06,269.68549219767254
Hawthorne,2022-11-17,-0.8919245402018229,0.5480175813039144,2.384185791015625e-07,271.0220864613851
Hawthorne,2022-11-18,-0.16366414229075113,-0.8836135864257812,0.000342303514475617,272.0327885945638
Hawthorne,2022-11-19,-0.18906847635904947,-0.34683672587076825,1.5544891258656435e-05,268.09810702006024
Hawthorne,2022-11-20,-0.870886484781901,-0.0999146302541097,3.2782554626464844e-07,268.09780502319336
Hawthorne,2022-11-21,-1.0235837300618489,-0.11512899398803711,4.649161269298929e-07,269.5355173746745
Hawthorne,2022-11-22,-1.0589962005615234,-0.07161486148834229,2.086162567138672e-07,269.9969908396403
Hawthorne,2022-11-23,-0.3806947072347005,-0.16130526860555014,0.0008615881203581921,273.012903213501
Hawthorne,2022-11-24,-0.35013659795125324,-0.7795654137929281,4.6312808990478516e-05,272.1883029937744
Hawthorne,2022-11-25,-0.8748268286387125,0.11830230553944905,1.7097644331443007e-06,271.0727291107178
Hawthorne,2022-11-26,-0.7992911338806152,-0.10122044881184895,0.0004253926021533516,272.62686093648273
Hawthorne,2022-11-27,-0.04432551066080729,1.015426238377889,0.0008255869149138562,274.068172454834
Hawthorne,2022-11-28,-0.613748828570048,1.7208703358968098,0.0044040322303722235,274.3054892222087
Hawthorne,2022-11-29,1.1345588366190593,0.004568815231323242,0.007618051944916715,269.1064389546712
Hawthorne,2022-11-30,-2.094122568766276,1.2546590169270833,4.351138045421976e-07,266.08236503601074
Hawthorne,2022-12-01,-2.378793716430664,2.484280268351237,4.942101156757417e-06,270.4296569824219
Hawthorne,2022-12-02,0.6723244984944662,1.2860958178838093,0.008338475227354536,274.41321754455566
Hawthorne,2022-12-03,-2.1038410663604736,0.4195309082667033,7.12275505065918e-06,263.649356842041
Hawthorne,2022-12-04,-1.9106711149215698,0.7683006127675375,0.0008069872856140137,270.9020029703776
Hawthorne,2022-12-05,-0.3919784625371297,0.15888500213623047,0.005126944184230098,275.88729095458984
Hawthorne,2022-12-06,-1.1567364931106567,0.4544389247894287,9.280443185843978e-05,270.58376185099286
Hawthorne,2022-12-07,-1.1343608299891155,-0.07311928272247314,4.7326087951660156e-05,265.77843856811523
Hawthorne,2022-12-08,-0.7621121009190878,0.9529449542363485,0.002424556016819679,268.2843138376872
Hawthorne,2022-12-09,-1.6330223083496094,1.1770946979522705,0.0004569441080093384,267.94482803344727
Hawthorne,2022-12-10,-2.448919932047526,1.2329333225886028,0.00013410151001380655,268.38416544596356
Hawthorne,2022-12-11,-2.6928723653157554,2.090157230695089,0.0002679884432836843,274.04245630900067
Hawthorne,2022-12-12,-0.34575390815734863,0.7453918854395548,0.006840842961537419,273.2922255198161
Hawthorne,2022-12-13,0.13673647244771323,0.39801637331644696,0.004753457010338025,270.71932156880695
Hawthorne,2022-12-14,1.0287240346272786,-0.4737733205159505,0.004376839443295921,270.7029349009196
Hawthorne,2022-12-15,0.29929478963216144,-0.11826892693837483,0.0038531166664483862,269.22566350301105
Hawthorne,2022-12-16,-0.05668910344441732,0.22603464126586914,0.0003649055956884695,265.64796511332196
Hawthorne,2022-12-17,-1.5818556547164917,0.7723375956217448,1.9273486884685553e-05,261.10292689005536
Hawthorne,2022-12-18,-1.9632606506347656,0.3929670254389445,2.175568624807056e-06,260.07962799072266
Hawthorne,2022-12-19,-1.9024191697438557,0.8177069822947184,4.261732051702438e-07,264.5886770884196
Hawthorne,2022-12-20,-2.1768635511398315,1.0732868512471516,2.2360682407907007e-05,266.11230595906574
Hawthorne,2022-12-21,-0.9916089375813802,1.9448436498641968,0.008538176738682068,271.8331158955892
Hawthorne,2022-12-22,0.36148643493652344,-0.7889321247736613,0.005393818020763774,269.14327239990234
Hawthorne,2022-12-23,-0.982140858968099,0.16513427098592123,0.0007803291081813768,267.1612180074056
Hawthorne,2022-12-24,-0.679022471110026,0.2794005076090495,0.0006183058022770638,273.3256645202637
Hawthorne,2022-12-25,-1.2430000305175781,0.717043399810791,3.991526085656005e-05,273.46177864074707
Hawthorne,2022-12-26,-1.6880048116048176,1.0975734790166218,3.6537646792567102e-06,274.09607378641766
Hawthorne,2022-12-27,-2.173071543375651,2.699456055959066,0.0072488218544890515,274.684814453125
Hawthorne,2022-12-28,-0.014346440633138021,0.7170816659927368,0.01094952225690804,275.19940821329754
Hawthorne,2022-12-29,-0.8155498504638672,1.068750222524007,0.0004629194736480713,270.77668952941895
Hawthorne,2022-12-30,-1.5424357255299885,1.8201167583465576,0.004104766249554359,270.9654935201009
Hawthorne,2022-12-31,-0.9810011784235636,2.201897303263346,0.023211997747353053,275.7996457417806
Hawthorne,2023-01-01,-0.08056004842122395,-0.2562421162923177,0.023254561424153053,274.1443951924642
Hawthorne,2023-01-02,1.1993395487467449,-0.1271228790283203,0.011938351392643654,270.634095509847
Hawthorne,2023-01-03,-0.01188333829243978,0.7511170705159506,0.001830297417939164,270.1014175415039
Hawthorne,2023-01-04,-1.4925057490666707,1.3297031323115032,0.00020220108433477435,267.7771759033203
Hawthorne,2023-01-05,-2.3713690837224326,1.4426683187484741,0.0007096648216133872,269.74659729003906
Hawthorne,2023-01-06,-0.8807231187820435,1.3116754690806072,0.008024895191056203,273.3480987548828
Hawthorne,2023-01-07,-1.12610658009847,1.1321202516555786,0.0006600776896448224,273.1131839752197
Hawthorne,2023-01-08,-2.184469223022461,1.5348604122797649,3.479421138763428e-05,270.3042647043864
Hawthorne,2023-01-09,-2.251982887585958,1.695312778155009,0.002870970964352182,272.1972846984863
Hawthorne,2023-01-10,-1.6118180751800537,2.4739697376887,0.02063758969296714,275.71610768636066
Hawthorne,2023-01-11,0.37502209345499676,1.2530619303385417,0.011649444699287415,275.3278109232585
Hawthorne,2023-01-12,-1.665152867635091,0.7722726662953695,7.539987564086914e-06,271.7272249857585
Hawthorne,2023-01-13,-1.9459439118703206,0.7285605669021606,1.7046928064701206e-06,271.06443850199383
Hawthorne,2023-01-14,-1.9688099225362141,1.5388812621434529,0.0001579374074935913,273.66041056315106
Hawthorne,2023-01-15,-0.8139603932698568,1.446165959040324,0.016247117158570745,274.2580216725667
Hawthorne,2023-01-16,-0.9048186540603638,0.9188170035680135,0.0037080577048982377,273.7332846323649
Hawthorne,2023-01-17,-0.4008292357126872,-0.03222409884134928,0.007618325948612892,272.48121706644696
Hawthorne,2023-01-18,1.105595548947652,-0.28662943840026855,0.0038248986005733343,269.88741938273114
Hawthorne,2023-01-19,-1.0470191637674968,1.031715710957845,0.0012725263833317513,268.65975761413574
Hawthorne,2023-01-20,0.33095741271972656,-1.008641004562378,0.0015523967135777639,269.4143492380778
Hawthorne,2023-01-21,0.20748265584309897,-0.06168047587076823,0.00016439259042044796,267.0381310780843
Hawthorne,2023-01-22,-0.05468877156575521,-0.39779341220855713,0.001671120524406433,265.10083707173663
Hawthorne,2023-01-23,0.24170239766438803,-0.9463644027709961,0.00042994022368247897,264.89860852559406
Hawthorne,2023-01-24,0.034271240234375,0.16116015116373697,0.00034308731545706905,266.87008984883624
Hawthorne,2023-01-25,0.15641148885091147,0.40152283509572345,0.0027558386324813,268.5233465830485
Hawthorne,2023-01-26,-0.1383387247721354,0.1853501001993815,0.0006842060035410213,268.20476150512695
Hawthorne,2023-01-27,-1.3361981709798176,2.1790618896484375,0.002421057224182732,269.37065505981445
Hawthorne,2023-01-28,0.016829808553059895,1.0607856114705403,0.004440173506679912,272.79273732503253
Hawthorne,2023-01-29,-0.5438143412272135,0.8095989227294922,0.003305663289495442,270.8467763264974
Hawthorne,2023-01-30,1.2465446790059407,-0.8897711435953776,0.0013322084614060259,261.24593289693195
Hawthorne,2023-01-31,-0.5443518956502279,-0.10461779435475667,6.792001158828498e-06,257.60365613301593
Hawthorne,2023-02-01,-1.2461401621500652,0.22812652587890625,1.2933428479300346e-06,260.66211382548016
Hawthorne,2023-02-02,-1.4633763631184895,0.25454099973042804,1.7106532936850272e-06,264.8319803873698
Hawthorne,2023-02-03,-2.0478172302246094,0.5546046495437622,0.0,265.61557642618817
Hawthorne,2023-02-04,-1.561789830525716,0.4387219746907552,0.0,270.55164019266766
Hawthorne,2023-02-05,-1.8490323623021443,0.9071034590403239,0.002706067045551208,270.7850144704183
Hawthorne,2023-02-06,-0.3882114092508952,0.3578898111979167,0.0043577730654646984,271.87756792704266
Hawthorne,2023-02-07,-0.45979825655619305,0.005613962809244792,0.00021528899668510348,270.43682924906415
Hawthorne,2023-02-08,-0.8074558973312378,0.6998564402262369,0.00016232728957632503,270.2171007792155
Hawthorne,2023-02-09,-0.4523332516352336,0.1695105234781901,0.00036689639080123015,268.9486478169759
Hawthorne,2023-02-10,-1.2827612559000652,0.7097193400065104,8.52346317969932e-07,267.3317451477051
Hawthorne,2023-02-11,-1.8375225067138672,0.5463396708170573,8.548760206394945e-07,267.90802574157715
Hawthorne,2023-02-12,-0.6542224884033203,-0.4361120065053304,0.0,271.4733352661133
Hawthorne,2023-02-13,-0.9329083760579427,0.1903147300084432,0.0,270.08364550272626
Hawthorne,2023-02-14,0.3506564299265544,-0.4406140247980754,0.0012623336618844405,270.34074211120605
Hawthorne,2023-02-15,0.5962168375651041,-2.499348799387614,5.186185472894067e-05,265.5472997029622
Hawthorne,2023-02-16,-0.49950281778971356,0.27365724245707196,1.825355866458267e-09,265.8831475575765
Hawthorne,2023-02-17,-1.3492228190104167,0.6381658713022867,0.0,265.47339312235516
Hawthorne,2023-02-18,-1.2584393819173176,0.5677865346272787,2.1583064722108247e-06,266.8292433420817
Hawthorne,2023-02-19,-0.44412676493326825,0.6385422150293986,0.0007340333553429446,273.47901980082196
Hawthorne,2023-02-20,-1.0356591542561848,1.3564834992090862,0.00045880675315856934,274.243714650472
Hawthorne,2023-02-21,-1.3997421264648438,2.2813295125961304,0.003627525307479118,274.04408327738446
Hawthorne,2023-02-22,1.4791857401529949,-0.9822822014490763,0.024967753887096933,270.15679295857746
Hawthorne,2023-02-23,-0.6973094940185547,2.3753716150919595,0.0016734182833602063,266.47313563028973
Hawthorne,2023-02-24,-1.434041976928711,1.95124089717865,0.001157823204948727,267.31129455566406
Hawthorne,2023-02-25,-2.0751832723617554,0.9486978054046631,2.1461837604874745e-06,269.2506326039632
Hawthorne,2023-02-26,-1.6725233395894368,1.4841368993123372,0.0007506489752699963,271.3253288269043
Hawthorne,2023-02-27,-0.7594146728515625,3.926045060157776,0.005973076820282586,272.48871358235675
Hawthorne,2023-02-28,0.4729728698730469,2.590355078379313,0.006338615134097836,271.928009668986
Hawthorne,2023-03-01,-1.3476659854253132,1.4188069899876912,0.0029667854308854658,270.33161481221515
Hawthorne,2023-03-02,0.9442503452301025,-0.5390801429748535,0.0003822445869445801,270.09225336710614
Hawthorne,2023-03-03,-0.3211072285970052,0.5250548919041952,0.0016922086476256482,270.7368386586507
Hawthorne,2023-03-04,-1.6767578125,1.4459698994954426,0.00018307864655753292,269.42079734802246
Hawthorne,2023-03-05,-0.6538791656494141,1.7605212132136028,0.007584828138249122,272.64074961344403
Hawthorne,2023-03-06,0.19965489705403647,-0.2724929253260295,0.005922297264135068,272.3866138458252
Hawthorne,2023-03-07,-0.6679763793945312,0.010954181353251139,0.0006699930164018042,270.3572343190511
Hawthorne,2023-03-08,-1.1371014912923176,0.6149142185846964,0.0005498258926195376,270.3688170115153
Hawthorne,2023-03-09,-0.6536941528320312,1.3803221384684246,0.005265668646757149,271.9783248901367
Hawthorne,2023-03-10,-2.0501600901285806,3.5891270637512207,0.005020189285176002,274.88625208536786
Hawthorne,2023-03-11,-0.25707372029622394,0.5526281197865804,0.008083749708987398,275.1699638366699
Hawthorne,2023-03-12,-0.5023339589436849,0.6075097322463989,0.002501165866760857,275.43856620788574
Hawthorne,2023-03-13,-1.1754531860351562,1.2831860780715942,0.00013411442586175326,274.9715690612793
Hawthorne,2023-03-14,-1.5765286684036255,2.360050161679586,3.7583708660804405e-05,276.9084924062093
Hawthorne,2023-03-15,-0.3749268849690755,2.215121348698934,0.011630288475259931,277.68443361918133
Hawthorne,2023-03-16,0.8510231574376425,-1.5014100472132366,1.762211322287044e-05,273.53604316711426
Hawthorne,2023-03-17,-0.3058137893676758,-0.38515154520670575,1.290691045596759e-06,271.3976484934489
Hawthorne,2023-03-18,-1.0032191673914592,0.4342069625854492,-9.191296612698352e-09,271.0235074361165
Hawthorne,2023-03-19,-1.873944600423177,1.606203277905782,2.3722648165858118e-06,272.4688326517741
Hawthorne,2023-03-20,-0.6372102101643881,1.8881159623463948,0.009421266857316368,275.2524929046631
Hawthorne,2023-03-21,-0.7401638031005859,0.77587890625,0.002141801012175648,274.02128473917645
Hawthorne,2023-03-22,-0.8107649485270182,1.8619895776112874,0.008518408104237096,275.458776473999
Hawthorne,2023-03-23,-0.199755589167277,1.7265245119730632,0.005817985534577019,274.3952929178874
Hawthorne,2023-03-24,0.45364952087402344,0.35244091351826984,0.010152792863664217,273.5496298472087
Hawthorne,2023-03-25,1.6284796396891277,0.02287868658701579,0.0024049580438827434,270.55441157023114
Hawthorne,2023-03-26,0.030179341634114582,0.30660680929819745,0.0024564892052580944,269.25098419189453
Hawthorne,2023-03-27,-0.0054931640625,1.1563197374343872,0.002226322889328003,269.5934034983317
Hawthorne,2023-03-28,-1.8513749440511067,1.487605333328247,2.652406692504883e-06,269.4109115600586
Hawthorne,2023-03-29,-2.339811325073242,2.067084868748983,1.0612606899940147e-05,275.10114161173504
Hawthorne,2023-03-30,0.6139310201009115,0.10635209083557129,0.015250086784362793,275.2192268371582
Hawthorne,2023-03-31,0.281463623046875,1.5314284165700276,0.008080840110778809,273.71933937072754
Hawthorne,2023-04-01,-1.5643914540608723,2.2566968202590942,4.598048948167843e-05,274.79567273457843
Hawthorne,2023-04-02,-0.046254475911458336,0.8216180404027303,0.0009015879114535608,279.3479868570964
Hawthorne,2023-04-03,0.8894659678141276,-1.0433510144551594,0.014036078733340673,274.7483202616374
Hawthorne,2023-04-04,2.5192476908365884,-0.8170193831125895,0.01192590594291687,270.5990441640218
Hawthorne,2023-04-05,0.9258111317952474,0.8915613492329916,0.0039044171571731567,270.9667860666911
Hawthorne,2023-04-06,-1.0302880605061848,0.8177388509114584,2.372264759742393e-06,270.06135241190594
Hawthorne,2023-04-07,-1.7198967933654785,1.0629212061564128,8.573618401896965e-07,271.63999875386554
Hawthorne,2023-04-08,-0.9365596771240234,1.223343809445699,0.000676421495370505,280.2622184753418
Hawthorne,2023-04-09,-1.1781597137451172,0.5849359830220541,1.2814997489840607e-06,280.47034962972003
Hawthorne,2023-04-10,-1.5910905202229817,1.1047978401184082,8.52346317969932e-07,279.8581733703613
Hawthorne,2023-04-11,-2.282955805460612,2.0659662882486978,3.004073732881807e-06,280.7220522562663
Hawthorne,2023-04-12,-1.0136241912841797,2.391960620880127,6.39140598650556e-05,284.414826075236
Hawthorne,2023-04-13,1.3238499959309895,-0.7668814659118652,0.0026887357234954834,279.6491063435872
Hawthorne,2023-04-14,0.425865372021993,-0.4520408709843953,0.0008668333290984265,276.1090278625488
Hawthorne,2023-04-15,-0.3681221008300781,0.5764431953430176,2.231686983122927e-05,277.94853655497235
Hawthorne,2023-04-16,-1.4546375274658203,1.8329306840896606,8.574158982810332e-07,278.9066912333171
Hawthorne,2023-04-17,-0.9452400207519531,2.4409631888071694,0.0001420522624471232,282.2789389292399
Hawthorne,2023-04-18,0.3132394154866536,-0.11388333638509114,0.007588037680591242,282.9901835123698
Hawthorne,2023-04-19,1.8928368886311848,-2.299731969833374,0.00030355181246477514,275.1288636525472
Hawthorne,2023-04-20,1.1323471069335938,-0.8821513255437216,0.0023996084928512573,276.7090326944987
Hawthorne,2023-04-21,-0.7897516886393229,1.050602118174235,0.0029946863651275635,275.78930346171063
Hawthorne,2023-04-22,1.0148207346598308,-0.6382323106129965,0.004666060209274292,278.5300922393799
Hawthorne,2023-04-23,-0.40541839599609375,0.4162054459253947,5.900859832763672e-06,279.4294942220052
Hawthorne,2023-04-24,-0.708215077718099,1.2170353333155315,0.0028602242467741235,280.78747431437176
Hawthorne,2023-04-25,1.5064741770426433,-1.3354243437449138,0.011055277334946823,278.23193359375
Hawthorne,2023-04-26,-0.2271245320638021,-0.37029584248860675,2.0563602447509766e-05,279.66169929504395
Hawthorne,2023-04-27,-0.0970001220703125,-0.029195348421732586,0.0,283.3978443145752
Hawthorne,2023-04-28,-0.1546802520751953,-0.9944358269373575,8.52346317969932e-07,283.8668785095215
Hawthorne,2023-04-29,-1.1243476867675781,0.6989436944325765,2.568959644122515e-06,284.73609415690106
Hawthorne,2023-04-30,-1.6395371754964192,1.2119872172673543,1.6367435421216214e-05,287.77282524108887
Hawthorne,2023-05-01,-2.3314762115478516,1.7126363118489583,8.604752679275407e-07,287.71142133076984
Hawthorne,2023-05-02,-1.9288546244303386,1.574150562286377,8.92877574187878e-06,286.63122940063477
Hawthorne,2023-05-03,-1.8859786987304688,1.0823046366373699,4.4852495193481445e-06,286.2246557871501
Hawthorne,2023-05-04,-1.3184436559677124,1.704970081647237,0.000840464234347138,286.7073230743408
Hawthorne,2023-05-05,-0.4157848358154297,3.1359059810638428,0.001200306167220333,282.92066446940106
Hawthorne,2023-05-06,-0.6134891510009766,2.4172229766845703,0.0012043803930232855,282.8653170267741
Hawthorne,2023-05-07,-0.26988792419433594,1.3101714452107747,0.0023786664009080027,283.5335922241211
Hawthorne,2023-05-08,-0.9807955423990885,1.1534270445505779,0.00166092216968039,284.0999342600505
Hawthorne,2023-05-09,-0.3899828592936198,-0.428799311319987,0.001559132734609392,283.760586420695
Hawthorne,2023-05-10,0.006605784098307292,-0.7467482089996338,0.0005122303961684338,285.0216515858968
Hawthorne,2023-05-11,0.6971575419108073,-1.2458122571309407,4.351138045421976e-07,287.3344326019287
Hawthorne,2023-05-12,-0.003972371419270833,-0.9467219511667887,5.143880798641476e-06,287.05899175008136
Hawthorne,2023-05-13,-0.9117285410563151,-0.7831632693608602,0.002965661883326476,286.8372001647949
Hawthorne,2023-05-14,-1.8053963979085286,0.5585342645645142,0.005175590515136719,286.5268198649089
Hawthorne,2023-05-15,-1.0265178680419922,1.0443553924560547,0.0001495093106314016,289.31893666585285
Hawthorne,2023-05-16,-0.40001360575358075,0.17353896299997965,0.0008158624172551754,290.57000223795575
Hawthorne,2023-05-17,0.09079551696777344,-0.15867106119791666,8.507966981596837e-05,292.11878712972003
Hawthorne,2023-05-18,0.37972259521484375,-0.762321670850118,0.00021679699420928955,291.70934677124023
Hawthorne,2023-05-19,-0.5972296396891276,-0.6515151659647623,0.00010284781455993652,290.6786855061849
Hawthorne,2023-05-20,-0.6636854807535807,-0.05490557352701823,4.811584949493408e-05,292.2280788421631
Hawthorne,2023-05-21,-0.49249013264973956,0.054293314615885414,1.946091651916504e-05,293.47937901814777
Hawthorne,2023-05-22,-0.5736351013183594,0.9364613691965739,0.00023537278174856624,293.4000587463379
Hawthorne,2023-05-23,-0.5257320404052734,1.3937883774439495,0.0010957300662539637,293.179635365804
Hawthorne,2023-05-24,-0.5176423390706381,1.2487322489420574,0.0010082910990263372,292.90296745300293
Hawthorne,2023-05-25,-0.20852088928222656,1.1633551518122356,0.0003059208393096924,292.50195693969727
Hawthorne,2023-05-26,-0.8334616820017496,0.731040875116984,0.0005301892755369408,291.2993977864583
Hawthorne,2023-05-27,-0.019333521525065105,-0.22149578730265299,0.0020232051609809787,290.0456663767497
Hawthorne,2023-05-28,-0.07973607381184895,0.18614069620768228,0.002185818041368748,290.23947779337567
Hawthorne,2023-05-29,-0.09447479248046875,0.47678816318511963,0.0004488527774810791,292.1144326527913
Hawthorne,2023-05-30,-0.4522497256596883,1.0730857054392497,0.00018070340149733966,293.06663767496747
Hawthorne,2023-05-31,-0.3120562235514323,-0.1438645919164022,0.001696661114692688,293.2024294535319
Hawthorne,2023-06-01,-0.27398109436035156,-0.4363627036412557,0.0033747494220683905,292.1735261281331
Hawthorne,2023-06-02,0.21846520900726318,0.10916586716969807,0.002771062906674615,291.24369112650555
Hawthorne,2023-06-03,0.33307647705078125,-0.17913301785786948,0.0020205259322096936,290.7219352722168
Hawthorne,2023-06-04,-0.25992870330810547,0.5671304861704508,0.001153662800732036,290.7587064107259
Hawthorne,2023-06-05,-0.5488414764404297,0.06655466556549072,0.00010450482358237423,292.3056888580322
Hawthorne,2023-06-06,-1.2719440460205078,0.6777896881103516,0.0008310045217747586,293.5334103902181
Hawthorne,2023-06-07,-0.8561178843180338,0.979455312093099,0.004898983240025245,293.32416979471844
Hawthorne,2023-06-08,-0.8417282104492188,0.6075337727864584,0.001941147446530067,292.32748730977374
Hawthorne,2023-06-09,-0.7293427785237631,0.8456092675526937,0.0006883561610493416,292.3959617614746
Hawthorne,2023-06-10,0.08301607767740886,0.16093321641286215,0.00030369719252121286,293.61523882548016
Hawthorne,2023-06-11,-0.9034466743469238,-0.306926170984904,0.0021418631076812744,292.9703197479248
Hawthorne,2023-06-12,-0.23186047871907553,-0.0859303077061971,0.0037104278802821966,291.53418286641437
Hawthorne,2023-06-13,0.41054407755533856,0.6230742136637369,0.00038583287219395856,291.2056655883789
Hawthorne,2023-06-14,0.20915603637695312,0.8686891396840414,0.0017982490159056397,293.1283651987712
Hawthorne,2023-06-15,0.3294639587402344,0.3404097557067871,0.006665084695157475,290.2749087015788
Hawthorne,2023-06-16,0.453488032023112,-0.15400707721710205,0.00033673199618533545,290.349552154541
Hawthorne,2023-06-17,0.29543622334798175,0.7724935611089071,3.845037917926675e-05,291.70471318562824
Hawthorne,2023-06-18,-0.17274856567382812,2.464943011601766,8.64267349243164e-06,294.39521344502765
Hawthorne,2023-06-19,0.9567254384358724,2.410055239995321,0.000364840030670166,296.67727343241376
Hawthorne,2023-06-20,1.5896788438161213,-0.6825097799301147,0.008563934787503058,289.34031613667804
Hawthorne,2023-06-21,0.6293284098307291,-0.5835762421290079,1.783967007895626e-05,289.69520568847656
Hawthorne,2023-06-22,-0.19309552510579428,-0.2488856315612793,1.358602543177767e-05,290.86824289957684
Hawthorne,2023-06-23,-0.2018407185872396,1.2047561804453533,0.0005133642524128845,292.6534112294515
Hawthorne,2023-06-24,-0.1595738728841146,0.1275475025177002,1.2332200924447534e-05,293.26049995422363
Hawthorne,2023-06-25,-0.4155737559000651,0.6070690155029297,9.644680289966345e-06,294.8272075653076
Hawthorne,2023-06-26,-0.1742426554361979,1.874856948852539,8.644618674225057e-07,296.27674865722656
Hawthorne,2023-06-27,1.027303695678711,-0.30267520745595294,0.00045731067656973323,296.01391474405926
Hawthorne,2023-06-28,0.4318866729736328,-0.9983985821406046,0.00021011531352499446,294.70812288920087
Hawthorne,2023-06-29,0.18803099791208902,-0.7990182240804037,0.0007776230573313114,294.49457359313965
Hawthorne,2023-06-30,-0.11830373605092366,-0.899908979733785,0.00011721317974888734,294.4880377451579
Hawthorne,2023-07-01,0.0537261962890625,-0.38531243801116943,8.517578926614533e-07,296.8726069132487
Hawthorne,2023-07-02,-0.32204310099283856,-0.2433191935221354,0.0,298.53273073832196
Hawthorne,2023-07-03,-0.25615692138671875,0.7249598503112793,0.00015269219869651351,300.1049575805664
Hawthorne,2023-07-04,-0.0954119364420573,-1.2205440203348796,0.00014196634282370724,298.4296124776204
Hawthorne,2023-07-05,0.35203107198079425,-0.6292565663655599,2.309679928202968e-06,298.0880374908447
Hawthorne,2023-07-06,-0.15466550985972086,-0.47294044494628906,0.0002952545880816615,297.8481922149658
Hawthorne,2023-07-07,-0.3633236885070801,0.15686988830566406,3.5870075123511924e-05,298.7165609995524
Hawthorne,2023-07-08,-0.056667327880859375,-0.3212668100992839,1.7090661010854546e-06,297.9975522359212
Hawthorne,2023-07-09,-0.4426829020182292,0.8153457641601562,8.534580864250074e-07,299.2106698354085
Hawthorne,2023-07-10,-0.2788543701171875,2.807088335355123,2.4146162331817322e-06,301.3302307128906
Hawthorne,2023-07-11,-0.012265523274739584,1.6237678527832031,2.1434707946355047e-06,300.3292891184489
Hawthorne,2023-07-12,-0.032925923665364586,0.34556519985198975,2.1461702317537856e-06,300.09190877278644
Hawthorne,2023-07-13,0.20661036173502603,-0.33168713251749676,1.727760491121444e-06,299.84624036153156
Hawthorne,2023-07-14,0.6710408528645834,-1.1120717128117878,8.583068797918258e-07,300.7859166463216
Hawthorne,2023-07-15,0.24695841471354166,-0.4521740674972534,0.0,299.1633701324463
Hawthorne,2023-07-16,-0.39573923746744794,0.3996840715408325,0.0,301.0814685821533
Hawthorne,2023-07-17,-0.16921552022298178,0.4303199847539266,1.626014699240841e-05,303.2797495524089
Hawthorne,2023-07-18,-0.3103822072347005,0.12799115975697836,0.0002702650072592405,302.2967898050944
Hawthorne,2023-07-19,0.10590553283691406,0.16037635008494058,0.00031065625648807327,301.8897120157878
Hawthorne,2023-07-20,0.10582923889160156,-0.32603728771209717,0.0022731312758423883,298.8976599375407
Hawthorne,2023-07-21,0.07032195727030437,-0.3239961465199788,1.7106532013144715e-06,300.87554295857746
Hawthorne,2023-07-22,-0.2537269592285156,-0.09388470649719238,1.2874602930423862e-06,302.7073745727539
Hawthorne,2023-07-23,-0.28836504618326825,0.5934222936630249,7.626414287642547e-05,304.25770632425946
Hawthorne,2023-07-24,-0.01845550537109375,0.9919877449671427,0.0008086800575242137,304.2908140818278
Hawthorne,2023-07-25,0.4349587758382161,0.32586852709452313,0.0005829403939969779,302.68867047627765
Hawthorne,2023-07-26,-0.04788398742675781,0.8358063300450643,3.6850675428468094e-05,302.2716147104899
Hawthorne,2023-07-27,0.052408059438069664,1.2391459544499714,0.00023215413093424786,302.82190831502277
Hawthorne,2023-07-28,0.0429229736328125,0.07149338722229004,0.0004081130027770996,303.5636386871338
Hawthorne,2023-07-29,0.0954449971516927,0.7402353684107462,1.714587710921478e-06,303.3399136861165
Hawthorne,2023-07-30,-0.08140373229980469,1.1781614224116008,2.682209014892578e-07,303.724941889445
Hawthorne,2023-07-31,-0.5596536000569662,1.5803019205729167,0.0007208168506167567,302.67673683166504
Hawthorne,2023-08-01,-0.18603388468424478,1.3183021545410156,0.001319819438037939,300.39004198710126
Hawthorne,2023-08-02,-0.11908467610677083,0.958486278851827,0.012595054507244186,295.7361755371094
Hawthorne,2023-08-03,0.04691505432128906,1.6056124369303386,0.01387574076642295,294.267427444458
Hawthorne,2023-08-04,0.47373008728027344,0.05314191182454427,0.0012640744447658392,296.1622784932454
Hawthorne,2023-08-05,0.20526659488677979,-0.3898131450017293,1.8456578249725908e-05,296.49511337280273
Hawthorne,2023-08-06,0.35160573323567706,-0.4848191738128662,0.0006518065929412842,296.79503377278644
Hawthorne,2023-08-07,0.45350412527720135,-0.31910653909047443,1.9517540920332976e-05,296.68367830912274
Hawthorne,2023-08-08,0.8900044759114584,-1.0820504029591878,0.000734546900901023,295.494379679362
Hawthorne,2023-08-09,-0.04598553975423177,-0.20624645551045737,2.151025000785012e-06,295.55071512858075
Hawthorne,2023-08-10,-0.03153419494628906,0.48526692390441895,4.941225029142515e-06,297.73124440511066
Hawthorne,2023-08-11,-0.23964500427246094,1.0002366701761882,0.0006464362144456004,298.06929143269855
Hawthorne,2023-08-12,0.0005257924397786459,-0.14512006441752115,0.00069961845874289,298.56359736124676
Hawthorne,2023-08-13,0.02945840358734131,-0.2921918233235677,1.2814998058274796e-06,298.37905820210773
Hawthorne,2023-08-14,-0.12912877400716147,-0.23785269260406494,0.0,298.5908495585124
Hawthorne,2023-08-15,0.0159912109375,-0.08947316805521648,5.695223808288574e-05,300.49559211730957
Hawthorne,2023-08-16,-0.0239105224609375,0.19019699096679688,0.0003647804260253906,300.5042533874512
Hawthorne,2023-08-17,-0.3493359883626302,0.9095045725504557,0.001054525375366211,301.16283798217773
Hawthorne,2023-08-18,-0.37369855244954425,1.5868231455485027,0.0010470151901245117,300.66802978515625
Hawthorne,2023-08-19,0.04814592997233073,2.1877747774124146,0.0014900565147399902,298.92702802022296
Hawthorne,2023-08-20,-0.024947484334309895,0.1976471741994222,5.605816795650753e-06,298.29599062601727
Hawthorne,2023-08-21,-0.0986773173014323,1.5905152559280396,0.0024935811757131887,296.70909118652344
Hawthorne,2023-08-22,-0.9363225301106771,1.2423559824625652,0.00828734338273307,294.424986521403
Hawthorne,2023-08-23,-0.7126998901367188,1.1576347351074219,0.0007495222854458916,294.77475929260254
Hawthorne,2023-08-24,-0.5136941274007162,0.6661363045374552,0.0023992516913722284,295.8400370279948
Hawthorne,2023-08-25,-0.6113961537679037,0.5892093181610107,0.0009169578552246094,296.79919878641766
Hawthorne,2023-08-26,-0.6574783325195312,0.4034934838612874,0.00013032257555778415,297.8121980031331
Hawthorne,2023-08-27,-0.48753801981608075,0.41466013590494794,3.254413604736328e-05,298.64903895060223
Hawthorne,2023-08-28,-0.17219161987304688,-0.43060044447580975,0.0,298.39515431722003
Hawthorne,2023-08-29,-0.8028221130371094,1.1071281433105469,2.5749206429281912e-06,299.35933685302734
Hawthorne,2023-08-30,1.2588015794754028,-0.10083464781443278,8.350851317118213e-07,300.26592953999835
Hawthorne,2023-08-31,0.024962107340494793,0.4716646671295166,4.351138045421976e-07,297.3995424906413
Hawthorne,2023-09-01,-0.8328514099121094,3.984520117441813,0.0008889923337846994,300.07195409138996
Hawthorne,2023-09-02,-0.6828873952229818,2.291665951410929,0.0011701652898636894,295.1594416300456
Hawthorne,2023-09-03,-0.41121482849121094,2.5176207224527993,0.00012706518162985958,296.35654067993164
Hawthorne,2023-09-04,1.4225660959879558,0.8192511796951294,0.02259669899939354,291.8037401835124
Hawthorne,2023-09-05,-0.2294336954752604,0.5524921417236328,0.00028058886528015137,290.94373448689777
Hawthorne,2023-09-06,-0.31119728088378906,0.7412865161895752,0.0,293.1337350209554
Hawthorne,2023-09-07,-0.6067339579264323,1.1751813093821208,8.52346317969932e-07,294.8692404429118
Hawthorne,2023-09-08,-0.7479623158772787,1.8995558420817058,0.0,295.52190589904785
Hawthorne,2023-09-09,-0.5330346425374349,0.5909154415130615,5.292296407333197e-05,295.139155069987
Hawthorne,2023-09-10,-0.3194135030110677,0.39956510066986084,0.00046452938522634213,294.7358595530192
Hawthorne,2023-09-11,-0.6814562479654948,-0.1891040802001953,0.0003805601683666282,294.0038032531738
Hawthorne,2023-09-12,-0.24535497029622397,-0.020951588948567707,0.0006659626960754395,294.64501571655273
Hawthorne,2023-09-13,-0.4463723500569661,0.35698262850443524,0.00027410984029074825,293.57966232299805
Hawthorne,2023-09-14,0.09660784403483073,-1.0015652974446614,9.481012813239431e-05,292.7676067352295
Hawthorne,2023-09-15,-0.24680074055989584,-0.5486650069554647,1.5580654142866024e-05,292.09785652160645
Hawthorne,2023-09-16,-0.11188252766927083,0.0697619120279948,0.0,293.1084626515706
Hawthorne,2023-09-17,-0.26864369710286456,0.1562169392903646,8.52346317969932e-07,293.88512420654297
Hawthorne,2023-09-18,-0.5888116757074991,0.6158294677734375,3.5375356674194336e-05,294.3054714202881
Hawthorne,2023-09-19,-0.26137415568033856,0.6208769480387369,0.00011063516139486751,294.31909052530926
Hawthorne,2023-09-20,-0.2515576680501302,1.1553993225097656,0.00017398595809936523,293.7113151550293
Hawthorne,2023-09-21,0.2636737823486328,0.6724427938461304,0.0060004323719908825,291.4018096923828
Hawthorne,2023-09-22,1.3224315643310547,0.054849982261657715,0.008022987842537077,286.270112991333
Hawthorne,2023-09-23,-0.45928510030110675,0.3570895195007324,0.00017589330673217773,285.6997439066569
Hawthorne,2023-09-24,-0.6278241475423177,0.4967663685480754,0.0,288.4723606109619
Hawthorne,2023-09-25,-1.1375439961751301,1.1654166380564372,8.641524118502275e-07,290.71213404337567
Hawthorne,2023-09-26,-0.9490210215250651,1.2209748029708862,4.261732051702438e-07,292.41986592610675
Hawthorne,2023-09-27,-0.6512991587320963,1.02140478293101,0.0,292.8923708597819
Hawthorne,2023-09-28,0.30449994405110675,-0.1408409277598063,0.0,292.18796666463214
Hawthorne,2023-09-29,-0.4366809129714966,0.8370329936345419,3.758072807613644e-06,290.3873488108317
Hawthorne,2023-09-30,-0.9026692708333334,2.501287261644999,3.1246730600287265e-05,292.63314628601074
Hawthorne,2023-10-01,0.4521230061848958,2.2517160177230835,0.005273088538690018,289.30577278137207
Hawthorne,2023-10-02,-0.35471343994140625,0.7425368626912435,0.023457229137420654,284.95479011535645
Hawthorne,2023-10-03,0.08451207478841145,0.8971534570058187,0.0021274149268037945,282.90501403808594
Hawthorne,2023-10-04,0.2877572377522786,-0.15531949202219644,0.0005321651697158813,284.97963523864746
Hawthorne,2023-10-05,-0.2960529327392578,-0.39403724670410156,2.5153159981528006e-06,284.6642615000407
Hawthorne,2023-10-06,-0.2808160384496053,-0.3394908905029297,1.9073486328125e-06,285.81572341918945
Hawthorne,2023-10-07,-0.4899946451187134,0.1088239351908366,0.0,286.8920434315999
Hawthorne,2023-10-08,-0.6828873952229818,0.10093752543131511,8.584349870943697e-07,287.743008295695
Hawthorne,2023-10-09,-1.0150566101074219,0.5346139272054037,8.52346317969932e-07,288.7065823872884
Hawthorne,2023-10-10,-0.78863525390625,1.4312349955240886,9.98082558680835e-05,289.7419656117757
Hawthorne,2023-10-11,0.790657122929891,-1.081079125404358,0.010725915431976318,286.76998774210614
Hawthorne,2023-10-12,1.7370582421620686,-0.8975906372070312,0.011001843213932716,279.8563486735026
Hawthorne,2023-10-13,-0.37551116943359375,0.7534643809000651,0.00015369116312058395,281.265666325887
Hawthorne,2023-10-14,-1.0406812032063801,0.5883121490478516,1.716613724056515e-06,283.1392873128255
Hawthorne,2023-10-15,-0.8890336354573568,0.04839169979095459,1.2755393754559918e-06,284.87771288553876
Hawthorne,2023-10-16,-1.0283489624659221,0.41396204630533856,8.606480470518818e-07,286.00082143147785
Hawthorne,2023-10-17,-0.9108180999755859,0.21832780043284097,1.7225741544280027e-06,286.86161613464355
Hawthorne,2023-10-18,-0.35829607645670575,-0.2797120412190755,2.562998815847095e-06,288.62893295288086
Hawthorne,2023-10-19,-0.6625048319498698,0.07754675547281902,1.7225741544280027e-06,285.97539647420246
Hawthorne,2023-10-20,-0.8923511505126953,0.26427777608235675,1.7116729509325523e-06,286.56656074523926
Hawthorne,2023-10-21,-0.8225618998209635,0.02948315938313802,0.00012751380273812174,287.6832338968913
Hawthorne,2023-10-22,-1.1195875803629558,1.0030568838119507,0.0,288.059518178304
Hawthorne,2023-10-23,-0.8470961252848307,0.6525309085845947,0.0006545960902144543,286.9190896352132
Hawthorne,2023-10-24,0.2599506378173828,0.13206962744394937,3.6776066494326187e-06,286.78030649820965
Hawthorne,2023-10-25,-0.7831815083821615,2.3185137510299683,4.351138613856165e-07,285.8672695159912
Hawthorne,2023-10-26,1.376534144083659,-0.45979877312978107,0.008530324697403557,282.8521537780762
Hawthorne,2023-10-27,-0.5599721272786459,0.59360671043396,1.7195939676639682e-06,278.2051436106364
Hawthorne,2023-10-28,0.7029883066813151,-1.3457177877426147,8.684500079425561e-05,278.3525511423747
Hawthorne,2023-10-29,1.4517847696940105,-1.8462862173716228,3.4404875748350605e-05,274.61151695251465
Hawthorne,2023-10-30,0.228851318359375,-0.23557575543721518,1.716028918963275e-06,274.96885935465497
Hawthorne,2023-10-31,-0.19550323486328125,-0.015112598737080893,1.2814997489840607e-06,275.58047612508136
Hawthorne,2023-11-01,-0.9167137145996094,0.31589047114054364,2.328972186660394e-06,277.2510903676351
Hawthorne,2023-11-02,-1.1422226031621296,0.6551533937454224,2.5716951199683535e-06,279.7355702718099
Hawthorne,2023-11-03,-0.47713979085286456,0.27216029167175293,1.27280355854964e-06,285.72285588582355
Hawthorne,2023-11-04,-1.2714977264404297,0.7414441903432211,3.4391878216410987e-06,282.88920911153156
Hawthorne,2023-11-05,-1.1849937438964844,1.4209740956624348,0.00010127849964192137,284.91519419352215
Hawthorne,2023-11-06,-1.2040506998697917,2.1726644039154053,1.7249962525056617e-06,285.7454140981038
Hawthorne,2023-11-07,0.5388418833414713,-0.5036525726318359,0.006090492010116577,282.34113693237305
Hawthorne,2023-11-08,0.7291488647460938,-1.4206441243489583,0.0023217589796331595,277.7395648956299
Hawthorne,2023-11-09,-0.0987396240234375,-0.32800928751627606,1.0727696349022153e-06,276.75613021850586
Hawthorne,2023-11-10,-0.638206402460734,0.5134478012720743,6.258487701416016e-07,275.6639766693115
Hawthorne,2023-11-11,-0.8742392857869467,0.6740844249725342,3.010032742167823e-06,277.0088818868001
Hawthorne,2023-11-12,-1.4349507888158162,0.7936285734176636,0.0,278.48145294189453
Hawthorne,2023-11-13,-1.935445785522461,1.4690848588943481,1.727127028061659e-06,279.53331502278644
Hawthorne,2023-11-14,-1.3361612955729167,1.7800299326578777,0.0,281.3099301656087
Hawthorne,2023-11-15,-1.5656658411026,1.5316530068715413,8.583068797918258e-07,281.61280186971027
Hawthorne,2023-11-16,-0.832312266031901,1.0694020589192708,0.011486349485892333,282.55753835042316
Hawthorne,2023-11-17,-1.2530530293782551,0.3904539744059245,4.0799379235068045e-05,279.07621002197266
Hawthorne,2023-11-18,-1.1965465545654297,0.7205740213394165,0.0009333521126677624,278.74839719136554
Hawthorne,2023-11-19,-0.3620196580886841,0.49878692626953125,0.011719949970938615,277.85450172424316
Hawthorne,2023-11-20,1.6481513977050781,-1.4773122866948445,0.004729560017494805,275.32751019795734
Hawthorne,2023-11-21,-0.6586657762527466,0.25930166244506836,5.561113255225791e-06,272.11475880940753
Hawthorne,2023-11-22,-1.0002497434616089,0.23324457804361978,1.7225742112714215e-06,272.7707869211833
Hawthorne,2023-11-23,-0.8199818929036459,-0.12138938903808594,3.823041915396175e-05,273.68306223551434
Hawthorne,2023-11-24,0.19792930285135904,-0.5546487172444662,0.011144626140549008,273.7807032267253
Hawthorne,2023-11-25,-0.26140467325846356,-0.2695706288019816,0.00021180510520935059,268.96388244628906
Hawthorne,2023-11-26,-0.839949369430542,0.33632636070251465,3.007948396316351e-05,266.71570777893066
Hawthorne,2023-11-27,-1.1957588195800781,0.19162654876708984,2.7620877744993777e-06,264.7979513804118
Hawthorne,2023-11-28,-1.2707659403483074,0.07722727457682292,1.1652707030407328e-06,265.51214536031085
Hawthorne,2023-11-29,-1.3061027526855469,0.1678100029627482,2.1517275854421314e-06,266.87831179300946
Hawthorne,2023-11-30,-0.7365169525146484,0.07378153006235759,8.982419967651367e-05,270.56557337443036
Hawthorne,2023-12-01,-0.8016338348388672,0.7694943348566691,0.004042467474732803,270.03931935628253
Hawthorne,2023-12-02,-0.8325703938802084,1.93955393632253,0.004317194223403931,271.3110529581706
Hawthorne,2023-12-03,-0.8625443776448568,2.125428080558777,0.018958359956741333,274.36192957560223
Hawthorne,2023-12-04,-1.1687259674072266,1.347803791364034,0.0058963000774383545,276.39157485961914
Hawthorne,2023-12-05,-1.852984110514323,0.7333799997965494,4.351138045421976e-07,272.7322247823079
Hawthorne,2023-12-06,-2.3125279744466147,0.9900957743326823,0.0,270.84363746643066
Hawthorne,2023-12-07,-0.7160790761311849,1.254660924275716,0.0009151697158813477,275.82302983601886
Hawthorne,2023-12-08,0.453460693359375,-0.3568534851074219,0.009711483527212295,270.93489774068195
Hawthorne,2023-12-09,0.13300196329752603,0.3360859553019206,0.0017047971487045288,270.34715461730957
Hawthorne,2023-12-10,-1.592002034187317,1.1917078097661336,3.837552014829271e-06,267.41518783569336
Hawthorne,2023-12-11,-1.535652796427409,0.2891111373901367,3.457068373791117e-07,270.95137214660645
Hawthorne,2023-12-12,-1.2306448618570964,-0.22392781575520834,1.7106532368416083e-06,269.5577341715495
Hawthorne,2023-12-13,-1.496681849161784,-0.24017969767252603,8.52346317969932e-07,268.0263303120931
Hawthorne,2023-12-14,-1.4453589121500652,0.2438042958577474,8.52346317969932e-07,269.07823371887207
Hawthorne,2023-12-15,-1.4976812998453777,0.2568703095118205,1.7106532368416083e-06,269.1195259094238
Hawthorne,2023-12-16,-1.674190640449524,0.20194772879282633,8.52346317969932e-07,267.68162536621094
Hawthorne,2023-12-17,-1.3788402080535889,-0.07674713929494222,1.7106532936850272e-06,270.8380591074626
Hawthorne,2023-12-18,-1.8706550598144531,0.3231198787689209,1.7046928064701206e-06,268.0851109822591
Hawthorne,2023-12-19,-2.1650482018788657,0.9797071218490601,0.0010415911674499512,271.94008382161456
Hawthorne,2023-12-20,-1.954127589861552,1.0165857474009197,0.0005956828594158026,275.7343552907308
Hawthorne,2023-12-21,-1.96303391456604,0.7116845448811849,0.0,272.7742398579915
Hawthorne,2023-12-22,-2.0162843068440757,0.6920356750488281,8.52346317969932e-07,272.1012783050537
Hawthorne,2023-12-23,-0.08179601033528645,-0.17432022094726562,0.004028689861286239,273.6761779785156
Hawthorne,2023-12-24,0.3879839579264323,-0.4511430263519287,0.0008438767371785616,271.0610574086507
Hawthorne,2023-12-25,-1.1838674942652385,0.2017515500386556,5.754828350745811e-06,263.26543553670246
Hawthorne,2023-12-26,-1.3934555451075237,0.471193790435791,2.58088101645626e-06,262.1713701883952
Hawthorne,2023-12-27,-1.2614543835322063,0.3125928243001302,3.4302472045055765e-06,266.3570435841878
Hawthorne,2023-12-28,-1.1718311707178752,0.01910082499186198,0.0,268.5859203338623
Hawthorne,2023-12-29,-1.5347792307535808,0.25165430704752606,8.52346317969932e-07,269.3063163757324
Hawthorne,2023-12-30,-2.099315643310547,0.5686632792154948,4.857778549194336e-06,271.074421564738
Hawthorne,2023-12-31,-1.5055122375488281,0.3519347508748372,8.583068797918258e-07,270.39858945210773
Copper View,2019-01-01,-0.9434239069620768,-0.861345370610555,5.364418029785156e-07,260.9908955891927
Copper View,2019-01-02,-1.2230534950892131,0.11511675516764323,1.6868113448254007e-06,259.22375170389813
Copper View,2019-01-03,-1.1910745700200398,0.6361636718114217,3.2782554626464844e-07,262.7088146209717
Copper View,2019-01-04,-1.5814830462137859,0.2683259646097819,1.1205672194591898e-06,265.5066941579183
Copper View,2019-01-05,-2.5376885334650674,0.9109938542048136,1.1920928955078125e-07,265.7524700164795
Copper View,2019-01-06,-1.6622527440388997,1.74065101146698,0.0103548198937915,272.82579040527344
Copper View,2019-01-07,-1.1700477600097656,2.5738112926483154,0.00922047960426653,271.99678866068524
Copper View,2019-01-08,-1.2835133870442708,0.4301356077194214,0.0013504356144835583,274.0042184193929
Copper View,2019-01-09,-2.170050938924154,1.310985008875529,4.2319288695580326e-07,272.2221927642822
Copper View,2019-01-10,-1.7815100351969402,0.5062688191731771,1.3647578725795029e-05,271.7934856414795
Copper View,2019-01-11,-0.08747545878092448,-0.5231749216715494,0.0005739395912200962,273.68545087178546
Copper View,2019-01-12,-0.5755685170491537,-0.3376019795735677,0.00015966594219207764,268.52377700805664
Copper View,2019-01-13,-0.8866005738576254,-0.4953564802805583,1.6033649394842087e-06,266.5282344818115
Copper View,2019-01-14,-1.2975921630859375,-0.04331000645955404,5.569902441493468e-06,264.37432225545246
Copper View,2019-01-15,-1.711586634318034,0.4125862121582031,0.00048376619815826416,267.8560390472412
Copper View,2019-01-16,-1.083974003791809,1.6830609639485676,0.006774121522880705,273.77563730875653
Copper View,2019-01-17,-2.115128835042318,2.7865982055664062,0.0073777794837042165,274.2060209910075
Copper View,2019-01-18,-0.08048375447591145,-0.12623969713846842,0.018806200634912784,274.3026116689046
Copper View,2019-01-19,-1.5134925842285156,1.4432618618011475,0.00099402964104911,270.92865562438965
Copper View,2019-01-20,-2.0797932942708335,1.7185279528299968,8.52346317969932e-07,273.5572045644124
Copper View,2019-01-21,-0.7840824127197266,0.853753407796224,0.015841996669678338,272.81675656636554
Copper View,2019-01-22,1.1048022508621216,-1.3785651922225952,0.0012005418539047241,268.7407741546631
Copper View,2019-01-23,-1.5979253848393757,1.462228775024414,0.00023820698254439776,264.4907989501953
Copper View,2019-01-24,-0.9490544398625692,1.2017281850179036,0.0035795728612129096,270.47976875305176
Copper View,2019-01-25,-1.124066988627116,1.079535682996114,0.0006948554822088227,272.2521317799886
Copper View,2019-01-26,-1.3535709381103516,0.3188177744547526,5.550137643695052e-06,270.3332684834798
Copper View,2019-01-27,-1.6593799591064453,0.9992827574412028,9.837746574703488e-06,268.95451672871906
Copper View,2019-01-28,-1.2658278147379558,0.35681037108103436,6.8196075062587624e-06,272.30531819661456
Copper View,2019-01-29,-1.2530481020609539,0.14455167452494302,4.527227758899244e-06,268.4675833384196
Copper View,2019-01-30,-1.6610199213027954,0.6536082824071249,0.0,267.27348136901855
Copper View,2019-01-31,-1.8123784462610881,0.7153823375701904,0.0,269.9790554046631
Copper View,2019-02-01,-2.238906224568685,0.9550215403238932,2.5868415605145856e-06,270.14781951904297
Copper View,2019-02-02,-2.586737950642904,1.9459137519200642,5.08725643157959e-05,272.58750406901044
Copper View,2019-02-03,-1.4970895846684773,3.0115705331166587,0.004491075873374939,275.8723080952962
Copper View,2019-02-04,-1.1686261494954426,4.25897757212321,0.0005244923607392593,276.43984667460126
Copper View,2019-02-05,-0.5727081298828125,3.936395287513733,0.007247331738369667,274.6872164408366
Copper View,2019-02-06,1.2751880884170532,-0.8577108383178711,0.015552374720471107,269.88823827107746
Copper View,2019-02-07,0.2027916113535563,0.4935149351755778,0.0016560984558964265,266.8413492838542
Copper View,2019-02-08,-1.7786788940429688,0.9462755918502808,2.1746320726379054e-06,261.40994962056476
Copper View,2019-02-09,-2.2834644317626953,1.4536547660827637,0.0004422307014451121,264.72760645548504
Copper View,2019-02-10,-2.0530007680257163,2.9143492380777993,0.00093946158875724,267.7036196390788
Copper View,2019-02-11,0.427337646484375,0.36548805236816406,0.00749444067469085,267.20140711466473
Copper View,2019-02-12,-2.0763270060221353,1.8609790802001953,8.52346317969932e-07,264.6067148844401
Copper View,2019-02-13,-2.0841687520345054,2.603581746419271,0.004578202962875366,271.3398501078288
Copper View,2019-02-14,-1.7845102945963542,3.8079776763916016,0.006946703791527398,275.0676924387614
Copper View,2019-02-15,-0.7051296234130859,3.3681070804595947,0.005162450671093666,276.8151435852051
Copper View,2019-02-16,0.48828570048014325,0.36359278361002606,0.008523020148174965,272.3234558105469
Copper View,2019-02-17,-0.6958052317301432,1.0722118218739827,0.0006189644336700439,270.55717849731445
Copper View,2019-02-18,-0.41496912638346356,-0.34462428092956543,0.0014091014861037365,268.95596504211426
Copper View,2019-02-19,1.2814184824625652,-1.0681781768798828,0.0012929648160593388,267.2629960378011
Copper View,2019-02-20,-0.8927682240804037,2.2752630710601807,0.001333975791908415,265.85752550760907
Copper View,2019-02-21,-0.9489053090413412,0.1434358755747477,0.0007213775054992766,268.0634314219157
Copper View,2019-02-22,0.5939776102701823,-1.3645416895548503,0.002498710405120619,268.49814796447754
Copper View,2019-02-23,-0.7058804829915365,1.0608458518981934,4.216201978124445e-05,266.6119912465413
Copper View,2019-02-24,-1.9844195048014324,2.1949389775594077,7.969016678543994e-06,267.0081837972005
Copper View,2019-02-25,-1.9458726247151692,2.6595961252848306,0.0010267823933531872,271.6370271046956
Copper View,2019-02-26,-1.6644086043039958,3.6480056842168174,6.649623435350804e-05,274.48161697387695
Copper View,2019-02-27,-1.8253605365753174,2.6252161661783853,0.002066199253135892,275.12641461690265
Copper View,2019-02-28,-1.6271260579427083,2.0707969268163047,0.0010850310325167811,275.7485548655192
Copper View,2019-03-01,-0.09334627787272136,0.621103048324585,0.002807796001434326,277.66638882954913
Copper View,2019-03-02,0.21372286478678384,-0.4138114849726359,0.004887956380741798,275.5866934458415
Copper View,2019-03-03,0.8746312459309896,-0.8707650105158488,0.0064627379179000854,272.76938247680664
Copper View,2019-03-04,-0.26053253809611004,0.07623815536499023,2.7438998131401604e-05,272.57931582132977
Copper View,2019-03-05,-1.6771589914957683,1.0011758009592693,8.508563041687012e-06,273.16128794352215
Copper View,2019-03-06,-1.8131802876790364,2.2494461139043174,0.008549622106443167,276.42809804280597
Copper View,2019-03-07,-0.8264554341634115,2.2792908747990928,0.007518112659454346,276.7776699066162
Copper View,2019-03-08,-0.7276757558186849,1.19171937306722,0.006944808363812172,276.03174082438153
Copper View,2019-03-09,0.030707915623982746,0.42527774969736737,0.004558271169571526,272.9074509938558
Copper View,2019-03-10,-0.9493808746337891,0.603962222735087,0.004411451576402214,273.4271602630615
Copper View,2019-03-11,-0.4866491953531901,-0.3433850606282552,0.0001825631084102497,273.2904930114746
Copper View,2019-03-12,-0.9082673390706381,0.2962478796641032,4.4833748091832604e-07,274.1141834259033
Copper View,2019-03-13,1.9971729119618733,-1.7915325164794922,0.01562364399433136,273.39840507507324
Copper View,2019-03-14,1.3347825209299724,-1.1448860168457031,0.004758893563405309,272.0090637207031
Copper View,2019-03-15,-0.6864490509033203,0.10753174622853597,8.93670659252166e-06,270.92517280578613
Copper View,2019-03-16,-0.7824325561523438,-0.12041934331258138,1.7106532936850272e-06,272.04878362019855
Copper View,2019-03-17,-1.0788485209147136,0.38714973131815594,1.78813479578821e-08,274.82383664449054
Copper View,2019-03-18,-1.085470199584961,0.26967235406239826,1.7046928064701206e-06,276.8020947774251
Copper View,2019-03-19,-0.7145830790201823,-0.006864865620930989,1.2874602930423862e-06,277.8139705657959
Copper View,2019-03-20,-1.8522103627522786,0.8405327399571737,1.7145424635600648e-06,273.8715311686198
Copper View,2019-03-21,-1.7381451924641926,0.831662098566691,0.004848094620967913,275.5337880452474
Copper View,2019-03-22,-0.4811725616455078,1.7534983952840169,0.0027255191820927394,277.19338925679523
Copper View,2019-03-23,-0.7225297292073568,1.3507264455159504,0.0008002814738574671,276.18245124816895
Copper View,2019-03-24,-0.18626085917154947,0.6315816243489584,0.008327706226737064,278.4985268910726
Copper View,2019-03-25,-1.2045117616653442,1.152192195256551,0.0003612339496612549,276.40010770161945
Copper View,2019-03-26,-1.6328576405843098,1.9439154068628948,0.0,278.4618962605794
Copper View,2019-03-27,-1.5129044850667317,2.4833791653315225,1.2814997489840607e-06,281.5528564453125
Copper View,2019-03-28,-0.14132372538248697,1.1971874237060547,0.0025824308395385742,282.25827916463214
Copper View,2019-03-29,0.42816607157389325,-0.18305206298828125,0.012666767765040277,276.0040276845296
Copper View,2019-03-30,-0.04952343304951986,0.15588808059692383,0.0006368283328583857,276.6757704416911
Copper View,2019-03-31,-0.3753350575764974,-0.37587769826253253,2.0369887351989746e-05,276.8712730407715
Copper View,2019-04-01,-0.6547660827636719,1.1072744925816853,2.5897215323311684e-06,279.21314239501953
Copper View,2019-04-02,-1.1766064961751301,1.8059317668279011,0.0009826098511780401,280.0923728942871
Copper View,2019-04-03,-0.4390729268391927,0.5689773559570312,0.00897495746602317,280.1809775034587
Copper View,2019-04-04,-1.0046075185139973,1.6379222869873047,0.00013318955893737439,280.7106304168701
Copper View,2019-04-05,-1.1701545715332031,2.2987563610076904,0.00021822149250283474,282.3656431833903
Copper View,2019-04-06,0.2515405019124349,0.44692734877268475,0.006187789964087642,282.50135294596356
Copper View,2019-04-07,-0.7123069763183594,1.0306775569915771,9.604257166984098e-05,282.0039348602295
Copper View,2019-04-08,-0.9644527435302734,1.0978182951609294,4.0975434842493996e-05,285.1666552225749
Copper View,2019-04-09,-0.8637091318766276,0.36948466300964355,0.008249897679906582,284.1477692921956
Copper View,2019-04-10,1.8843612670898438,-2.1049224932988486,0.019454035162823402,277.1896444956462
Copper View,2019-04-11,1.9734052022298176,-1.9015628894170125,0.006129859530801696,277.2522436777751
Copper View,2019-04-12,0.4025859832763672,0.019777496655782063,0.0030410975217805003,277.8664805094401
Copper View,2019-04-13,0.3985430399576823,0.442668875058492,0.0009958773850371472,278.81017939249676
Copper View,2019-04-14,-1.2037118275960286,2.0734771490097046,0.0008347213267825282,280.44434865315753
Copper View,2019-04-15,-0.9480457305908203,0.46429022153218585,0.01211036741733551,283.4946886698405
Copper View,2019-04-16,-0.17695045471191406,-0.028459986050923664,0.015535954921404027,280.8327751159668
Copper View,2019-04-17,0.18171374003092447,-1.1422011057535808,0.000510546564953529,280.4952754974365
Copper View,2019-04-18,-0.42458216349283856,-0.03924059867858887,1.8250639755024167e-06,282.96306864420575
Copper View,2019-04-19,-1.2028242746988933,0.7319592634836832,3.007982343206095e-06,283.81089846293133
Copper View,2019-04-20,-1.8116950988769531,1.7069524923960369,0.0004446505082569274,287.7450574239095
Copper View,2019-04-21,-0.03739356994628906,0.19484150409698486,0.01716773807993377,285.42864418029785
Copper View,2019-04-22,-0.04365666707356771,-0.9882247447967529,0.0011017799376986659,284.0391190846761
Copper View,2019-04-23,-0.39969126383463544,-0.960006316502889,9.119509627453226e-07,283.78944142659503
Copper View,2019-04-24,-0.5895239512125651,-0.10250457127888997,2.9802322387695312e-08,285.25945981343585
Copper View,2019-04-25,-0.5806719462076823,0.05069593588511149,0.0004344820976207586,287.3457450866699
Copper View,2019-04-26,-1.3603630065917969,1.6967116991678874,0.0034767091274261475,287.2846934000651
Copper View,2019-04-27,0.5310382843017578,-0.102180282274882,0.0011355876922607422,288.0746212005615
Copper View,2019-04-28,0.16214752197265625,-0.8674676020940145,1.724528942759207e-06,285.733154296875
Copper View,2019-04-29,-0.3275642395019531,0.43856743971506756,0.00020102049188608362,282.31234486897785
Copper View,2019-04-30,0.8478724161783854,0.13497145970662436,0.014334806757346996,283.1252098083496
Copper View,2019-05-01,0.5877971649169922,0.2771431605021159,0.007637250423329078,276.9065748850505
Copper View,2019-05-02,-0.4975210825602214,0.8538284301757812,8.316040037925632e-05,279.9823303222656
Copper View,2019-05-03,-0.8044478098551432,0.5505975087483724,1.2845048331655562e-06,283.90235710144043
Copper View,2019-05-04,-0.8615709940592448,0.5073095162709554,0.00021010935296317257,284.6464150746663
Copper View,2019-05-05,-1.0374692281087239,0.9154645601908366,0.0010032504796981812,286.5378061930339
Copper View,2019-05-06,-1.1071898142496746,1.0992374420166016,0.001236262917473141,287.12483914693195
Copper View,2019-05-07,-0.8554337819417318,0.0027100245157877603,0.0048694610595703125,284.36310895284015
Copper View,2019-05-08,0.5893325805664062,-0.7077023585637411,0.007175046205418312,283.6220588684082
Copper View,2019-05-09,-0.5489521026611328,-0.623651385307312,0.002526649832720551,282.2714131673177
Copper View,2019-05-10,-0.2269744873046875,-0.794124166170756,0.00017057112069096547,283.6677538553874
Copper View,2019-05-11,-0.1366583506266276,-0.6834688981374105,1.8477439880371094e-06,284.91055425008136
Copper View,2019-05-12,-0.6383736928304037,-0.02284073829650879,4.351138045421976e-07,286.9523048400879
Copper View,2019-05-13,-1.1894989013671875,1.0464240312576294,1.31309031417004e-05,289.13988558451337
Copper View,2019-05-14,-1.37158203125,1.574172019958496,2.7084350584516415e-05,290.2260227203369
Copper View,2019-05-15,-1.3725268046061199,3.1519574721654258,4.1866302485260576e-05,292.37206268310547
Copper View,2019-05-16,-1.2973384857177734,3.2357078790664673,0.00018553733815451778,292.065819422404
Copper View,2019-05-17,0.06689135233561198,1.282906413078308,0.015035852789878845,284.2333844502767
Copper View,2019-05-18,0.4133504231770833,1.020126223564148,0.009901735186531369,281.6187858581543
Copper View,2019-05-19,-1.4304707845052083,1.8057735363642375,0.002225181478252125,283.69825172424316
Copper View,2019-05-20,-0.33908716837565106,1.293717900911967,0.0035289193064613755,282.16806411743164
Copper View,2019-05-21,0.3158073425292969,0.6444664001464844,0.009628495572957974,281.6853561401367
Copper View,2019-05-22,0.2406291961669922,-0.1824734608332316,0.007759878039355073,280.39049021402997
Copper View,2019-05-23,-0.5954640706380209,0.3496079444885254,0.00805126329447603,282.0845699310303
Copper View,2019-05-24,-0.33064715067545575,2.4999796549479165,0.009670153260231018,283.03009668986004
Copper View,2019-05-25,-1.003313700358073,2.1861355304718018,0.001006468184694853,284.9327875773112
Copper View,2019-05-26,-1.2536627451578777,2.1061675945917764,0.00043370587246727155,286.960350672404
Copper View,2019-05-27,-0.12954012552897134,0.8443827629089355,0.007071549558531842,285.2548459370931
Copper View,2019-05-28,0.12072245279947917,0.5571496486663818,0.005983465909878305,283.76085980733234
Copper View,2019-05-29,-0.2644297281901042,-0.1099022626876831,0.0005160957575185421,285.84854253133136
Copper View,2019-05-30,-0.32809893290201825,0.7040164868036906,0.0013001244640804543,287.4967123667399
Copper View,2019-05-31,-0.3055775960286458,0.6002659400304159,0.002495539188373641,288.41019948323566
Copper View,2019-06-01,-0.48410606384277344,-0.07052206993103027,0.00362349748604629,289.48552958170575
Copper View,2019-06-02,-0.5472640991210938,-0.20680526892344156,0.0013751626015050533,289.47855885823566
Copper View,2019-06-03,-0.11985460917154948,-0.15510420004526773,0.0005276143550823065,290.57478523254395
Copper View,2019-06-04,-0.029886245727539062,-0.4308491547902425,0.00046972930431365967,291.9283364613851
Copper View,2019-06-05,-0.35910582542419434,-0.6863370339075724,1.958012580871582e-05,292.73690541585285
Copper View,2019-06-06,-0.6972034374872843,1.502650260925293,2.7490396632856573e-05,294.39776039123535
Copper View,2019-06-07,0.27286720275878906,3.1708958943684897,0.0007933748937603013,294.9889113108317
Copper View,2019-06-08,1.8818906148274739,-2.7144333918889365,0.0009377747774124146,285.8882013956706
Copper View,2019-06-09,0.4689324696858724,-1.6643880208333333,8.583068797918258e-07,286.51634152730304
Copper View,2019-06-10,0.05694770812988281,-0.27918561299641925,8.52346317969932e-07,288.42745272318524
Copper View,2019-06-11,-0.15021387736002603,-0.5895951588948568,1.714413713216345e-06,291.9539222717285
Copper View,2019-06-12,-0.24791399637858072,-0.26278114318847656,8.591141167357819e-07,293.09189478556317
Copper View,2019-06-13,-0.6259358723958334,0.2956746419270833,0.0008977651596069336,295.1264820098877
Copper View,2019-06-14,-0.02125867207845052,-0.4239763418833415,0.0005343735217024914,293.38489786783856
Copper View,2019-06-15,-0.20233472188313803,0.005343516667683919,0.00011950731283150162,294.4678783416748
Copper View,2019-06-16,-0.3933525085449219,0.42504314581553143,0.00010501742362833966,294.80896695454913
Copper View,2019-06-17,-0.8302208185195923,1.0383479197820027,0.0022724834422547247,293.3785279591878
Copper View,2019-06-18,-0.07960192362467448,0.09438816706339519,0.0001537500497761357,293.3284460703532
Copper View,2019-06-19,0.15150423844655356,-0.10974196592966716,8.523463748133508e-07,296.41160011291504
Copper View,2019-06-20,1.1118100484212239,0.09410381317138672,0.00040163695803130395,296.7239049275716
Copper View,2019-06-21,1.363467534383138,-2.416040857632955,0.00018434822550261742,287.7906958262126
Copper View,2019-06-22,1.508959452311198,-2.3119176228841147,0.0004342794418334961,287.02691713968915
Copper View,2019-06-23,0.20452308654785156,0.46841951211293537,7.115201907481605e-05,289.35283851623535
Copper View,2019-06-24,-0.16981887817382812,0.6340033213297526,8.256959472419112e-05,293.35390345255536
Copper View,2019-06-25,-0.7608267466227213,1.3530623118082683,5.142092703636081e-05,294.70584360758465
Copper View,2019-06-26,-0.5223833719889323,3.331347624460856,3.427267074584961e-06,297.23659388224286
Copper View,2019-06-27,-0.3904577891031901,4.271919250488281,1.475214958190918e-05,298.1699555714925
Copper View,2019-06-28,-0.5695813496907552,3.9262859423955283,8.583068797918258e-07,298.5652904510498
Copper View,2019-06-29,0.33245213826497394,2.0213714043299356,1.7064354551621363e-06,299.503620783488
Copper View,2019-06-30,-0.4891319274902344,2.4724515279134116,8.308907536047627e-05,298.63221168518066
Copper View,2019-07-01,-0.7854442596435547,2.084975560506185,2.0444392703211633e-06,295.5115089416504
Copper View,2019-07-02,-0.48497263590494794,1.8467159271240234,0.0,298.7216968536377
Copper View,2019-07-03,0.5719579060872396,1.3069062232971191,1.1175870895385742e-05,300.5037651062012
Copper View,2019-07-04,1.4317372639973958,-1.244476556777954,0.0010518431663513184,296.09316126505536
Copper View,2019-07-05,0.0077266693115234375,-0.8428393602371216,0.0009566485881578046,295.02209599812824
Copper View,2019-07-06,-0.30747350056966144,0.6196757555007935,6.320213856270129e-06,297.3175582885742
Copper View,2019-07-07,-0.3137289683024089,2.7040586471557617,7.557868855201377e-06,299.2623685201009
Copper View,2019-07-08,0.36223411560058594,2.6180643240610757,4.48375940322876e-05,298.3107732137044
Copper View,2019-07-09,0.08951886494954427,0.004620869954427083,7.832050318512529e-06,296.77342287699383
Copper View,2019-07-10,-0.7640838623046875,1.192972183227539,1.7032621713042317e-06,298.6213130950928
Copper View,2019-07-11,-0.5234758456548055,1.7182417313257854,0.00014332174225728522,301.04848861694336
Copper View,2019-07-12,-0.6419395605723063,1.0884279012680054,3.417134274741329e-05,300.85669390360516
Copper View,2019-07-13,-0.9016841252644857,1.6893970171610515,0.00015160441398620605,301.93579355875653
Copper View,2019-07-14,-0.47214996814727783,1.5958688259124756,2.428293227652034e-05,301.0287373860677
Copper View,2019-07-15,0.2219866911570231,1.6413319905598958,0.0,301.889456431071
Copper View,2019-07-16,-0.11580471197764079,0.6906583706537882,6.583333004073211e-06,301.2811393737793
Copper View,2019-07-17,1.0252890984217327,0.257427453994751,2.568777802025579e-06,301.9526952107747
Copper View,2019-07-18,-0.15933672587076822,1.979683518409729,0.0,300.9133478800456
Copper View,2019-07-19,-0.04178555806477865,2.2293012539545694,2.139806667855737e-06,302.00934346516925
Copper View,2019-07-20,0.24787267049153647,0.2871599992116292,5.8144329955212015e-06,301.6745440165202
Copper View,2019-07-21,-0.261733611424764,0.4394957224527995,4.199147213057586e-06,301.08508491516113
Copper View,2019-07-22,-0.2537333170572917,0.7350966135660807,8.583068797918258e-07,302.8734436035156
Copper View,2019-07-23,-0.5995864868164062,0.9249455531438192,1.2993811537853617e-06,303.0648447672526
Copper View,2019-07-24,0.3021583557128906,-0.4399210611979167,0.0010429266318645602,302.21062660217285
Copper View,2019-07-25,0.12401453653971355,-0.028963406880696613,7.616877553573431e-05,301.18785285949707
Copper View,2019-07-26,0.09418614705403645,-0.15430005391438803,0.002191483974456787,299.94376373291016
Copper View,2019-07-27,0.7353280385335287,-0.33744287490844727,0.0008710165446359497,298.2275746663411
Copper View,2019-07-28,0.19737116495768228,-0.36109256744384766,0.0,299.5917790730794
Copper View,2019-07-29,-0.21819178263346353,1.1889593203862507,2.7024745918424742e-05,301.2804012298584
Copper View,2019-07-30,-0.13798141479492188,2.2622037728627524,1.2695788313976664e-06,302.89061737060547
Copper View,2019-07-31,-0.5033963521321615,2.162046750386556,0.001149614528571874,300.8350359598796
Copper View,2019-08-01,-0.5679314931233724,0.9919598897298177,0.0014489085992295259,295.200470606486
Copper View,2019-08-02,-0.25184885660807294,0.6404417753219604,5.000829691681474e-06,299.94861539204913
Copper View,2019-08-03,-0.30094146728515625,0.6426539421081543,4.139542579650879e-05,301.2461706797282
Copper View,2019-08-04,-0.5386892954508463,0.7975181738535563,5.8263540267944336e-05,301.0805721282959
Copper View,2019-08-05,-0.21071751912434897,0.6933989524841309,3.7425756449493974e-05,301.9023907979329
Copper View,2019-08-06,-0.4317862192789714,0.6767285267512003,6.794929504394531e-06,302.7588532765706
Copper View,2019-08-07,-0.5369981129964193,0.5480726559956869,0.001334675345674441,301.0071970621745
Copper View,2019-08-08,-0.4155019124348958,0.5942936738332113,0.0074470877647350164,296.2532304128011
Copper View,2019-08-09,-0.11321703592936198,0.9207750956217448,2.1779537178190367e-05,296.66845512390137
Copper View,2019-08-10,-0.8137156168619791,2.7339305877685547,1.2838948464377609e-06,298.8908926645915
Copper View,2019-08-11,0.2655111948649089,2.3200607299804688,2.769008119685168e-06,298.91939481099445
Copper View,2019-08-12,0.8702316284179688,-1.2457350492477417,8.583068797918258e-07,297.37133344014484
Copper View,2019-08-13,-0.15020132064819336,0.1458886464436849,1.2695788313976664e-06,297.45272064208984
Copper View,2019-08-14,-0.1884079376856486,-0.08250236511230469,0.0,298.86921946207684
Copper View,2019-08-15,-0.27744102478027344,0.005459268887837728,2.3812055587768555e-05,299.53973960876465
Copper View,2019-08-16,0.304110844930013,-0.970574696858724,5.399584769705257e-05,301.0320618947347
Copper View,2019-08-17,0.13080596923828125,-0.34698232014973956,1.3753771781921387e-05,299.911584854126
Copper View,2019-08-18,-0.5252081553141276,0.7773513793945312,0.0,298.9519983927409
Copper View,2019-08-19,-0.5602639516194662,2.399643301963806,0.0,300.5642967224121
Copper View,2019-08-20,-0.7501004536946615,2.227195978164673,8.59748936932192e-07,300.4689998626709
Copper View,2019-08-21,-0.4056822458902995,0.7742198705673218,2.5732547754842017e-06,300.68726285298663
Copper View,2019-08-22,-0.2512518564860026,0.9014930725097656,0.0003861337900161743,300.1272678375244
Copper View,2019-08-23,1.1584154764811199,-1.174137790997823,9.014365787152201e-07,297.8687604268392
Copper View,2019-08-24,-0.024347305297851562,0.17234309514363608,1.315856156480777e-06,298.1713002522786
Copper View,2019-08-25,-0.1708838144938151,0.5041811068852743,1.7174984918710834e-06,300.2383721669515
Copper View,2019-08-26,1.1652552286783855,-1.6855309804280598,4.351138045421976e-07,298.2114137013753
Copper View,2019-08-27,0.1322725216547648,-0.7307751973470052,3.4394398653603275e-06,295.46437644958496
Copper View,2019-08-28,-0.3791046142578125,0.5138874848683676,1.7127420619544864e-06,296.9047794342041
Copper View,2019-08-29,-0.35517438252766925,1.1283441384633381,8.276305732124456e-05,300.42883046468097
Copper View,2019-08-30,-0.5359477996826172,0.8567966222763062,0.001057381782061384,299.61770820617676
Copper View,2019-08-31,-0.25554656982421875,0.07500330607096355,-4.324533620092552e-09,300.53833325703937
Copper View,2019-09-01,-0.5452683766682943,0.7632325490315756,1.284479992591514e-06,300.11059125264484
Copper View,2019-09-02,-0.5427519480387369,0.9256159464518229,8.523463748133508e-07,300.7018636067708
Copper View,2019-09-03,-0.16121800740559897,0.04509607950846354,0.0006625056266784668,302.1051559448242
Copper View,2019-09-04,-0.5162086486816406,0.7002702156702677,0.0023379564285228582,299.9165980021159
Copper View,2019-09-05,0.08721415201822917,0.10418836275736491,6.758570668807806e-05,302.39374987284344
Copper View,2019-09-06,-0.22777557373046875,-0.015553951263427734,0.0028766822566694827,298.01755142211914
Copper View,2019-09-07,-0.09448051452636719,-0.22002089023590088,6.973743438720703e-06,297.69727452596027
Copper View,2019-09-08,-0.7193565368652344,1.2634938557942708,0.0045975983142803045,295.67909812927246
Copper View,2019-09-09,0.17913246154785156,0.34814008076985675,0.0001932680606842041,292.974063873291
Copper View,2019-09-10,-0.07858594258626302,2.2309767405192056,0.0009204983711192938,293.6903648376465
Copper View,2019-09-11,0.5220152537027994,-0.8444625933965048,0.019134387373924255,288.4000123341878
Copper View,2019-09-12,0.2636712392171224,0.1998138427734375,4.279613392554893e-06,288.91336186726886
Copper View,2019-09-13,-0.24100367228190103,0.19679768880208334,0.0,290.15777651468915
Copper View,2019-09-14,-0.9450219472249349,0.8936037619908651,8.52346317969932e-07,292.8837547302246
Copper View,2019-09-15,-1.1711018880208333,2.070563634236654,0.0,294.7356662750244
Copper View,2019-09-16,-1.1444657643636067,3.52854855855306,0.0,296.1991475423177
Copper View,2019-09-17,1.310058315594991,1.1510124206542969,0.0022433434215258785,293.13833808898926
Copper View,2019-09-18,-0.708743691444397,1.520225962003072,8.583068833445395e-07,290.3360125223796
Copper View,2019-09-19,0.11136627197265625,1.9554416735967,5.7220458984375e-06,293.24210929870605
Copper View,2019-09-20,0.9671859741210938,-1.2607588370641072,0.007739472389118873,285.8384482065837
Copper View,2019-09-21,0.0033893585205078125,-0.11675469080607097,0.0006267726421356201,285.4832185109456
Copper View,2019-09-22,-0.5159041086832682,0.9613161484400431,0.0,287.32923952738446
Copper View,2019-09-23,-0.8605721791585287,0.9440343777338663,3.4306277143514308e-06,290.22227541605633
Copper View,2019-09-24,-0.0020548502604166665,-0.9124444325764974,4.261732051702438e-07,291.55652872721356
Copper View,2019-09-25,-0.07281557718912761,-0.8412061929702759,8.52346317969932e-07,291.26856422424316
Copper View,2019-09-26,-0.2447052001953125,0.4927405118942261,5.684341886080802e-14,290.7207037607829
Copper View,2019-09-27,-0.16406695048014322,0.18369086583455405,9.510219092589978e-05,292.3927466074626
Copper View,2019-09-28,-0.8298001289367676,1.021593729654948,0.021438043893869718,288.97606404622394
Copper View,2019-09-29,0.8915786743164062,-0.09078280131022136,0.027581006288528442,283.7690308888753
Copper View,2019-09-30,0.3506215413411458,-0.3604577382405599,0.0011664927005767822,282.14754549662274
Copper View,2019-10-01,0.49128150939941406,-0.603469173113505,9.563007785118316e-05,282.6066468556722
Copper View,2019-10-02,0.7505315144856771,-0.8155920505523682,0.0005811686842207564,282.7359218597412
Copper View,2019-10-03,-0.6878960927327474,0.7053801218668619,1.716613724056515e-06,283.17668024698895
Copper View,2019-10-04,0.2861105600992839,0.7230282227198283,0.001617342233657837,286.3347390492757
Copper View,2019-10-05,0.2700080871582031,-0.12888038158416748,2.165915248042438e-06,282.89398256937665
Copper View,2019-10-06,0.2624390920003255,-0.9204813639322916,4.351138045421976e-07,283.4901072184245
Copper View,2019-10-07,-0.47778574625651044,0.20138184229532877,0.0,281.5542678833008
Copper View,2019-10-08,-0.9202683766682943,0.9499568939208984,8.583068833445395e-07,285.6641152699788
Copper View,2019-10-09,0.2132542928059896,-0.21673170725504556,0.00025734917471709196,284.5145092010498
Copper View,2019-10-10,1.8266334533691406,-2.4699819087982178,6.972849359954125e-05,275.11619567871094
Copper View,2019-10-11,0.5594946543375651,-0.27566691239674884,2.664327610091277e-06,275.77668952941895
Copper View,2019-10-12,-0.40934499104817706,-0.2744458516438802,1.7127204614553193e-06,278.3206259409587
Copper View,2019-10-13,-1.0625886122385662,0.7995081345240275,5.602504415946896e-08,280.45940017700195
Copper View,2019-10-14,-0.8986199696858724,0.901489774386088,4.261732087229575e-07,284.2430540720622
Copper View,2019-10-15,-1.0212472279866536,0.24241642157236734,-7.363574638930004e-09,284.08444658915204
Copper View,2019-10-16,-1.408516565958659,1.3143492539723713,8.583068797918258e-07,285.35029856363934
Copper View,2019-10-17,-1.2731615702311199,2.509854714075724,9.862630099632952e-05,288.3748836517334
Copper View,2019-10-18,1.0889911651611328,-0.8608681758244833,0.005279676594682314,283.0248209635417
Copper View,2019-10-19,-0.42404937744140625,1.6268666585286458,0.0012251377105663153,281.3261973063151
Copper View,2019-10-20,1.575686772664388,-1.1527891159057617,0.00763817429537994,277.7837880452474
Copper View,2019-10-21,0.3809496561686198,-0.3165302673975627,0.0003949403762817383,279.4250768025716
Copper View,2019-10-22,-0.5590642293294271,0.5553005139032999,2.1086441961415403e-06,281.62218348185223
Copper View,2019-10-23,0.36195139090220135,-1.0746837854385376,1.891479809046359e-05,284.5481828053792
Copper View,2019-10-24,-0.2550993760426839,-0.8205054998397827,2.6360154151916504e-05,278.8402868906657
Copper View,2019-10-25,-0.7053616841634115,0.3052679697672526,2.5749205860847724e-06,277.97595977783203
Copper View,2019-10-26,-0.9481074015299479,0.4709332784016927,0.0,281.00927480061847
Copper View,2019-10-27,1.592602014541626,-1.7534023920694988,0.004894286394119263,276.2279459635417
Copper View,2019-10-28,1.1141217549641926,-0.049219330151875816,8.780360212767846e-05,272.4471600850423
Copper View,2019-10-29,0.45776939392089844,0.016049861907958984,0.004769915342325959,272.0786673227946
Copper View,2019-10-30,-0.49568430582682294,-0.7522511879603068,3.223429285981183e-05,263.6684430440267
Copper View,2019-10-31,-1.081081469853719,0.36330095926920575,7.152557373046875e-07,264.7171942392985
Copper View,2019-11-01,-1.0072277784347534,-0.12221352259318034,8.52346317969932e-07,271.244681040446
Copper View,2019-11-02,-1.3146692911783855,0.27585891882578534,5.960464477539063e-08,270.6996212005615
Copper View,2019-11-03,-1.534109115600586,0.6501981417338053,0.0,274.5018138885498
Copper View,2019-11-04,-1.2802658081054688,0.28341392676035565,4.351138045421976e-07,277.3036988576253
Copper View,2019-11-05,-1.3831017812093098,0.4938352108001709,1.2934207802572928e-06,277.35026359558105
Copper View,2019-11-06,-1.4658667246500652,0.45138498147328693,0.0,278.1999594370524
Copper View,2019-11-07,-1.3350365956624348,0.23907864093780518,0.0,278.54662068684894
Copper View,2019-11-08,-1.4591865539550781,0.48618900775909424,8.52346317969932e-07,279.1496098836263
Copper View,2019-11-09,-1.526537577311198,0.3873055775960286,8.523463748133508e-07,279.2283458709717
Copper View,2019-11-10,-1.3282127380371094,0.31127206484476727,8.52346317969932e-07,279.8028736114502
Copper View,2019-11-11,-0.07744407653808594,-0.5432186126708984,8.583069366352447e-07,282.25813484191895
Copper View,2019-11-12,-1.0119667053222656,0.8452713489532471,4.351138613856165e-07,276.7308540344238
Copper View,2019-11-13,-0.9527327219645182,0.4049233595530192,0.0,280.97021675109863
Copper View,2019-11-14,-1.4918409983317058,0.7105660835901896,1.7106531231547706e-06,279.7868709564209
Copper View,2019-11-15,-1.5978272755940754,1.1661510467529297,2.9802322387695312e-08,281.701665242513
Copper View,2019-11-16,-0.4321982463200887,-0.4244144360224406,7.408857243262901e-06,283.3055025736491
Copper View,2019-11-17,-0.7883247137069702,0.277570645014445,8.52346317969932e-07,278.40758832295734
Copper View,2019-11-18,-1.3871153990427654,0.8749612172444662,0.0,279.53742027282715
Copper View,2019-11-19,-1.8232103983561199,2.0039146343866983,0.0,280.7315839131673
Copper View,2019-11-20,-1.1255073547363281,0.6365347305933634,0.0035009384155273438,280.19236119588214
Copper View,2019-11-21,-0.41394269466400146,-0.20884482065836588,0.007059574127140422,278.1314290364583
Copper View,2019-11-22,-0.1353473663330078,-0.4973704020182292,0.0005249971583793922,277.0814030965169
Copper View,2019-11-23,-0.2091520627339681,-0.4316443204879761,9.280443185843978e-05,275.09318987528485
Copper View,2019-11-24,-0.7875860532124838,0.8148002624511719,8.594906262260338e-07,274.471347173055
Copper View,2019-11-25,-0.3523883819580078,-0.24658175309499106,0.004031456046106996,275.35574277242023
Copper View,2019-11-26,1.3903299967447917,-1.2752143144607544,0.0038716495037078857,269.7751979827881
Copper View,2019-11-27,-1.7321544885635376,1.5117931365966797,0.0015818564303913263,269.37117767333984
Copper View,2019-11-28,-1.1294157107671101,0.7563892602920532,0.0114824652664538,272.5956573486328
Copper View,2019-11-29,-0.7578748067220052,0.2076706886291504,0.01877183020104667,272.62060737609863
Copper View,2019-11-30,0.2524426778157552,0.9029521942138672,0.004489243030548096,271.66982142130536
Copper View,2019-12-01,-1.8388983408610027,0.8060927788416544,4.720687797998835e-06,265.72525787353516
Copper View,2019-12-02,-1.7793375651041667,0.8735889196395874,9.465217544857296e-06,270.15750312805176
Copper View,2019-12-03,-0.9958769480387369,0.12601725260416666,7.486343292839592e-06,275.1551856994629
Copper View,2019-12-04,-1.452588399251302,0.04576683044433594,-1.4901104350428795e-08,272.305118560791
Copper View,2019-12-05,-0.30365626017252606,-0.014844099680582682,0.007993340492248535,275.29125849405926
Copper View,2019-12-06,-1.2930394013722737,0.8169916470845541,7.481873035430908e-05,273.7192802429199
Copper View,2019-12-07,-2.1504147052764893,1.6910292704900105,3.129243850708008e-07,272.4373149871826
Copper View,2019-12-08,-0.8233856360117594,1.857508897781372,0.0043413639068603516,276.7939338684082
Copper View,2019-12-09,0.4263763427734375,-0.057161529858907066,0.005499976873295509,275.391944249471
Copper View,2019-12-10,-1.2584177652994792,0.8817876180013021,1.7255544662475586e-05,271.48365275065106
Copper View,2019-12-11,-1.9157733917236328,0.8737387657165527,4.11390983003912e-05,268.4136047363281
Copper View,2019-12-12,-1.7005383173624675,1.8697138627370198,0.0035412997007320257,274.2743962605794
Copper View,2019-12-13,-0.8297407229741415,1.1104062398274739,0.0067921668290864545,276.2853520711263
Copper View,2019-12-14,-0.27331801255544025,0.637786865234375,0.013811415433792718,275.08974901835126
Copper View,2019-12-15,-0.4353342056274414,-0.2816994587580363,0.00013932585704878875,269.8542938232422
Copper View,2019-12-16,0.774627685546875,-0.8269997437795004,0.00282847881322823,268.991449991862
Copper View,2019-12-17,-1.3400599161783855,0.750002384185791,4.46160727278766e-05,263.5421657562256
Copper View,2019-12-18,-2.235152085622152,0.7726764678955078,1.713400049396796e-06,262.33720779418945
Copper View,2019-12-19,-1.787788987159729,0.7048536539077759,0.0,267.7422568003337
Copper View,2019-12-20,-2.159038225809733,1.1314271688461304,4.351138045421976e-07,268.3686752319336
Copper View,2019-12-21,-2.8336281379063926,1.235691984494527,0.0,267.54833030700684
Copper View,2019-12-22,-3.2803208033243814,1.7992624441782634,8.52346317969932e-07,270.16408284505206
Copper View,2019-12-23,-2.8108609517415366,1.3425405820210774,0.0001704096794128418,271.9703197479248
Copper View,2019-12-24,-1.7801322937011719,1.528935710589091,0.0020654797554016113,274.5736675262451
Copper View,2019-12-25,0.3007966677347819,-0.12271793683369954,0.0058846761729114405,274.66327412923175
Copper View,2019-12-26,-0.980213483174642,0.6577591498692831,0.0005827248096466064,271.6553897857666
Copper View,2019-12-27,-0.7841443618138632,-0.613080898920695,3.502070893546261e-05,267.82043202718097
Copper View,2019-12-28,1.1085606416066487,-1.9828206698099773,0.0008549720047881237,266.31744893391925
Copper View,2019-12-29,-1.1670536994934082,0.7487332820892334,0.0005151629446800143,264.39150619506836
Copper View,2019-12-30,-0.8021548986434937,0.3528696695963542,0.001086516294719786,267.69222259521484
Copper View,2019-12-31,-0.4770069122314453,0.2052138646443685,0.0005753517149855725,266.6423047383626
Copper View,2020-01-01,-1.541001836458842,1.992746353149414,0.01038853824132957,268.07532437642413
Copper View,2020-01-02,-0.10050217310587566,0.03498967488606771,0.006303501129025335,273.21346728007
Copper View,2020-01-03,-1.4069573879241943,1.262764612833659,0.0002896845339819265,271.2502333323161
Copper View,2020-01-04,-2.12751297156016,1.393867293993632,2.7870819394593127e-06,270.281094233195
Copper View,2020-01-05,-1.5729985237121582,0.3085155487060547,0.0008771949609922558,271.30906359354657
Copper View,2020-01-06,-1.5158271392186482,1.091677983601888,0.00036956667889853634,270.4030679066976
Copper View,2020-01-07,-2.2766366004943848,1.5489927927652996,6.109476089477539e-07,269.2782777150472
Copper View,2020-01-08,-2.1490300496419272,1.5537020365397136,0.0023617595434188843,269.70143445332843
Copper View,2020-01-09,-1.2081858317057292,1.0702571868896484,0.0023416221141800975,270.5876973470052
Copper View,2020-01-10,0.34551239013671875,-0.24818801879882812,0.0014252513647079468,269.59264119466144
Copper View,2020-01-11,-1.8380616505940754,1.782370885213216,0.0023821592330932617,265.54712104797363
Copper View,2020-01-12,-0.8058762152989706,1.4751777251561482,0.003957182168960571,269.6607551574707
Copper View,2020-01-13,-1.5495414733886719,2.1209425131479898,0.0028886556624456716,267.811429977417
Copper View,2020-01-14,-1.1284090677897136,2.244199752807617,0.002921372652053833,270.3633219401042
Copper View,2020-01-15,-1.7531242370605469,0.743238647778829,0.000653940439121925,269.4269154866536
Copper View,2020-01-16,-2.9508314530054727,1.470823844273885,1.7143987065537658e-06,266.1340471903483
Copper View,2020-01-17,-0.8884985049565634,0.755065123240153,0.008987701044077312,269.7264213562012
Copper View,2020-01-18,-1.5719155073165894,0.5315186977386475,1.942362121098995e-05,269.90563583374023
Copper View,2020-01-19,-1.9259974161783855,0.37846259276072186,8.52346317969932e-07,267.5340283711751
Copper View,2020-01-20,-2.268542210261027,0.6094481150309244,5.304813335271774e-07,266.97437795003253
Copper View,2020-01-21,-2.0174380938212075,1.3049118916193645,0.0017010152338912121,271.6067320505778
Copper View,2020-01-22,-0.9543783664703369,0.9314254522323608,0.003313911182431184,274.00990931193036
Copper View,2020-01-23,-0.8475144704182943,0.7911141713460287,0.0005388796328134049,275.25927925109863
Copper View,2020-01-24,-1.6831868489583333,1.1730276743570964,0.0028680413961410522,272.7215226491292
Copper View,2020-01-25,-1.2760581970214844,1.2092360655466716,0.000122949481010437,275.23907407124835
Copper View,2020-01-26,-1.7627716064453125,1.2876396179199219,0.0006036536645410706,274.1189874013265
Copper View,2020-01-27,-0.030127843221028645,-0.15555890401204428,0.008790928125279152,276.01615715026855
Copper View,2020-01-28,-1.509469985961914,1.2863723039627075,8.160173899796064e-05,272.46148045857746
Copper View,2020-01-29,-0.37996864318847656,-0.2419107755025228,0.002226044862254639,273.0100949605306
Copper View,2020-01-30,-0.37700613339742023,0.21119113763173422,0.0018014669410035822,271.7877362569173
Copper View,2020-01-31,-1.0388019879659016,0.6457021633783976,5.2589177983008994e-05,268.86402638753253
Copper View,2020-02-01,-1.8389930725097656,1.313446044921875,3.104257757513551e-06,270.858112970988
Copper View,2020-02-02,-2.403111139933268,2.3618157704671225,4.5031464424027945e-07,273.283411026001
Copper View,2020-02-03,1.7407896121342976,-0.5190658569335938,0.013879764080002133,270.4521401723226
Copper View,2020-02-04,0.5455595652262369,-0.8867499033610026,0.002089712023746415,265.3667278289795
Copper View,2020-02-05,-1.0268414815266926,1.1918630202611287,0.0008635103701521984,262.295207341512
Copper View,2020-02-06,-1.4041868448257446,1.9630055824915569,0.011881984311571614,266.6680488586426
Copper View,2020-02-07,-0.6044883728027344,1.3448741436004639,0.006726101040840149,276.8409671783447
Copper View,2020-02-08,-1.1081396738688152,0.9700361887613932,0.0002707868813445202,275.2021878560384
Copper View,2020-02-09,0.0033043622970581055,-1.3901468912760417,0.00019203126430511475,272.25439771016437
Copper View,2020-02-10,-0.3871936798095703,-0.4340343475341797,0.00013008713722229004,269.6547323862712
Copper View,2020-02-11,-0.6114978790283203,-0.1339575449625651,0.0001155018805434338,267.74283536275226
Copper View,2020-02-12,-1.0798428853352864,0.7325885693232218,0.00020332912259846125,269.1643435160319
Copper View,2020-02-13,-1.1655254364013672,1.1413687070210774,4.121661186218262e-05,271.4919319152832
Copper View,2020-02-14,-2.0658086140950522,1.9766610463460286,2.5749205860847724e-06,269.8537146250407
Copper View,2020-02-15,-0.7047229607899984,0.3368097146352132,4.317760467387188e-05,274.96792284647626
Copper View,2020-02-16,-1.2715545097986858,1.468640645345052,0.0060162895515532,274.39113934834796
Copper View,2020-02-17,-0.00409082571665446,-0.462069829305013,0.00344972610463401,274.0172125498454
Copper View,2020-02-18,-0.3568674723307292,-0.0615380605061849,9.143352508544922e-05,270.9726867675781
Copper View,2020-02-19,-0.5058135986328125,-0.5862726370493571,1.7195939108205494e-06,269.33020909627277
Copper View,2020-02-20,-1.1113751729329426,0.17378620306650797,0.0,265.11910311381024
Copper View,2020-02-21,-1.6173998514811199,0.5043658415476481,8.523463748133508e-07,266.5192470550537
Copper View,2020-02-22,-1.5958993434906006,0.018009543418884277,3.5643576552502054e-06,271.57494672139484
Copper View,2020-02-23,-0.5293127695719401,-0.12135879198710124,2.491474106136593e-06,275.52614974975586
Copper View,2020-02-24,0.7212352752685547,-0.7257282733917236,0.0007319388676592098,272.5727373758952
Copper View,2020-02-25,0.21455800533294678,-0.8753098249435425,0.0003258645533605886,271.0233465830485
Copper View,2020-02-26,-1.0382531483968098,0.8801819483439127,8.553266184208042e-07,268.868496576945
Copper View,2020-02-27,-1.4119504292805989,1.0198228756586711,0.0,274.05066108703613
Copper View,2020-02-28,-1.7575944264729817,1.0604326725006104,8.52346317969932e-07,273.80737622578937
Copper View,2020-02-29,-2.11384646097819,2.2347576220830283,4.1646288764241035e-06,274.9346631368001
Copper View,2020-03-01,0.22009595235188803,0.295718510945638,0.006855490803673092,274.70098940531415
Copper View,2020-03-02,0.3049176534016927,-0.2223129669825236,0.001510086655514442,271.9264888763428
Copper View,2020-03-03,-0.8930676778157552,0.1207571029663086,2.008198816838558e-05,272.1689853668213
Copper View,2020-03-04,-1.3800947666168213,0.9387926657994589,0.0,273.43985112508136
Copper View,2020-03-05,-1.9481301307678223,1.5533485809961955,0.0,276.3193124135335
Copper View,2020-03-06,-2.4175103505452475,1.5034844875335693,8.583068797918258e-07,276.5907408396403
Copper View,2020-03-07,-2.109826405843099,2.3002012173334756,3.192424770759317e-05,278.24417304992676
Copper View,2020-03-08,-0.04007530212402344,1.3468288977940877,0.0033143433979603287,280.0831190745036
Copper View,2020-03-09,-1.2422803243001301,1.803863525390625,4.148781295043591e-05,276.9250952402751
Copper View,2020-03-10,-0.3769143422444661,0.04857571919759115,0.0001532435417175293,279.8239212036133
Copper View,2020-03-11,-1.2603384653727214,1.1313635508219402,0.0010650694370042402,277.477507909139
Copper View,2020-03-12,-0.5314369201660156,0.4437122344970703,0.000318917632114335,280.07934824625653
Copper View,2020-03-13,-0.4946868022282918,0.15642388661702475,0.0005065798759460449,276.7187023162842
Copper View,2020-03-14,-1.2786909739176433,4.170917431513469,0.0008407890796320316,277.21349080403644
Copper View,2020-03-15,-0.7759965260823568,4.036240259806315,0.0009753108024597168,279.33894030253094
Copper View,2020-03-16,-1.0824782053629558,2.6159284114837646,1.6301870346069336e-05,280.66164843241376
Copper View,2020-03-17,-1.272979736328125,1.9816950956980388,0.0005577892065034007,279.8505344390869
Copper View,2020-03-18,-0.7510533730189005,2.5206947326660156,0.005119284813702052,278.19082005818683
Copper View,2020-03-19,0.9917179743448893,-0.3624641497929891,0.003939533233619841,277.1850388844808
Copper View,2020-03-20,-0.5294901529947916,1.0321404933929443,0.0027735055239759276,276.642874399821
Copper View,2020-03-21,-0.4569772084554036,1.2742482423782349,0.00047414193699069074,277.9449513753255
Copper View,2020-03-22,-0.39168135325113934,0.8866796096165975,0.0005925595760345459,278.52713712056476
Copper View,2020-03-23,-1.1238300800323486,1.746510624885559,0.0006715536116530529,277.13616307576496
Copper View,2020-03-24,-0.8443832397460938,3.059415022532145,0.0034602880477905273,277.89581235249835
Copper View,2020-03-25,-0.09016227722167969,0.9071563482284546,0.010261476039886475,278.61145718892413
Copper View,2020-03-26,0.9500611623128256,-1.6361758311589558,0.009024366736412048,274.1574529012044
Copper View,2020-03-27,-0.09116427103678386,-0.7955754597981771,0.00016120076179504395,273.1042137145996
Copper View,2020-03-28,-0.49341456095377606,1.2935985724131267,0.0017840176820413944,273.6460247039795
Copper View,2020-03-29,-1.1914774576822917,1.3088595867156982,0.00013795793046256222,273.60138575236004
Copper View,2020-03-30,-0.6728897094726562,1.4445844093958538,0.0007622838020324707,277.5641911824544
Copper View,2020-03-31,-0.5033219655354818,2.5052691300710044,0.0007328282709408995,280.785151163737
Copper View,2020-04-01,0.9271920522054037,0.901147206624349,0.0020269155502319336,283.67105038960773
Copper View,2020-04-02,1.683919906616211,-1.9939498901367188,0.0042844146489073864,275.8067118326823
Copper View,2020-04-03,-0.6604321797688802,0.6107018788655599,5.376363844789012e-06,274.962340037028
Copper View,2020-04-04,-1.1043046315511067,1.1418739557266235,0.0003570777833488137,277.29502550760907
Copper View,2020-04-05,-1.0650952657063801,2.840284744898478,0.001619550585644447,283.58601506551105
Copper View,2020-04-06,-0.6052926381429037,3.6546351114908853,0.0012927055358886719,284.43171374003094
Copper View,2020-04-07,-0.801025390625,2.13762100537618,0.0005537599324156872,283.32806332906085
Copper View,2020-04-08,-1.3300062815348308,-0.060756683349609375,3.25173138548962e-05,282.9428888956706
Copper View,2020-04-09,-0.9757092793782552,0.19620891412099203,0.0026762783527374268,283.3380756378174
Copper View,2020-04-10,-0.4234498341878255,0.25946323076883954,5.8968137238935014e-05,282.6476802825928
Copper View,2020-04-11,-0.23762130737304688,0.3835856119791667,0.0005732178688049316,283.53436915079754
Copper View,2020-04-12,2.214371999104818,-2.26383908589681,0.003056715497677942,280.44629669189453
Copper View,2020-04-13,1.4201304117838542,-2.174933751424154,0.0003712177276042894,277.905221303304
Copper View,2020-04-14,0.5163936614990234,-0.4955800374348958,5.424022674560547e-06,276.57775497436523
Copper View,2020-04-15,-0.4555714925130208,1.3104274272918701,0.0013400256633708807,279.25331179300946
Copper View,2020-04-16,0.7891902923583984,-0.5375414689381918,0.006255561113356123,278.917532602946
Copper View,2020-04-17,-0.3931344350179036,0.07799212137858073,9.176947429523352e-05,278.290137608846
Copper View,2020-04-18,-0.3583672841389974,0.36726824442545575,0.00012167916798944134,281.39837582906085
Copper View,2020-04-19,-0.6073697408040365,0.7004827658335367,0.002054765820503235,281.69954617818195
Copper View,2020-04-20,-0.6717675526936849,0.0649123986562093,0.0006673627759390399,282.2501684824626
Copper View,2020-04-21,-0.4663677215576172,-0.9314602216084799,2.0670890705787315e-05,283.76468658447266
Copper View,2020-04-22,0.6806157430013021,-1.4809670448303223,4.6953558921813965e-05,287.33386993408203
Copper View,2020-04-23,0.24460919698079428,-0.600082794825236,0.005518287420272827,285.3374303181966
Copper View,2020-04-24,1.0670591990152996,-1.4625110626220703,0.00012358427047232112,284.47508239746094
Copper View,2020-04-25,-0.7615445454915365,0.6678314208984375,8.523463215226457e-07,284.60843086242676
Copper View,2020-04-26,-1.0379149119059246,0.4608497619628906,0.0005857646465301514,287.33588218688965
Copper View,2020-04-27,-0.8970699310302734,0.11181902885437012,6.16908073425293e-06,287.17614046732587
Copper View,2020-04-28,0.052477518717447914,-1.4946772654851277,7.450580596923828e-06,290.0055185953776
Copper View,2020-04-29,-1.38458251953125,0.684534470240275,1.734495072014397e-06,287.3221969604492
Copper View,2020-04-30,-1.452456792195638,0.9640529155731201,0.0009775280952517562,291.08112144470215
Copper View,2020-05-01,-0.37952550252278644,-0.9893226623535156,0.0016887426376293035,289.05321947733563
Copper View,2020-05-02,-0.5893605550130209,0.47558410962422687,0.0008148491382549139,287.40497461954754
Copper View,2020-05-03,-0.5116723378499349,-0.650048017501831,0.0011283934115340344,287.3449230194092
Copper View,2020-05-04,0.6083424886067709,-1.6369116306304932,0.0006532311439286786,285.9290320078532
Copper View,2020-05-05,-0.5936406453450521,-0.1442856788635254,-2.401736765023088e-08,285.73579533894855
Copper View,2020-05-06,-0.6856727600097656,0.026468197504679363,2.4437904357910156e-06,288.2040786743164
Copper View,2020-05-07,1.3751564025878906,-2.8139546712239585,0.0,285.4702326456706
Copper View,2020-05-08,0.12155977884928386,-0.09370930989583333,8.285045574041305e-07,285.78372319539386
Copper View,2020-05-09,-0.6035067240397135,-0.6402390797932943,0.0,287.69808260599774
Copper View,2020-05-10,-0.955756425857544,0.3016518751780192,9.782016277171124e-05,289.5900796254476
Copper View,2020-05-11,-0.6149883270263672,1.9426812330881755,0.00033420324325561523,293.5095640818278
Copper View,2020-05-12,0.4919554392496745,1.399082859357198,0.0002986967562605969,292.2730178833008
Copper View,2020-05-13,0.8561954498291016,-1.2062066396077473,0.0008127391338348389,288.4555428822835
Copper View,2020-05-14,0.018658955891927082,-0.8083353837331136,0.00019074976444244385,288.6956030527751
Copper View,2020-05-15,0.5037256876627604,-1.1777926286061604,0.00015794038762351192,288.759957631429
Copper View,2020-05-16,0.044199506441752114,-0.5836683511734009,0.0,289.3102544148763
Copper View,2020-05-17,-1.0567901531855266,2.02631151676178,8.583068797918258e-07,291.7545026143392
Copper View,2020-05-18,-0.10280799865722656,4.8223958015441895,0.0,296.7256685892741
Copper View,2020-05-19,0.1898949940999349,3.6223579247792563,0.00033083558082580566,295.5643018086751
Copper View,2020-05-20,1.1251710255940754,2.3566085497538247,0.000962728261868051,287.99351565043133
Copper View,2020-05-21,0.8621260325113932,0.24782959620157877,0.0008525103330612183,287.73056411743164
Copper View,2020-05-22,0.08728535970052083,2.052679101626078,7.396936416625977e-05,290.51874860127765
Copper View,2020-05-23,1.6990979512532551,-1.7476086616516113,0.00784139335155487,282.6454601287842
Copper View,2020-05-24,0.5578384399414062,-1.7525861660639446,0.0001118759419753701,284.8891315460205
Copper View,2020-05-25,0.14479955037434897,-1.1539878845214844,1.7255544662475586e-05,287.0017484029134
Copper View,2020-05-26,-0.2421283721923828,0.112488587697347,1.7267087741856812e-06,290.22278531392413
Copper View,2020-05-27,-0.06686782836914062,-1.2698352336883545,0.00012095570559722546,295.1913096110026
Copper View,2020-05-28,-0.29278310139973956,-0.5606013139088949,8.600190142260544e-07,295.1690209706624
Copper View,2020-05-29,-0.7966562906901041,0.4879198869069417,1.7642974853515625e-05,297.3370939890544
Copper View,2020-05-30,-2.0287659962972007,1.611440658569336,0.0014527618884017102,298.45991071065265
Copper View,2020-05-31,-0.6805095672607422,2.059754649798075,0.0011883020400951239,297.1253782908122
Copper View,2020-06-01,0.20698992411295572,3.2633474270502725,0.0,298.82692527770996
Copper View,2020-06-02,0.8908894856770834,0.3633600076039632,1.7925557358466904e-06,298.3973636627197
Copper View,2020-06-03,-0.044677734375,-0.6001730759938558,0.0003090381621859706,297.2440363566081
Copper View,2020-06-04,-0.2098515828450521,0.7642498016357422,8.219480509552568e-06,297.72306124369305
Copper View,2020-06-05,-0.9875329335530599,1.9179868698120117,5.751848220825195e-06,298.3945147196452
Copper View,2020-06-06,-1.5010986328125,3.9280826648076377,0.0023447029882959214,297.99464480082196
Copper View,2020-06-07,0.33123616377512616,0.5421505769093832,0.015601873397827148,286.73391977945965
Copper View,2020-06-08,1.4503796895345051,-1.7235442399978638,0.004941284656524658,282.33386993408203
Copper View,2020-06-09,0.3984826405843099,-0.550916830698649,0.0003888785838057629,286.1894276936849
Copper View,2020-06-10,-0.38480504353841144,0.14558100700378418,8.155703534384884e-05,289.69529660542804
Copper View,2020-06-11,-1.3354307810465496,1.0811511675516765,3.853440284729004e-05,292.9445317586263
Copper View,2020-06-12,-1.6303717295328777,2.349212646484375,8.569718374928925e-07,296.2578760782878
Copper View,2020-06-13,0.08736546834309895,3.1010231574376426,0.0,297.42321332295734
Copper View,2020-06-14,1.2066046396891277,-1.2734521230061848,8.523463748133508e-07,292.0590063730876
Copper View,2020-06-15,-0.13486862182617188,0.6848999659220377,1.7107572034547047e-06,294.1404202779134
Copper View,2020-06-16,0.7915471394856771,0.3570931752522786,0.0006204261558764301,295.32260767618817
Copper View,2020-06-17,1.5515282948811848,-1.6791871388753254,0.007830036698578624,288.0699323018392
Copper View,2020-06-18,0.53515625,-1.6282354990641277,2.0943851950505632e-05,288.57154655456543
Copper View,2020-06-19,0.6626555124918619,-0.8400483131408691,4.125773784835474e-06,290.5312906901042
Copper View,2020-06-20,-0.1735057830810547,-0.340066393216451,1.3665157894138247e-10,293.4924850463867
Copper View,2020-06-21,-0.1533527374267578,-0.15990193684895834,6.152928392566537e-06,296.34475326538086
Copper View,2020-06-22,0.5865453084309896,-1.709048589070638,0.0,298.4962450663249
Copper View,2020-06-23,0.11038716634114583,-0.9567782084147135,0.0,296.82077471415204
Copper View,2020-06-24,-0.16677157084147134,-0.29541563987731934,0.0,298.2285639444987
Copper View,2020-06-25,-0.08858489990234375,-0.4747081995010376,0.0006849878985235591,298.94848887125653
Copper View,2020-06-26,0.2537956237792969,-1.1689592997233074,0.00022877156734324444,297.85693740844727
Copper View,2020-06-27,-0.2403265635172526,0.262149175008138,0.0,298.1560478210449
Copper View,2020-06-28,0.4253075917561849,2.213038762410482,5.1578628927018144e-05,301.0137348175049
Copper View,2020-06-29,1.9087511698404949,-0.8343067566553751,0.010969718842375187,286.1824417114258
Copper View,2020-06-30,0.5687115987141927,0.7739802598953247,0.004388988018035889,288.54064814249676
Copper View,2020-07-01,-0.559777577718099,1.7932542165120442,5.045584039820028e-05,291.69564882914227
Copper View,2020-07-02,0.023690541585286457,2.660902420679728,7.413833429836814e-06,297.41801834106445
Copper View,2020-07-03,-0.3462243874867757,2.0078431765238443,6.5803527604657575e-06,298.89880688985187
Copper View,2020-07-04,-0.41704853375752765,2.113354961077372,8.288025753699912e-06,299.6615053812663
Copper View,2020-07-05,0.0355230967203776,-0.07860374450683594,1.6471969786380214e-05,300.21992683410645
Copper View,2020-07-06,-0.2509186665217082,0.2787272135416667,1.7106532936850272e-06,299.73070335388184
Copper View,2020-07-07,0.3200405438741048,0.9572160243988037,0.0,300.6892280578613
Copper View,2020-07-08,0.5334491729736328,-1.0676978429158528,5.751848220825195e-06,299.09237353007
Copper View,2020-07-09,-0.11933326721191406,0.5253984928131104,2.562910594861023e-06,298.54208183288574
Copper View,2020-07-10,-0.03250948588053385,0.20846823851267496,2.980414137709886e-09,300.49279657999676
Copper View,2020-07-11,-0.2730255126953125,0.2209871212641398,8.52346317969932e-07,301.0072555541992
Copper View,2020-07-12,0.038571675618489586,0.1626899242401123,1.0031461670223507e-05,302.6622721354167
Copper View,2020-07-13,0.10050392150878906,-0.3349831899007161,8.553266184208042e-07,301.5220177968343
Copper View,2020-07-14,0.7550315856933594,-1.6237539847691853,2.096295357745248e-05,300.11337089538574
Copper View,2020-07-15,0.36797459920247394,-1.3040038744608562,1.3027214436078793e-06,299.5867805480957
Copper View,2020-07-16,-0.004627227783203125,0.19925928115844727,4.1663646648260055e-06,300.4837354024251
Copper View,2020-07-17,0.013629913330078125,1.6460329691569011,0.00010350644578238644,302.1420669555664
Copper View,2020-07-18,0.3936360677083333,0.6405153274536133,1.71661376953125e-05,303.3223756154378
Copper View,2020-07-19,0.08652242024739583,-1.2623170216878254,4.349648952484131e-05,302.5409921010335
Copper View,2020-07-20,0.2047597567240397,-1.268565018971761,3.428810657624126e-06,302.2320613861084
Copper View,2020-07-21,-0.05812962849934896,-0.4864431619644165,6.833672518524736e-06,301.231138865153
Copper View,2020-07-22,-0.6972363789876302,0.5545123418172201,0.0016225874423980713,300.0618254343669
Copper View,2020-07-23,-0.7312539418538412,1.9864002068837483,0.0008893907070159912,298.43641471862793
Copper View,2020-07-24,-0.4446398417154948,2.1680641174316406,1.4209747309479326e-05,298.56334686279297
Copper View,2020-07-25,-0.3382651011149089,0.5196501413981119,1.0192394256591797e-05,299.3976542154948
Copper View,2020-07-26,-0.36893463134765625,-0.3958579699198405,0.0,300.79027430216473
Copper View,2020-07-27,-0.4581336975097656,0.03637591997782389,2.6166439006658493e-06,301.39651616414386
Copper View,2020-07-28,0.8797289530436198,0.1434324582417806,0.0007749423082827889,300.73183568318683
Copper View,2020-07-29,0.28787962595621747,-0.8763876756032308,0.00031893405343907943,300.74048296610516
Copper View,2020-07-30,-0.1902205546696981,-0.5268570979436239,1.7136334236056427e-06,301.335906346639
Copper View,2020-07-31,-0.6383495330810547,0.528454581896464,4.297233431316272e-07,302.62440808614093
Copper View,2020-08-01,-0.2766564687093099,0.8385274410247803,8.702277796146518e-07,303.72172864278156
Copper View,2020-08-02,-0.42056183020273846,0.06522909800211589,0.0,303.96574846903485
Copper View,2020-08-03,0.07653172810872395,0.8655815124511719,0.0,303.5071220397949
Copper View,2020-08-04,0.7183322906494141,-1.3710702260335286,2.6489076731195382e-05,303.2960898081462
Copper View,2020-08-05,-0.2749493916829427,0.9078022638956705,4.112720489501953e-06,301.51697667439777
Copper View,2020-08-06,-0.24552090962727866,3.107621987660726,2.7887548924354633e-05,301.5709864298503
Copper View,2020-08-07,-0.039507548014322914,2.4922131299972534,5.364418029785156e-07,300.33815511067706
Copper View,2020-08-08,-0.09510040283203125,0.8532271782557169,8.940696716308594e-07,299.4568977355957
Copper View,2020-08-09,-0.02288818359375,0.5803171793619791,1.7172386037600518e-06,300.1941572825114
Copper View,2020-08-10,0.05098533630371094,0.24812090396881104,4.286514695195365e-06,300.7737331390381
Copper View,2020-08-11,-0.09351793924967448,0.8621509075164795,5.012154578665218e-05,300.40728187561035
Copper View,2020-08-12,0.23045730590820312,0.6225981712341309,0.00019891858090659298,299.8297468821208
Copper View,2020-08-13,-0.271182378133138,0.43695565064748126,1.7163153529509145e-06,299.53297233581543
Copper View,2020-08-14,0.18141579627990723,-1.0299479166666667,8.553265047339664e-07,302.1149253845215
Copper View,2020-08-15,-0.2315964698791504,-0.6544988950093588,0.0,299.78579076131183
Copper View,2020-08-16,-0.0667406717936198,-1.0558266242345173,0.0,300.8002274831136
Copper View,2020-08-17,-0.14483515421549478,-0.9543375968933105,0.0,302.27897516886395
Copper View,2020-08-18,-0.03623008728027344,-0.8160078922907511,0.0007453203201244207,302.6667130788167
Copper View,2020-08-19,-0.022859573364257812,-0.5164815187454224,0.0008496074925865571,303.6820697784424
Copper View,2020-08-20,-0.3692862192789714,-0.7281809250513712,3.569623299881641e-05,303.08391189575195
Copper View,2020-08-21,-0.25780995686848956,-0.27422372500101727,1.409402665331072e-05,301.9685707092285
Copper View,2020-08-22,-0.30708058675130206,0.3964550495147705,3.3352866601887854e-06,301.943120320638
Copper View,2020-08-23,-0.8145484924316406,0.8240865071614584,0.00022609515682248116,301.8330186208089
Copper View,2020-08-24,-0.057613372802734375,1.081070860226949,5.751848220825195e-05,301.7228094736735
Copper View,2020-08-25,-0.12213770548502605,0.8513561487197876,0.0003293454647064209,302.5667355855306
Copper View,2020-08-26,-0.038951873779296875,1.1541110674540203,4.1964650051795616e-05,301.84276326497394
Copper View,2020-08-27,0.11645392576853435,1.6778048674265544,0.0,302.3474458058675
Copper View,2020-08-28,0.49730443954467773,-0.7702909708023071,9.912252323829307e-06,300.2937463124593
Copper View,2020-08-29,0.1684271494547526,0.4724067846934001,0.00010746121406057796,300.00562540690106
Copper View,2020-08-30,0.07710901896158855,0.31151390075683594,4.206895818015255e-05,298.9941050211589
Copper View,2020-08-31,0.9556185404459635,-1.4832346439361572,3.415346043311729e-06,296.1161753336589
Copper View,2020-09-01,1.0040817260742188,-2.0583901007970176,1.7270445823669434e-05,290.8510551452637
Copper View,2020-09-02,0.30138397216796875,-0.4822201331456502,0.0,292.8391367594401
Copper View,2020-09-03,-0.3177102406819661,-0.5343336661656698,0.0,296.49959055582684
Copper View,2020-09-04,-0.2154566446940104,-0.15207580725351968,8.570413569941593e-07,298.20534070332843
Copper View,2020-09-05,-0.5288016001383463,0.09474690755208333,1.698198502708692e-06,299.4430325826009
Copper View,2020-09-06,-0.49916330973307294,-0.5805801947911581,1.2858401419180154e-06,300.78954823811847
Copper View,2020-09-07,0.5873133341471354,-0.5651739438374838,8.583068833445395e-07,302.6668281555176
Copper View,2020-09-08,-0.03343900044759115,-3.4305648803710938,0.004826235771076881,288.63877550760907
Copper View,2020-09-09,-0.5851758321126302,-2.233343164126078,1.1560320672288071e-05,282.54165267944336
Copper View,2020-09-10,0.09126790364583333,-0.9449193477630615,8.642672355563263e-07,287.17589441935223
Copper View,2020-09-11,-0.24439557393391928,0.4129793643951416,0.0,289.68560854593915
Copper View,2020-09-12,-0.6202163696289062,0.1600170930226644,0.0,293.03788566589355
Copper View,2020-09-13,-0.6814187367757162,0.4033418496449788,0.0,294.2036482493083
Copper View,2020-09-14,-0.7474594116210938,0.8005084991455078,8.52346317969932e-07,295.8510208129883
Copper View,2020-09-15,-0.5391610463460287,-0.11423619588216145,8.52346317969932e-07,296.21033732096356
Copper View,2020-09-16,-0.47153345743815106,-0.1392186482747396,0.0,295.92222595214844
Copper View,2020-09-17,-0.5648765563964844,0.31811078389485675,4.351138045421976e-07,296.23471387227374
Copper View,2020-09-18,-1.0741322835286458,1.524374008178711,3.0024913826309785e-06,296.27522977193195
Copper View,2020-09-19,0.10761642456054688,0.5771553119023641,0.001838135719310685,294.96167310078937
Copper View,2020-09-20,0.08858108520507812,-0.6178468068440756,6.6350493170830305e-06,292.47611172993976
Copper View,2020-09-21,-0.33797264099121094,0.49933334191640216,4.2319288695580326e-07,293.6480992635091
Copper View,2020-09-22,-0.7927951812744141,1.9633726278940837,4.86910343120428e-05,296.1260643005371
Copper View,2020-09-23,-0.4637349446614583,0.5975624720255533,0.00025910139083862305,295.50022252400714
Copper View,2020-09-24,-0.5561345418294271,1.42367951075236,0.0,295.97331110636395
Copper View,2020-09-25,0.20082982381184897,0.26660728454589844,4.351138045421976e-07,297.64585876464844
Copper View,2020-09-26,0.20544942220052084,-0.6629533370335897,0.0,295.6036860148112
Copper View,2020-09-27,1.3617191314697266,-2.431057254473368,4.351138045421976e-07,288.17000007629395
Copper View,2020-09-28,0.5055681864420573,-1.5447825988133748,0.0,288.15122985839844
Copper View,2020-09-29,-0.03203137715657552,-0.26864369710286456,1.2809094300791912e-06,287.6844170888265
Copper View,2020-09-30,-0.22342618306477866,-0.6145610809326172,2.2083520434534876e-06,289.86245981852215
Copper View,2020-10-01,-0.31136131286621094,-0.7355837424596151,0.0,291.113982518514
Copper View,2020-10-02,-0.46016375223795575,-0.16335753599802652,0.0,290.8885949452718
Copper View,2020-10-03,-0.20827420552571616,-0.38866742451985675,1.2934207802572928e-06,291.47142855326337
Copper View,2020-10-04,-0.5428339640299479,0.29468584060668945,0.0,291.0938154856364
Copper View,2020-10-05,-0.6798140207926432,0.005603790283203125,0.0,292.6608428955078
Copper View,2020-10-06,-0.6932805379231771,-0.09559718767801921,8.52346317969932e-07,291.50270398457843
Copper View,2020-10-07,-0.9596207936604818,0.3715253671010335,0.0,291.1157913208008
Copper View,2020-10-08,-0.9440568288167318,1.1239447991053264,2.5722607119860186e-06,292.7647883097331
Copper View,2020-10-09,-0.5305379231770834,1.022391637166341,8.255242960331088e-07,294.197234471639
Copper View,2020-10-10,-0.5241616566975912,2.016037901242574,0.0,292.762544631958
Copper View,2020-10-11,1.6112855275472004,-1.3332918087641399,0.0058966219425187205,288.54300181070965
Copper View,2020-10-12,-0.3485679626464844,1.2304898897806804,3.0141636671032757e-06,285.3747501373291
Copper View,2020-10-13,-0.5019769668579102,0.8549057245254517,4.3580138253673795e-07,290.5557912190755
Copper View,2020-10-14,0.5199228922526041,-0.5960070292154948,0.0001131594181060791,291.65983963012695
Copper View,2020-10-15,1.1086557308832805,-1.6187021732330322,0.0,284.1940409342448
Copper View,2020-10-16,-0.09964776039123535,0.25363822778066,8.380974350075121e-07,282.6796766916911
Copper View,2020-10-17,-0.10520172119140625,0.8235426743825277,1.2834256608584838e-06,286.7814070383708
Copper View,2020-10-18,-0.18105761210123697,0.0858544111251831,5.960430371487746e-09,289.9197285970052
Copper View,2020-10-19,-0.22775777180989584,0.05312681198120117,1.2872200727542804e-06,290.64059193929035
Copper View,2020-10-20,-0.35877736409505206,-0.069335142771403,0.0,289.2553653717041
Copper View,2020-10-21,-0.42832501729329425,0.7974474827448527,4.351138045421976e-07,289.55487569173175
Copper View,2020-10-22,1.1136258443196614,-1.456556757291158,4.261732087229575e-07,284.1730562845866
Copper View,2020-10-23,0.4261374870936076,-0.07364455858866374,8.70227722771233e-07,279.26486523946124
Copper View,2020-10-24,-0.373531977335612,1.1445941527684529,0.0,282.03214899698895
Copper View,2020-10-25,1.4281445344289143,-1.975789229075114,0.0033569972994200725,278.7659556070964
Copper View,2020-10-26,0.5056775410970052,-2.9445616404215493,5.509003278802993e-05,270.11402257283527
Copper View,2020-10-27,0.19497807820638022,-1.0536648035049438,-3.1539570954919327e-09,272.70056025187176
Copper View,2020-10-28,-0.2904376983642578,-0.3720359802246094,0.0,274.6679331461589
Copper View,2020-10-29,-0.8903554280598959,0.30000925064086914,8.583068797918258e-07,277.59723472595215
Copper View,2020-10-30,-1.3018741210301716,0.9168212016423544,3.4405547921778634e-06,280.241984685262
Copper View,2020-10-31,-0.7782236735026041,0.6256758371988932,8.52346317969932e-07,284.40591049194336
Copper View,2020-11-01,-1.022430419921875,0.14449946085611978,0.0,281.81797154744464
Copper View,2020-11-02,-1.2047208150227864,0.2209313710530599,4.351138613856165e-07,282.7640069325765
Copper View,2020-11-03,-1.1713589429855347,0.4144001007080078,8.11994074751965e-05,284.8911526997884
Copper View,2020-11-04,-1.0728855927785237,0.6431244214375814,1.7106532368416083e-06,286.5301208496094
Copper View,2020-11-05,-1.3127750158309937,0.6767667134602865,1.78813479578821e-08,285.95321528116864
Copper View,2020-11-06,-2.1804486910502114,2.07264773050944,3.4433696782798506e-06,286.9947001139323
Copper View,2020-11-07,-2.0612614949544272,2.5739335219065347,0.004038900136890788,287.6538619995117
Copper View,2020-11-08,-0.4901924133300781,3.3922247886657715,0.00817878544330597,278.439208984375
Copper View,2020-11-09,0.4911244710286458,-0.33176414171854657,0.003257998824039987,272.7387212117513
Copper View,2020-11-10,-0.9368006388346354,1.5554081201553345,0.0003955289906230064,270.8418553670247
Copper View,2020-11-11,-1.2505359649658203,1.550885558128357,0.0009642006702961226,272.7996762593587
Copper View,2020-11-12,-1.0651601155598958,0.8346586227416992,0.0011857032774855725,270.85906346638996
Copper View,2020-11-13,-2.3894265492757163,1.7689507007598877,5.667209620696667e-05,271.01053619384766
Copper View,2020-11-14,1.1673215230305989,0.3475372791290283,0.009170877933456723,275.5191567738851
Copper View,2020-11-15,-2.0322818756103516,1.8220700820287068,0.00021471685221285952,273.2507184346517
Copper View,2020-11-16,-1.8588473002115886,1.0526647965113323,8.682401517035032e-05,279.2563482920329
Copper View,2020-11-17,-2.8306565284729004,1.5607802470525105,3.872423519624135e-06,279.19516436258954
Copper View,2020-11-18,-1.752902348836263,2.705801526705424,0.0004894912242434657,284.42627080281574
Copper View,2020-11-19,-0.1902033487955729,-1.0077813466389973,0.0009155422449111938,281.1909484863281
Copper View,2020-11-20,-1.1506048838297527,-0.5181639194488525,0.0,274.6124947865804
Copper View,2020-11-21,-0.8441562652587891,-0.449455459912618,4.649161269298929e-07,272.8079827626546
Copper View,2020-11-22,-1.2632598876953125,0.1283495823542277,2.980232238769531e-07,270.63381067911786
Copper View,2020-11-23,-1.0716209411621094,-0.27373651663462323,0.00022712349891662598,272.4163360595703
Copper View,2020-11-24,0.16763432820638022,-0.7785323063532511,0.0005395382642632285,273.950138092041
Copper View,2020-11-25,-1.229586919148763,1.1062823136647542,2.5664959366622497e-06,272.84789148966473
Copper View,2020-11-26,0.6816907723744711,-1.8378183046976726,0.0010242164134979248,273.6912619272868
Copper View,2020-11-27,-0.5674444834391276,-0.7574081420898438,1.430511474609375e-06,269.66412989298504
Copper View,2020-11-28,-0.8776047229766846,0.12645483016967773,4.351138045421976e-07,269.9553813934326
Copper View,2020-11-29,-0.9514992237091064,-0.21445759137471518,0.0,270.98593203226727
Copper View,2020-11-30,-1.6881294250488281,0.8178794384002686,4.351138045421976e-07,271.3671226501465
Copper View,2020-12-01,0.1590503454208374,-1.0364607175191243,0.00016874074935913086,274.33421325683594
Copper View,2020-12-02,-0.8527095715204874,-0.2402801513671875,2.5749204723979346e-06,270.1560255686442
Copper View,2020-12-03,-1.0778973897298176,-0.24951807657877603,5.959918780717999e-09,268.49548085530597
Copper View,2020-12-04,-1.0166908899943035,-0.35847123463948566,8.553265615773853e-07,268.41088549296063
Copper View,2020-12-05,-1.0173320770263672,-0.107046643892924,5.684341886080802e-14,269.69336700439453
Copper View,2020-12-06,-1.5294939676920574,0.22663994630177817,1.2993811537853617e-06,271.35656293233234
Copper View,2020-12-07,-1.1186485290527344,-0.46747394402821857,0.0,271.186861038208
Copper View,2020-12-08,-1.2714525858561199,-0.1300048828125,0.0,271.04643058776855
Copper View,2020-12-09,-1.7041943868001301,0.4051667849222819,8.583068833445395e-07,271.0640519460042
Copper View,2020-12-10,-0.7405865987141927,-0.5014653205871582,0.0,272.44404792785645
Copper View,2020-12-11,-0.7049713134765625,0.09817953904469807,0.0014028489589641424,270.0117104848226
Copper View,2020-12-12,-0.5846099853515625,-0.5805443127950033,0.0037612617015838623,269.7495009104411
Copper View,2020-12-13,-1.5096031824747722,0.7290487686793009,4.804432387572888e-05,266.0709762573242
Copper View,2020-12-14,-0.4151539405186971,0.12451700369517009,0.0023113071917464367,270.81423314412433
Copper View,2020-12-15,0.07591879367828369,0.12682044506072998,0.0005834996700286865,268.561243057251
Copper View,2020-12-16,-1.2925160725911458,1.3819780349731445,0.000548210739964361,269.8202044169108
Copper View,2020-12-17,-2.094811757405599,1.5255742867787678,0.0033910900353362194,270.3227907816569
Copper View,2020-12-18,0.5642427603403727,-0.6603103876113892,0.006526681780712806,272.55837631225586
Copper View,2020-12-19,-1.7259165445963542,1.118196725845337,7.361173629760742e-06,267.482967376709
Copper View,2020-12-20,-2.1109855572382608,1.4261964162190754,5.8346986765656084e-05,269.00023396809894
Copper View,2020-12-21,-1.8078711032867432,1.4960904518763225,3.068174100917531e-05,275.84741910298663
Copper View,2020-12-22,-1.1315523783365886,0.920210599899292,0.0020908979058731347,272.6020425160726
Copper View,2020-12-23,1.0322812398274739,-1.3472696542739868,0.0015285193919112317,268.91744295756024
Copper View,2020-12-24,-1.700138807296753,0.6096704800923666,4.351138045421976e-07,261.4252649943034
Copper View,2020-12-25,-1.8572100798288982,0.4360179901123047,1.2845866876887158e-06,263.5769894917806
Copper View,2020-12-26,-1.9774894714355469,0.8481012980143229,0.0014895706300990241,268.50260798136395
Copper View,2020-12-27,-0.6876780192057291,0.39612706502278644,0.00204330980773193,273.71858914693195
Copper View,2020-12-28,-1.7895599206288655,-0.03873252868652344,0.0024757415055205456,266.39679590861004
Copper View,2020-12-29,-0.36526234944661456,-0.5900707244873047,0.0018510043986452729,268.58244705200195
Copper View,2020-12-30,-1.6906809409459431,0.8096981843312582,1.3235211270057334e-05,263.8918170928955
Copper View,2020-12-31,-1.23430335521698,0.29294999440511066,0.0007237856316351099,268.2626075744629
Copper View,2021-01-01,-0.6609753370285034,0.027862548828125,0.00020135939121246338,266.6337356567383
Copper View,2021-01-02,-1.57683527469635,1.053168813387553,9.450316429138184e-05,265.70905049641925
Copper View,2021-01-03,-2.0027866760889688,1.5764719645182292,0.0021951138973186346,268.9120051066081
Copper View,2021-01-04,-2.166527430216471,1.288461685180664,0.0001975774763991467,270.50546709696454
Copper View,2021-01-05,-0.4317925771077474,0.39052029450734455,0.004613864421742164,275.04884847005206
Copper View,2021-01-06,-1.659271478652954,0.6597639322280884,3.8534402833079184e-06,267.4269911448161
Copper View,2021-01-07,-1.6376653114954631,0.3462589581807454,0.0,269.2410748799642
Copper View,2021-01-08,-1.7875982125600178,0.5472831726074219,8.583068797918258e-07,267.51151339213055
Copper View,2021-01-09,-0.5875564416249593,-0.6858623822530111,0.00017366154804676626,271.1447238922119
Copper View,2021-01-10,-1.1677850087483723,0.4548032283782959,3.699249032251828e-05,265.6656297047933
Copper View,2021-01-11,-1.469875971476237,0.5372174580891927,4.330277420194761e-06,263.30716768900555
Copper View,2021-01-12,-1.7678869565327961,0.785391608874003,2.572633036379557e-06,265.3601652781169
Copper View,2021-01-13,-1.8362108866373699,1.5171011288960774,0.00035624504079123653,273.439307530721
Copper View,2021-01-14,-0.4307352701822917,-0.40425701936086017,0.001251089572804176,273.96230061848956
Copper View,2021-01-15,-1.823290506998698,0.779398242632548,0.0,267.29676310221356
Copper View,2021-01-16,-0.8293743133544922,0.1677937110265096,0.0002206861972808838,274.18439801534015
Copper View,2021-01-17,-1.5770753224690754,0.8878523508707682,0.0,271.4829521179199
Copper View,2021-01-18,-0.2962055206298828,-0.6017579634984335,0.0010304927824904553,274.4455286661784
Copper View,2021-01-19,-1.1282530228296916,-0.3936210076014201,0.0001741647720336914,269.46066665649414
Copper View,2021-01-20,-1.6732711791992188,0.6929217974344889,0.0,269.3419545491536
Copper View,2021-01-21,-1.774813969930013,1.230027397473653,5.751848220825195e-06,272.19082832336426
Copper View,2021-01-22,-1.8565114736557007,1.5350065628687541,0.00013962388038635254,274.74663162231445
Copper View,2021-01-23,-0.7333269119262695,2.0488025347391763,0.009295883774655067,274.7900562286377
Copper View,2021-01-24,0.042613983154296875,-0.20431713263193765,0.0036764293909072876,271.91859372456867
Copper View,2021-01-25,-1.221151351928711,0.524498462677002,0.000153273344039917,267.9168338775635
Copper View,2021-01-26,-1.0914974212646484,0.3987598419189453,0.0022474855183531872,267.58117802937824
Copper View,2021-01-27,-1.6549415588378906,2.3850930531819663,0.00046174526204367794,267.2698968251546
Copper View,2021-01-28,-2.4523820082346597,2.102273861567179,0.0009347200392539889,272.73400179545087
Copper View,2021-01-29,-2.2546812693277993,1.6232426563898723,0.00014308321823364167,272.1847629547119
Copper View,2021-01-30,-0.06124178568522135,0.9685084025065104,0.005133154091765846,274.16723378499347
Copper View,2021-01-31,-1.667074203491211,0.7017421722412109,9.271502392493858e-06,267.81726328531903
Copper View,2021-02-01,-2.1088034311930337,0.8767149051030477,1.2818524055546732e-06,267.87298075358075
Copper View,2021-02-02,-2.188884735107422,1.561902125676473,1.2814997489840607e-06,272.27750968933105
Copper View,2021-02-03,-0.5025564829508463,1.0842108329137166,0.006515554065970264,276.53715387980145
Copper View,2021-02-04,0.5035648345947266,-0.7747224171956381,0.0020577013492015794,272.4939072926839
Copper View,2021-02-05,-1.2548357645670574,1.447780728340149,0.0024021685122761482,270.2498474121094
Copper View,2021-02-06,-1.0579051971435547,1.3065842390060425,0.0017333554062588519,272.32655906677246
Copper View,2021-02-07,-1.0945587158203125,1.3383161226908367,1.6361724988200876e-06,275.4596125284831
Copper View,2021-02-08,-1.1779588063557942,1.5853029886881511,8.634472692392592e-07,275.99028333028156
Copper View,2021-02-09,-1.0722802480061848,1.23124893506368,0.0005236208438645917,277.2911917368571
Copper View,2021-02-10,-0.8920911153157552,1.2593307495117188,0.0012979060411453247,275.97975794474286
Copper View,2021-02-11,-0.7997226715087891,1.2198575337727864,0.00024279356002665509,276.59678077697754
Copper View,2021-02-12,-0.4953301747639974,1.3896236419677734,0.008470821380512916,276.9595489501953
Copper View,2021-02-13,-0.5198980967203776,0.7714253266652426,0.010357263684170448,275.33386357625324
Copper View,2021-02-14,0.71623694896698,-1.6047899723052979,0.008282990805128065,270.58803876241046
Copper View,2021-02-15,-1.45018474260966,1.6185752550760906,0.003689064852324009,268.28487459818524
Copper View,2021-02-16,-0.3234259287516276,0.3182659149169922,0.014042186736958229,271.78960609436035
Copper View,2021-02-17,1.4775779644648235,-1.1552517016728718,0.007661601900963433,270.34943834940594
Copper View,2021-02-18,-0.5484937032063802,0.6535622676213583,0.00025321841229697384,267.9345067342122
Copper View,2021-02-19,-1.6515497763951619,1.9639718532562256,0.0024463236331939697,269.12095578511554
Copper View,2021-02-20,-0.8621766964594523,0.07567834854125977,0.003197610378265381,274.04641977945965
Copper View,2021-02-21,0.5896835327148438,-0.7690003712972006,0.0007121860980987549,271.6867872873942
Copper View,2021-02-22,-1.3753515879313152,1.2181761264801025,8.987065825749596e-06,270.8632526397705
Copper View,2021-02-23,-1.041751225789388,0.22499183813730875,6.96182144110935e-06,272.0028216044108
Copper View,2021-02-24,-0.9353516896565756,-0.5293231805165609,0.00013624429692526974,270.85733731587726
Copper View,2021-02-25,-0.2297749121983846,-0.3850560188293457,0.0002054274082183838,268.7085151672363
Copper View,2021-02-26,-1.3281428416570027,1.8876473506291707,0.00025953650464316524,269.4688294728597
Copper View,2021-02-27,0.1394481658935547,-0.0753717025121053,0.0037579755353363,270.5065155029297
Copper View,2021-02-28,-0.505242665608724,0.03511174519856771,0.0003703892230078054,268.37432861328125
Copper View,2021-03-01,-1.225687026977539,0.9519118467966715,4.351138045421976e-07,267.39066314697266
Copper View,2021-03-02,-2.0180352528889975,1.164753794670105,0.0,269.41672960917157
Copper View,2021-03-03,-2.1532891591389975,0.9357346693674723,0.0,271.9401683807373
Copper View,2021-03-04,-1.6344401041666667,1.2237784067789714,0.0016046196221282116,274.67899958292645
Copper View,2021-03-05,-1.6404762268066406,1.100921630859375,1.2904405366498395e-06,274.91445477803546
Copper View,2021-03-06,-2.4850826263427734,1.6769177913665771,0.0,274.48816299438477
Copper View,2021-03-07,-0.7571404774983724,-0.06410046418507893,1.2874602361989673e-06,278.8288351694743
Copper View,2021-03-08,-1.9997997283935547,1.8714393774668376,6.794929490183677e-07,278.4050992329915
Copper View,2021-03-09,0.4901421864827474,-0.7031550804773966,0.00019371509552001953,277.23350715637207
Copper View,2021-03-10,0.22146924336751303,0.7870467901229858,0.0017385005950814048,273.95399411519367
Copper View,2021-03-11,-0.7543373107910156,0.6329894463221232,0.0021193236112253544,274.91371218363446
Copper View,2021-03-12,-0.9984951019287109,-0.931526263554891,0.0005797892808914185,273.1712926228841
Copper View,2021-03-13,-0.380435307820638,-0.8067862192789713,0.004147522356106492,273.9019362131755
Copper View,2021-03-14,0.10223642985026042,-1.5107682943344116,0.0007503523713694449,277.0763301849365
Copper View,2021-03-15,-1.1979166666666667,1.7032521565755208,1.5287895394067164e-07,278.411278406779
Copper View,2021-03-16,-0.6487596035003662,-0.043654680252075195,0.0011296570301055908,278.35781987508136
Copper View,2021-03-17,-0.6063499053319296,0.7349480390548706,0.0010648101567767299,278.5154863993327
Copper View,2021-03-18,-1.3892663319905598,1.6820271015167236,3.6942958729468955e-05,279.4916598002116
Copper View,2021-03-19,-1.7418498992919922,2.191291014353434,3.048203325306531e-06,281.1962769826253
Copper View,2021-03-20,-0.39084815979003906,1.1482696533203125,0.009457039833023373,280.955374399821
Copper View,2021-03-21,0.7578309377034506,-0.932021975517273,0.0033184498547598196,275.56014760335285
Copper View,2021-03-22,-0.2636884053548177,0.2662518819173177,0.0006024986505508423,273.27131843566895
Copper View,2021-03-23,-0.04866218566894531,-1.0493609110514324,0.0012039273976256482,275.01365725199383
Copper View,2021-03-24,0.1553338368733724,-1.5297648111979167,0.0004740834235121838,274.2479254404704
Copper View,2021-03-25,-0.7275918324788412,1.4094472726186116,0.0014306664465948415,276.0408115386963
Copper View,2021-03-26,1.0420411427815754,-0.8658034801483154,0.008654454350466523,275.1689027150472
Copper View,2021-03-27,-0.1301593780517578,-0.1287390391031901,5.4386623673963186e-05,276.6386311848958
Copper View,2021-03-28,-1.1542714436848958,1.6927242279052734,1.2806219729100121e-06,278.35560417175293
Copper View,2021-03-29,-0.35196367899576825,0.5084126790364584,0.000145132934051162,278.8946844736735
Copper View,2021-03-30,0.9424279530843099,-1.7931804656982422,7.693767537375606e-05,274.14484786987305
Copper View,2021-03-31,-0.7872327168782552,0.4845663706461589,2.5123903810708725e-06,274.17347526550293
Copper View,2021-04-01,-1.2628739674886067,0.9119585355122884,1.7010105466397363e-06,277.46107482910156
Copper View,2021-04-02,-1.6004047393798828,1.453659176826477,8.753334554967296e-07,282.0349400838216
Copper View,2021-04-03,-1.617810567220052,1.2668379942576091,5.6733522001195524e-05,284.66539192199707
Copper View,2021-04-04,-1.478189468383789,1.3857307434082031,2.646040394438387e-05,287.0924593607585
Copper View,2021-04-05,-0.962273915608724,0.5595773061116537,0.0005034412158124724,286.25787989298504
Copper View,2021-04-06,1.6279470523198445,-0.635962168375651,0.009687134623526106,278.6769371032715
Copper View,2021-04-07,-1.1073710521062214,0.974524180094401,3.1888484954833984e-06,278.65270105997723
Copper View,2021-04-08,-0.6115385691324869,-0.27878443400065106,0.0,281.7543608347575
Copper View,2021-04-09,0.8498102823893229,-1.502543568611145,0.0,280.71297454833984
Copper View,2021-04-10,-0.7073453267415365,0.5263970692952474,0.0,280.7407677968343
Copper View,2021-04-11,1.0362962086995442,-1.4282442728678386,4.351138613856165e-07,282.33616828918457
Copper View,2021-04-12,0.1796675125757853,-1.0019410451253254,1.29405162851981e-06,280.1528848012288
Copper View,2021-04-13,-1.277374267578125,-0.3073941469192505,0.0011759221796019403,279.43688646952313
Copper View,2021-04-14,-0.9892164866129557,-0.005911628405253093,0.013296100497200314,279.156099319458
Copper View,2021-04-15,0.6059761047363281,-1.0425831079483032,0.005507248689582411,278.0995858510335
Copper View,2021-04-16,0.4444287618001302,-0.3279762268066406,0.002390056920432926,278.962641398112
Copper View,2021-04-17,-0.733154296875,-1.3976191679636638,6.077587604025325e-05,279.052531560262
Copper View,2021-04-18,-0.5322704315185547,-0.9669456481933594,4.351138045421976e-07,279.99717903137207
Copper View,2021-04-19,0.2493000030517578,0.4284783999125163,0.0005342662334442139,282.7785523732503
Copper View,2021-04-20,0.16797256469726562,-1.0304730733235676,5.632638931274414e-06,280.8169059753418
Copper View,2021-04-21,-1.144417444864909,-0.8872169256210327,0.002194628119468689,280.5923563639323
Copper View,2021-04-22,-0.24180086453755698,-0.7065099080403646,2.432625080928119e-06,281.5440533955892
Copper View,2021-04-23,-0.2366937001546224,-0.2633659839630127,0.00026138020194821365,282.8607934315999
Copper View,2021-04-24,-0.9721495310465494,1.3304107189178467,0.0003492742776529667,283.45637702941895
Copper View,2021-04-25,-0.27486228942871094,0.14242923259735107,0.000242806101766746,283.9868100484212
Copper View,2021-04-26,0.35358111063639325,0.21524202823638916,0.011634588241577148,280.7970396677653
Copper View,2021-04-27,0.6862271626790365,-1.9112930297851562,0.0022430413326901544,279.50863393147785
Copper View,2021-04-28,0.24534781773885092,-1.933424949645996,1.6096234219276084e-05,283.4144751230876
Copper View,2021-04-29,-0.4751261870066325,-0.7068472305933634,8.583068797918258e-07,283.87480608622235
Copper View,2021-04-30,-0.9390150705973307,0.3080541690190633,4.351138045421976e-07,287.2690734863281
Copper View,2021-05-01,-1.1265799204508464,1.0330228010813396,0.00016412138938903809,290.64231363932294
Copper View,2021-05-02,1.267600377400716,-1.7979313532511394,0.0016994625329971313,287.7544854482015
Copper View,2021-05-03,0.8647009531656901,-2.238199551900228,0.0018653362989375921,284.6905822753906
Copper View,2021-05-04,0.24943987528483072,-0.40202828248341876,1.5163421625885576e-05,285.0173517862956
Copper View,2021-05-05,-0.29573631286621094,-0.763505736986796,8.52346317969932e-07,287.91511154174805
Copper View,2021-05-06,-1.4057281017303467,0.9714761972427368,8.52346317969932e-07,287.4260171254476
Copper View,2021-05-07,-0.6648794809977213,2.4701108932495117,0.00011155903338888606,291.928378423055
Copper View,2021-05-08,1.6762763659159343,-2.343945582707723,0.0017566531896591187,285.7007128397624
Copper View,2021-05-09,0.9989109039306641,-1.0500494639078777,8.918405717395217e-05,283.96786880493164
Copper View,2021-05-10,0.9724572499593099,-1.2864157756169636,0.0023193579109488383,283.3024387359619
Copper View,2021-05-11,0.9382756551106771,-1.0571651458740234,4.115104673019232e-05,284.6079241434733
Copper View,2021-05-12,-0.2762470245361328,0.2186360756556193,1.7195939676639682e-06,285.94623374938965
Copper View,2021-05-13,-0.5622412363688151,-0.012549320856730143,0.00011401621821960362,289.53135744730633
Copper View,2021-05-14,-0.5837904612223307,-0.15088148911794028,2.0100773042486253e-05,292.25957107543945
Copper View,2021-05-15,-0.40061378479003906,-0.1238933801651001,0.00036304905006545596,292.1758785247803
Copper View,2021-05-16,-0.689385732014974,-0.960784912109375,0.0032787533671125857,290.6637369791667
Copper View,2021-05-17,-0.0015621185302734375,-0.7777360280354818,0.0008163183926512829,288.707462310791
Copper View,2021-05-18,-0.41036033630371094,-0.6634701093037924,0.00012333095078886913,291.40795580546063
Copper View,2021-05-19,-0.24576250712076822,1.2106002569198608,8.279085154327959e-06,293.42746035257977
Copper View,2021-05-20,0.8471298217773438,0.35232019424438477,0.0001378536223910487,292.6630694071452
Copper View,2021-05-21,1.218820571899414,-0.5482169389724731,0.005596816539764404,286.566214243571
Copper View,2021-05-22,0.36186472574869794,0.9441445668538412,0.00033271312713623047,285.3650983174642
Copper View,2021-05-23,0.46970176696777344,1.3652172088623047,0.0060956478118896484,284.3303508758545
Copper View,2021-05-24,0.39260101318359375,1.0702544848124187,0.00346257734019062,284.29730161031085
Copper View,2021-05-25,-0.3924096425374349,1.1082255045572917,0.00013405084609985352,288.66349665323895
Copper View,2021-05-26,0.7149524688720703,-1.780731201171875,0.00012505197463497097,290.1741549173991
Copper View,2021-05-27,-0.4036426544189453,-0.17129961649576822,0.0,289.355032602946
Copper View,2021-05-28,-0.2705911000569661,-0.46836407979329425,3.218650817871094e-05,292.1454162597656
Copper View,2021-05-29,0.5601145426432291,-1.9788525899251301,3.2395124435424805e-05,293.3255246480306
Copper View,2021-05-30,0.39469337463378906,-1.4116261800130208,1.891255374175671e-05,293.30174191792804
Copper View,2021-05-31,0.0003115336100260417,-1.2116953531901042,2.3365020751953125e-05,293.9564685821533
Copper View,2021-06-01,-0.020556052525838215,-1.079626441001892,1.2713479122794524e-06,295.2153778076172
Copper View,2021-06-02,-0.3593513568242391,-0.9964548746744791,4.9173831939697266e-06,296.1984055836995
Copper View,2021-06-03,-0.2839495340983073,-0.6781697670618693,1.2771693036484066e-06,298.37984402974445
Copper View,2021-06-04,-0.3185869852701823,-0.41858164469401044,6.556510925292969e-06,299.876714070638
Copper View,2021-06-05,0.11325514316558838,0.09510548909505208,8.998215198019466e-05,300.80407905578613
Copper View,2021-06-06,0.8084615071614584,-0.18632753690083823,5.736947063184061e-06,299.13125292460126
Copper View,2021-06-07,0.5275128682454427,2.5268500645955405,4.9173831939697266e-06,300.11984062194824
Copper View,2021-06-08,0.1828022003173828,4.155790328979492,4.466176022788204e-05,299.556578318278
Copper View,2021-06-09,-0.09393505255381267,4.20092527071635,0.0,298.48936462402344
Copper View,2021-06-10,1.6506754557291667,1.4076898495356243,2.1710991859436035e-05,295.8297920227051
Copper View,2021-06-11,0.6258811950683594,-0.9119633038838705,0.0,290.32801755269367
Copper View,2021-06-12,-0.2390918731689453,-0.19981463750203451,2.9802322387695312e-08,294.5967661539714
Copper View,2021-06-13,-0.5840346018473307,0.7169859806696574,8.52346317969932e-07,298.73889541625977
Copper View,2021-06-14,-0.4314123789469401,2.781764586766561,0.0,302.54421679178876
Copper View,2021-06-15,-0.32274945576985675,3.2767865657806396,8.467811198897834e-07,303.88878949483234
Copper View,2021-06-16,0.9862772623697916,0.04501632849375407,3.28600405623547e-05,304.613312403361
Copper View,2021-06-17,0.047992706298828125,-1.0594631433486938,2.142786968306609e-06,301.9084122975667
Copper View,2021-06-18,-0.3122049967447917,-0.089454452196757,1.259148120880127e-05,302.58471298217773
Copper View,2021-06-19,0.6361242930094401,-0.6723658243815104,4.354367217729305e-05,303.1323235829671
Copper View,2021-06-20,0.9923407236735026,-1.5473206837972004,1.722058641462354e-06,303.2893257141113
Copper View,2021-06-21,0.4787305196126302,-0.915414293607076,0.0,301.55574798583984
Copper View,2021-06-22,-0.24614334106445312,1.5925278663635254,0.0,301.7831675211589
Copper View,2021-06-23,0.4190355936686198,2.1167622804641724,1.190973711118204e-05,302.144084294637
Copper View,2021-06-24,0.3648751576741536,0.6839094559351603,0.007136842608417737,297.29198201497394
Copper View,2021-06-25,0.2741324106852214,0.05449549357096354,0.0003797176934199342,295.4378522237142
Copper View,2021-06-26,0.1115875244140625,-1.6841284434000652,3.641843795776367e-05,297.06785011291504
Copper View,2021-06-27,0.05285199483235677,-0.7968266805013021,0.0,297.5197645823161
Copper View,2021-06-28,-0.33084742228190106,-0.48979949951171875,0.00010739564885398067,298.2584368387858
Copper View,2021-06-29,-0.8963705698649088,0.07367420196533203,1.1110305781159013e-05,299.13444264729816
Copper View,2021-06-30,-0.9567308823267618,1.065423846244812,0.0010415941475798718,298.3284447987874
Copper View,2021-07-01,-0.6650485992431641,0.6934142112731934,0.0008098632097244263,298.17910321553546
Copper View,2021-07-02,-0.08983039855957031,-0.1345191796620687,7.790327072143555e-05,300.4792486826579
Copper View,2021-07-03,-0.30534617106119794,0.03790374596913656,0.0003781557082334075,300.8816197713216
Copper View,2021-07-04,-0.16343053181966147,-0.17681058247884116,5.5915707491749345e-05,302.27991040547687
Copper View,2021-07-05,0.9723226229349772,-0.7389978170394897,6.896308411796781e-05,302.3250980377197
Copper View,2021-07-06,0.07093429565429688,-1.1876521507898967,0.0,301.944278717041
Copper View,2021-07-07,-0.08777745564778645,0.2717362642288208,2.4676322887273727e-06,303.06507237752277
Copper View,2021-07-08,-0.04274431864420573,-0.06271223227183025,1.2894932410745241e-06,303.8435478210449
Copper View,2021-07-09,0.1245740254720052,-1.3203310171763103,1.2814997489840607e-06,305.54433186848956
Copper View,2021-07-10,0.38466517130533856,-1.336382548014323,8.52346317969932e-07,304.41550318400067
Copper View,2021-07-11,-0.04178047180175781,-0.36327258745829266,8.52346317969932e-07,303.35252380371094
Copper View,2021-07-12,0.023199081420898438,-0.33146293958028156,2.3117661385185784e-05,304.5474796295166
Copper View,2021-07-13,0.002644220987955729,1.1999114354451497,0.002015071853691097,304.7962640126546
Copper View,2021-07-14,0.5738849639892578,0.9929490486780802,0.0011420163067050737,303.5264612833659
Copper View,2021-07-15,0.26776377360026044,1.4039666652679443,0.0004281431435515515,301.7400588989258
Copper View,2021-07-16,0.4972693125406901,1.1589209238688152,3.927946090698242e-05,302.02050971984863
Copper View,2021-07-17,0.3562628428141276,0.41476694742838544,1.9550322463146586e-06,302.9781970977783
Copper View,2021-07-18,-0.14591407775878906,-0.28116583824157715,1.7106532368416083e-06,304.1879126230876
Copper View,2021-07-19,-0.1299444834391276,0.20091648896535239,0.0035585761070251465,303.4520206451416
Copper View,2021-07-20,0.1845111846923828,0.5259461800257365,0.0004036426544189453,300.7635962168376
Copper View,2021-07-21,-0.03826459248860677,0.26984278361002606,0.000810965895652771,301.2878239949544
Copper View,2021-07-22,0.17330423990885416,1.166298548380534,0.00033214688301086426,302.62513224283856
Copper View,2021-07-23,0.07611529032389323,0.023958802223205566,0.001673215627668867,301.46999104817706
Copper View,2021-07-24,0.6824092864990234,-2.205527901649475,1.888871192434749e-05,302.64014689127606
Copper View,2021-07-25,0.5114307403564453,-0.8425523440043131,8.60500051658164e-07,302.5954710642497
Copper View,2021-07-26,-0.3034960428873698,0.2833703358968099,5.2550435061249345e-05,301.8852424621582
Copper View,2021-07-27,-0.11493873596191406,2.4943765004475913,0.00032201409339904785,302.2843500773112
Copper View,2021-07-28,-0.2414525349934896,0.5653340021769205,0.0025471627711226574,301.66768137613934
Copper View,2021-07-29,0.66168212890625,-0.8744781414667765,0.0008519028502291803,300.28707949320477
Copper View,2021-07-30,0.04857762654622396,0.14328217506408691,0.000552603602404389,300.2837734222412
Copper View,2021-07-31,0.09550730387369792,0.4026590983072917,0.0014029602899121585,300.65957260131836
Copper View,2021-08-01,-0.015373865763346354,0.3176629940668742,0.0019284516572497523,298.83984756469727
Copper View,2021-08-02,0.5741176605224609,-0.5590214331944784,0.0061133295724751235,297.80135981241864
Copper View,2021-08-03,0.9770984649658203,-1.5446672439575195,2.6438469490130956e-05,298.4530378977458
Copper View,2021-08-04,0.21069844563802084,-0.8265590667724609,0.0,299.4303086598714
Copper View,2021-08-05,-0.34021949768066406,1.018193284670512,2.3156404495239258e-05,301.0702946980794
Copper View,2021-08-06,1.203463872273763,0.7531638542811075,0.00015089511867927285,302.2022291819255
Copper View,2021-08-07,0.6900018056233724,-0.6571390628814697,4.351138045421976e-07,298.1703751881917
Copper View,2021-08-08,-0.28836822509765625,1.080068826675415,1.2945832281729963e-06,299.23049863179523
Copper View,2021-08-09,0.91455078125,-0.7441050211588541,5.34456194145605e-06,301.1120948791504
Copper View,2021-08-10,0.12215932210286458,-0.9642322063446045,0.0,298.99206161499023
Copper View,2021-08-11,-0.038853963216145836,-0.5004298686981201,1.707026910935383e-06,298.58569780985516
Copper View,2021-08-12,0.030374526977539062,-0.6005540688832601,1.309018387019023e-06,299.932430267334
Copper View,2021-08-13,-0.04199854532877604,-0.8433955510457357,1.281411890374784e-06,301.5441900889079
Copper View,2021-08-14,-0.13173929850260416,-0.4537826379140218,0.0010907519359761864,302.0570373535156
Copper View,2021-08-15,0.12862459818522134,-0.8813308874766032,2.4139881134033203e-06,301.4136505126953
Copper View,2021-08-16,0.1290734608968099,-0.7353774706522623,1.7195939108205494e-06,301.3721815745036
Copper View,2021-08-17,-0.517096201578776,1.6296089092890422,0.00034161210049887814,301.03373591105145
Copper View,2021-08-18,0.18297259012858072,2.069031238555908,0.026670303940704798,295.1165548960368
Copper View,2021-08-19,0.9949741363525391,-0.6818868319193522,0.020861640755697408,287.95407994588214
Copper View,2021-08-20,-0.16589991251627603,1.3771762450536091,1.9324506013163045e-05,289.84264818827313
Copper View,2021-08-21,-0.9376187721888224,2.4451480706532798,0.0011267244814803234,292.8910204569499
Copper View,2021-08-22,-0.4947182734807332,1.380003809928894,0.00579837858676413,293.14062309265137
Copper View,2021-08-23,-0.8834985494613647,2.7730942169825235,4.351138045421976e-07,295.654115041097
Copper View,2021-08-24,-0.919366200764974,3.186062455177307,1.7090805499719863e-06,296.01158205668133
Copper View,2021-08-25,-0.7171077728271484,2.840234080950419,1.8929329769434844e-05,296.7175712585449
Copper View,2021-08-26,-0.26764551798502606,1.2718927065531414,5.9393048275069305e-05,298.210262298584
Copper View,2021-08-27,-0.41637929280598956,-0.21413950125376383,1.7217039953720814e-06,295.2393449147542
Copper View,2021-08-28,0.08247311909993489,-1.0356498559315999,4.261732051702438e-07,295.809139251709
Copper View,2021-08-29,-0.1993274688720703,0.0028023322423299155,3.0424616852542385e-06,294.9918435414632
Copper View,2021-08-30,-0.520971934000651,0.3814625342686971,4.410743663640915e-07,296.96886825561523
Copper View,2021-08-31,-0.7835508982340494,1.4460476239522297,1.447200764914669e-05,298.32497151692706
Copper View,2021-09-01,-0.7023951212565104,2.2421923875808716,8.504390706320919e-05,297.26931317647296
Copper View,2021-09-02,-0.417324701944987,1.8849637905756633,0.0005355829759992048,296.0856107076009
Copper View,2021-09-03,-0.16904067993164062,0.1888758341471354,0.003214132057109964,294.15747769673663
Copper View,2021-09-04,-0.3194847106933594,-0.1370722452799479,-1.446096575818956e-10,294.1387939453125
Copper View,2021-09-05,-0.6263961791992188,-0.07745361328125,0.0,295.81789143880206
Copper View,2021-09-06,-0.6614068349202474,0.15573418140411377,1.7201011246470443e-06,297.2116692860921
Copper View,2021-09-07,-0.7113520304361979,-0.5034324328104655,0.0,296.858788172404
Copper View,2021-09-08,-0.5521907806396484,0.1508792241414388,4.351138045421976e-07,296.373815536499
Copper View,2021-09-09,-0.9123395284016927,0.8453797896703085,8.468390433336026e-07,297.113426844279
Copper View,2021-09-10,-0.8747329711914062,1.9081602493921916,0.0005762940000977324,299.7899627685547
Copper View,2021-09-11,0.10194651285807292,1.120147705078125,0.00046697258949279785,298.0718994140625
Copper View,2021-09-12,-0.11188125610351562,0.727593183517456,3.108382225036621e-05,295.81749153137207
Copper View,2021-09-13,0.1928431193033854,-0.3247891664505005,0.0006334394216196415,297.3445466359456
Copper View,2021-09-14,0.10663922627766927,-0.807636578877767,8.52346317969932e-07,295.64524777730304
Copper View,2021-09-15,-0.36945152282714844,0.5777368545532227,1.7225742112714215e-06,294.9756488800049
Copper View,2021-09-16,-0.19359906514485678,0.7274711926778158,1.7264485336454527e-05,295.65758323669434
Copper View,2021-09-17,-0.2202428181966146,0.8146816889444987,8.595241638431617e-07,295.0522403717041
Copper View,2021-09-18,-1.255615234375,2.9107409715652466,0.0015379786491394043,294.49221165974933
Copper View,2021-09-19,0.10343615214029948,2.5498822927474976,0.0003586835884448192,293.72414843241376
Copper View,2021-09-20,1.2264270782470703,-2.309970219930013,0.000476151704788208,286.6673043568929
Copper View,2021-09-21,0.15569913387298584,-0.31184641520182294,8.52346317969932e-07,287.53046735127765
Copper View,2021-09-22,-0.4662513732910156,0.5947386423746744,8.52346317969932e-07,289.61322657267254
Copper View,2021-09-23,-0.446499506632487,-0.6286938985188802,0.0005889534949687913,292.2798550923665
Copper View,2021-09-24,0.08442445596059163,-0.5929470062255859,-2.38978259403666e-08,291.7686907450358
Copper View,2021-09-25,-0.46886444091796875,0.5481259822845459,1.2841062471125042e-06,292.26533063252765
Copper View,2021-09-26,-0.6965757211049398,0.2025147279103597,4.2319288695580326e-07,293.91344896952313
Copper View,2021-09-27,-0.6555608113606771,0.24129931131998697,0.0,294.371031443278
Copper View,2021-09-28,-0.003388086954752604,-0.1415735880533854,0.003278243541615211,292.0696493784587
Copper View,2021-09-29,1.6520570119222004,-2.0534669160842896,0.0002642967229462556,285.0953559875488
Copper View,2021-09-30,0.5714384714762369,-0.9880236784617106,0.00010697841634055294,286.22366269429523
Copper View,2021-10-01,0.08587582906087239,-0.3658992449442546,1.7225742112714215e-06,286.93605931599933
Copper View,2021-10-02,-0.06947962443033855,-0.15607770284016928,8.584406785416832e-07,288.9491723378499
Copper View,2021-10-03,-0.3976347843805949,0.11366053422292073,1.4867254094497184e-09,289.16895548502606
Copper View,2021-10-04,-0.8887182871500651,1.0283619960149128,0.0,290.24863624572754
Copper View,2021-10-05,-1.4229443868001301,1.6016279061635335,0.0003481090067793957,291.4252401987712
Copper View,2021-10-06,-0.7469558715820312,1.887277364730835,0.006818544864660936,288.3202832539876
Copper View,2021-10-07,-0.45548057556152344,1.853445053100586,0.0012602508068084717,288.8338368733724
Copper View,2021-10-08,-1.0403448740641277,2.3786408106486,0.003293335437774658,287.80208524068195
Copper View,2021-10-09,0.5777950286865234,0.7278181711832682,0.017612606287002563,283.5127951304118
Copper View,2021-10-10,0.6276753743489584,-0.2944549322128296,0.0004644542932510376,283.670955657959
Copper View,2021-10-11,-0.3470528920491536,1.177866538365682,0.0019440355993651792,283.01172828674316
Copper View,2021-10-12,1.715402603149414,-0.8887221415837606,0.010626333951847755,278.04423395792645
Copper View,2021-10-13,1.144423206647237,0.41471314430236816,0.004071399569511414,277.74706013997394
Copper View,2021-10-14,0.8538118998209635,-0.2404716412226359,0.0029149788446147795,278.5924154917399
Copper View,2021-10-15,-0.74365234375,0.4906986951828003,0.00022755861272116817,276.54408836364746
Copper View,2021-10-16,-1.0193010965983074,0.24925577640533447,0.0,278.4498284657796
Copper View,2021-10-17,-1.7180067698160808,1.4637070894241333,1.7106532936850272e-06,281.85015360514325
Copper View,2021-10-18,-1.5028724670410156,1.6532306273778279,0.002352541685070264,283.7674503326416
Copper View,2021-10-19,-0.44359270731608075,1.9025783936182659,0.016055154800369564,278.2776590983073
Copper View,2021-10-20,-1.6146958669026692,1.3175227642059326,0.0,278.9505615234375
Copper View,2021-10-21,-1.6271483103434246,1.100643555323283,0.0,281.8416353861491
Copper View,2021-10-22,-1.9009545644124348,1.570673942565918,1.7195939108205494e-06,283.2147051493327
Copper View,2021-10-23,-0.20881970723470053,0.41972851753234863,0.0029741913080165716,283.38415654500324
Copper View,2021-10-24,-1.5346978505452473,1.18213947614034,0.0010110437870025635,280.6185925801595
Copper View,2021-10-25,-1.8246116638183594,3.610187530517578,0.00048129388147799546,287.42897351582843
Copper View,2021-10-26,1.4392890930175781,-0.9384815295537313,0.025085496902363502,279.4065367380778
Copper View,2021-10-27,-0.33449681599934894,0.7965730031331381,0.0005493491887023083,279.7778015136719
Copper View,2021-10-28,-0.8311519622802734,0.17929458618164062,2.7865171432495117e-05,282.00186284383136
Copper View,2021-10-29,-1.3985646565755208,0.6504858732223511,0.0,280.0977268218994
Copper View,2021-10-30,-1.559743881225586,0.8425750732421875,8.52346317969932e-07,282.3060703277588
Copper View,2021-10-31,-1.2825796604156494,1.0510538419087727,4.83095645904541e-05,284.06337610880536
Copper View,2021-11-01,-0.9974159797032675,1.0811754862467449,0.0007374584674835205,283.94349670410156
Copper View,2021-11-02,-0.017330169677734375,-0.34955724080403644,0.006238847982558582,284.78464762369794
Copper View,2021-11-03,-0.696160634358724,0.04967025915781657,1.094965085712829e-05,280.61390113830566
Copper View,2021-11-04,-1.2676232655843098,1.2583674589792888,2.592011128399463e-06,281.25815836588544
Copper View,2021-11-05,-0.83978271484375,0.6993215084075928,8.672475360071985e-07,285.7905673980713
Copper View,2021-11-06,-1.6683336893717449,2.2502853870391846,4.261732051702438e-07,283.6811103820801
Copper View,2021-11-07,0.5613981882731119,0.08251746495564778,1.779974923010741e-06,283.5686492919922
Copper View,2021-11-08,0.2976406415303548,-0.4225819905598958,0.0003704236527823923,279.8167241414388
Copper View,2021-11-09,-1.3131898244222004,1.2072092692057292,0.002709501247920798,279.31098620096844
Copper View,2021-11-10,-0.24732081095377603,0.2431634267171224,0.004499136985373298,280.26494153340656
Copper View,2021-11-11,-0.5163841247558594,0.683784286181132,0.00010503779230930377,279.8319772084554
Copper View,2021-11-12,-0.7994511922200521,0.8621560335159302,0.00014660893924656193,281.6946544647217
Copper View,2021-11-13,-1.0373547871907551,0.4804998238881429,1.7136334804490616e-06,281.2258008321126
Copper View,2021-11-14,-1.1509755452473958,1.1311658223470051,1.284479992591514e-06,282.6791197458903
Copper View,2021-11-15,-1.7019850413004558,1.6939462025960286,4.351138045421976e-07,283.19836870829266
Copper View,2021-11-16,-0.19004185994466147,0.4910316467285156,0.003363960981346281,283.69287999471027
Copper View,2021-11-17,1.0962022145589192,-1.3872324625651042,3.235340108176388e-05,275.387840906779
Copper View,2021-11-18,-0.7023207346598307,0.7050437927246094,8.583068797918258e-07,274.91561571757
Copper View,2021-11-19,-0.98785400390625,0.7931512991587321,0.0001232206820986903,279.5053011576335
Copper View,2021-11-20,-0.09469350179036458,-0.587469736735026,0.003475496172882231,279.21144421895343
Copper View,2021-11-21,-0.14932537078857422,0.07144419352213542,1.2649215136661951e-05,275.4280382792155
Copper View,2021-11-22,-0.8544273376464844,0.14844210942586264,2.2351741222337296e-06,274.15661176045734
Copper View,2021-11-23,-1.3022168477376301,1.276272455851237,8.553266184208042e-07,276.1432514190674
Copper View,2021-11-24,1.3223635355631511,-1.9208568731943767,0.0010850131510551364,274.70387776692706
Copper View,2021-11-25,-0.31742103894551593,0.16795500119527182,3.7014484064457065e-06,272.95246569315594
Copper View,2021-11-26,-1.1709299087524414,0.39899059136708576,0.0,273.8188247680664
Copper View,2021-11-27,-0.9911481936772665,-0.030115763346354168,8.553266184208042e-07,276.12977536519367
Copper View,2021-11-28,-1.3997066418329875,0.5243470668792725,4.368416739453096e-10,275.89352226257324
Copper View,2021-11-29,-1.562908411026001,0.5590851306915283,4.351138045421976e-07,276.668789545695
Copper View,2021-11-30,-0.9164472818374634,-0.06039480368296305,1.7195939676639682e-06,279.2613519032796
Copper View,2021-12-01,-1.1825517018636067,0.2630745569864909,1.689791588432854e-06,276.31278165181476
Copper View,2021-12-02,-1.2759876251220703,0.46268296241760254,1.707672993234155e-06,276.4452298482259
Copper View,2021-12-03,-1.0858503977457683,-0.02451189359029134,8.52346317969932e-07,277.6047077178955
Copper View,2021-12-04,-1.3605543772379558,0.7550833622614542,4.291533514333423e-06,276.8266716003418
Copper View,2021-12-05,-0.7452449798583984,0.25465822219848633,-5.170477379579097e-09,279.19249534606934
Copper View,2021-12-06,-0.7942256927490234,0.5118598143259684,4.4465540099736245e-05,277.4047196706136
Copper View,2021-12-07,-0.7207724253336588,0.7284045219421387,1.1201028200957808e-05,277.57675806681317
Copper View,2021-12-08,-1.1144218444824219,1.4674208561579387,0.0,276.45619201660156
Copper View,2021-12-09,-0.054415384928385414,0.9259728988011678,0.011895547733615786,276.79806327819824
Copper View,2021-12-10,1.103835145632426,-0.8375470638275146,0.0061257362364699475,269.8598105112712
Copper View,2021-12-11,-1.9336626529693604,1.7459798256556194,4.339814182685586e-05,264.50898424784344
Copper View,2021-12-12,-2.1968231201171875,2.2521117528279624,2.950429916381836e-06,270.1377061208089
Copper View,2021-12-13,-2.454713821411133,2.1939280033111572,1.212954487073148e-06,271.2663046518962
Copper View,2021-12-14,-2.4753875732421875,2.975543975830078,1.0806322052303585e-05,275.3587646484375
Copper View,2021-12-15,0.8266264597574869,0.034122745196024575,0.013014325499529633,272.5851052602132
Copper View,2021-12-16,-1.808219273885091,1.8386650880177815,0.0020837485790252686,266.4690176645915
Copper View,2021-12-17,-0.5474090576171875,1.073499043782552,0.0019752711056639782,269.8914260864258
Copper View,2021-12-18,-1.579379399617513,0.9616114298502604,0.00010725855827331543,264.9435335795085
Copper View,2021-12-19,-2.1991004943847656,1.0366897583007812,2.9802322387695312e-08,264.1399230957031
Copper View,2021-12-20,-2.338186264038086,1.3139007488886516,1.2934207802572928e-06,266.9936701456706
Copper View,2021-12-21,-2.3223145802815757,0.9701271057128906,8.583068833445395e-07,267.26903025309247
Copper View,2021-12-22,-2.3670870463053384,1.0052693684895833,0.00031000673760672726,267.0288855234782
Copper View,2021-12-23,-1.7024686733881633,2.9182541370391846,0.0024105310440063477,274.3768933614095
Copper View,2021-12-24,-0.4561278025309245,2.536914825439453,0.01335217356671592,275.59628677368164
Copper View,2021-12-25,-0.4569910764694214,3.241832733154297,0.005276143550872803,274.5356915791829
Copper View,2021-12-26,0.7697945038477579,3.1113247871398926,0.004932608876117683,274.5317910512288
Copper View,2021-12-27,-0.8624846140543619,2.9919413725535073,0.0007017824316335464,268.85623359680176
Copper View,2021-12-28,-0.12939095497131348,0.3394149939219157,0.007750907540316376,268.3735434214274
Copper View,2021-12-29,-1.0657681624094646,1.1335307757059734,0.001251389443364559,266.4492073059082
Copper View,2021-12-30,-0.6885026693344116,2.8894368410110474,0.0034530177946976437,270.6935920715332
Copper View,2021-12-31,0.3923940261205037,-0.08090813954671223,0.012457403540508949,272.2833423614502
Copper View,2022-01-01,0.5545647939046224,-1.281802495320638,0.0008067280053296599,265.4993890126546
Copper View,2022-01-02,-1.6237335205078125,0.9252649943033854,6.42240047454834e-06,260.7653064727783
Copper View,2022-01-03,-2.598890463511149,1.3925437927246094,1.6901151980164286e-06,261.9740924835205
Copper View,2022-01-04,-1.7088050842285156,2.317157745361328,0.0005408823490142822,269.3400592803955
Copper View,2022-01-05,-1.3922100067138672,2.1408799489339194,0.007166758179664612,272.8167559305827
Copper View,2022-01-06,-1.1642742156982422,1.6600048144658406,0.006434696912663185,276.41451772054035
Copper View,2022-01-07,-1.8495121002197266,2.3152364095052085,6.185770024558224e-05,274.77077356974286
Copper View,2022-01-08,0.26808611551920575,-0.4469681183497111,0.0032000839710235596,276.5830307006836
Copper View,2022-01-09,-1.046783447265625,0.23828045527140299,8.38041302131387e-06,270.85985883076984
Copper View,2022-01-10,-1.4200843969980876,0.3364988962809245,1.2858445188612677e-06,268.29847780863446
Copper View,2022-01-11,-1.2047289609909058,0.11220375696818034,1.2904404798064206e-06,269.97961680094403
Copper View,2022-01-12,-1.5146372318267822,0.6021051009496053,0.0,271.63519795735675
Copper View,2022-01-13,-1.991128921508789,0.8054033915201823,1.285171833842469e-06,271.4258613586426
Copper View,2022-01-14,-0.33146413167317706,-0.8915112018585205,3.266036509330661e-05,275.01947530110675
Copper View,2022-01-15,-1.0196539560953777,0.37220509847005206,5.718618467653869e-09,269.896582921346
Copper View,2022-01-16,-1.383196512858073,0.1620966593424479,0.0,270.71524238586426
Copper View,2022-01-17,-1.1805413564046223,-0.031592369079589844,2.1401110643637367e-06,272.3717727661133
Copper View,2022-01-18,-0.8233923117319742,-0.0004355112711588542,1.2878651318715129e-06,273.9527753194173
Copper View,2022-01-19,-0.4026190439860026,-0.5481467644373575,8.493661880493164e-05,273.67236328125
Copper View,2022-01-20,-0.25484148661295575,0.4836565653483073,0.00014708340167501888,271.0322125752767
Copper View,2022-01-21,-0.2631696065266927,-0.16342290242513022,0.0026910758127201007,272.9381968180339
Copper View,2022-01-22,-0.24819501241048178,-0.8223927815755209,0.00033445060250869574,270.4081115722656
Copper View,2022-01-23,-0.28691736857096356,-0.499331792195638,1.1920928955078125e-07,269.17899958292645
Copper View,2022-01-24,-0.9394576152165731,0.6040865580240885,1.704692635939864e-06,270.07396443684894
Copper View,2022-01-25,0.2465265989303589,-0.7245724598566691,0.0019064873455931775,272.09957059224445
Copper View,2022-01-26,-0.6046011447906494,0.3648804823557536,2.0116567611694336e-06,270.0356159210205
Copper View,2022-01-27,-0.5372893015543619,-0.5124380588531494,2.5773711627152807e-06,270.54412333170575
Copper View,2022-01-28,-0.9719829559326172,0.02975749969482422,4.0690828839728965e-07,267.68814023335773
Copper View,2022-01-29,-1.3723621368408203,-0.05306152502695719,1.2814998058274796e-06,267.69486172993976
Copper View,2022-01-30,-1.0161514282226562,-0.23562177022298178,4.351138045421976e-07,270.15325355529785
Copper View,2022-01-31,-1.13881254196167,0.526884913444519,2.0265561033738777e-06,271.0477644602458
Copper View,2022-02-01,0.28714414437611896,-1.5209805170694988,0.00011714100827475704,271.0427983601888
Copper View,2022-02-02,0.7686716715494791,-1.6146730184555054,0.0010745972394943237,267.899653116862
Copper View,2022-02-03,-0.009325067202250162,-0.5112552642822266,0.00022562742232778987,266.26245880126953
Copper View,2022-02-04,-0.46020253499348956,0.06775462627410889,1.2934207802572928e-06,266.7500063578288
Copper View,2022-02-05,-1.0777606964111328,0.5003300507863363,8.52346317969932e-07,268.82104810078937
Copper View,2022-02-06,-0.7010002136230469,-0.4802712599436442,2.852987563528586e-06,272.0522600809733
Copper View,2022-02-07,-0.9110101064046224,0.3392009735107422,8.434732876594353e-07,270.8785146077474
Copper View,2022-02-08,-1.1351299285888672,0.28204981486002606,4.351138613856165e-07,272.82590039571124
Copper View,2022-02-09,-0.7887872060139974,-0.2885824839274089,5.1010310016863514e-05,274.47557004292804
Copper View,2022-02-10,-0.5846392313639323,-0.318783442179362,4.291536193079537e-07,274.88751856486004
Copper View,2022-02-11,-0.8488731384277344,0.14627520243326822,0.0,276.27077802022296
Copper View,2022-02-12,-0.7610073089599609,-0.046911160151163735,0.0,274.8624159495036
Copper View,2022-02-13,-1.4100557963053386,0.8918888568878174,2.573267693151138e-06,275.2848440806071
Copper View,2022-02-14,-1.7560462951660156,1.7008912563323975,2.570480319263879e-06,277.8233814239502
Copper View,2022-02-15,-1.034171422322591,1.0212510426839192,9.678055903350469e-07,277.2304089864095
Copper View,2022-02-16,1.2964712778727214,-1.2247281074523926,0.002298802137374878,273.49255116780597
Copper View,2022-02-17,0.2999216715494792,-0.9080174763997396,0.00016376376152038574,272.3809471130371
Copper View,2022-02-18,-0.9243628184000651,0.3088158369064331,2.086162567138672e-07,273.46873664855957
Copper View,2022-02-19,-1.4077847798665364,1.22310475508372,8.615441338122309e-07,275.3304042816162
Copper View,2022-02-20,-1.5121415456136067,2.3756256103515625,4.351138045421976e-07,276.98649978637695
Copper View,2022-02-21,0.7268778483072916,-0.38399823506673175,0.0024292021989822388,275.51371637980145
Copper View,2022-02-22,-0.5417633056640625,1.0304292837778728,0.0008795669405685658,272.0945796966553
Copper View,2022-02-23,-0.4496777852376302,-1.28546146551768,0.0034779667853399587,268.38900502522785
Copper View,2022-02-24,0.15056673685709634,0.6599707206090292,0.0008675903081893921,266.3263575236003
Copper View,2022-02-25,-0.151702880859375,0.10448710123697917,0.0014364004134108654,267.74972343444824
Copper View,2022-02-26,-0.8192323048909506,0.2855173746744792,9.3162058760754e-06,263.3206901550293
Copper View,2022-02-27,-1.2382659912109375,0.4490504264831543,8.52346317969932e-07,265.89367421468097
Copper View,2022-02-28,-1.487571914990743,0.5224075714747111,8.702277796146518e-07,270.98756980895996
Copper View,2022-03-01,-1.581795374552409,0.7545725504557291,0.0,275.39393933614093
Copper View,2022-03-02,-1.5784746805826824,1.0904178619384766,8.612870487922919e-07,278.9670600891113
Copper View,2022-03-03,-2.022075653076172,1.5882112979888916,1.7225727333425311e-06,280.57595189412433
Copper View,2022-03-04,-1.7217210133870442,1.9890342156092327,0.0030085206031458256,280.4429060618083
Copper View,2022-03-05,-0.5040550231933594,2.4416019519170127,0.0014660596847306806,278.41272672017413
Copper View,2022-03-06,0.6418291727701823,0.5580136775970459,0.009241712092261878,273.29289563496906
Copper View,2022-03-07,-0.7448012034098307,0.0757453441619873,2.3853778770899225e-05,267.1693878173828
Copper View,2022-03-08,-1.352047602335612,1.5474477211634319,0.00057964026927948,266.44496091206867
Copper View,2022-03-09,0.17239952087402344,0.6411077578862509,0.008380509038317996,273.0896059672038
Copper View,2022-03-10,0.5283438364664713,-1.0698477427164714,0.0002723664044310681,268.43767801920575
Copper View,2022-03-11,-1.1038341522216797,0.9993375937143961,8.583068833445395e-07,264.40834935506183
Copper View,2022-03-12,-1.81807275613149,1.7383832136789958,8.665701329846343e-07,269.383934656779
Copper View,2022-03-13,-1.509033203125,1.5498066743214924,0.0022880613802840344,273.4211711883545
Copper View,2022-03-14,-0.2236455281575521,0.41318511962890625,0.0018481434192949564,275.1266276041667
Copper View,2022-03-15,-1.5688769022623699,1.653896729151408,8.344650268554688e-07,276.873530069987
Copper View,2022-03-16,-0.04622840881347656,-1.1658450762430828,0.0020963430403639904,278.5612932840983
Copper View,2022-03-17,0.2853527069091797,-0.9519751071929932,6.384849541518633e-05,276.9170608520508
Copper View,2022-03-18,-0.4775276184082031,0.27628517150878906,2.5287270545959473e-05,277.8288230895996
Copper View,2022-03-19,-1.6390198469161987,1.7135564088821411,8.97049801551475e-07,279.02991676330566
Copper View,2022-03-20,-0.23601206143697104,0.149003267288208,0.004048318350214686,279.5603109995524
Copper View,2022-03-21,0.7372035980224609,-1.857059915860494,5.1032517546900635e-05,274.23078536987305
Copper View,2022-03-22,-0.05544952551523844,-1.547428011894226,8.317828076087608e-06,276.10847091674805
Copper View,2022-03-23,-0.5844370126724243,0.04796743392944336,1.823902039177483e-06,276.4180971781413
Copper View,2022-03-24,-1.0042984088261921,0.8024839957555135,1.7252261841349537e-06,280.7950801849365
Copper View,2022-03-25,-1.3932253519694011,1.3324917554855347,1.974603668486452e-05,284.14341100056964
Copper View,2022-03-26,-1.7191073099772136,1.8486824035644531,1.4901161193847656e-08,286.8349240620931
Copper View,2022-03-27,-1.7392203013102214,2.2335420846939087,2.1338461806408304e-06,287.5069052378337
Copper View,2022-03-28,-1.6812795003255208,2.8681017557779946,6.733834743499756e-05,287.14406394958496
Copper View,2022-03-29,-0.5584901173909506,0.2863500118255615,0.0030189841985652777,281.9670925140381
Copper View,2022-03-30,0.6523571014404297,-1.370985984802246,0.0007534623146057129,282.62819480895996
Copper View,2022-03-31,0.13590049743652344,-0.5522407293319702,0.0027029812335968018,279.78553199768066
Copper View,2022-04-01,0.02284558614095052,-0.048860390981038414,3.903398180682416e-06,280.67720286051434
Copper View,2022-04-02,-0.6337324778238932,0.3881849447886149,1.2965458040525846e-06,281.2717984517415
Copper View,2022-04-03,0.4712807734807332,-1.143241246541341,8.52346317969932e-07,282.92120424906415
Copper View,2022-04-04,-0.5937068462371826,1.1806041399637859,0.00033086538132920396,281.6033986409505
Copper View,2022-04-05,1.1425673166910808,-1.3443769613901775,0.007719129323902507,280.8977222442627
Copper View,2022-04-06,0.8216196695963541,-2.355819821357727,1.2430350068370899e-05,276.6723353068034
Copper View,2022-04-07,-0.5698006947835287,-0.49368079503377277,4.4321253156454077e-07,276.9348208109538
Copper View,2022-04-08,-1.1060638427734375,0.8259685436884562,0.0,281.7070604960124
Copper View,2022-04-09,-0.014925638834635416,-0.43727465470631915,0.00022143125534057617,283.6849225362142
Copper View,2022-04-10,1.535992940266927,-2.0930707454681396,4.583597183227539e-05,277.47657712300617
Copper View,2022-04-11,-0.545860211054484,2.098426103591919,0.0009910941123507655,279.8785692850749
Copper View,2022-04-12,1.9456855058670044,-1.1054260730743408,0.010469843531041079,274.7580083211263
Copper View,2022-04-13,0.7359672784805298,0.6665563186009725,0.0016840994358062744,273.96262232462567
Copper View,2022-04-14,-0.6135416428248087,1.5482707420984905,0.0008869916200637817,277.83519172668457
Copper View,2022-04-15,-0.3906373580296834,0.026688814163208008,0.00500863042390165,280.54638926188153
Copper View,2022-04-16,-0.7687084674835205,1.0005398193995159,0.0006738960742040945,281.22059694925946
Copper View,2022-04-17,0.4859886169433594,-0.40461703141530353,0.0028346508740355603,282.5724849700928
Copper View,2022-04-18,-1.245435078938802,0.9183391332626343,8.821486403576273e-07,282.8288942972819
Copper View,2022-04-19,-0.6679646174112955,0.4741659959157308,4.351138045421976e-07,287.0452626546224
Copper View,2022-04-20,0.026688893636067707,0.31661343574523926,0.0011641860007784999,283.1550121307373
Copper View,2022-04-21,-0.8235899607340494,2.9868422746658325,8.643726232548943e-07,286.61780548095703
Copper View,2022-04-22,1.417928695678711,-0.07339680194854736,0.009219284341437373,283.59780502319336
Copper View,2022-04-23,1.7005457480748494,-1.2284681797027588,0.006204548478024208,279.23083813985187
Copper View,2022-04-24,0.7340278625488281,-1.5069185892740886,0.0006739497185321852,281.504727045695
Copper View,2022-04-25,-0.5976130167643229,0.4769401550292969,2.0805001156531944e-05,281.8100929260254
Copper View,2022-04-26,-1.3406308492024739,1.7956558465957642,2.5581157387932763e-06,284.30731201171875
Copper View,2022-04-27,-0.3698476155598958,0.3080415328343709,9.632110561597074e-06,287.5897496541341
Copper View,2022-04-28,-0.5942509969075521,0.903919498125712,0.0002893507480621338,286.61556180318195
Copper View,2022-04-29,1.720462163289388,-1.9660326639811199,0.0022359073161055676,282.3506774902344
Copper View,2022-04-30,-0.890315572420756,0.6622227430343628,8.52346317969932e-07,282.27173296610516
Copper View,2022-05-01,0.06077384948730469,-0.7482215166091919,0.004192265868198319,284.23533630371094
Copper View,2022-05-02,0.10455576578776042,1.402584711710612,0.004854574799537659,284.4544506072998
Copper View,2022-05-03,1.3976758321126301,-0.7813841899236044,0.00520971417427063,283.05699793497723
Copper View,2022-05-04,0.4263693491617839,-0.6126265128453573,0.004659588863251685,280.3347403208415
Copper View,2022-05-05,-1.0763384501139324,1.6673434972763062,2.455711296533991e-06,283.65638669331867
Copper View,2022-05-06,-0.3879229227701823,0.8510066270828247,0.0,290.8107770284017
Copper View,2022-05-07,0.43519020080566406,-0.36054547627766925,0.0008149892091751099,290.71452077229816
Copper View,2022-05-08,1.0026079813639324,-0.5616497198740641,0.00043490231036003024,286.0550651550293
Copper View,2022-05-09,1.8437379201253254,-0.5056304931640625,0.0055143117903639904,280.1717071533203
Copper View,2022-05-10,0.22583452860514322,0.3028600215911865,3.231465816000423e-05,281.45752143859863
Copper View,2022-05-11,-0.10334332784016927,0.4220707019170125,6.12765550158656e-05,284.3455060323079
Copper View,2022-05-12,1.8951396942138672,-1.0762064059575398,0.005101531744003296,282.7498086293538
Copper View,2022-05-13,0.085235595703125,0.31839561462402344,8.52346317969932e-07,284.5967019399007
Copper View,2022-05-14,-0.3212381998697917,0.07453028361002605,1.7195939108205494e-06,287.72772789001465
Copper View,2022-05-15,-0.5539442698160807,-0.35834161440531415,7.960200264278683e-06,292.71113268534344
Copper View,2022-05-16,-0.6789690653483073,0.22338895003000894,0.00025510191909461355,292.8777624766032
Copper View,2022-05-17,0.09697786966959636,-1.7486095428466797,0.00015912950038909912,293.8076807657878
Copper View,2022-05-18,0.10645039876302083,-0.5848983526229858,8.52346317969932e-07,291.88697624206543
Copper View,2022-05-19,0.8398119608561198,-0.19454646110534668,0.0001785755157470703,294.19012387593585
Copper View,2022-05-20,1.4023119608561199,-3.3074764410654702,0.0010596662759780884,282.6781635284424
Copper View,2022-05-21,-0.4369017283121745,-0.0594100554784139,0.0009027093648228401,283.98709932963055
Copper View,2022-05-22,0.23286755879720053,-0.6103622515996298,3.400444882117881e-06,286.81454213460285
Copper View,2022-05-23,1.2140960693359375,-2.170389413833618,1.7136334804490616e-06,285.5230592091878
Copper View,2022-05-24,0.5157368977864584,-0.8629893859227499,1.1926888930702262e-05,286.66333961486816
Copper View,2022-05-25,-0.07569376627604167,-0.5947519143422445,1.284479992591514e-06,290.2511266072591
Copper View,2022-05-26,-0.9035046895345052,1.0045628547668457,4.410743663640915e-07,293.2132651011149
Copper View,2022-05-27,0.18016624450683594,1.2014798323313396,4.6119093894958496e-05,298.38234456380206
Copper View,2022-05-28,0.5275592803955078,-1.4290707906087239,0.0032424360512663952,291.3879674275716
Copper View,2022-05-29,0.4188086191813151,-1.079438289006551,0.01215776120540113,285.8764057159424
Copper View,2022-05-30,0.7889385223388672,0.197418212890625,0.015193593504079672,281.042911529541
Copper View,2022-05-31,0.16819000244140625,-0.8198938369750977,0.0003457029379205778,282.3763618469238
Copper View,2022-06-01,-0.18200365702311197,-0.5387305418650309,0.0007460862398147583,285.6911252339681
Copper View,2022-06-02,-0.2127526601155599,-0.16643106937408447,4.261732051702438e-07,289.85626792907715
Copper View,2022-06-03,-0.5165831247965494,0.4238157272338867,0.00039205849170187435,292.9563795725505
Copper View,2022-06-04,-0.27333323160807294,0.6477274894714355,0.00012951994324339466,294.0615768432617
Copper View,2022-06-05,0.11832427978515625,-0.6571998596191406,0.0009907811879656947,293.5006688435872
Copper View,2022-06-06,0.1534881591796875,-1.152884801228841,0.0002810388802458874,292.8719069163005
Copper View,2022-06-07,0.10966110229492188,-0.9744878609975179,4.351138045421976e-07,293.41272417704266
Copper View,2022-06-08,-0.5807762145996094,0.17249182860056558,8.523463748133508e-07,294.2701333363851
Copper View,2022-06-09,0.028301239013671875,-0.9638402859369913,3.782962721743388e-06,297.99681282043457
Copper View,2022-06-10,-0.18308512369791666,-0.240386962890625,8.631237733425223e-07,298.4723065694173
Copper View,2022-06-11,-0.34970855712890625,-0.07733662923177083,2.9763440352326143e-06,299.5538800557454
Copper View,2022-06-12,-0.047124226888020836,1.370828628540039,4.5299464090930996e-07,301.83334159851074
Copper View,2022-06-13,1.0383866628011067,-1.188158353169759,0.007114180922503266,293.4542630513509
Copper View,2022-06-14,1.5782591501871746,-1.130203127861023,0.0019515514372869802,286.08426666259766
Copper View,2022-06-15,0.8480110168457031,-0.4881172974904378,4.351138613856165e-07,288.62881724039715
Copper View,2022-06-16,-0.7860698699951172,1.33875838915507,0.0,293.9436575571696
Copper View,2022-06-17,-0.8739223480224609,3.213903228441874,4.9477815593945706e-05,299.7568467458089
Copper View,2022-06-18,0.40719350179036456,4.654781500498454,2.6462375785740733e-05,300.223783493042
Copper View,2022-06-19,-0.1168200174967448,3.3283538023630777,0.00031391424715820904,295.68552525838214
Copper View,2022-06-20,1.4402090708414714,-1.0055818955103557,0.0011496394872665405,289.205109278361
Copper View,2022-06-21,-0.17085965474446616,-1.0768548647562664,0.0,292.014502843221
Copper View,2022-06-22,0.1880950927734375,-0.9629313151041666,4.261732051702438e-07,295.4115416208903
Copper View,2022-06-23,0.010814030965169271,1.3260287841161091,5.6305527682098955e-05,298.10370953877765
Copper View,2022-06-24,0.2866223653157552,0.610843817392985,0.0025707967404287047,297.08309809366864
Copper View,2022-06-25,0.6156609853108724,-1.7216068108876545,3.985166546272012e-05,298.04527918497723
Copper View,2022-06-26,0.14899444580078125,-0.8968417644500732,0.00010348856437758513,297.8907070159912
Copper View,2022-06-27,-0.22095743815104166,-0.2612922191619873,1.2606382320257126e-06,299.1551869710286
Copper View,2022-06-28,-0.40731577078501385,0.8832505544026693,0.00031616091723662976,300.4371528625488
Copper View,2022-06-29,0.12657801310221353,1.6360032955805461,0.0004889577626272512,301.57013448079425
Copper View,2022-06-30,0.15353965759277344,0.34130799770355225,0.0009427815675735474,300.0807571411133
Copper View,2022-07-01,-0.3558807373046875,1.6877280871073406,0.00027643926540577013,299.5739409128825
Copper View,2022-07-02,-0.4342613220214844,2.0250690380732217,0.00022414326667785645,300.26610056559247
Copper View,2022-07-03,0.1723931630452474,4.085835774739583,4.798172881237406e-07,302.28736623128253
Copper View,2022-07-04,0.3499412536621094,4.385077953338623,8.583068797918258e-07,301.9416338602702
Copper View,2022-07-05,-0.06793212890625,3.2762781778971353,2.1661336973011203e-06,300.54156557718915
Copper View,2022-07-06,-0.3719611167907715,2.710336208343506,2.6661157505714073e-05,300.80928738911945
Copper View,2022-07-07,-0.27043306827545166,2.8307740290959678,4.425709789757093e-07,300.99272473653156
Copper View,2022-07-08,-0.4286797841389974,2.8169729709625244,1.2889569021012903e-06,301.4712715148926
Copper View,2022-07-09,-0.21439997355143228,3.1785069704055786,3.011132434949104e-06,303.27134895324707
Copper View,2022-07-10,0.7334327697753906,0.6272056500116984,0.0010925274929718398,304.73164494832355
Copper View,2022-07-11,0.6513932943344116,-1.2126621802647908,4.172325134277344e-07,302.0551058451335
Copper View,2022-07-12,-0.04587682088216146,-0.25163523356119794,1.2814998058274796e-06,301.73648834228516
Copper View,2022-07-13,-0.19458961486816406,1.0786432425181072,0.0002469602699761708,303.7324415842692
Copper View,2022-07-14,0.06114641825358073,1.6999033292134602,0.00031345486640788067,303.7627824147542
Copper View,2022-07-15,-0.03371493021647135,0.9122416178385416,0.005027554938973111,300.3235060373942
Copper View,2022-07-16,-0.4167214632034302,0.3732031186421712,8.772909637855264e-05,300.68327713012695
Copper View,2022-07-17,-0.5351217190424601,0.8685698906580607,1.7225742112714215e-06,303.1891295115153
Copper View,2022-07-18,0.6799523035685221,1.3306874831517537,5.990266799926758e-05,304.0083808898926
Copper View,2022-07-19,-0.011933644612630209,0.1280364990234375,0.0013675093649681003,301.7880573272705
Copper View,2022-07-20,0.09105364481608073,-0.21731789906819662,1.214765831036857e-05,301.80507977803546
Copper View,2022-07-21,0.11540985107421875,-0.10402766863505046,6.20054869955311e-05,302.5685685475667
Copper View,2022-07-22,0.1658496061960856,0.686621904373169,5.2592107408599986e-05,303.41476758321124
Copper View,2022-07-23,0.309817632039388,-0.061626950899759926,0.00014962190795131391,303.81024106343585
Copper View,2022-07-24,-0.3547178904215495,1.624861439069112,0.0004729506348439827,301.9413293202718
Copper View,2022-07-25,-0.0411535898844401,0.9678779443105062,8.583068833445395e-07,299.5225474039714
Copper View,2022-07-26,0.19292894999186197,-0.11472320556640625,8.581418455833045e-07,301.82169405619305
Copper View,2022-07-27,-0.0523223876953125,-0.3742249806722005,1.2755393754559918e-06,301.894048055013
Copper View,2022-07-28,0.1156908671061198,-0.5322598218917847,1.6635656152175216e-05,302.7708600362142
Copper View,2022-07-29,-0.3522898356119792,-0.12317057450612386,5.1504372095223516e-05,301.3966814676921
Copper View,2022-07-30,-0.46555201212565106,0.13196937243143717,0.0016772722759128555,300.9771258036296
Copper View,2022-07-31,-0.7326761881510416,0.6586875915527344,0.00040868818759420833,301.3084367116292
Copper View,2022-08-01,-0.18251927693684897,1.1258913278579712,0.0003787934056731501,301.91381072998047
Copper View,2022-08-02,0.13337262471516928,0.09078756968180339,0.01697367429727592,297.3321997324626
Copper View,2022-08-03,0.30872344970703125,-0.5873387654622396,5.5351853365692705e-05,298.97457949320477
Copper View,2022-08-04,-0.268459955851237,0.34544118245442706,2.605121630949725e-05,300.37011528015137
Copper View,2022-08-05,-0.17180633544921875,1.2365507284800212,0.0024847149848596928,301.17541885375977
Copper View,2022-08-06,0.26124417781829834,1.2137411832809448,0.01960169374939369,296.3898226420085
Copper View,2022-08-07,0.42718950907389325,-0.7953656911849976,0.0017055154937111183,294.41858228047687
Copper View,2022-08-08,0.2143878936767578,-0.7730147043863932,0.0,296.99670855204266
Copper View,2022-08-09,-0.0745251973470052,-0.3674652973810832,2.174602059312747e-06,298.15034039815265
Copper View,2022-08-10,0.06542396545410156,0.309620459874471,0.0014542877674053045,300.1389865875244
Copper View,2022-08-11,0.3342660268147786,-0.5202593406041464,0.002000236511225495,298.5072383880615
Copper View,2022-08-12,0.008843104044596354,0.4532465934753418,0.0004617522153687048,298.8811403910319
Copper View,2022-08-13,-0.2694021860758464,0.9850773413976034,0.003971256701294834,298.8524227142334
Copper View,2022-08-14,-0.5495675404866537,0.11114577452341716,0.0069181591271672005,297.1510435740153
Copper View,2022-08-15,-0.2217559814453125,-1.0420048634211223,0.00011026522436807795,299.07884788513184
Copper View,2022-08-16,-0.6741924285888672,-0.5512492259343466,2.9793381600029534e-05,299.35019556681317
Copper View,2022-08-17,-0.4191741943359375,-0.5626423358917236,0.0,300.1241105397542
Copper View,2022-08-18,-0.3553059895833333,0.025577267011006672,2.5212763716808695e-06,300.35915184020996
Copper View,2022-08-19,0.40230687459309894,-0.10204545656840007,0.0036824476464971667,299.18152046203613
Copper View,2022-08-20,0.34147198994954425,0.5678077538808187,0.0028812795877115605,295.1081377665202
Copper View,2022-08-21,-0.10538546244303386,0.005740841229756673,0.0022918532472999686,295.84111976623535
Copper View,2022-08-22,0.05040868123372396,-0.61647895971934,4.880428315345853e-05,297.6472339630127
Copper View,2022-08-23,-0.2594146728515625,-0.0268476406733195,4.965066807471885e-06,298.42442258199054
Copper View,2022-08-24,-0.5917307535807291,0.5601654847462972,7.252693171722058e-05,299.9244333902995
Copper View,2022-08-25,-0.08370780944824219,0.6721441745758057,2.6220083231720537e-05,298.5227680206299
Copper View,2022-08-26,0.426883061726888,1.0719496409098308,0.00013031065464019775,298.8604323069255
Copper View,2022-08-27,-0.25472768147786456,1.4469053347905476,1.3500452041625977e-05,298.450475692749
Copper View,2022-08-28,0.24018414815266928,0.06276734670003255,3.704428667816728e-06,300.01092020670575
Copper View,2022-08-29,-0.42749913533528644,-0.2862584988276164,0.0,298.3289381663005
Copper View,2022-08-30,-0.6962292989095052,-0.4598950544993083,4.351138045421976e-07,299.42569096883136
Copper View,2022-08-31,-0.7933260997136434,-0.5622880856196085,4.467869594293461e-07,300.43282254536945
Copper View,2022-09-01,-0.4455604950586955,-0.3574981689453125,8.612871056357108e-07,300.40821647644043
Copper View,2022-09-02,-0.08297665913899739,-0.903892437616984,8.540495741726772e-07,301.509516398112
Copper View,2022-09-03,-0.5261192321777344,-0.12956162293752035,4.351138613856165e-07,299.63434982299805
Copper View,2022-09-04,-0.5692489544550577,-0.25261390209198,8.511478313266707e-07,301.1127529144287
Copper View,2022-09-05,-0.34993032614390057,-0.6374038457870483,1.28501659446556e-06,301.1053606669108
Copper View,2022-09-06,-0.6231460571289062,-0.5639241536458334,2.1372263745433884e-06,301.79014650980633
Copper View,2022-09-07,-0.2544536590576172,-0.007147471110026042,4.466088689980552e-07,301.89339955647785
Copper View,2022-09-08,0.06821568806966145,-0.6858159701029459,0.00021068059544404605,302.6292889912923
Copper View,2022-09-09,1.2576204935709636,-1.3659015893936157,1.2993812106287805e-06,297.28381792704266
Copper View,2022-09-10,0.22115198771158853,-0.7964063882827759,8.583068833445395e-07,293.53539021809894
Copper View,2022-09-11,-0.2348333994547526,-0.07492574055989583,8.600094822952542e-07,294.63790130615234
Copper View,2022-09-12,-0.45528602600097656,0.3171087900797526,0.0,295.90320714314777
Copper View,2022-09-13,-0.11435763041178386,2.1679052909215293,0.0032355040310676486,296.6756509145101
Copper View,2022-09-14,0.010484695434570312,1.4466616312662761,0.012199807166950905,291.2697404225667
Copper View,2022-09-15,-0.3403008778889974,1.5571727752685547,0.0008285323158929714,290.46400769551593
Copper View,2022-09-16,0.10343678792317708,0.6944181124369303,0.009804469170376251,290.3619575500488
Copper View,2022-09-17,-0.3392047882080078,0.7127195199330648,0.000110844723963055,290.3118375142415
Copper View,2022-09-18,-1.0543276468912761,2.209723790486654,2.975165843466243e-05,291.926575978597
Copper View,2022-09-19,-0.8033275604248047,2.5901341835657754,3.001513505296316e-06,293.84079615275067
Copper View,2022-09-20,-0.8596445719401041,2.33033295472463,0.00013910233974456787,294.87383524576825
Copper View,2022-09-21,-1.416786829630534,2.199735442797343,0.0032711178064346313,294.0056794484456
Copper View,2022-09-22,-0.15086046854654947,0.8763808806737264,0.004905375838177406,290.91451772054035
Copper View,2022-09-23,0.2761192321777344,-0.6202704906463623,6.687295410756633e-06,290.47151374816895
Copper View,2022-09-24,-0.3148339589436849,-0.37800153096516925,1.7012785065162461e-06,289.4681084950765
Copper View,2022-09-25,-0.354153315226237,-0.3928292592366536,4.351138045421976e-07,289.8886636098226
Copper View,2022-09-26,-0.358767827351888,0.045887509981791176,8.642672355563263e-07,291.310271581014
Copper View,2022-09-27,-0.8849334716796875,0.3790365854899089,4.261732051702438e-07,292.1573022206624
Copper View,2022-09-28,-1.096056620279948,1.448012153307597,0.0001501023768746279,293.92356872558594
Copper View,2022-09-29,-0.4327278137207031,2.3977362314860025,0.0014420777558257214,293.5201841990153
Copper View,2022-09-30,0.6615950266520182,-0.6423470179239908,0.0056842416524887085,289.99724769592285
Copper View,2022-10-01,0.4779224395751953,-0.6808209816614786,0.0010461270808832523,287.5779457092285
Copper View,2022-10-02,-0.18486913045247397,0.10222903887430827,0.00010694563388824463,288.11755561828613
Copper View,2022-10-03,-0.3047142028808594,-0.3517494201660156,4.065930835395193e-05,288.2566502888997
Copper View,2022-10-04,-0.11869049072265625,-0.7314434051513672,1.7269108525397314e-06,289.29089228312176
Copper View,2022-10-05,-0.18004671732584634,-0.3902349869410197,3.30968146045052e-06,289.53040440877277
Copper View,2022-10-06,-0.3322747548421224,-0.28025205930074054,8.574562784247064e-07,289.29700469970703
Copper View,2022-10-07,-0.4491717020670573,-0.21172781785329184,2.212822437286377e-05,289.52867635091144
Copper View,2022-10-08,-0.4397684733072917,-0.10818727811177571,8.046627044677734e-07,289.81011899312335
Copper View,2022-10-09,-0.5514345566431681,0.04054578145345052,4.577636616431846e-06,289.4524981180827
Copper View,2022-10-10,-0.472545067469279,-0.1588597297668457,8.583068051848386e-07,289.59372901916504
Copper View,2022-10-11,-0.02382214864095052,0.05774672826131185,0.0,290.342679977417
Copper View,2022-10-12,-0.40058453877766925,-0.23962775866190592,8.583068797918258e-07,288.7541987101237
Copper View,2022-10-13,-0.2527351379394531,-0.7854017019271851,1.2814998058274796e-06,287.03951327006024
Copper View,2022-10-14,-0.49550819396972656,-0.16745773951212564,4.857778499456344e-07,286.67512130737305
Copper View,2022-10-15,-0.6304022471110026,-0.3663436571756999,4.928097432355116e-07,287.0258324940999
Copper View,2022-10-16,-0.7217203776041666,-0.25745872656504315,8.616761419943941e-07,286.5474484761556
Copper View,2022-10-17,-0.4980939229329427,-0.14276885986328125,1.2904405366498395e-06,286.3793805440267
Copper View,2022-10-18,-0.4645086924235026,-0.3016045888264974,1.2993812106287805e-06,287.04223314921063
Copper View,2022-10-19,-0.4592731793721517,-0.31438032786051434,1.7195939676639682e-06,287.22809473673504
Copper View,2022-10-20,-0.6147212982177734,0.14344402154286703,1.7043551565620874e-06,286.9001401265462
Copper View,2022-10-21,-0.6163724263509115,1.4393634398778279,0.0,288.4536717732747
Copper View,2022-10-22,-0.7107696533203125,3.104637384414673,0.005413830280303955,286.36499150594074
Copper View,2022-10-23,1.256906509399414,-0.883419911066691,0.02153302133082846,276.2084789276123
Copper View,2022-10-24,0.8162511189778646,-0.47677703698476154,0.0025681108236312866,275.13515599568683
Copper View,2022-10-25,-0.6550076802571615,1.4108914931615193,0.0029545723716069006,275.90937932332355
Copper View,2022-10-26,-0.9345506032307943,0.6644660631815592,0.004716753959655762,275.1905434926351
Copper View,2022-10-27,-0.3744761149088542,-0.41209876537323,0.0007405200025800696,274.01029141743976
Copper View,2022-10-28,-1.2455743153889973,0.7048386732737223,1.6421078612438578e-06,272.698034286499
Copper View,2022-10-29,-1.0737968285878499,-0.10081350803375244,1.3976222703604435e-06,276.4327398935954
Copper View,2022-10-30,-0.80438232421875,-0.2902224858601888,8.732079663786863e-07,277.2903003692627
Copper View,2022-10-31,-1.306753158569336,0.6150616010030111,8.583068797918258e-07,278.1194012959798
Copper View,2022-11-01,-2.063291549682617,2.0859947204589844,1.2814998058274796e-06,281.390193939209
Copper View,2022-11-02,-0.399106502532959,1.0705612897872925,0.008539831638245232,279.32369867960614
Copper View,2022-11-03,0.5387245416641235,-1.8042819499969482,0.001986229419703278,273.78386878967285
Copper View,2022-11-04,-0.2836387554804484,0.5343931118647257,8.76188277629808e-05,272.67995897928876
Copper View,2022-11-05,-1.5013832648595173,2.6443831523259482,0.005000638311059902,275.9330145517985
Copper View,2022-11-06,-0.8219647407531738,0.9009997447331747,0.0037883718311491066,277.6964677174886
Copper View,2022-11-07,-1.39755646387736,3.3740368684132895,0.00024453103532096065,282.8692684173584
Copper View,2022-11-08,-0.2645023266474406,2.745461861292521,0.007106575369732582,282.66450754801434
Copper View,2022-11-09,-0.006758371988932292,2.200139045715332,0.01637860328065699,278.5790538787842
Copper View,2022-11-10,0.9286632537841797,0.03796549638112386,0.005511045455932617,273.15484619140625
Copper View,2022-11-11,-0.8153629302978516,-0.12325076262156169,1.770555968505505e-05,268.08731333414715
Copper View,2022-11-12,-1.1893978118896484,0.4117822249730428,2.866983322746819e-06,268.06456820170087
Copper View,2022-11-13,-0.30901845296223956,-0.8716262976328532,1.4334916045299906e-06,271.0838152567546
Copper View,2022-11-14,0.7336737314860026,-0.7737020254135132,0.0001173794268538586,270.5413697560628
Copper View,2022-11-15,-0.39916419982910156,-0.7664775053660074,4.7087669372558594e-05,269.4733180999756
Copper View,2022-11-16,-0.3640407721201579,-0.5024890104929606,2.1834713948010176e-06,269.7662213643392
Copper View,2022-11-17,-1.020708719889323,0.6249829133351644,0.0,270.96967760721844
Copper View,2022-11-18,-0.04942667484283447,-1.046007792154948,0.0003844141960094305,272.2840092976888
Copper View,2022-11-19,-0.1629047393798828,-0.5251000722249349,7.647275825917177e-06,268.12105623881024
Copper View,2022-11-20,-0.9754600524902344,-0.08656827608744304,0.0,268.68056869506836
Copper View,2022-11-21,-1.1691729227701824,-0.09297323226928711,4.351138045421976e-07,270.2357940673828
Copper View,2022-11-22,-1.1870479583740234,-0.11079943180084229,0.0,270.69189643859863
Copper View,2022-11-23,-0.5069561004638672,-0.3295588493347168,0.000824037194149696,273.12903277079266
Copper View,2022-11-24,-0.3828107515970866,-1.0542439619700115,5.1155686378479004e-05,272.0860080718994
Copper View,2022-11-25,-0.9508155981699625,0.12208648522694905,1.7097644331443007e-06,271.0922603607178
Copper View,2022-11-26,-0.9187776247660319,-0.13763809204101562,0.00036861917800479205,272.85391171773273
Copper View,2022-11-27,-0.12896092732747397,1.005904754002889,0.0008500844239165417,273.807674407959
Copper View,2022-11-28,-0.8341671228408813,1.9061730702718098,0.004645639657969269,274.1721070607503
Copper View,2022-11-29,0.5807868639628092,-0.11186591784159343,0.006870967327301969,269.2372983296712
Copper View,2022-11-30,-2.230759938557943,1.31280517578125,4.351138045421976e-07,265.8728109995524
Copper View,2022-12-01,-2.4739678700764975,2.494778315226237,5.061310446308198e-06,269.6357116699219
Copper View,2022-12-02,0.4466164906819661,1.1982865730921428,0.008255475759504805,274.34852027893066
Copper View,2022-12-03,-2.19030753771464,0.49342413743336994,9.447336196899414e-06,263.784854888916
Copper View,2022-12-04,-2.1145692269007363,1.032562494277954,0.0009665489196777344,271.10431416829425
Copper View,2022-12-05,-0.44265798727671307,0.23534170786539713,0.005055850744174251,275.72192637125653
Copper View,2022-12-06,-1.22829004128774,0.5642411708831787,0.00015363097185172592,270.5062065124512
Copper View,2022-12-07,-1.2699809471766155,-0.039427876472473145,7.359683513641357e-05,265.27233505249023
Copper View,2022-12-08,-0.8823513587315878,1.0965199867884319,0.002712610363857948,267.8693561553955
Copper View,2022-12-09,-1.8069318135579426,1.3165600299835205,0.0003945380449295044,267.5896848042806
Copper View,2022-12-10,-2.4948997497558594,1.287946343421936,0.0001716673373834965,267.97596232096356
Copper View,2022-12-11,-2.704509735107422,2.212654789288839,0.0002942442893072439,273.17160669962567
Copper View,2022-12-12,-0.49463899930318195,0.8890686432520548,0.007233488558995305,272.7273654937744
Copper View,2022-12-13,-0.10058856010437012,0.33801881472269696,0.004475937784263806,270.2987486521403
Copper View,2022-12-14,0.9299691518147787,-0.6637757619222006,0.004241581603139366,270.4634329477946
Copper View,2022-12-15,0.1084582010904948,-0.1589590311050415,0.0034415167919519263,268.7262331644694
Copper View,2022-12-16,-0.03601853052775065,0.20467233657836914,0.00040041506281340844,265.13526980082196
Copper View,2022-12-17,-1.725186546643575,0.9115180969238281,2.0420876296611823e-05,260.221986134847
Copper View,2022-12-18,-2.163171132405599,0.45390045642852783,2.1457663024193607e-06,259.93029530843097
Copper View,2022-12-19,-2.0648133754730225,0.9309475421905518,4.261732051702438e-07,264.5786673227946
Copper View,2022-12-20,-2.376163681348165,1.1968016624450684,2.2956728855660913e-05,265.8443209330241
Copper View,2022-12-21,-1.2311108907063801,2.0390819311141968,0.00595832380003003,271.28461329142254
Copper View,2022-12-22,0.06705284118652344,-0.979951818784078,0.004889845848026653,268.81693776448566
Copper View,2022-12-23,-1.1311887105305989,0.24270995457967123,0.000787153840008159,267.0415891011556
Copper View,2022-12-24,-0.897284189860026,0.4550596872965495,0.0005455732344898934,273.180726369222
Copper View,2022-12-25,-1.4768664042154949,0.8032453854878744,3.83357377700122e-05,272.79771614074707
Copper View,2022-12-26,-1.8375409444173176,1.1630845467249553,3.6835670016444055e-06,273.528528213501
Copper View,2022-12-27,-2.317033131917318,2.7393527030944824,0.007160174846546852,274.126220703125
Copper View,2022-12-28,-0.13521639506022134,0.4632771412531535,0.01185800135141335,274.8616803487142
Copper View,2022-12-29,-0.9556051890055338,0.8997438748677572,0.0004386007785797119,270.18114916483563
Copper View,2022-12-30,-1.6180379390716553,1.9283524354298909,0.004228252172367775,270.44872919718426
Copper View,2022-12-31,-1.1211175521214802,2.3711681365966797,0.023880612850120997,275.4764035542806
Copper View,2023-01-01,-0.10196304321289062,-0.2803306579589844,0.024888026714222633,273.94436264038086
Copper View,2023-01-02,1.1721178690592449,-0.2941964467366536,0.012307631969349586,270.2084770202637
Copper View,2023-01-03,-0.05310241381327311,0.8963197072347006,0.0017749843075876015,269.7737808227539
Copper View,2023-01-04,-1.6272510290145874,1.4561679760615032,0.00014389284058324847,267.131830851237
Copper View,2023-01-05,-2.4590969483057656,1.6263231039047241,0.0006372451782112876,269.0765126546224
Copper View,2023-01-06,-0.9905253648757935,1.4165949026743572,0.007234969735009145,272.9301300048828
Copper View,2023-01-07,-1.14453919728597,1.1899408896764119,0.0006405869708032697,272.7323246002197
Copper View,2023-01-08,-2.343465805053711,1.6620983680089314,3.571808338165283e-05,269.5733076731364
Copper View,2023-01-09,-2.361866513888041,1.7851768732070923,0.0029194146393933806,271.7192573547363
Copper View,2023-01-10,-1.751059611638387,2.59048585096995,0.019874903559582435,275.15401458740234
Copper View,2023-01-11,0.14648612340291342,1.3123881022135417,0.012040659785270691,275.2073682149251
Copper View,2023-01-12,-1.7753416697184246,0.8589425881703695,9.134411811828613e-06,271.1177686055501
Copper View,2023-01-13,-2.174846092859904,0.867008646329244,1.7046928064701206e-06,270.35968589782715
Copper View,2023-01-14,-2.2191964785257974,1.7255471150080364,0.00018550455570220947,272.8765563964844
Copper View,2023-01-15,-0.9327754974365234,1.618407169977824,0.014964037772813299,273.7301082611084
Copper View,2023-01-16,-0.9167815446853638,1.0254250764846802,0.004553445282908797,273.31759452819824
Copper View,2023-01-17,-0.4445914427439372,0.04844403266906738,0.007959964871304237,272.2716630299886
Copper View,2023-01-18,1.0583339929580688,-0.44066182772318524,0.0037952154874751898,269.47457758585614
Copper View,2023-01-19,-1.11942720413208,1.2365700403849285,0.0013417869805607552,268.1242758433024
Copper View,2023-01-20,0.40175819396972656,-1.0798893769582112,0.0017301973689427541,268.92696317036945
Copper View,2023-01-21,0.016320546468098957,-0.18712806701660156,0.00019622147073050655,266.29578081766766
Copper View,2023-01-22,-0.23498662312825522,-0.40361209710439044,0.0016508251428604126,264.34286181132
Copper View,2023-01-23,0.309451421101888,-1.0367778142293294,0.0005174100398903647,264.26791191101074
Copper View,2023-01-24,-0.216827392578125,0.08165168762207031,0.00030228793610831417,266.07834180196124
Copper View,2023-01-25,-0.03682581583658854,0.41385193665822345,0.0026060670613219372,267.95734723409015
Copper View,2023-01-26,-0.26317596435546875,0.037726402282714844,0.0006884230321588802,267.72819900512695
Copper View,2023-01-27,-1.4685223897298176,2.275700887044271,0.002134388685135491,268.43673578898114
Copper View,2023-01-28,-0.28800010681152344,0.926854133605957,0.004555761814060588,272.70240529378253
Copper View,2023-01-29,-0.6529045104980469,0.8548870086669922,0.0029861376900157666,270.62403869628906
Copper View,2023-01-30,1.0781079928080242,-1.2194830576578777,0.001368984527232442,260.88305854797363
Copper View,2023-01-31,-0.6154781977335612,-0.13287707169850668,4.527024657363654e-06,257.2107524871826
Copper View,2023-02-01,-1.3930721282958984,0.36372629801432294,1.2933428479300346e-06,260.4331912994385
Copper View,2023-02-02,-1.668291727701823,0.4041585127512614,1.7106532936850272e-06,265.0390116373698
Copper View,2023-02-03,-2.3813133239746094,0.7940862576166788,0.0,265.40415064493817
Copper View,2023-02-04,-1.8289203643798828,0.6545829772949219,0.0,270.44641558329266
Copper View,2023-02-05,-2.0373461643854776,1.0952341556549072,0.002626167019229797,270.80267397562665
Copper View,2023-02-06,-0.5975416501363119,0.15443929036458334,0.004433247446911537,271.5124963124593
Copper View,2023-02-07,-0.6160889466603597,-0.1058362325032552,0.0002478778362160483,269.6215623219808
Copper View,2023-02-08,-1.0352797905604045,0.8323841094970703,0.00015596449374655208,269.62156041463214
Copper View,2023-02-09,-0.6041480302810669,-0.014001846313476562,0.0004550814627464206,268.04223505655926
Copper View,2023-02-10,-1.4279028574625652,0.8448511759440104,8.52346317969932e-07,266.8495674133301
Copper View,2023-02-11,-2.0904115041097007,0.7934710184733073,8.548760206394945e-07,267.59080568949383
Copper View,2023-02-12,-0.8304920196533203,-0.5726883411407471,0.0,271.6640090942383
Copper View,2023-02-13,-1.0791893005371094,0.1541819175084432,0.0,270.18602180480957
Copper View,2023-02-14,0.040557146072387695,-0.6467907826105753,0.0012885299032632247,269.83105786641437
Copper View,2023-02-15,0.7786712646484375,-2.721211592356364,6.031081312585229e-05,264.8298517862956
Copper View,2023-02-16,-0.6308097839355469,0.24674073855082193,1.825355866458267e-09,264.90202776590985
Copper View,2023-02-17,-1.5452677408854167,0.7692693869272867,0.0,264.68750445048016
Copper View,2023-02-18,-1.5549685160319011,0.7241992950439453,2.1583064722108247e-06,266.21628761291504
Copper View,2023-02-19,-0.7105452219645182,0.7535121043523153,0.0006405136676903567,273.2334957122803
Copper View,2023-02-20,-1.2955875396728516,1.3608576854070027,0.00042945146560668945,273.901917775472
Copper View,2023-02-21,-1.6514511108398438,2.2499574422836304,0.00302775356942675,273.4558671315511
Copper View,2023-02-22,1.3845405578613281,-0.9503201246261597,0.025760555267254404,269.79611587524414
Copper View,2023-02-23,-0.6473013559977213,2.485194206237793,0.0018412649630477063,266.13101323445636
Copper View,2023-02-24,-1.4026292165120442,2.1835813919703164,0.0014920115470431483,267.04094950358075
Copper View,2023-02-25,-2.2075074911117554,1.1567259629567463,2.1461837604874745e-06,269.0459613800049
Copper View,2023-02-26,-1.8440321286519368,1.6442524592081706,0.0008105218409468762,270.9765332539876
Copper View,2023-02-27,-0.8905995686848959,4.139993627866109,0.004753416776566155,271.62315368652344
Copper View,2023-02-28,0.24563725789388022,2.7067694664001465,0.006919194176532528,271.40392112731934
Copper View,2023-03-01,-1.3408910830815632,1.6364176670710247,0.0029118299484025556,269.5426336924235
Copper View,2023-03-02,0.8969684441884359,-0.7809828122456869,0.00046187639236450195,269.72164789835614
Copper View,2023-03-03,-0.4150199890136719,0.5786437590916952,0.0016814798115660778,270.4081439971924
Copper View,2023-03-04,-1.73486328125,1.5544700622558594,0.0002092450856139294,269.0856736501058
Copper View,2023-03-05,-0.7211399078369141,1.8362048069636028,0.008787083625691139,272.39123789469403
Copper View,2023-03-06,0.15579096476236978,-0.3259190320968628,0.006746078158414548,272.0725676218669
Copper View,2023-03-07,-0.6268793741861979,0.12761270999908447,0.0010628621312775977,270.5840409596761
Copper View,2023-03-08,-1.1653404235839844,0.9009249607721964,0.0006877361394685977,270.2613951365153
Copper View,2023-03-09,-0.7992426554361979,1.446036656697591,0.005754471437398934,271.6777064005534
Copper View,2023-03-10,-2.1821180979410806,3.6297764778137207,0.003866705298321449,273.95314661661786
Copper View,2023-03-11,-0.4365577697753906,0.46152297655741376,0.00840694099412076,274.9746513366699
Copper View,2023-03-12,-0.6316878000895182,0.7971663077672323,0.002686923742203362,275.32438977559406
Copper View,2023-03-13,-1.2970352172851562,1.3069897890090942,3.3501785480893886e-05,274.6845410664876
Copper View,2023-03-14,-1.6468818585077922,2.339257518450419,4.518330086966671e-05,276.424768447876
Copper View,2023-03-15,-0.5792318979899088,2.1902596950531006,0.011526025050386579,277.34345054626465
Copper View,2023-03-16,0.8784482876459757,-1.8396668831507366,1.844167708853206e-05,273.0480874379476
Copper View,2023-03-17,-0.3036979039510091,-0.35434913635253906,1.290691045596759e-06,271.0443770090739
Copper View,2023-03-18,-1.0378261009852092,0.5592273076375326,-9.191296612698352e-09,270.7318407694499
Copper View,2023-03-19,-1.917767842610677,1.6084208885828655,2.267956688228878e-06,271.84204228719074
Copper View,2023-03-20,-0.7215201059977213,1.9497207800547283,0.011052243653466576,274.7806504567464
Copper View,2023-03-21,-0.8479925791422526,0.8279622395833334,0.0026621495610648083,273.51233291625977
Copper View,2023-03-22,-0.8412825266520182,2.2133893171946206,0.009111951156910436,275.16979535420734
Copper View,2023-03-23,-0.33130669593811035,1.8909735679626465,0.006234994530586846,274.0351854960124
Copper View,2023-03-24,0.15543174743652344,0.31972606976826984,0.010233810477075167,273.3307984670003
Copper View,2023-03-25,0.9801235198974609,0.012665470441182455,0.002461314235517875,270.47628657023114
Copper View,2023-03-26,-0.22026824951171875,0.2365791400273641,0.0026881277560164563,268.74658966064453
Copper View,2023-03-27,-0.23429361979166666,1.1013880968093872,0.0017871856689453125,269.24363136291504
Copper View,2023-03-28,-1.9441483815511067,1.5649775664011638,8.642673492431641e-07,268.8044662475586
Copper View,2023-03-29,-2.363126754760742,2.147834380467733,1.1774897473060264e-05,274.1342633565267
Copper View,2023-03-30,0.4753405253092448,0.1778242588043213,0.015291064977645874,275.0599657694499
Copper View,2023-03-31,-0.011138916015625,1.563248078028361,0.008346885442733765,273.4416700998942
Copper View,2023-04-01,-1.6611525217692058,2.1885002056757608,5.602387212633175e-05,274.41725476582843
Copper View,2023-04-02,-0.3205464680989583,1.0050897200902302,0.0007039389093783655,279.0281626383464
Copper View,2023-04-03,0.7818406422932943,-1.0715899467468262,0.015214447659388952,274.6058235168457
Copper View,2023-04-04,2.098308563232422,-0.9570747216542562,0.012056276202201843,270.22217241923016
Copper View,2023-04-05,0.49620501200358075,0.9015711148579916,0.00345475971698761,270.3891493479411
Copper View,2023-04-06,-0.9965356190999349,0.8742167154947916,2.506375210487022e-06,269.6359780629476
Copper View,2023-04-07,-1.7622958819071453,1.209425926208496,8.573618401896965e-07,271.23448117574054
Copper View,2023-04-08,-1.0417029062906902,1.309647520383199,0.0006464105567260958,279.9298617045085
Copper View,2023-04-09,-1.339943567911784,0.7253575325012207,1.2814997489840607e-06,280.0552291870117
Copper View,2023-04-10,-1.6557877858479817,1.1526494026184082,8.52346317969932e-07,279.2038764953613
Copper View,2023-04-11,-2.3907032012939453,1.9208653767903645,3.004073732881807e-06,280.0931460062663
Copper View,2023-04-12,-1.2231375376383464,2.8590423266092935,8.289813922601752e-05,283.87315940856934
Copper View,2023-04-13,1.1207656860351562,-0.7040966351826986,0.0027373135089874268,279.6467463175456
Copper View,2023-04-14,0.43644479910532635,-0.4850812355677287,0.0008589655159880749,275.7102648417155
Copper View,2023-04-15,-0.4811592102050781,0.687242348988851,2.4000701046134054e-05,277.40922991434735
Copper View,2023-04-16,-1.4814523061116536,1.9514609575271606,8.574158982810332e-07,278.7651710510254
Copper View,2023-04-17,-1.1402269999186199,2.6553186575571694,0.00013726898970389811,282.25240898132324
Copper View,2023-04-18,0.1787586212158203,0.009082158406575521,0.007935488056148188,282.9159647623698
Copper View,2023-04-19,1.5785872141520183,-2.550830602645874,0.0003600719168730393,275.0094788869222
Copper View,2023-04-20,0.7190577189127604,-1.1041972239812214,0.001973956823348999,276.4536616007487
Copper View,2023-04-21,-0.8923721313476562,0.943546454111735,0.002867370843887329,275.68057950337726
Copper View,2023-04-22,0.9144179026285807,-0.9792153835296631,0.004667699337005615,278.1882953643799
Copper View,2023-04-23,-0.48500823974609375,0.4205999771753947,6.645917892456055e-06,279.2382507324219
Copper View,2023-04-24,-0.855065663655599,1.4031925598780315,0.0035199880597929223,280.8960355122884
Copper View,2023-04-25,1.2806034088134766,-1.5402583281199138,0.011921407329339218,277.7826334635417
Copper View,2023-04-26,-0.28730519612630206,-0.5291500091552734,1.870095729827881e-05,278.86246426900226
Copper View,2023-04-27,-0.22672017415364584,-0.2633262077967326,0.0,282.6034921010335
Copper View,2023-04-28,-0.12021573384602864,-1.053110957145691,8.52346317969932e-07,283.5155601501465
Copper View,2023-04-29,-1.3121325174967449,0.8427018324534098,2.568959644122515e-06,284.1219177246094
Copper View,2023-04-30,-1.7505804697672527,1.2489134867986043,2.4697184528577054e-05,287.16117159525555
Copper View,2023-05-01,-2.2819156646728516,1.694122314453125,8.604752679275407e-07,287.70922406514484
Copper View,2023-05-02,-1.8858044942220051,1.700859546661377,1.4024972870174679e-05,286.8969357808431
Copper View,2023-05-03,-1.9004236857096355,1.1986376444498699,3.3229589462280273e-06,286.3112443288167
Copper View,2023-05-04,-1.2559436559677124,1.848158558209737,0.0008328050374935003,287.1322905222575
Copper View,2023-05-05,-0.5391979217529297,3.1597096920013428,0.0013871965309135703,282.79786173502606
Copper View,2023-05-06,-0.7911421457926432,2.413276036580404,0.000950703024859223,282.3533541361491
Copper View,2023-05-07,-0.5525620778401693,1.4770008722941081,0.0032909750938401316,282.8488591512044
Copper View,2023-05-08,-1.1174329121907551,1.3956145445505779,0.002184981107706818,283.8898105621338
Copper View,2023-05-09,-0.5130297342936198,-0.438198725382487,0.0015178863204248216,283.70313199361163
Copper View,2023-05-10,-0.11157862345377605,-0.9118279616038004,0.0006451487540175549,284.7713260650635
Copper View,2023-05-11,0.530694325764974,-1.4310743014017742,4.351138045421976e-07,287.0104579925537
Copper View,2023-05-12,-0.13239034016927084,-1.1493383248647053,5.039572670284542e-06,286.72875086466473
Copper View,2023-05-13,-0.6928971608479818,-0.7755542198816935,0.002959388494463866,286.52600224812824
Copper View,2023-05-14,-1.628475824991862,0.6068334182103475,0.0053934454917907715,286.2332814534505
Copper View,2023-05-15,-1.0648479461669922,1.212405522664388,0.00017341077318633324,288.8656489054362
Copper View,2023-05-16,-0.5342095692952474,0.21223525206247965,0.0011768132448537472,290.19288635253906
Copper View,2023-05-17,0.015315373738606771,-0.24277750651041666,9.640455232329259e-05,291.8987350463867
Copper View,2023-05-18,0.25930023193359375,-0.888481338818868,0.00022779405117034912,291.40880966186523
Copper View,2023-05-19,-0.5007940928141276,-0.6765802701314291,0.00010450184345245361,290.3744862874349
Copper View,2023-05-20,-0.6987196604410807,0.0005957285563151041,5.0187110900878906e-05,292.0990098317464
Copper View,2023-05-21,-0.5065689086914062,0.12106577555338542,2.181529998779297e-05,293.36666742960614
Copper View,2023-05-22,-0.7427024841308594,1.1795440514882405,0.00024660825728872737,293.3242123921712
Copper View,2023-05-23,-0.5393225351969401,1.5161842107772827,0.0009583562612078822,292.8358039855957
Copper View,2023-05-24,-0.6926097869873047,1.5375912984212239,0.0010956268047834783,292.70667839050293
Copper View,2023-05-25,-0.32306353251139325,1.5493007898330688,0.00018104910850524902,292.5193723042806
Copper View,2023-05-26,-0.851548433303833,0.9976831277211508,0.0005587995050291283,291.0684407552083
Copper View,2023-05-27,-0.2272192637125651,-0.25693686803181964,0.0013034492729957492,289.912691116333
Copper View,2023-05-28,-0.23317845662434897,0.12840143839518228,0.0025938118348562966,289.9889081319173
Copper View,2023-05-29,-0.2232996622721354,0.637269934018453,0.0005889832973480225,291.856538772583
Copper View,2023-05-30,-0.5401403506596884,1.284226655960083,0.000274670123985743,292.9324417114258
Copper View,2023-05-31,-0.36007054646809894,0.002009431521097819,0.0015151649713516235,293.1809450785319
Copper View,2023-06-01,-0.2675927480061849,-0.6759053468704224,0.004055181145663056,292.1631908416748
Copper View,2023-06-02,0.13441979885101318,0.08288005987803142,0.0015320164522449886,291.14538383483887
Copper View,2023-06-03,0.1908238728841146,-0.22783907254536948,0.0025473415850569836,290.3576774597168
Copper View,2023-06-04,-0.3366092046101888,0.6102213064829508,0.0012313723563579515,290.3401679992676
Copper View,2023-06-05,-0.5154755910237631,0.19765818119049072,7.878541936179317e-05,292.2531986236572
Copper View,2023-06-06,-1.2586383819580078,0.8886051177978516,0.0008101726984257596,293.1347287495931
Copper View,2023-06-07,-0.8544088999430338,1.1165402730305989,0.005280408263104164,292.7225259145101
Copper View,2023-06-08,-0.9250615437825521,0.681793212890625,0.001999545097248756,291.88746452331543
Copper View,2023-06-09,-0.7988414764404297,1.0776649316151936,0.0008250743150028939,292.2545229593913
Copper View,2023-06-10,0.04248873392740885,0.3460731903711955,0.0002990480302287324,293.42773882548016
Copper View,2023-06-11,-0.8937624295552572,-0.3139248689015706,0.0025233477354049683,292.8191153208415
Copper View,2023-06-12,-0.2430095672607422,-0.14814547697703043,0.003723689913744721,291.22754224141437
Copper View,2023-06-13,0.3538220723470052,0.6574980417887369,0.0004172445199905894,290.8215510050456
Copper View,2023-06-14,0.0037930806477864585,1.0885377724965413,0.001992783675291321,292.7199179331462
Copper View,2023-06-15,0.20059839884440103,0.3231571515401204,0.008450705742177433,289.8606834411621
Copper View,2023-06-16,0.3561573028564453,-0.27550772825876874,0.00030928405726626806,289.81081517537433
Copper View,2023-06-17,0.25356610616048175,0.8418701887130737,4.232468108966714e-05,291.5487887064616
Copper View,2023-06-18,-0.21644973754882812,2.6465022563934326,1.004338264465332e-05,294.00776227315265
Copper View,2023-06-19,0.8959751129150391,3.366598208745321,0.00027865171432495117,296.69021288553876
Copper View,2023-06-20,1.573728322982788,-0.5727278788884481,0.009222581013432318,289.5318037668864
Copper View,2023-06-21,0.6652984619140625,-0.7086169322331747,1.8078088658057823e-05,289.48052469889325
Copper View,2023-06-22,-0.12375958760579427,-0.14398654301961264,1.442049045863314e-05,291.08251698811847
Copper View,2023-06-23,-0.10080718994140625,1.5204706986745198,0.00043558019098099976,292.74504534403485
Copper View,2023-06-24,-0.1952997843424479,0.021549781163533527,1.286864272742605e-05,293.36474800109863
Copper View,2023-06-25,-0.3757788340250651,0.8291962941487631,9.898000030261755e-06,294.7161235809326
Copper View,2023-06-26,-0.2370274861653646,2.4049269358317056,8.644618674225057e-07,296.4357655843099
Copper View,2023-06-27,0.9550787607828776,-0.15891706943511963,0.0002631634473750921,295.9908027648926
Copper View,2023-06-28,0.4125588734944661,-1.0980486472447712,0.0002735346555660101,294.6135590871175
Copper View,2023-06-29,0.12203164895375569,-0.9720325469970703,0.0008104205131189701,294.22610028584796
Copper View,2023-06-30,-0.142860213915507,-1.133429487546285,0.0001210129758533185,294.0741380055745
Copper View,2023-07-01,0.007868448893229166,-0.5818863312403361,8.66659053855301e-07,296.6999994913737
Copper View,2023-07-02,-0.4423230489095052,-0.38553110758463544,0.0,298.4087886810303
Copper View,2023-07-03,-0.33700815836588544,0.7927902539571127,1.3530254307170253e-05,300.0557225545247
Copper View,2023-07-04,-0.08487319946289062,-1.4372595151265461,0.0001370787619521252,298.4181378682454
Copper View,2023-07-05,0.26426251729329425,-0.7466068267822266,3.3974646953538468e-06,298.3534183502197
Copper View,2023-07-06,-0.1211775541305542,-0.6252028147379557,0.00014749467368346814,297.9875151316325
Copper View,2023-07-07,-0.36043469111124676,0.2426446278889974,3.543794144889034e-05,298.61076672871906
Copper View,2023-07-08,-0.029689788818359375,-0.22279675801595053,1.262031265270025e-06,298.0410092671712
Copper View,2023-07-09,-0.5382232666015625,0.9514948527018229,8.534580864250074e-07,299.0725676218669
Copper View,2023-07-10,-0.22957865397135416,3.259236772855123,2.504023200344818e-06,301.0386454264323
Copper View,2023-07-11,-0.08965810139973958,1.9199511210123699,2.128569633441657e-06,300.2571048736572
Copper View,2023-07-12,-0.08981068929036458,0.5446618795394897,2.1461702317537856e-06,300.3340148925781
Copper View,2023-07-13,0.05634180704752604,-0.4793108304341634,1.727760491121444e-06,299.94462903340656
Copper View,2023-07-14,0.5926310221354166,-1.4679066737492878,8.583068797918258e-07,301.03819529215497
Copper View,2023-07-15,0.17261759440104166,-0.7387951612472534,0.0,299.2381585439046
Copper View,2023-07-16,-0.45901234944661456,0.34422345956166583,4.172325134277344e-07,301.12500699361163
Copper View,2023-07-17,-0.2032324473063151,0.40501073996225995,1.643896092673458e-05,303.2005666097005
Copper View,2023-07-18,-0.3685283660888672,-0.11094113190968831,0.00024065639996706523,302.30102157592773
Copper View,2023-07-19,-0.04112815856933594,0.21127967039744058,0.000348535008242834,301.7054672241211
Copper View,2023-07-20,0.14904212951660156,-0.39419321219126385,0.002774749065110882,298.61681683858234
Copper View,2023-07-21,0.05290659268697103,-0.4004935423533122,1.7106532013144715e-06,300.9657122294108
Copper View,2023-07-22,-0.3113848368326823,-0.16891725858052573,1.2874602930423862e-06,302.7415542602539
Copper View,2023-07-23,-0.31082598368326825,0.6562478144963583,4.306435471335135e-06,304.2221431732178
Copper View,2023-07-24,-0.030092875162760418,1.4555497566858928,0.0001009345054612254,304.35347684224445
Copper View,2023-07-25,0.3500385284423828,0.45408304532368976,0.0005408595147855522,302.815216700236
Copper View,2023-07-26,-0.06737454732259114,1.072419285774231,4.0665372694093094e-05,302.31857109069824
Copper View,2023-07-27,0.10929282506306966,1.567291299502055,0.00016059875488139141,302.84371821085614
Copper View,2023-07-28,0.07962544759114583,0.2432259718577067,0.0006193667650222778,304.0917962392171
Copper View,2023-07-29,0.1185162862141927,1.1724049647649128,2.966285251204681e-06,303.6315803527832
Copper View,2023-07-30,-0.04872957865397135,1.6492307583491008,2.592802047729492e-06,303.78963915507
Copper View,2023-07-31,-0.4629739125569661,1.7364705403645833,0.0009645998477481044,302.4469191233317
Copper View,2023-08-01,-0.1135241190592448,1.6977373758951824,0.0013675031538582516,300.2044137318929
Copper View,2023-08-02,-0.061223347981770836,1.116933544476827,0.011765104532230453,295.64747111002606
Copper View,2023-08-03,-0.011149724324544271,1.7043673197428386,0.013699087500469886,294.1849892934163
Copper View,2023-08-04,0.42673301696777344,0.01737531026204427,0.0009528189897487493,296.1610577901204
Copper View,2023-08-05,0.18532844384511313,-0.429099440574646,1.8113851542267412e-05,296.5177370707194
Copper View,2023-08-06,0.40527598063151044,-0.5330369472503662,0.0009279251098632812,297.1857401529948
Copper View,2023-08-07,0.400810440381368,-0.44239755471547443,2.1827220905379363e-05,296.67936515808105
Copper View,2023-08-08,0.8539937337239584,-1.2271513144175212,0.0004735679637519752,295.512690226237
Copper View,2023-08-09,-0.0623022715250651,-0.3114303747812907,2.151025000785012e-06,295.64625549316406
Copper View,2023-08-10,-0.10782814025878906,0.5191210905710856,5.850195861967222e-06,297.80562591552734
Copper View,2023-08-11,-0.29124005635579425,1.2195766766866047,0.000125133991240034,298.03291447957355
Copper View,2023-08-12,-0.0015087127685546875,-0.22886029879252115,0.00047739744185903987,298.7362861633301
Copper View,2023-08-13,0.010944406191507975,-0.39566675821940106,1.2814998058274796e-06,298.46768124898273
Copper View,2023-08-14,-0.023049672444661457,-0.1561062733332316,0.0,298.7908821105957
Copper View,2023-08-15,-0.011271158854166666,-0.04208954175313314,7.146596908569336e-05,300.64598274230957
Copper View,2023-08-16,-0.08344014485677083,0.25908533732096356,0.0003966987133026123,300.29421106974286
Copper View,2023-08-17,-0.4031689961751302,1.1307366689046223,0.0010908544063568115,301.18806584676105
Copper View,2023-08-18,-0.43204816182454425,1.8506577809651692,0.0010626167058944702,300.31256103515625
Copper View,2023-08-19,0.09066708882649739,2.543446977933248,0.0018097609281539917,298.52500979105633
Copper View,2023-08-20,-0.03186480204264323,0.47617093722025555,7.1555375598109094e-06,298.28353945414227
Copper View,2023-08-21,-0.11855443318684895,1.7037558158238728,0.0029895365237280203,296.42417907714844
Copper View,2023-08-22,-0.8059107462565104,1.5552221934000652,0.007735449075596534,294.1533393859863
Copper View,2023-08-23,-0.7473271687825521,1.4406344095865886,0.00034583492754336476,294.68784523010254
Copper View,2023-08-24,-0.4282449086507161,0.7748602628707886,0.002764896384746862,295.6245422363281
Copper View,2023-08-25,-0.497341791788737,0.7148196697235107,0.0009490251541137695,296.6052697499593
Copper View,2023-08-26,-0.6213048299153646,0.5180361270904541,0.00013398826121147067,297.6564362843831
Copper View,2023-08-27,-0.44847551981608075,0.5783564249674479,3.679096698760986e-05,298.53079350789386
Copper View,2023-08-28,-0.21027755737304688,-0.5142999887466431,0.0,298.2583541870117
Copper View,2023-08-29,-0.7812156677246094,1.1810824076334636,2.5749206429281912e-06,299.28934987386066
Copper View,2023-08-30,1.0386884609858196,0.08050080140431722,8.350851317118213e-07,300.2552687327067
Copper View,2023-08-31,0.006814320882161458,0.6867525577545166,4.351138045421976e-07,297.9265607198079
Copper View,2023-09-01,-0.7555402119954427,4.2625962893168134,0.001189518952742219,299.79745864868164
Copper View,2023-09-02,-0.7047379811604818,2.5585930347442627,0.0011650392904130058,294.7833836873372
Copper View,2023-09-03,-0.44205792744954425,2.805177688598633,9.166002263327755e-05,296.11858495076496
Copper View,2023-09-04,1.089151382446289,1.0663621822992961,0.01701248884199913,291.8528124491374
Copper View,2023-09-05,-0.29974619547526044,0.6380227406819662,0.00027996301651000977,290.95878982543945
Copper View,2023-09-06,-0.34855079650878906,1.114862362543742,0.0,293.32213020324707
Copper View,2023-09-07,-0.595788319905599,1.4965924421946208,8.52346317969932e-07,295.3412456512451
Copper View,2023-09-08,-0.7706673940022787,2.261819839477539,0.0,295.64828936258954
Copper View,2023-09-09,-0.5391788482666016,0.8320856889088949,6.0075521446378843e-05,295.415278116862
Copper View,2023-09-10,-0.22253036499023438,0.41600390275319415,0.000491247167246911,294.8313185373942
Copper View,2023-09-11,-0.6367785135904948,-0.15704027811686197,0.00039227248106499246,294.0449816385905
Copper View,2023-09-12,-0.2644793192545573,0.006148020426432292,0.0009125024080276489,294.8219362894694
Copper View,2023-09-13,-0.4314390818277995,0.32768575350443524,0.00021085441102286495,293.59243901570636
Copper View,2023-09-14,0.12553850809733072,-1.1657498677571614,9.992122642188406e-05,292.7940553029378
Copper View,2023-09-15,-0.1777496337890625,-0.660684863726298,1.6027688978681454e-05,292.00809415181476
Copper View,2023-09-16,-0.1175384521484375,0.17026646931966147,0.0,293.1904125213623
Copper View,2023-09-17,-0.27592722574869794,0.27214304606119794,8.52346317969932e-07,294.00988006591797
Copper View,2023-09-18,-0.5848240454991659,0.7337493896484375,3.4749507904052734e-05,294.4012559254964
Copper View,2023-09-19,-0.2687797546386719,0.6984322865804037,0.0001504063606212469,294.3767890930176
Copper View,2023-09-20,-0.20537439982096353,1.2415809631347656,0.00019091367721557617,293.709768931071
Copper View,2023-09-21,0.23030789693196616,1.2882875204086304,0.00456930994977256,291.5011749267578
Copper View,2023-09-22,1.2955760955810547,0.11332166194915771,0.006931179761863859,286.379487991333
Copper View,2023-09-23,-0.5221920013427734,0.33055957158406574,0.0001965165138244629,285.6350466410319
Copper View,2023-09-24,-0.6400311787923177,0.6970837513605753,0.0,288.5301405588786
Copper View,2023-09-25,-1.1616935729980469,1.4958609739939372,8.641524118502275e-07,290.7950604756673
Copper View,2023-09-26,-0.9569962819417318,1.5118887027104695,4.261732051702438e-07,292.4875742594401
Copper View,2023-09-27,-0.6964244842529297,1.3745948870976765,0.0,293.0688845316569
Copper View,2023-09-28,0.35235150655110675,-0.150281031926473,0.0,292.5772895812988
Copper View,2023-09-29,-0.52379842599233,1.1947803894678752,9.119510195887415e-07,290.7442824045817
Copper View,2023-09-30,-0.8583170572916666,3.0102797746658325,2.2857376848151034e-05,293.0227133433024
Copper View,2023-10-01,0.4579010009765625,2.606655796368917,0.005951091373010087,289.15342903137207
Copper View,2023-10-02,-0.26883697509765625,0.6915725072224935,0.022448331117630005,284.95511563618976
Copper View,2023-10-03,-0.06876754760742188,0.883990208307902,0.0015071689932710797,282.80516052246094
Copper View,2023-10-04,0.21020189921061197,-0.3587903579076131,0.000547945499420166,284.8400681813558
Copper View,2023-10-05,-0.3026854197184245,-0.49804115295410156,3.3795833473959647e-06,284.412878036499
Copper View,2023-10-06,-0.24563944339752197,-0.4112682342529297,5.960464477539063e-08,285.55685297648114
Copper View,2023-10-07,-0.4719282388687134,0.16001208623250326,0.0,286.8424828847249
Copper View,2023-10-08,-0.7285416920979818,0.17059898376464844,8.584349870943697e-07,287.78101285298663
Copper View,2023-10-09,-1.0018730163574219,0.6620960235595703,8.52346317969932e-07,288.7124417622884
Copper View,2023-10-10,-0.7868855794270834,1.7500419616699219,0.00010255006952775148,289.8803933461507
Copper View,2023-10-11,0.661628802617391,-1.1726725498835247,0.011725008487701416,286.77023188273114
Copper View,2023-10-12,1.5011980533599854,-1.080248514811198,0.011999118327992164,279.5575205485026
Copper View,2023-10-13,-0.34088389078776044,0.8399715423583984,0.0001537358666041655,280.943644841512
Copper View,2023-10-14,-1.0526440938313801,0.7527001698811849,1.716613724056515e-06,282.9136199951172
Copper View,2023-10-15,-0.9502315521240234,0.13569231828053793,1.2755393754559918e-06,284.80276171366376
Copper View,2023-10-16,-1.1286704142888386,0.5521252950032552,8.606480470518818e-07,285.97347768147785
Copper View,2023-10-17,-1.0330511728922527,0.30369563897450763,1.7225741544280027e-06,286.93933423360187
Copper View,2023-10-18,-0.41640154520670575,-0.4670492808024089,2.562998815847095e-06,288.7816022237142
Copper View,2023-10-19,-0.6957893371582031,0.10305945078531902,1.7225741544280027e-06,285.84103775024414
Copper View,2023-10-20,-0.9728361765543619,0.35009320576985675,1.7116729509325523e-06,286.48867988586426
Copper View,2023-10-21,-0.9148877461751302,0.07727368672688802,0.00013240138360970377,287.7598940531413
Copper View,2023-10-22,-1.1472161610921223,1.1204885244369507,0.0,287.9837532043457
Copper View,2023-10-23,-0.9137872060139974,0.8070515791575114,0.0008897364138533703,286.9924945831299
Copper View,2023-10-24,0.14060656229654947,0.008839646975199381,3.4391880703310562e-06,286.5172856648763
Copper View,2023-10-25,-0.7645047505696615,2.4586504697799683,4.351138613856165e-07,285.6997890472412
Copper View,2023-10-26,1.1098308563232422,-0.47798724969228107,0.008223047852425225,282.8424695332845
Copper View,2023-10-27,-0.6151275634765625,0.67466139793396,1.7195939676639682e-06,278.2708174387614
Copper View,2023-10-28,0.7431087493896484,-1.4750309387842815,0.0001237104735878347,278.221284866333
Copper View,2023-10-29,1.4632186889648438,-1.9061413606007893,3.5433055870726093e-05,274.26215171813965
Copper View,2023-10-30,0.187225341796875,-0.2921756903330485,1.716028918963275e-06,274.37828318277997
Copper View,2023-10-31,-0.2142613728841146,0.05619680881500244,1.2814997489840607e-06,275.21052169799805
Copper View,2023-11-01,-1.0299542744954426,0.48770443598429364,1.7329257389064878e-06,277.22382799784344
Copper View,2023-11-02,-1.3033147255579631,0.850750724474589,2.5716951199683535e-06,279.78749084472656
Copper View,2023-11-03,-0.5905024210611979,0.19509323438008627,8.257687227342103e-07,286.00142033894855
Copper View,2023-11-04,-1.3967418670654297,0.9201347827911377,3.4391878216410987e-06,282.9442221323649
Copper View,2023-11-05,-1.2106285095214844,1.7336775461832683,1.6014055290725082e-05,285.0369389851888
Copper View,2023-11-06,-1.1995747884114583,2.427709976832072,1.6951939301179664e-06,285.8345254262288
Copper View,2023-11-07,0.5553213755289713,-0.6604722340901693,0.006061077117919922,282.15974044799805
Copper View,2023-11-08,0.6807683308919271,-1.743927001953125,0.0015008242071417044,277.1846332550049
Copper View,2023-11-09,-0.08510843912760417,-0.41809717814127606,1.1621766020653013e-06,276.49270248413086
Copper View,2023-11-10,-0.6526513894399008,0.6647132635116577,0.0,275.4723262786865
Copper View,2023-11-11,-0.9757000605265299,0.8337930838267008,3.010032742167823e-06,276.7737744649251
Copper View,2023-11-12,-1.5073384841283162,0.974496086438497,0.0,278.26294708251953
Copper View,2023-11-13,-2.014791488647461,1.6097505489985149,1.727127028061659e-06,279.1293436686198
Copper View,2023-11-14,-1.4577433268229167,1.9718023935953777,0.0,281.1490414937337
Copper View,2023-11-15,-1.6548992395401,1.7803916136423747,8.583068797918258e-07,281.58057530721027
Copper View,2023-11-16,-0.8931439717610677,1.2318369547526042,0.012660113953131713,282.62532806396484
Copper View,2023-11-17,-1.3318901062011719,0.4402993520100911,4.909932602004119e-05,279.14644114176434
Copper View,2023-11-18,-1.298190434773763,0.9452647765477499,0.0011630386113097302,278.77281125386554
Copper View,2023-11-19,-0.4258827765782674,0.5142898559570312,0.012062304149367264,277.8047784169515
Copper View,2023-11-20,1.4263699849446614,-1.7164887189865112,0.004748842120079644,275.020055770874
Copper View,2023-11-21,-0.6899768114089966,0.29433584213256836,6.484985249244346e-06,271.34522755940753
Copper View,2023-11-22,-1.0855768918991089,0.3883959452311198,1.7225742112714215e-06,272.5211124420166
Copper View,2023-11-23,-0.9083201090494791,-0.09717877705891927,2.6875734324249834e-05,273.52323150634766
Copper View,2023-11-24,0.39995567003885907,-0.6039651234944662,0.012072074413254086,273.8490626017253
Copper View,2023-11-25,-0.24606450398763022,-0.30596792697906494,0.0002816915512084961,268.16643778483075
Copper View,2023-11-26,-0.971785306930542,0.34190090497334796,2.659261224380316e-05,265.65288225809735
Copper View,2023-11-27,-1.3513984680175781,0.2094691594441732,7.798680258019886e-06,263.7409038543701
Copper View,2023-11-28,-1.4619687398274739,0.12166086832682292,1.7911194731823343e-06,264.3874708811442
Copper View,2023-11-29,-1.5305900573730469,0.23090000947316489,8.851288839650806e-07,266.0180416107178
Copper View,2023-11-30,-0.9094905853271484,0.04102599620819092,7.164478302001953e-05,270.190247853597
Copper View,2023-12-01,-0.9770488739013672,0.8248125314712524,0.003632611036096023,269.3643519083659
Copper View,2023-12-02,-0.9981791178385416,1.8494253555933635,0.0038222968578338623,271.0695978800456
Copper View,2023-12-03,-0.9776159922281901,2.1316943566004434,0.018964380025863647,274.12861251831055
Copper View,2023-12-04,-1.2755374908447266,1.282618244489034,0.006051927804946899,276.01779556274414
Copper View,2023-12-05,-2.0314102172851562,0.7867654164632162,4.351138045421976e-07,271.9595197041829
Copper View,2023-12-06,-2.5713984171549478,1.1121864318847656,0.0,270.17387835184735
Copper View,2023-12-07,-0.9760481516520182,1.292014439900716,0.000713735818862915,275.39700444539386
Copper View,2023-12-08,0.023122151692708332,-0.4863700866699219,0.010368237305669936,270.12549018859863
Copper View,2023-12-09,-0.06924819946289062,0.3831644058227539,0.001357436180114746,269.75991503397626
Copper View,2023-12-10,-1.794150471687317,1.2462122042973836,3.822650853635423e-06,266.35342025756836
Copper View,2023-12-11,-1.8024171193440754,0.3731362024943034,1.0728825827754918e-07,270.14367357889813
Copper View,2023-12-12,-1.3046398162841797,-0.24919637044270834,1.8000602040046942e-06,269.1585642496745
Copper View,2023-12-13,-1.4048035939534504,-0.16950098673502603,9.119509627453226e-07,267.7458127339681
Copper View,2023-12-14,-1.5873673756917317,0.31073951721191406,8.52346317969932e-07,268.8639596303304
Copper View,2023-12-15,-1.7030442555745442,0.3242124319076538,1.7106532368416083e-06,268.53635533650714
Copper View,2023-12-16,-1.9532026847203572,0.26324737071990967,8.52346317969932e-07,266.9681650797526
Copper View,2023-12-17,-1.6011099020640056,-0.06653392314910889,1.7106532936850272e-06,270.7617244720459
Copper View,2023-12-18,-2.186450958251953,0.4502154191335042,1.7046928064701206e-06,267.34569040934247
Copper View,2023-12-19,-2.4133595625559487,1.1969515879948933,0.0012487322092056274,271.73264567057294
Copper View,2023-12-20,-2.0259456237157187,1.149784803390503,0.0005729734897563787,275.45351219177246
Copper View,2023-12-21,-2.0780648390452066,0.7380517323811849,0.0,272.1623420715332
Copper View,2023-12-22,-2.102018356323242,0.7418403625488281,8.52346317969932e-07,271.5357672373454
Copper View,2023-12-23,-0.34681065877278644,-0.2637367248535156,0.004231852293003158,273.2625223795573
Copper View,2023-12-24,0.35823949178059894,-0.5680456956227621,0.0010121853528630709,270.59507433573407
Copper View,2023-12-25,-1.3549693822860718,0.18425480524698892,5.218386547767295e-06,262.0662981669108
Copper View,2023-12-26,-1.593610167503357,0.5414656003316244,2.6106833388439554e-06,261.1299476623535
Copper View,2023-12-27,-1.4218547741572063,0.3955192565917969,3.668665783607139e-06,265.4652792612712
Copper View,2023-12-28,-1.3159555196762085,0.04424730936686198,1.430511474609375e-06,267.8971996307373
Copper View,2023-12-29,-1.7467950185139973,0.3750877380371094,8.52346317969932e-07,268.70776494344074
Copper View,2023-12-30,-2.312572479248047,0.8108507792154948,5.5283308029174805e-06,270.359821955363
Copper View,2023-12-31,-1.7071317036946614,0.4525410334269206,8.583068797918258e-07,269.5900770823161
Herriman #3,2019-01-01,-0.26271915435791016,-0.9826425711313883,6.109476089477539e-06,260.53956095377606
Herriman #3,2019-01-02,-0.683929959932963,-0.0076859792073567705,1.237094392081417e-05,259.42142422993976
Herriman #3,2019-01-03,-0.6542093356450399,0.638381282488505,4.678964614868164e-06,262.13671175638837
Herriman #3,2019-01-04,-0.9419363339742025,0.1364289919535319,2.759694950782432e-06,265.11151186625165
Herriman #3,2019-01-05,-2.0104058186213174,0.7733392318089803,0.0,265.5582154591878
Herriman #3,2019-01-06,-1.4748137791951497,1.6692195336023967,0.009595620632126156,272.24652608235675
Herriman #3,2019-01-07,-1.2495155334472656,2.4533278942108154,0.007423131343387013,271.17118644714355
Herriman #3,2019-01-08,-0.9271494547526041,0.31628469626108807,0.0009744793175627819,272.5029977162679
Herriman #3,2019-01-09,-1.7162342071533203,1.2826850414276123,4.2319288695580326e-07,271.20298703511554
Herriman #3,2019-01-10,-1.3702551523844402,0.39009857177734375,2.6015542516688583e-05,270.5928834279378
Herriman #3,2019-01-11,0.2068767547607422,-0.4877745310465495,0.00046899071293182715,271.99534670511883
Herriman #3,2019-01-12,-0.10250536600748698,-0.4033775329589844,0.000241205096244812,268.5927874247233
Herriman #3,2019-01-13,-0.23470441500345865,-0.5465039412180582,1.246631144979915e-05,266.4029089609782
Herriman #3,2019-01-14,-0.5963795979817709,-0.18381293614705405,3.00003562188067e-05,264.44284439086914
Herriman #3,2019-01-15,-1.2692445119222004,0.3644905090332031,0.0005154088139533997,267.1139329274495
Herriman #3,2019-01-16,-1.0917051235834758,1.5581830342610676,0.0063004583120118696,273.20573170979816
Herriman #3,2019-01-17,-2.078711191813151,2.5773696899414062,0.005739888548760064,273.7461414337158
Herriman #3,2019-01-18,-0.09549840291341145,-0.2020860513051351,0.0192685240621131,272.8879795074463
Herriman #3,2019-01-19,-1.2872962951660156,1.2709189256032307,0.0007577866314818493,270.08571942647296
Herriman #3,2019-01-20,-1.72509765625,1.5426246325174968,1.7464159896007914e-06,272.7257429758708
Herriman #3,2019-01-21,-0.6714928944905599,0.603020985921224,0.014492428302673943,272.0844160715739
Herriman #3,2019-01-22,1.3625740607579548,-1.5521491765975952,0.0006736516952514648,267.3993028004964
Herriman #3,2019-01-23,-1.2568405866622925,1.3011366526285808,0.00014300346367690508,264.3042755126953
Herriman #3,2019-01-24,-0.8574203252792358,1.0075550079345703,0.002869309012908161,268.9395669301351
Herriman #3,2019-01-25,-0.9346342086791992,0.9192777077356974,0.0005023771830678925,270.0675614674886
Herriman #3,2019-01-26,-0.9933414459228516,0.19922955830891928,1.7205392168762046e-06,268.9081382751465
Herriman #3,2019-01-27,-1.2685921986897786,0.8842314879099528,1.1715292885128292e-05,268.9653402964274
Herriman #3,2019-01-28,-0.9382317860921224,0.12988166014353433,2.587677727206028e-06,270.31451416015625
Herriman #3,2019-01-29,-0.8050907452901205,0.030863523483276367,4.4527219529300055e-06,268.02015495300293
Herriman #3,2019-01-30,-1.1462494134902954,0.4927399555842082,0.0,267.24345207214355
Herriman #3,2019-01-31,-1.3411870400110881,0.5903823375701904,0.0,269.20138613382977
Herriman #3,2019-02-01,-1.7481835683186848,0.7988529205322266,2.5868415605145856e-06,268.98709360758465
Herriman #3,2019-02-02,-2.263556798299154,1.775544285774231,5.9992074966430664e-05,271.18605550130206
Herriman #3,2019-02-03,-1.531126856803894,2.959609270095825,0.0037027299404144287,275.2049090067546
Herriman #3,2019-02-04,-1.3297182718912761,4.30597464243571,0.0002953274027390762,275.52122688293457
Herriman #3,2019-02-05,-0.7889760335286459,3.919549584388733,0.005888181924717628,273.56750615437824
Herriman #3,2019-02-06,1.2707935571670532,-0.9371379216512045,0.014365273713963234,268.7813860575358
Herriman #3,2019-02-07,0.10607123374938965,0.45272310574849445,0.0011275393671894562,264.8197021484375
Herriman #3,2019-02-08,-1.3038253784179688,0.9199897845586141,2.621666908453335e-06,261.46927579243976
Herriman #3,2019-02-09,-1.8454354604085286,1.303894837697347,0.000318312644957075,263.60700098673504
Herriman #3,2019-02-10,-1.9203510284423828,2.7733987172444663,0.0006184756754805676,266.5368715922038
Herriman #3,2019-02-11,0.4522806803385417,0.30591773986816406,0.006885907053856499,265.73721440633136
Herriman #3,2019-02-12,-1.7012049357096355,1.667050043741862,8.52346317969932e-07,263.90635681152344
Herriman #3,2019-02-13,-1.9429740905761719,2.372502644856771,0.0031889379024505615,270.6377016703288
Herriman #3,2019-02-14,-1.8048553466796875,3.7163028717041016,0.0049959480761572195,275.1551761627197
Herriman #3,2019-02-15,-0.8553981781005859,3.3339273929595947,0.004349920153515541,275.8628323872884
Herriman #3,2019-02-16,0.3949426015218099,0.4880231221516927,0.008312034606831276,270.61097208658856
Herriman #3,2019-02-17,-0.5448042551676432,0.9758983453114828,0.0005928725004196167,268.80929438273114
Herriman #3,2019-02-18,-0.14726893107096353,-0.3449701468149821,0.0013214826582839123,267.2780679066976
Herriman #3,2019-02-19,1.2806453704833984,-1.0574970245361328,0.000869220495189893,265.51918093363446
Herriman #3,2019-02-20,-0.9154733022054037,2.1230413913726807,0.0012020409106980878,264.30015246073407
Herriman #3,2019-02-21,-0.6148802439371744,0.06508708000183105,0.0008830849067749114,266.58263715108234
Herriman #3,2019-02-22,0.986474355061849,-1.4179474512736003,0.0021938624494168835,267.1269728342692
Herriman #3,2019-02-23,-0.5702807108561198,0.9282774925231934,1.3223964742792305e-05,265.0537230173747
Herriman #3,2019-02-24,-1.6936480204264324,1.9063444137573242,3.170842774125049e-06,265.6829884847005
Herriman #3,2019-02-25,-1.7998358408610027,2.351572036743164,0.0006307840346266858,270.3249340057373
Herriman #3,2019-02-26,-1.7094932397206624,3.3560338417689004,3.6878399214401725e-06,274.11760330200195
Herriman #3,2019-02-27,-1.8576277891794841,2.3369674682617188,0.001512874434524747,274.23277854919434
Herriman #3,2019-02-28,-1.5366719563802083,1.8723716338475545,0.0005751729011080897,274.51873715718585
Herriman #3,2019-03-01,-0.07019360860188802,0.40235304832458496,0.0023138076066970825,275.7493152618408
Herriman #3,2019-03-02,0.3886089324951172,-0.4971855084101359,0.004735860228436195,274.4101797739665
Herriman #3,2019-03-03,0.8152440388997396,-0.9318001667658488,0.007200181484222412,272.25400161743164
Herriman #3,2019-03-04,-0.07793569564819336,0.003952185312906901,6.837248793090112e-05,271.2200222015381
Herriman #3,2019-03-05,-1.3598168690999348,0.9473834832509359,5.9604644775390625e-06,271.8816655476888
Herriman #3,2019-03-06,-1.7153205871582031,2.0757400592168174,0.009334719586263418,275.26753489176434
Herriman #3,2019-03-07,-1.0515937805175781,2.2032817602157593,0.008186936378479004,275.6509609222412
Herriman #3,2019-03-08,-0.7541243235270182,1.2116982142130535,0.005984354019062721,274.43750254313153
Herriman #3,2019-03-09,0.06210033098856608,0.382960041364034,0.004350906610397942,271.39638328552246
Herriman #3,2019-03-10,-0.8282057444254557,0.548786441485087,0.0036814883929991993,272.2582149505615
Herriman #3,2019-03-11,0.003341039021809896,-0.4511528015136719,0.0002363413991588459,272.5732892354329
Herriman #3,2019-03-12,-0.4392528533935547,0.22402294476826987,4.4833748091832604e-07,273.39071337382
Herriman #3,2019-03-13,2.12380051612854,-2.230802536010742,0.013705044984817505,272.13115247090656
Herriman #3,2019-03-14,1.258529265721639,-1.1854947408040364,0.003601162745610509,270.69225056966144
Herriman #3,2019-03-15,-0.3960030873616536,0.08714600404103597,2.5888119239425578e-06,270.01534207661945
Herriman #3,2019-03-16,-0.37073008219401044,-0.1517914136250814,1.7106532936850272e-06,272.0329958597819
Herriman #3,2019-03-17,-0.7219149271647135,0.3577714761098226,1.78813479578821e-08,273.8703861236572
Herriman #3,2019-03-18,-0.7351080576578776,0.25392528374989826,1.7046928064701206e-06,275.3921826680501
Herriman #3,2019-03-19,-0.3587481180826823,-0.029732704162597656,1.2874602930423862e-06,276.0965226491292
Herriman #3,2019-03-20,-1.4960091908772786,0.8396782477696737,1.7145424635600648e-06,272.6286926269531
Herriman #3,2019-03-21,-1.3832054138183594,0.7826305230458578,0.00488731447723012,274.2496083577474
Herriman #3,2019-03-22,-0.5477415720621744,1.6800120671590169,0.002452261688119961,275.1979465484619
Herriman #3,2019-03-23,-0.7195186614990234,1.2466411590576172,0.0007344034402194666,274.18139330546063
Herriman #3,2019-03-24,-0.2711404164632161,0.6642557779947916,0.0075494483799047885,276.54190254211426
Herriman #3,2019-03-25,-1.037194053332011,0.9886993567148844,0.00033336877822875977,274.44087918599445
Herriman #3,2019-03-26,-1.4581343332926433,1.7681951920191448,0.0,276.4913558959961
Herriman #3,2019-03-27,-1.4662329355875652,2.217469334602356,1.2814997489840607e-06,279.9783121744792
Herriman #3,2019-03-28,-0.3093738555908203,1.0735708872477214,0.0020664483308792114,279.9991645812988
Herriman #3,2019-03-29,0.4205163319905599,-0.26239776611328125,0.010814091492648004,274.7982171376546
Herriman #3,2019-03-30,-0.00045116742451985675,0.0767051378885905,0.0003402505216172358,275.0398654937744
Herriman #3,2019-03-31,-0.14429664611816406,-0.4726387659708659,0.0,275.70664087931317
Herriman #3,2019-04-01,-0.6794649759928385,1.028274655342102,2.2320936636788247e-06,278.0905024210612
Herriman #3,2019-04-02,-1.2030143737792969,1.7666658163070679,0.0007958535979355474,279.7939516703288
Herriman #3,2019-04-03,-0.5223248799641927,0.40255482991536456,0.006809237599270546,279.1284872690837
Herriman #3,2019-04-04,-1.0289808909098308,1.5916576385498047,0.0001906037330172694,280.73048718770343
Herriman #3,2019-04-05,-1.1987597147623699,2.240488131841024,0.00021354252788796657,282.60359891255695
Herriman #3,2019-04-06,0.06680742899576823,0.32522324721018475,0.005599685835250057,281.4552917480469
Herriman #3,2019-04-07,-0.713324228922526,0.9745659033457438,0.00010854464591147917,280.7724081675212
Herriman #3,2019-04-08,-0.9561519622802734,0.9652092456817627,6.696305996456431e-05,283.7478726704915
Herriman #3,2019-04-09,-0.7964076995849609,0.1334820588429769,0.007302764973264431,282.729149500529
Herriman #3,2019-04-10,2.0828882853190103,-2.388044238090515,0.01725215017785331,276.0883261362712
Herriman #3,2019-04-11,1.9884605407714844,-2.2231774727503457,0.004213242375726622,276.1536922454834
Herriman #3,2019-04-12,0.4116598765055339,-0.16926872730255127,0.002465108036993513,276.5788828531901
Herriman #3,2019-04-13,0.3602943420410156,0.360027273495992,0.0013147026299407116,277.4023017883301
Herriman #3,2019-04-14,-1.1899178822835286,1.9634511073430378,0.0005945742129824794,278.95289357503253
Herriman #3,2019-04-15,-0.8667469024658203,0.24895819028218588,0.009159460663795471,282.2822863260905
Herriman #3,2019-04-16,-0.19892311096191406,-0.26434051990509033,0.014633019058862828,279.6237907409668
Herriman #3,2019-04-17,0.4365965525309245,-1.365549087524414,0.0005089074372222058,279.1319942474365
Herriman #3,2019-04-18,-0.32607142130533856,-0.19797269503275552,1.7058546859516355e-06,282.01686096191406
Herriman #3,2019-04-19,-1.0396976470947266,0.6607515811920166,3.007982343206095e-06,283.64553387959796
Herriman #3,2019-04-20,-1.7161140441894531,1.6378200054168701,0.0005431173814258727,286.3266003926595
Herriman #3,2019-04-21,0.2280279795328776,-0.02118225892384847,0.01662554442873443,284.12184079488117
Herriman #3,2019-04-22,0.3686968485514323,-1.1502323945363362,0.0013441175221942103,282.9614823659261
Herriman #3,2019-04-23,-0.050081888834635414,-1.2277472019195557,8.52346317969932e-07,283.3930384318034
Herriman #3,2019-04-24,-0.4447485605875651,-0.24593718846638998,7.539987564086914e-06,284.41343116760254
Herriman #3,2019-04-25,-0.5103187561035156,-0.20430894692738852,0.001168036460871491,286.42541631062824
Herriman #3,2019-04-26,-1.2172966003417969,1.5494949022928874,0.0027358531951904297,286.4448496500651
Herriman #3,2019-04-27,0.4439614613850911,-0.29374929269154865,0.001273512840270996,286.45458539326984
Herriman #3,2019-04-28,0.15824127197265625,-1.3109897375106812,4.853772793467215e-06,284.6759440104167
Herriman #3,2019-04-29,-0.08311843872070312,0.2858167886734009,0.0001273491509437008,281.67456817626953
Herriman #3,2019-04-30,0.6495895385742188,0.21384922663370767,0.013267138557807812,281.8620262145996
Herriman #3,2019-05-01,0.4981161753336589,0.10250123341878255,0.007285314798252784,276.0690097808838
Herriman #3,2019-05-02,-0.4428335825602214,0.8170445760091146,0.00014246702193077,279.1925354003906
Herriman #3,2019-05-03,-0.7230269114176432,0.35768572489420575,1.2994059943594038e-06,282.90976270039874
Herriman #3,2019-05-04,-0.7734769185384115,0.38936924934387207,6.571710099478878e-05,284.1342080434163
Herriman #3,2019-05-05,-0.9964942932128906,0.7657249768575033,0.0006472468376159668,285.8476206461589
Herriman #3,2019-05-06,-0.9886595408121744,1.1359399159749348,0.001225310563995663,286.12939643859863
Herriman #3,2019-05-07,-0.6472632090250651,-0.16772047678629556,0.004088997840881348,283.7982489267985
Herriman #3,2019-05-08,0.7151463826497396,-0.9971921046574911,0.005286383628742897,282.5897509256999
Herriman #3,2019-05-09,-0.4927997589111328,-0.747918963432312,0.0011037379503200384,281.3086853027344
Herriman #3,2019-05-10,-0.09534200032552083,-0.994685689608256,0.00012998035759892446,282.6758918762207
Herriman #3,2019-05-11,0.09206072489420573,-0.8094454606374105,4.351139068603516e-06,284.34276453653973
Herriman #3,2019-05-12,-0.4070911407470703,-0.051730712254842125,4.351138045421976e-07,286.2805926005046
Herriman #3,2019-05-13,-1.1012013753255208,1.0627407630284627,1.2695788313976664e-06,288.59610303243
Herriman #3,2019-05-14,-1.3134765625,1.5484355290730794,1.9559264181623348e-05,289.5602512359619
Herriman #3,2019-05-15,-1.3742357889811199,3.2469892104466758,1.2755393932195602e-06,291.2097905476888
Herriman #3,2019-05-16,-1.3213456471761067,3.4226789077123008,5.720853795310177e-05,290.8152497609456
Herriman #3,2019-05-17,0.06709480285644531,1.4809858401616414,0.012819498777389526,282.78115463256836
Herriman #3,2019-05-18,0.3201700846354167,0.997909426689148,0.008986341953232113,280.4884961446126
Herriman #3,2019-05-19,-1.515106201171875,1.905179460843404,0.0024592191159626964,282.52149391174316
Herriman #3,2019-05-20,-0.4264081319173177,1.4179040988286336,0.003086965766613048,280.68279393513996
Herriman #3,2019-05-21,0.28032557169596356,0.725195566813151,0.00870602428809164,280.13514455159503
Herriman #3,2019-05-22,0.15534273783365884,-0.25758739312489826,0.005544596910471711,279.5221633911133
Herriman #3,2019-05-23,-0.6042938232421875,0.3558742205301921,0.005539404354351518,280.83766237894696
Herriman #3,2019-05-24,-0.5761712392171224,2.69561767578125,0.009810388088226318,281.74982325236004
Herriman #3,2019-05-25,-1.0018081665039062,2.2103054523468018,0.0017928322632165816,283.63387807210285
Herriman #3,2019-05-26,-1.173177719116211,2.1054758628209433,0.0005690680207521837,285.5925121307373
Herriman #3,2019-05-27,-0.16229565938313803,0.8743713696797689,0.005998874568831525,284.00622940063477
Herriman #3,2019-05-28,-0.024907430013020832,0.5726118882497152,0.0056261956690946135,282.485143661499
Herriman #3,2019-05-29,-0.23102315266927084,-0.1466454267501831,0.00047172009948326377,284.70124435424805
Herriman #3,2019-05-30,-0.2511132558186849,0.7429976065953573,0.0008493494368053689,286.14523124694824
Herriman #3,2019-05-31,-0.16312154134114584,0.5860650936762491,0.0014064133167153159,287.82556406656903
Herriman #3,2019-06-01,-0.22946739196777344,-0.14545289675394693,0.002058875560692286,288.56056213378906
Herriman #3,2019-06-02,-0.36322275797526044,-0.3692605098088582,0.0008014976978643062,289.13261159261066
Herriman #3,2019-06-03,-0.03542264302571615,-0.22289391358693442,0.0003412902355144354,289.74722989400226
Herriman #3,2019-06-04,0.18080711364746094,-0.4497090180714925,0.000164717435836792,290.71927070617676
Herriman #3,2019-06-05,-0.199173370997111,-0.7246874570846558,2.549588680267334e-05,291.8466059366862
Herriman #3,2019-06-06,-0.671243151028951,1.5312960942586262,3.1618018283552374e-05,293.59168942769367
Herriman #3,2019-06-07,0.16715431213378906,3.2940648396809897,0.00034076702365837264,293.67087745666504
Herriman #3,2019-06-08,1.8868141174316406,-3.0937058528264365,0.0005985647439956665,284.5875015258789
Herriman #3,2019-06-09,0.5609327952067057,-1.9345296223958333,8.583068797918258e-07,284.68699582417804
Herriman #3,2019-06-10,0.2175922393798828,-0.5166530609130859,8.52346317969932e-07,288.15051587422687
Herriman #3,2019-06-11,-0.05528386433919271,-0.8664506276448568,1.714413713216345e-06,291.33998998006183
Herriman #3,2019-06-12,-0.1693414052327474,-0.43542925516764325,8.591141167357819e-07,292.4297040303548
Herriman #3,2019-06-13,-0.6910400390625,0.035664876302083336,0.000682339072227478,294.382178624471
Herriman #3,2019-06-14,0.02232042948404948,-0.5519467194875082,0.00031379163254996456,292.70691935221356
Herriman #3,2019-06-15,-0.1541576385498047,-0.043871164321899414,1.5392899570088048e-05,293.6198965708415
Herriman #3,2019-06-16,-0.3639335632324219,0.39025310675303143,9.799003599653133e-06,294.0459461212158
Herriman #3,2019-06-17,-0.8122764825820923,1.1661148468653362,0.0009434339742142583,292.3670533498128
Herriman #3,2019-06-18,-0.02979723612467448,0.07801040013631184,0.00014181421965986374,292.3294226328532
Herriman #3,2019-06-19,0.044123053550720215,-0.3210863669713338,8.523463748133508e-07,294.8980909983317
Herriman #3,2019-06-20,1.1891619364420574,-0.09563414255777995,7.32153653189016e-05,295.1731236775716
Herriman #3,2019-06-21,1.2969799041748047,-2.907373865445455,4.794299593413598e-05,286.6356665293376
Herriman #3,2019-06-22,1.4226964314778645,-2.6618525187174478,0.0002754777669906616,285.4596970876058
Herriman #3,2019-06-23,0.12814776102701822,0.48864249388376874,1.712607911485975e-06,288.08444658915204
Herriman #3,2019-06-24,-0.21567662556966147,0.49817975362141925,1.715894086373737e-06,292.39906946818036
Herriman #3,2019-06-25,-0.7481314341227213,1.3126163482666016,2.038180826957614e-05,294.08743540445965
Herriman #3,2019-06-26,-0.577355702718099,3.5874104499816895,8.434057235717773e-06,296.3099988301595
Herriman #3,2019-06-27,-0.47855186462402344,4.453844706217448,0.0,297.3595714569092
Herriman #3,2019-06-28,-0.6761080423990885,3.967952609062195,8.583068797918258e-07,297.5320059458415
Herriman #3,2019-06-29,0.19988377888997397,1.992888331413269,1.7064354551621363e-06,298.237751642863
Herriman #3,2019-06-30,-0.5184288024902344,2.8049710591634116,3.060718563574483e-05,297.44707171122235
Herriman #3,2019-07-01,-0.9404328664143881,2.204075495402018,8.523463748133508e-07,294.5510597229004
Herriman #3,2019-07-02,-0.5896682739257812,1.9546667734781902,0.0,297.638770421346
Herriman #3,2019-07-03,0.35699208577473956,1.4679576555887859,1.0326504707336426e-05,298.9865125020345
Herriman #3,2019-07-04,1.4002431233723958,-1.3193463484446208,0.0008785128593444824,295.0265922546387
Herriman #3,2019-07-05,0.10395876566569011,-1.0004728237787883,0.00044564306733718695,293.9052340189616
Herriman #3,2019-07-06,-0.2906684875488281,0.5426900784174601,1.6080474438240344e-05,296.4615198771159
Herriman #3,2019-07-07,-0.4335613250732422,2.8170143763224282,1.6647577183448448e-05,297.93261591593426
Herriman #3,2019-07-08,0.2359320322672526,2.7722798188527427,0.0001086890697479248,297.0777816772461
Herriman #3,2019-07-09,-0.0075270334879557295,-0.08619944254557292,3.483295440176448e-05,295.89549318949383
Herriman #3,2019-07-10,-0.8363901774088541,1.1495558420817058,1.7032621713042317e-06,297.7331295013428
Herriman #3,2019-07-11,-0.5603410800298055,1.8051557938257854,9.948252602498542e-05,299.89223861694336
Herriman #3,2019-07-12,-0.784314235051473,1.0837281942367554,9.180903424521603e-05,299.9581750233968
Herriman #3,2019-07-13,-1.1724360783894856,1.802352746327718,0.00010707974433898926,300.76481374104816
Herriman #3,2019-07-14,-0.6416039069493612,1.6614612738291423,7.545351981619319e-05,299.95826212565106
Herriman #3,2019-07-15,0.08868590990702312,1.7138010660807292,0.0,300.7590039571126
Herriman #3,2019-07-16,-0.12898830572764078,0.5261686245600382,1.2934207802572928e-06,300.7838249206543
Herriman #3,2019-07-17,0.8381959994633993,0.17631173133850098,2.658184769188665e-06,300.3857192993164
Herriman #3,2019-07-18,-0.2785180409749349,2.1418742736180625,0.0,299.8193537394206
Herriman #3,2019-07-19,-0.24828783671061197,2.4041669766108194,2.139806667855737e-06,300.8800303141276
Herriman #3,2019-07-20,0.13426589965820312,0.11040218671162923,1.716613667213096e-06,300.5478350321452
Herriman #3,2019-07-21,-0.25607768694559735,0.3941669464111328,2.5749206429281912e-06,300.23278999328613
Herriman #3,2019-07-22,-0.279327392578125,0.8659966786702474,8.583068797918258e-07,302.0242411295573
Herriman #3,2019-07-23,-0.6719741821289062,1.0265487432479858,1.2993811537853617e-06,302.0226084391276
Herriman #3,2019-07-24,0.19624201456705728,-0.5079142252604166,0.0006962958201732761,300.58684730529785
Herriman #3,2019-07-25,0.12653732299804688,0.14885234832763672,5.20884990464765e-05,299.72349739074707
Herriman #3,2019-07-26,0.23110834757486978,-0.16970125834147134,0.0015044808387756348,298.58316802978516
Herriman #3,2019-07-27,0.6227792104085287,-0.40157047907511395,0.0010047097628671509,297.0062204996745
Herriman #3,2019-07-28,0.15769831339518228,-0.28972212473551434,4.172325134277344e-07,298.3164698282878
Herriman #3,2019-07-29,-0.25090662638346356,1.2072291771570842,1.2755393754559918e-06,300.0861466725667
Herriman #3,2019-07-30,-0.35030237833658856,2.3200854460398355,4.351138045421976e-07,301.54808807373047
Herriman #3,2019-07-31,-0.6364123026529948,2.3284692764282227,0.0010394949473493398,299.6631609598796
Herriman #3,2019-08-01,-0.6056105295817057,1.1844647725423176,0.0010255964120347016,293.91450055440265
Herriman #3,2019-08-02,-0.36818186442057294,0.6738483508427938,1.805424689749202e-05,298.89270718892413
Herriman #3,2019-08-03,-0.36156972249348956,0.7118271191914877,0.00024110078811645508,300.1582800547282
Herriman #3,2019-08-04,-0.6443614959716797,0.9377769629160563,2.8967857360839844e-05,300.2590389251709
Herriman #3,2019-08-05,-0.13938776652018228,0.8393136660257975,5.7512521738800615e-05,301.2516746520996
Herriman #3,2019-08-06,-0.5014476776123047,0.6769726673762003,0.0,301.616844813029
Herriman #3,2019-08-07,-0.6162217458089193,0.7508721351623535,0.0011019490101489282,299.8307647705078
Herriman #3,2019-08-08,-0.4084625244140625,0.6431217988332113,0.005535000562662873,295.2776444753011
Herriman #3,2019-08-09,-0.267758051554362,0.8888333638509115,0.00012437403199783148,295.72265434265137
Herriman #3,2019-08-10,-0.9246775309244791,2.7361278533935547,1.3136971688254562e-06,297.5110912322998
Herriman #3,2019-08-11,0.11585299173990886,2.3310877482096353,1.1650100191218371e-05,297.51574897766113
Herriman #3,2019-08-12,0.8570073445638021,-1.5864332914352417,8.583068797918258e-07,295.2915808359782
Herriman #3,2019-08-13,-0.14352814356486002,0.0379174550374349,8.52346317969932e-07,296.58732350667316
Herriman #3,2019-08-14,-0.18580377101898193,-0.18353589375813803,0.0,298.14078521728516
Herriman #3,2019-08-15,-0.31145795186360675,-0.17518444856007895,0.0,298.79771486918133
Herriman #3,2019-08-16,0.2995535532633464,-1.2274920145670574,5.056858062246761e-05,299.32201957702637
Herriman #3,2019-08-17,0.1591669718424479,-0.5724054972330729,5.692243576049805e-06,298.74084917704266
Herriman #3,2019-08-18,-0.5834356943766276,0.7423171997070312,0.0,298.1066207885742
Herriman #3,2019-08-19,-0.7305927276611328,2.4949395259221396,0.0,299.1051495869954
Herriman #3,2019-08-20,-0.7948595682779948,2.2327298323313394,8.59748936932192e-07,299.0913143157959
Herriman #3,2019-08-21,-0.4420185089111328,0.8285411596298218,2.5732547754842017e-06,299.55200894673663
Herriman #3,2019-08-22,-0.2829901377360026,0.926720937093099,0.0002478361129760742,298.9756565093994
Herriman #3,2019-08-23,1.0849698384602864,-1.467472751935323,1.2122010957682505e-05,296.0438092549642
Herriman #3,2019-08-24,0.015732447306315105,0.12917089462280273,1.2860538340930816e-06,297.3269805908203
Herriman #3,2019-08-25,-0.18545087178548178,0.3959454298019409,1.7174984918710834e-06,298.86467425028485
Herriman #3,2019-08-26,0.9660771687825521,-2.067570368448893,4.351138045421976e-07,296.428129196167
Herriman #3,2019-08-27,0.20846474170684814,-0.9455782572428385,3.4394398653603275e-06,294.71388816833496
Herriman #3,2019-08-28,-0.3346710205078125,0.4290893077850342,1.7127420619544864e-06,296.5116316477458
Herriman #3,2019-08-29,-0.4001776377360026,1.1436029275258381,5.479357776039251e-05,299.28706614176434
Herriman #3,2019-08-30,-0.5167827606201172,0.7245944738388062,0.0006572110982006052,298.50605456034344
Herriman #3,2019-08-31,-0.30238087972005206,-0.09801101684570312,-4.324533620092552e-09,299.69401359558105
Herriman #3,2019-09-01,-0.5939337412516276,0.7279949188232422,1.284479992591514e-06,299.2852331797282
Herriman #3,2019-09-02,-0.6903756459554037,1.054278055826823,8.523463748133508e-07,299.4940999348958
Herriman #3,2019-09-03,-0.2999305725097656,0.022960662841796875,0.0005296468734741211,300.2913538614909
Herriman #3,2019-09-04,-0.5399309794108073,0.6662125984827677,0.0015286594629237982,298.8980433146159
Herriman #3,2019-09-05,0.0066070556640625,0.08473849296569824,6.079077718368353e-05,301.25507799784344
Herriman #3,2019-09-06,-0.11152394612630208,-0.07349665959676106,0.0018833112468428226,297.2479387919108
Herriman #3,2019-09-07,-0.21699841817220053,-0.4083143472671509,3.695487976074219e-05,296.56234614054364
Herriman #3,2019-09-08,-0.6814740498860677,1.2003428141276042,0.0036323755979488226,294.59014956156415
Herriman #3,2019-09-09,0.09604326883951823,0.17382367451985678,0.00013339519500732422,291.44509251912433
Herriman #3,2019-09-10,-0.24374707539876303,2.3570753733317056,0.0009313613176296087,292.52036158243817
Herriman #3,2019-09-11,0.6317564646402994,-0.9548141558965048,0.016150087118148804,286.9345175425212
Herriman #3,2019-09-12,0.2263177235921224,0.2647552490234375,9.851455678244747e-05,287.32897059122723
Herriman #3,2019-09-13,-0.17825953165690103,0.10703531901041667,0.0,289.42022768656415
Herriman #3,2019-09-14,-0.9276879628499349,0.8510419130325317,8.52346317969932e-07,292.0701154073079
Herriman #3,2019-09-15,-1.1004231770833333,2.0582752227783203,0.0,293.7127170562744
Herriman #3,2019-09-16,-1.2526607513427734,3.57200558980306,0.0,294.8416442871094
Herriman #3,2019-09-17,1.1079302231470745,1.1185010274251301,0.001714322396821899,291.38784980773926
Herriman #3,2019-09-18,-0.6433953841527303,1.4320098161697388,8.583068833445395e-07,289.3690528869629
Herriman #3,2019-09-19,0.07169342041015625,2.1632460355758667,6.473064422607422e-05,292.06527010599774
Herriman #3,2019-09-20,0.9978256225585938,-1.3836429516474407,0.005833047628300392,284.571439743042
Herriman #3,2019-09-21,-0.03274345397949219,-0.420831839243571,0.0012165158987045288,284.1648591359456
Herriman #3,2019-09-22,-0.5410505930582682,0.9243288437525431,1.6391277313232422e-06,286.10170046488446
Herriman #3,2019-09-23,-0.8326587677001953,0.9485102891921997,3.4306277143514308e-06,289.05284182230633
Herriman #3,2019-09-24,0.2970174153645833,-1.2332452138264973,4.261732051702438e-07,290.0674336751302
Herriman #3,2019-09-25,0.10609881083170573,-1.0427035888036091,8.52346317969932e-07,290.31055641174316
Herriman #3,2019-09-26,-0.06487528483072917,0.3865393400192261,5.684341886080802e-14,290.5090338389079
Herriman #3,2019-09-27,-0.2798913319905599,0.011856555938720703,0.0001890391110919154,290.9960180918376
Herriman #3,2019-09-28,-0.8453640937805176,0.9057896931966146,0.019286942066248258,288.4183654785156
Herriman #3,2019-09-29,0.8576024373372396,0.026282628377278645,0.025104105472564697,283.8378785451253
Herriman #3,2019-09-30,0.5616811116536459,-0.45673052469889325,0.001387953758239746,280.84676424662274
Herriman #3,2019-10-01,0.7800184885660807,-0.9641462564468384,9.945967627800201e-05,281.7643616994222
Herriman #3,2019-10-02,0.6970240275065104,-0.9993078708648682,0.0002611066429381026,281.5139980316162
Herriman #3,2019-10-03,-0.46894264221191406,0.5907560984293619,1.716613724056515e-06,283.01701227823895
Herriman #3,2019-10-04,0.3409608205159505,0.6573543945948283,0.001118779182434082,285.0802631378174
Herriman #3,2019-10-05,0.3006477355957031,-0.2735337018966675,1.7784850570023991e-06,281.5567429860433
Herriman #3,2019-10-06,0.4505494435628255,-1.116241455078125,4.351138045421976e-07,282.0883331298828
Herriman #3,2019-10-07,-0.20540618896484375,0.09265788396199544,0.0,282.3153355916341
Herriman #3,2019-10-08,-0.7305711110432943,0.7896175384521484,8.583068833445395e-07,285.4833698272705
Herriman #3,2019-10-09,0.20218658447265625,-0.6693277359008789,0.00021590904543700162,283.1302318572998
Herriman #3,2019-10-10,1.6750628153483074,-2.9023549556732178,6.232261648619897e-05,273.86505635579425
Herriman #3,2019-10-11,0.5628719329833984,-0.3843298355738322,2.5749206429281912e-06,275.20955085754395
Herriman #3,2019-10-12,-0.11780039469401042,-0.4375724792480469,1.7127204614553193e-06,278.9217001597087
Herriman #3,2019-10-13,-0.8155996799468994,0.7144251267115275,-3.579600615921663e-09,280.65218989054364
Herriman #3,2019-10-14,-0.7506910959879557,0.8645431598027548,4.261732087229575e-07,283.6464557647705
Herriman #3,2019-10-15,-0.7940743764241537,0.10950219631195068,-7.363574638930004e-09,283.40866533915204
Herriman #3,2019-10-16,-1.181465784708659,1.247373342514038,8.583068797918258e-07,285.10729726155597
Herriman #3,2019-10-17,-1.1793708801269531,2.465217669804891,5.055515498497698e-05,287.0105444590251
Herriman #3,2019-10-18,1.1007506052652996,-0.9292682409286499,0.00469653455252228,281.3970540364583
Herriman #3,2019-10-19,-0.32114410400390625,1.5379587809244792,0.000832939147944245,280.26093037923175
Herriman #3,2019-10-20,1.4252147674560547,-1.5251442591349285,0.005829441547348324,276.6221669514974
Herriman #3,2019-10-21,0.4050788879394531,-0.683677077293396,9.211897850036621e-05,278.4750442504883
Herriman #3,2019-10-22,-0.42051442464192706,0.3254421154658,4.397141424306028e-07,280.97057215372723
Herriman #3,2019-10-23,0.36246001720428467,-1.3792085250218709,8.545907235202321e-07,282.8759822845459
Herriman #3,2019-10-24,0.08114329973856609,-1.2394508123397827,0.0,278.26452191670734
Herriman #3,2019-10-25,-0.42569859822591144,0.27723248799641925,2.5749205860847724e-06,279.23092397054035
Herriman #3,2019-10-26,-0.7328364054361979,0.3000755310058594,0.0,281.23062896728516
Herriman #3,2019-10-27,1.813854455947876,-2.2279507319132485,0.004540979862213135,275.3279622395833
Herriman #3,2019-10-28,1.2242291768391926,-0.2661789655685425,9.348094454253442e-05,271.408748626709
Herriman #3,2019-10-29,0.45874595642089844,-0.3901187578837077,0.0037345230579326483,271.15614128112793
Herriman #3,2019-10-30,-0.19437408447265625,-1.1784393390019734,4.507909380890851e-05,264.41510645548504
Herriman #3,2019-10-31,-0.8791975180308024,0.30611101786295575,5.513429641723633e-06,267.83006858825684
Herriman #3,2019-11-01,-0.6314343214035034,-0.39884519577026367,1.2546776702038187e-06,271.6901563008626
Herriman #3,2019-11-02,-0.9128545125325521,0.10062698523203532,4.023313522338867e-07,271.5594031016032
Herriman #3,2019-11-03,-1.2333685557047527,0.452912171681722,0.0,274.5939362843831
Herriman #3,2019-11-04,-1.0438563028971355,0.009467800458272299,4.351138045421976e-07,276.5911337534587
Herriman #3,2019-11-05,-1.1324507395426433,0.3996986548105876,1.2934207802572928e-06,276.75651359558105
Herriman #3,2019-11-06,-1.1591447194417317,0.35592599709828693,0.0,277.72038586934406
Herriman #3,2019-11-07,-0.9672387440999349,0.07523993651072185,0.0,278.47533162434894
Herriman #3,2019-11-08,-1.1899401346842449,0.3804557720820109,8.52346317969932e-07,278.58890024820965
Herriman #3,2019-11-09,-1.1702957153320312,0.2817147572835286,8.523463748133508e-07,279.07217725118
Herriman #3,2019-11-10,-1.0103009541829426,0.11243987083435059,8.52346317969932e-07,279.6409269968669
Herriman #3,2019-11-11,0.20331764221191406,-0.8683528900146484,8.583069366352447e-07,280.65958340962726
Herriman #3,2019-11-12,-0.745080312093099,0.7364863554636637,4.351138613856165e-07,277.0249621073405
Herriman #3,2019-11-13,-0.8235009511311849,0.2237099806467692,0.0,280.52173042297363
Herriman #3,2019-11-14,-1.278909683227539,0.5757190783818563,1.7106531231547706e-06,279.1504777272542
Herriman #3,2019-11-15,-1.3902263641357422,1.049166997273763,0.0,281.0826059977214
Herriman #3,2019-11-16,-0.28304866949717206,-0.7388675610224406,8.52346317969932e-07,281.7547213236491
Herriman #3,2019-11-17,-0.6015571355819702,0.16984359423319498,8.52346317969932e-07,278.220006942749
Herriman #3,2019-11-18,-1.1676329771677654,0.7798074086507162,0.0,279.45311037699383
Herriman #3,2019-11-19,-1.6021410624186199,1.839587648709615,0.0,280.30881373087567
Herriman #3,2019-11-20,-0.9026069641113281,0.4235627253850301,0.0036863982677459717,279.5128364562988
Herriman #3,2019-11-21,0.060788750648498535,-0.14805380503336588,0.007252305746021648,277.5513509114583
Herriman #3,2019-11-22,0.12366549173990886,-0.4696807861328125,0.00046685282740099865,276.2361068725586
Herriman #3,2019-11-23,-0.054468631744384766,-0.3125850756963094,8.365511888541732e-05,275.32585589090985
Herriman #3,2019-11-24,-0.4958583513895671,0.8562634785970052,8.594906262260338e-07,275.67015902201337
Herriman #3,2019-11-25,-0.06499417622884114,-0.4896034002304077,0.003532982401850404,274.76834042867023
Herriman #3,2019-11-26,1.489776611328125,-1.4701606035232544,0.003574162721633911,269.86764589945477
Herriman #3,2019-11-27,-1.7118094364802043,1.6241385142008464,0.0014777569182911066,269.99162038167316
Herriman #3,2019-11-28,-0.8453377485275269,0.6360686222712199,0.010503473877179204,271.9071807861328
Herriman #3,2019-11-29,-0.3863334655761719,0.1921067237854004,0.014715406298535072,272.0524107615153
Herriman #3,2019-11-30,0.24401982625325522,1.0406068166097004,0.0035733431577682495,269.5544242858887
Herriman #3,2019-12-01,-1.328786849975586,0.7806614637374878,1.3631582191919733e-05,265.61449940999347
Herriman #3,2019-12-02,-1.3289794921875,0.7603076696395874,2.491474106136593e-06,270.0801919301351
Herriman #3,2019-12-03,-0.5793730417887369,-0.0008544921875,2.1070241018605884e-06,273.6485939025879
Herriman #3,2019-12-04,-0.9409917195638021,-0.12879371643066406,1.3411050758804777e-07,271.8982988993327
Herriman #3,2019-12-05,-0.26727930704752606,-0.044222354888916016,0.007037907838821411,274.3296699523926
Herriman #3,2019-12-06,-0.9448541800181071,0.7928624153137207,0.0001363903284072876,272.25329717000324
Herriman #3,2019-12-07,-1.8082719643910725,1.5267022848129272,0.0,271.2922954559326
Herriman #3,2019-12-08,-0.8370982011159261,1.6901301542917888,0.005173206329345703,274.9517300923665
Herriman #3,2019-12-09,0.3756764729817708,-0.10806485017140706,0.00478661358346244,273.659766515096
Herriman #3,2019-12-10,-1.0072784423828125,0.7604090372721354,1.3470649719238281e-05,270.4100850423177
Herriman #3,2019-12-11,-1.4733091990152996,0.7237550417582194,2.14099608797369e-05,268.4975891113281
Herriman #3,2019-12-12,-1.4833345413208008,1.6090937455495198,0.0020521968603084417,273.1397933959961
Herriman #3,2019-12-13,-0.7562543948491415,0.8424212137858073,0.007015922665573271,274.73375701904297
Herriman #3,2019-12-14,-0.21659600734710693,0.5469258626302084,0.012229940295128472,274.1248238881429
Herriman #3,2019-12-15,-0.14741102854410806,-0.35032331943511963,0.00017379224289015838,268.8901011149089
Herriman #3,2019-12-16,0.8438008626302084,-0.820326566696167,0.002641171217021565,267.3236440022786
Herriman #3,2019-12-17,-0.9070358276367188,0.603090763092041,5.643269355459779e-05,263.5869248708089
Herriman #3,2019-12-18,-1.606815497080485,0.6430174509684244,2.8309871389353702e-06,263.54399490356445
Herriman #3,2019-12-19,-1.3196086486180623,0.5830274820327759,7.450580596923828e-08,267.261137008667
Herriman #3,2019-12-20,-1.6217864354451497,0.9758689006169637,4.351138045421976e-07,267.8217188517253
Herriman #3,2019-12-21,-2.265248417854309,1.098912199338277,0.0,267.70661481221515
Herriman #3,2019-12-22,-2.745368003845215,1.7013620535532634,8.52346317969932e-07,269.92539469401044
Herriman #3,2019-12-23,-2.3179410298665366,1.3436188697814941,9.737908840179443e-05,270.9960358937581
Herriman #3,2019-12-24,-1.5665702819824219,1.4413095712661743,0.0013101547956466675,273.26002820332843
Herriman #3,2019-12-25,0.2948762575785319,-0.13232080141703287,0.0059843202378147,273.05975850423175
Herriman #3,2019-12-26,-0.7413422266642252,0.4456416368484497,0.0006969720125198364,270.2763207753499
Herriman #3,2019-12-27,-0.23519416650136313,-0.8618195056915283,6.898045529624142e-05,267.50508371988934
Herriman #3,2019-12-28,1.1730544567108154,-2.081250031789144,0.0010057568549086682,265.61041768391925
Herriman #3,2019-12-29,-0.8344934781392416,0.51641313234965,0.0005339235066230685,263.31338119506836
Herriman #3,2019-12-30,-0.5658064285914103,0.2754364013671875,0.0011616628506203597,267.41292572021484
Herriman #3,2019-12-31,-0.14713223775227866,0.07406965891520183,0.0007424533366133801,266.6498730977376
Herriman #3,2020-01-01,-1.336656133333842,1.7228082021077473,0.009034991264286418,268.1257801055908
Herriman #3,2020-01-02,-0.039060115814208984,-0.06136449178059896,0.004918557405346746,271.4891834259033
Herriman #3,2020-01-03,-1.160782257715861,1.0235881805419922,0.0001288115977331472,269.4243055979411
Herriman #3,2020-01-04,-1.735952099164327,1.1919223070144653,2.5784656827454455e-06,269.59774462382
Herriman #3,2020-01-05,-1.1540125211079915,0.11373202006022136,0.00038605268804303705,269.98606554667157
Herriman #3,2020-01-06,-1.325804352760315,0.7739289601643881,0.00022648572911521114,267.9999917348226
Herriman #3,2020-01-07,-1.8491463661193848,1.2566343943277996,0.0,267.5028870900472
Herriman #3,2020-01-08,-1.842389424641927,1.3418693542480469,0.0018810182809829712,268.1878439585368
Herriman #3,2020-01-09,-1.0331776936848958,0.8078060150146484,0.0022838354110703563,268.22815958658856
Herriman #3,2020-01-10,0.31938934326171875,-0.3773384094238281,0.000905647873878479,267.30186971028644
Herriman #3,2020-01-11,-1.577522913614909,1.5554014841715496,0.0017288923263549805,264.90584500630695
Herriman #3,2020-01-12,-0.7649623155593872,1.2806790272394817,0.003502070903778076,267.8956184387207
Herriman #3,2020-01-13,-1.4695447285970051,1.8363152345021565,0.0020337611435934377,266.3774293263753
Herriman #3,2020-01-14,-1.1127026875813801,2.0325705210367837,0.0013133436441421509,269.1341552734375
Herriman #3,2020-01-15,-1.3534660339355469,0.580702026685079,0.0002489268778731457,267.686762491862
Herriman #3,2020-01-16,-2.421188712120056,1.3493231932322185,1.7143987065537658e-06,265.27361424763996
Herriman #3,2020-01-17,-0.8467097679773966,0.688475767771403,0.00769344578742448,268.47951380411786
Herriman #3,2020-01-18,-1.240108052889506,0.39235854148864746,9.037511858878133e-06,268.3262087504069
Herriman #3,2020-01-19,-1.3353805541992188,0.21848944822947183,8.52346317969932e-07,267.0519320170085
Herriman #3,2020-01-20,-1.6773963769276936,0.5129718780517578,4.261732051702438e-07,267.13844045003253
Herriman #3,2020-01-21,-1.6972883542378743,1.1891485452651978,0.001371505856411659,270.9241148630778
Herriman #3,2020-01-22,-0.9474000136057535,0.7449020147323608,0.0027352245874681103,272.41542689005536
Herriman #3,2020-01-23,-0.7388312021891276,0.6611499786376953,0.00027605295167631994,273.63623237609863
Herriman #3,2020-01-24,-1.3528645833333333,1.056125005086263,0.0027635544538497925,271.8810278574626
Herriman #3,2020-01-25,-1.0632489522298176,1.0004958311716716,0.00011108815670013428,273.15850766499835
Herriman #3,2020-01-26,-1.4319407145182292,1.0603040059407551,0.0003558771562097718,272.9244073232015
Herriman #3,2020-01-27,-0.05106290181477865,-0.1608893076578776,0.0074262499808241955,274.60795402526855
Herriman #3,2020-01-28,-1.2915337880452473,1.1307123104731243,4.040002829697187e-05,270.9410540262858
Herriman #3,2020-01-29,-0.13179969787597656,-0.43052975336710614,0.0024958899903140264,271.89917373657227
Herriman #3,2020-01-30,-0.25737722714742023,0.17019585768381754,0.0016727507106111261,270.7371991475423
Herriman #3,2020-01-31,-0.6928954124450684,0.6502187649408976,8.02010296752087e-05,268.5667444864909
Herriman #3,2020-02-01,-1.4384396870930989,1.1504007975260417,3.7450076888490003e-06,271.3091220855713
Herriman #3,2020-02-02,-2.051975886027018,1.9434401194254558,4.652158054341271e-07,273.1206506093343
Herriman #3,2020-02-03,1.7688047488530476,-0.7049585978190104,0.012655574083282772,269.88296699523926
Herriman #3,2020-02-04,0.8431669871012369,-1.0171209971110027,0.0018646895885581216,264.0709921518962
Herriman #3,2020-02-05,-0.7429669698079427,1.0488779942194622,0.0008279263972212902,261.6388759613037
Herriman #3,2020-02-06,-1.2068194945653279,1.7626678546269734,0.010379157501688496,266.77099482218426
Herriman #3,2020-02-07,-0.732458750406901,1.1825409730275471,0.00371493399143219,274.8631025950114
Herriman #3,2020-02-08,-1.0598812103271484,0.6992435455322266,9.364187707205929e-05,273.3191312154134
Herriman #3,2020-02-09,0.4153120120366414,-1.5546162923177083,0.00012455880641937256,270.58504549662274
Herriman #3,2020-02-10,-0.012071609497070312,-0.4981212615966797,7.605552673339844e-05,267.8917929331462
Herriman #3,2020-02-11,-0.23727099100748697,-0.24487876892089844,6.693899621268429e-05,266.63370450337726
Herriman #3,2020-02-12,-0.8640225728352865,0.6030312776565552,0.00016449669652729426,267.9416872660319
Herriman #3,2020-02-13,-1.0811748504638672,0.8956411679585775,2.0772218704223633e-05,269.5084520975749
Herriman #3,2020-02-14,-1.770520528157552,1.6695728302001953,2.5749205860847724e-06,269.299352645874
Herriman #3,2020-02-15,-0.5608834425608317,0.06369773546854655,2.3150444029340633e-05,272.86302375793457
Herriman #3,2020-02-16,-1.2354013522466023,1.1416346232096355,0.0045596116378874285,273.30365562438965
Herriman #3,2020-02-17,0.03143163522084554,-0.6978282928466797,0.004198092222111427,272.5338141123454
Herriman #3,2020-02-18,-0.12448628743489583,-0.27691078186035156,7.094442844390869e-05,269.0793762207031
Herriman #3,2020-02-19,-0.0777130126953125,-0.7224217255910238,1.7195939108205494e-06,268.12268956502277
Herriman #3,2020-02-20,-0.661383310953776,0.09203978379567464,0.0,265.52291170756024
Herriman #3,2020-02-21,-1.1316006978352864,0.34559305508931476,8.523463748133508e-07,266.7614345550537
Herriman #3,2020-02-22,-0.992587169011434,-0.17876780033111572,6.188750256796993e-05,270.89525922139484
Herriman #3,2020-02-23,0.04675738016764323,-0.24766087532043457,2.4318694613612024e-06,274.72439193725586
Herriman #3,2020-02-24,0.5836620330810547,-1.047464927037557,0.00039955356606924397,271.42324193318683
Herriman #3,2020-02-25,0.3756297826766968,-1.1453293561935425,0.00024195611467803246,269.3578192392985
Herriman #3,2020-02-26,-0.8332970937093099,0.7134745915730795,8.553266184208042e-07,268.39038785298663
Herriman #3,2020-02-27,-1.2102088928222656,0.774095336596171,0.0,272.3083922068278
Herriman #3,2020-02-28,-1.3711198170979817,0.8452227115631104,8.52346317969932e-07,272.75480461120605
Herriman #3,2020-02-29,-1.8574988047281902,1.9405478239059448,1.7059372794392402e-06,273.7596143086751
Herriman #3,2020-03-01,0.2625357309977214,-0.04274177551269531,0.0062077373265765345,273.6081345876058
Herriman #3,2020-03-02,0.5687522888183594,-0.28684747219085693,0.0012137323616912,271.0895748138428
Herriman #3,2020-03-03,-0.6436373392740885,0.1623830795288086,1.1528721643117024e-05,271.178669611613
Herriman #3,2020-03-04,-1.0812666416168213,0.8551541566848755,4.6193599700927734e-07,272.66893641153973
Herriman #3,2020-03-05,-1.6183775266011555,1.2411537567774455,0.0,274.5786711374919
Herriman #3,2020-03-06,-2.036447525024414,1.3401747544606526,8.583068797918258e-07,275.0438658396403
Herriman #3,2020-03-07,-2.010176340738932,2.073842167854309,1.7112493480908597e-05,276.5394204457601
Herriman #3,2020-03-08,-0.31949424743652344,1.2223171790440877,0.0024608644894215104,278.5096327463786
Herriman #3,2020-03-09,-1.3063672383626301,1.5384012858072917,0.00013946294779998425,275.4788061777751
Herriman #3,2020-03-10,-0.3135801951090495,-0.1296062469482422,0.0001974552869796753,277.5380325317383
Herriman #3,2020-03-11,-1.1730175018310547,0.8587398529052734,0.0008364558219682294,276.10576311747235
Herriman #3,2020-03-12,-0.6485023498535156,0.10928026835123698,0.0004001289606208047,277.58390553792316
Herriman #3,2020-03-13,-0.017615675926208496,-0.07506211598714192,0.000809788703918457,275.8500499725342
Herriman #3,2020-03-14,-1.5467166900634766,3.9215684731801352,0.0005340039729730961,277.0565897623698
Herriman #3,2020-03-15,-0.9639441172281901,3.936671574910482,0.0006764531135559082,278.39834785461426
Herriman #3,2020-03-16,-1.2469476064046223,2.385012070337931,2.828240394592285e-05,278.85191535949707
Herriman #3,2020-03-17,-1.1932271321614583,1.8579157988230388,0.0005064547061905955,278.41311581929523
Herriman #3,2020-03-18,-0.9097244342168173,2.339501698811849,0.004311656778156703,277.2918128967285
Herriman #3,2020-03-19,0.962766965230306,-0.36974767843882245,0.0031919717788468915,276.0492966969808
Herriman #3,2020-03-20,-0.6560770670572916,1.073440949122111,0.0018036932499967406,275.6056022644043
Herriman #3,2020-03-21,-0.480374018351237,1.2311167319615681,0.0005160589034289842,276.1996714274089
Herriman #3,2020-03-22,-0.5325708389282227,0.8006607294082642,0.0004152357578277588,277.02331225077313
Herriman #3,2020-03-23,-1.1039733091990154,1.675587773323059,0.0006552219389845959,276.5796038309733
Herriman #3,2020-03-24,-0.9731267293294271,3.018562157948812,0.002318471670150757,278.4019972483317
Herriman #3,2020-03-25,-0.08328564961751302,0.905528744061788,0.00908467173576355,278.1364409128825
Herriman #3,2020-03-26,1.0970338185628254,-1.7129580577214558,0.009355559945106506,274.2149887084961
Herriman #3,2020-03-27,0.13808377583821616,-0.9274113972981771,0.0001237243413925171,271.1772117614746
Herriman #3,2020-03-28,-0.706915537516276,1.1804393927256267,0.0012632220983164189,272.9033489227295
Herriman #3,2020-03-29,-1.1201070149739583,1.2196261882781982,2.751052369376339e-05,273.22955958048504
Herriman #3,2020-03-30,-0.6519749959309896,1.3784629901250203,0.0005718767642974854,276.0096664428711
Herriman #3,2020-03-31,-0.6137142181396484,2.3075966040293374,0.0006964992399502989,279.2457631429036
Herriman #3,2020-04-01,0.7411975860595703,0.6360918680826823,0.0015016049146652222,282.1153049468994
Herriman #3,2020-04-02,1.6503912607828777,-2.2904586791992188,0.0035273462532927624,274.8072814941406
Herriman #3,2020-04-03,-0.6894849141438802,0.5641117095947266,2.096297845355366e-05,273.8652534484863
Herriman #3,2020-04-04,-1.0469315846761067,1.0466998020807903,0.0002461460888412148,276.61924425760907
Herriman #3,2020-04-05,-1.1617749532063801,2.6769139766693115,0.0017015516756941906,282.0812136332194
Herriman #3,2020-04-06,-0.8472766876220703,3.5011113484700522,0.0008545070886611938,282.79475084940594
Herriman #3,2020-04-07,-0.9448649088541666,1.9242014090220134,0.0004846781491210095,281.73089536031085
Herriman #3,2020-04-08,-1.1509698232014973,-0.3120587666829427,2.1579861538612022e-05,282.0691909790039
Herriman #3,2020-04-09,-0.5709241231282552,0.07055787245432536,0.0018651187419891357,282.5354226430257
Herriman #3,2020-04-10,-0.3035360972086589,0.30702996253967285,4.210002276749947e-05,282.0929927825928
Herriman #3,2020-04-11,-0.19453048706054688,0.261474609375,0.00043779611587524414,282.67898178100586
Herriman #3,2020-04-12,2.0791587829589844,-2.7069950103759766,0.002321969041531702,279.28296661376953
Herriman #3,2020-04-13,1.1791636149088542,-2.501960118611654,0.0005431473254589037,276.0720507303874
Herriman #3,2020-04-14,0.6243851979573568,-0.6620025634765625,0.0,275.4509646097819
Herriman #3,2020-04-15,-0.5087941487630209,0.9760361512502035,0.00094395279883841,278.32191530863446
Herriman #3,2020-04-16,0.5986385345458984,-1.0917406876881917,0.0055869460105881785,277.6681836446126
Herriman #3,2020-04-17,-0.3058541615804036,-0.10438092549641927,1.2405889776800905e-05,277.0818042755127
Herriman #3,2020-04-18,-0.31670061747233075,0.25471941630045575,0.0001696609070336308,280.68320655822754
Herriman #3,2020-04-19,-0.6021614074707031,0.6001816590627035,0.0018362700939178467,280.4166685740153
Herriman #3,2020-04-20,-0.5381819407145182,0.06694690386454265,0.00043727394594483826,281.2858943939209
Herriman #3,2020-04-21,-0.2153911590576172,-1.0342841148376465,5.739927189551963e-06,283.05081939697266
Herriman #3,2020-04-22,0.6208012898763021,-1.7139992713928223,4.194676876068115e-05,285.64246368408203
Herriman #3,2020-04-23,0.10593732198079427,-0.896713654200236,0.0043464601039886475,283.83848826090497
Herriman #3,2020-04-24,0.9466978708902994,-1.7223987579345703,7.998347281912288e-05,282.92950948079425
Herriman #3,2020-04-25,-0.7387173970540365,0.4960378011067708,8.523463215226457e-07,283.7745278676351
Herriman #3,2020-04-26,-1.003409703572591,0.2769304911295573,0.00026683509349823,286.29649416605633
Herriman #3,2020-04-27,-0.7165279388427734,-0.030087709426879883,2.828240394592285e-05,286.5200532277425
Herriman #3,2020-04-28,0.16120147705078125,-1.7313512563705444,7.084012031555176e-05,288.30686950683594
Herriman #3,2020-04-29,-1.1914265950520833,0.531824509302775,2.7179717108083423e-06,287.1986618041992
Herriman #3,2020-04-30,-1.3618399302164714,0.7759832541147867,0.0005247116088931136,290.22304852803546
Herriman #3,2020-05-01,-0.025399525960286457,-1.5073890686035156,0.0013942360877940985,288.19140307108563
Herriman #3,2020-05-02,-0.4220021565755208,0.26428039868672687,0.00015341639518240413,287.08083724975586
Herriman #3,2020-05-03,-0.32388750712076825,-0.9577465852101644,0.0009615302084853283,287.1037120819092
Herriman #3,2020-05-04,0.6645762125651041,-1.9872534275054932,0.0005266755819093305,284.6673946380615
Herriman #3,2020-05-05,-0.5499394734700521,-0.20743672053019205,5.784954737464432e-09,285.3035036722819
Herriman #3,2020-05-06,-0.668664296468099,-0.051697492599487305,0.0,287.6579360961914
Herriman #3,2020-05-07,1.3030128479003906,-3.3328755696614585,0.0,284.6491877237956
Herriman #3,2020-05-08,0.24269421895345053,-0.2611083984375,8.285045574041305e-07,285.09540939331055
Herriman #3,2020-05-09,-0.5126457214355469,-0.8896287282307943,0.0,287.38533846537274
Herriman #3,2020-05-10,-0.8541532357533773,0.13962388038635254,4.2268633841047176e-05,289.3679116566976
Herriman #3,2020-05-11,-0.5267721811930338,1.968844970067342,0.0001735687255859375,292.70544624328613
Herriman #3,2020-05-12,0.5635293324788412,1.8329614400863647,0.00017865300168296017,291.72630564371747
Herriman #3,2020-05-13,1.0168399810791016,-1.0935357411702473,0.0007273554801940918,287.9546476999919
Herriman #3,2020-05-14,0.1569646199544271,-1.1448018550872803,0.00011582672595977783,287.5128231048584
Herriman #3,2020-05-15,0.5409571329752604,-1.5002413590749104,1.3846158879005088e-05,287.0652961730957
Herriman #3,2020-05-16,-0.01492321491241455,-0.8695163329442342,3.2782554626464844e-07,287.68004608154297
Herriman #3,2020-05-17,-1.0269439617792766,2.0126803318659463,8.583068797918258e-07,290.7923444112142
Herriman #3,2020-05-18,-0.19973182678222656,4.9910562833150225,0.0,295.4257011413574
Herriman #3,2020-05-19,0.31493568420410156,3.832237482070923,6.330013275146484e-05,293.9258740743001
Herriman #3,2020-05-20,1.159798304239909,2.708984851837158,0.0006190776824155364,286.16311200459796
Herriman #3,2020-05-21,0.7240238189697266,0.16315348943074545,0.00039924681186676025,286.2473284403483
Herriman #3,2020-05-22,0.09973653157552083,2.1493180990219116,1.958012580871582e-05,289.74897321065265
Herriman #3,2020-05-23,1.6130790710449219,-2.1028332710266113,0.007354468107223511,281.59117952982587
Herriman #3,2020-05-24,0.6819839477539062,-1.9666974941889446,5.668204091335838e-05,283.5057493845622
Herriman #3,2020-05-25,0.35427220662434894,-1.3020998636881511,2.7120113372802734e-06,285.6401761372884
Herriman #3,2020-05-26,-0.19016710917154947,0.05479001998901367,1.7267087741856812e-06,289.5852527618408
Herriman #3,2020-05-27,-0.04493586222330729,-1.5715523560841878,0.00013198256488067273,294.4583994547526
Herriman #3,2020-05-28,-0.2391535441080729,-0.7040339310963949,8.600190142260544e-07,294.3565209706624
Herriman #3,2020-05-29,-0.7632497151692709,0.4222867488861084,3.2573938369750977e-05,296.748877843221
Herriman #3,2020-05-30,-2.0243714650472007,1.6287339528401692,0.0007114887236525647,297.70885276794434
Herriman #3,2020-05-31,-0.7046794891357422,2.293682058652242,0.0006209850311229559,296.2260456085205
Herriman #3,2020-06-01,0.15848731994628906,3.4001068671544394,0.0,297.52370262145996
Herriman #3,2020-06-02,0.83404541015625,0.17384584744771323,2.164090244605177e-05,296.81809933980304
Herriman #3,2020-06-03,-0.07059733072916667,-0.8408957322438558,0.00029595494265777234,296.5964126586914
Herriman #3,2020-06-04,-0.27153778076171875,0.5603923797607422,8.583068797918258e-07,296.86954561869305
Herriman #3,2020-06-05,-0.9891605377197266,1.8153257369995117,0.0,297.6482582092285
Herriman #3,2020-06-06,-1.47705078125,4.107444643974304,0.0016422026449731675,296.70069948832196
Herriman #3,2020-06-07,0.18226969242095947,0.4158891836802165,0.012907147407531738,285.81945037841797
Herriman #3,2020-06-08,1.3656222025553386,-2.1164885759353638,0.004174143075942993,281.0112787882487
Herriman #3,2020-06-09,0.34176063537597656,-0.6487358411153158,0.00013311505307456173,284.60991923014325
Herriman #3,2020-06-10,-0.3902168273925781,0.16641434033711752,4.351138045421976e-07,288.7971846262614
Herriman #3,2020-06-11,-1.329245885213216,1.0732165972391765,0.0,291.96276092529297
Herriman #3,2020-06-12,-1.5646979014078777,2.302093505859375,8.569718374928925e-07,295.1436996459961
Herriman #3,2020-06-13,0.11824925740559895,3.315541386604309,0.0,296.4899450937907
Herriman #3,2020-06-14,1.050313949584961,-1.3520247141520183,8.523463748133508e-07,291.0332088470459
Herriman #3,2020-06-15,0.03440221150716146,0.4531698226928711,1.7107572034547047e-06,293.4402249654134
Herriman #3,2020-06-16,0.6393254597981771,0.276241938273112,0.0004318072574847065,294.5507164001465
Herriman #3,2020-06-17,1.6159407297770183,-2.0762818654378257,0.0071137080776679795,287.1924908955892
Herriman #3,2020-06-18,0.5574951171875,-1.9340216318766277,8.27284338811296e-07,287.11069043477374
Herriman #3,2020-06-19,0.6694507598876953,-1.0149343808492024,1.7117856714321533e-06,289.3705647786458
Herriman #3,2020-06-20,-0.22680981953938803,-0.49078253904978436,1.3665157894138247e-10,292.70203908284503
Herriman #3,2020-06-21,-0.1550617218017578,-0.3074849446614583,4.308824941290368e-07,295.68964258829754
Herriman #3,2020-06-22,0.5503311157226562,-2.065331141153971,0.0,296.7602424621582
Herriman #3,2020-06-23,0.1822052001953125,-1.1213289896647136,0.0,296.12293942769367
Herriman #3,2020-06-24,-0.13784090677897134,-0.428512970606486,0.0,297.7798334757487
Herriman #3,2020-06-25,-0.10062917073567708,-0.8356701135635376,0.00043864190166686967,298.41984303792316
Herriman #3,2020-06-26,0.42119471232096356,-1.3518613179524739,0.0001534312963471507,296.9588254292806
Herriman #3,2020-06-27,-0.2055365244547526,0.2767569224039714,0.0,297.5158297220866
Herriman #3,2020-06-28,0.5828189849853516,2.2764339447021484,1.352106323793123e-05,300.1965961456299
Herriman #3,2020-06-29,1.8417345682779949,-1.2127247254053752,0.010040810255873112,285.3851598103841
Herriman #3,2020-06-30,0.4512799580891927,0.7510717312494913,0.0036809146404266357,286.91442743937176
Herriman #3,2020-07-01,-0.6225624084472656,1.7368577321370442,1.955083208216024e-05,290.8266709645589
Herriman #3,2020-07-02,-0.22504806518554688,2.610853592554728,8.573225045438448e-07,296.15800857543945
Herriman #3,2020-07-03,-0.44542686144510907,2.0410056114196777,8.583068620282575e-07,297.55928866068524
Herriman #3,2020-07-04,-0.566910187403361,2.1504846811294556,7.526874532004513e-05,298.5373191833496
Herriman #3,2020-07-05,0.002075831095377604,-0.19298362731933594,1.690017882083339e-06,299.34053230285645
Herriman #3,2020-07-06,-0.22373767693837485,0.095703125,1.7106532936850272e-06,299.19367535909015
Herriman #3,2020-07-07,0.12816635767618814,1.112143596013387,0.0,299.7956733703613
Herriman #3,2020-07-08,0.5356057484944662,-1.4485979080200195,0.0,297.69776089986163
Herriman #3,2020-07-09,-0.09414609273274739,0.43604302406311035,2.562910594861023e-06,297.7885824839274
Herriman #3,2020-07-10,-0.3459046681722005,0.24476381142934164,2.980414137709886e-09,299.1987698872884
Herriman #3,2020-07-11,-0.3269399007161458,0.11201902230580647,8.52346317969932e-07,300.1797815958659
Herriman #3,2020-07-12,-0.06791432698567708,0.06023224194844564,3.6835670016444055e-06,301.7347819010417
Herriman #3,2020-07-13,0.011107762654622396,-0.6649799346923828,8.553266184208042e-07,301.030969619751
Herriman #3,2020-07-14,0.6711285909016927,-2.0211742321650186,1.2934208015735749e-06,298.27897961934406
Herriman #3,2020-07-15,0.4483782450358073,-1.6446207364400227,1.3027214436078793e-06,298.3589973449707
Herriman #3,2020-07-16,0.027233123779296875,0.012857913970947266,2.0503997752996383e-06,299.8455518086751
Herriman #3,2020-07-17,-0.1243298848470052,1.7482465108235676,6.830990304251827e-05,300.8189875284831
Herriman #3,2020-07-18,0.16487630208333334,0.6506064732869467,0.00016610324382781982,301.9811484018962
Herriman #3,2020-07-19,0.10593159993489583,-1.560616175333659,1.0579824447631836e-06,301.5840422312419
Herriman #3,2020-07-20,0.1446197827657064,-1.447520097096761,3.4586129800118215e-06,301.0400040944417
Herriman #3,2020-07-21,-0.055606842041015625,-0.5620046854019165,4.926323885712236e-06,300.416197458903
Herriman #3,2020-07-22,-0.6650505065917969,0.4446897506713867,0.0015477091073989868,299.0552336374919
Herriman #3,2020-07-23,-0.8381061553955078,2.0364083449045816,0.0002409815788269043,297.48141797383624
Herriman #3,2020-07-24,-0.6941515604654948,2.2323951721191406,1.1378526682648271e-05,297.33068084716797
Herriman #3,2020-07-25,-0.4651165008544922,0.489376703898112,2.7000904083251953e-05,298.3449198404948
Herriman #3,2020-07-26,-0.42508697509765625,-0.5658815701802572,0.0,299.70002365112305
Herriman #3,2020-07-27,-0.4267616271972656,-0.0763560136159261,3.0338764140935837e-06,300.27932866414386
Herriman #3,2020-07-28,0.7569262186686198,0.1471556027730306,0.0009073540266513191,299.1040687561035
Herriman #3,2020-07-29,0.18009154001871744,-1.1647380987803142,8.538665952073643e-07,299.2403202056885
Herriman #3,2020-07-30,-0.18226563930511475,-0.5583919286727905,1.7136334236056427e-06,300.35804176330566
Herriman #3,2020-07-31,-0.6566804250081381,0.5596232016881307,4.297233431316272e-07,301.6062602996826
Herriman #3,2020-08-01,-0.3552697499593099,0.7979594071706136,8.702277796146518e-07,302.8949057261149
Herriman #3,2020-08-02,-0.30105499426523846,0.13305950164794922,0.0,303.18693987528485
Herriman #3,2020-08-03,0.1155535380045573,0.8733126322428385,0.0,302.5525321960449
Herriman #3,2020-08-04,0.7456353505452474,-1.644589106241862,1.7324862596979074e-05,301.4264609018962
Herriman #3,2020-08-05,-0.15698877970377603,0.7893330256144205,0.0,300.55376052856445
Herriman #3,2020-08-06,-0.4153614044189453,3.1713223457336426,8.568425187149842e-07,300.1781641642253
Herriman #3,2020-08-07,-0.28425852457682294,2.572860916455587,1.2010335922241211e-05,299.01483154296875
Herriman #3,2020-08-08,-0.2118403116861979,0.8178878227869669,2.0384788513183594e-05,298.4328905741374
Herriman #3,2020-08-09,-0.14418538411458334,0.6125437418619791,1.7172386037600518e-06,299.1663252512614
Herriman #3,2020-08-10,0.016195297241210938,0.0987475315729777,7.929896014502447e-05,300.0310573577881
Herriman #3,2020-08-11,-0.15630276997884116,0.8103524049123129,0.00012292861937979183,299.53154945373535
Herriman #3,2020-08-12,0.24522781372070312,0.5461007754007975,0.00018240809430380978,298.6865177154541
Herriman #3,2020-08-13,-0.3449942270914714,0.44818611939748126,1.7163153529509145e-06,298.56967480977374
Herriman #3,2020-08-14,0.12107237180074056,-1.2972005208333333,8.553265047339664e-07,300.14438501993817
Herriman #3,2020-08-15,-0.2924485206604004,-0.765420118967692,0.0,299.0258623758952
Herriman #3,2020-08-16,0.12340418497721355,-1.1604408820470173,0.0,300.07106081644696
Herriman #3,2020-08-17,0.012594858805338541,-1.0341308911641438,0.0,301.28752009073895
Herriman #3,2020-08-18,0.14923540751139322,-0.9657881657282511,0.0004798412322948309,301.9032039642334
Herriman #3,2020-08-19,0.06820487976074219,-0.8062357505162557,0.0004870622407402436,303.11607042948407
Herriman #3,2020-08-20,-0.17006746927897134,-0.819041927655538,4.135573590247077e-06,302.02336502075195
Herriman #3,2020-08-21,-0.31481679280598956,-0.4259164333343506,7.30281191749782e-05,301.30849583943683
Herriman #3,2020-08-22,-0.36595916748046875,0.3451041380564372,8.616939020100745e-07,301.1342010498047
Herriman #3,2020-08-23,-0.804253896077474,0.6489969889322916,0.00029297156826046944,301.1279404958089
Herriman #3,2020-08-24,-0.07372665405273438,1.1635497013727825,4.7206878662109375e-05,300.7936102549235
Herriman #3,2020-08-25,-0.15794499715169272,0.909848173459371,0.0002136826515197754,301.62866592407227
Herriman #3,2020-08-26,-0.14853032430013022,1.1644870440165203,1.1253356831275596e-05,300.9263407389323
Herriman #3,2020-08-27,-0.12658806641896567,1.704945166905721,0.0,300.94347445170087
Herriman #3,2020-08-28,0.5828960736592611,-0.9839547077814738,0.00020669698704978146,299.04211870829266
Herriman #3,2020-08-29,0.17937278747558594,0.3612007300059001,3.7425756449493974e-05,298.8129170735677
Herriman #3,2020-08-30,-0.08951695760091145,0.1651922861735026,2.3978948490821494e-05,297.7365366617839
Herriman #3,2020-08-31,0.7220166524251302,-1.8859446048736572,8.52346317969932e-07,294.5268198649089
Herriman #3,2020-09-01,0.9952112833658854,-2.3522133429845176,4.500150680541992e-06,289.417786916097
Herriman #3,2020-09-02,0.42544809977213544,-0.5233578284581503,0.0,292.65863545735675
Herriman #3,2020-09-03,-0.2279071807861328,-0.6775628328323364,0.0,295.70125071207684
Herriman #3,2020-09-04,-0.04708099365234375,-0.267696738243103,8.570413569941593e-07,297.57960828145343
Herriman #3,2020-09-05,-0.4514904022216797,0.030965169270833332,1.698198502708692e-06,299.0198554992676
Herriman #3,2020-09-06,-0.49167633056640625,-0.7104833523432413,1.2858401419180154e-06,300.11083730061847
Herriman #3,2020-09-07,0.36978403727213544,-0.6597784360249838,8.583068833445395e-07,300.4476712544759
Herriman #3,2020-09-08,0.4960613250732422,-4.054140726725261,0.0027340680359770886,287.3949604034424
Herriman #3,2020-09-09,0.09748204549153645,-2.5209001302719116,1.7106531231547706e-06,281.7223981221517
Herriman #3,2020-09-10,0.4497884114583333,-0.9805028438568115,8.642672355563263e-07,286.32522710164386
Herriman #3,2020-09-11,-0.15117454528808594,0.5026196638743082,0.0,288.88490867614746
Herriman #3,2020-09-12,-0.5533014933268229,0.1605053742726644,0.0,292.19730949401855
Herriman #3,2020-09-13,-0.5824197133382162,0.3306693236033122,0.0,293.6979516347249
Herriman #3,2020-09-14,-0.7525049845377604,0.8155638376871744,8.52346317969932e-07,294.8574498494466
Herriman #3,2020-09-15,-0.5225187937418619,-0.08290481567382812,8.52346317969932e-07,295.42200724283856
Herriman #3,2020-09-16,-0.3799400329589844,-0.2494481404622396,0.0,295.25385030110675
Herriman #3,2020-09-17,-0.5854657491048177,0.28531455993652344,4.351138045421976e-07,295.44264030456543
Herriman #3,2020-09-18,-1.1199086507161458,1.4732672373453777,3.0024913826309785e-06,295.23388862609863
Herriman #3,2020-09-19,-0.07780838012695312,0.26469600200653076,0.0016052156686896524,293.83528963724774
Herriman #3,2020-09-20,0.05509312947591146,-0.8638184865315756,1.717666123113304e-06,291.10656420389813
Herriman #3,2020-09-21,-0.28947003682454425,0.32143620649973553,4.2319288695580326e-07,293.0769729614258
Herriman #3,2020-09-22,-0.8908583323160807,1.9591408570607503,2.905130385855159e-05,294.8861554463704
Herriman #3,2020-09-23,-0.461700439453125,0.5840126673380533,0.00019782781600952148,294.6698188781738
Herriman #3,2020-09-24,-0.5805486043294271,1.4415424664815266,0.0,294.8997433980306
Herriman #3,2020-09-25,0.14402643839518228,0.06152915954589844,4.351138045421976e-07,296.0190684000651
Herriman #3,2020-09-26,0.009404500325520834,-0.9077450037002563,0.0,293.84921010335285
Herriman #3,2020-09-27,1.2804609934488933,-2.837551395098368,4.351138045421976e-07,287.11628913879395
Herriman #3,2020-09-28,0.7412452697753906,-1.7888011535008748,0.0,286.38470967610675
Herriman #3,2020-09-29,0.19945462544759116,-0.39946238199869794,1.2809094300791912e-06,288.03874651590985
Herriman #3,2020-09-30,0.06750806172688802,-0.8046245574951172,2.148747398678097e-06,290.19620005289715
Herriman #3,2020-10-01,0.11283302307128906,-0.8973675966262817,0.0,291.093962987264
Herriman #3,2020-10-02,-0.2366937001546224,-0.31810200214385986,0.0,290.6981652577718
Herriman #3,2020-10-03,0.05124727884928385,-0.5217647552490234,1.2934207802572928e-06,291.26683870951337
Herriman #3,2020-10-04,-0.42112986246744794,0.1907226244608561,0.0,290.79856808980304
Herriman #3,2020-10-05,-0.6385135650634766,-0.10303878784179688,0.0,291.8214060465495
Herriman #3,2020-10-06,-0.5075302124023438,-0.20163559913635254,8.52346317969932e-07,291.1377951304118
Herriman #3,2020-10-07,-0.8269710540771484,0.3335614999135335,3.2782554626464844e-07,290.58861033121747
Herriman #3,2020-10-08,-0.8986873626708984,1.0969265699386597,2.5722607119860186e-06,292.0283788045247
Herriman #3,2020-10-09,-0.5261027018229166,1.0361448923746746,4.380941049930698e-07,293.19300270080566
Herriman #3,2020-10-10,-0.4853432973225911,1.9569965600967407,0.0,291.6567503611247
Herriman #3,2020-10-11,1.442177454630534,-1.5171500444412231,0.0041977107524857615,287.47032928466797
Herriman #3,2020-10-12,-0.4431927998860677,1.0949511528015137,3.0141636671032757e-06,284.2644799550374
Herriman #3,2020-10-13,-0.47947533925374347,0.6737940708796183,4.3580138253673795e-07,289.3781382242839
Herriman #3,2020-10-14,0.17926534016927084,-0.8817736307779948,0.0,289.66903559366864
Herriman #3,2020-10-15,1.0214568376541138,-1.9991953372955322,0.0,282.7384745279948
Herriman #3,2020-10-16,0.03869859377543131,0.16574760278066,8.380974350075121e-07,282.7569065093994
Herriman #3,2020-10-17,-0.1289647420247396,0.6468255519866943,1.2834256608584838e-06,285.8215274810791
Herriman #3,2020-10-18,-0.272610346476237,-0.1524268388748169,5.960430371487746e-09,288.5017598470052
Herriman #3,2020-10-19,-0.3529205322265625,-0.10849428176879883,1.2872200727542804e-06,288.56311798095703
Herriman #3,2020-10-20,-0.5101445515950521,-0.28767824172973633,0.0,287.6710554758708
Herriman #3,2020-10-21,-0.45387840270996094,0.586896538734436,4.351138045421976e-07,288.22789001464844
Herriman #3,2020-10-22,1.0210558573404949,-1.8764379421869914,4.261732087229575e-07,283.49255498250324
Herriman #3,2020-10-23,0.48953266938527423,-0.33853713671366376,8.70227722771233e-07,278.64255078633624
Herriman #3,2020-10-24,-0.3380502065022786,0.9221006631851196,0.0,282.2041867574056
Herriman #3,2020-10-25,1.536949872970581,-2.3966062863667807,0.0028452616217009563,278.2671763102214
Herriman #3,2020-10-26,0.9889539082845052,-3.3187478383382163,0.00011259361383508804,269.68409093221027
Herriman #3,2020-10-27,0.5993970235188802,-1.2049099206924438,-3.1539570954919327e-09,273.0901273091634
Herriman #3,2020-10-28,0.05819511413574219,-0.48694483439127606,0.0,276.3392384847005
Herriman #3,2020-10-29,-0.6068064371744791,0.23789580663045248,8.583068797918258e-07,278.52382977803546
Herriman #3,2020-10-30,-1.0339704751968384,0.8482176860173544,3.4405547921778634e-06,280.2760016123454
Herriman #3,2020-10-31,-0.7165781656901041,0.3842614491780599,8.52346317969932e-07,282.99843978881836
Herriman #3,2020-11-01,-0.7707621256510416,-0.005362192789713542,0.0,281.68955357869464
Herriman #3,2020-11-02,-0.8722419738769531,0.05658404032389323,4.351138613856165e-07,282.6043389638265
Herriman #3,2020-11-03,-0.8849006096522013,0.2736937204996745,4.351138045421976e-07,284.3762601216634
Herriman #3,2020-11-04,-0.9383234182993571,0.587012767791748,1.7106532368416083e-06,285.6424255371094
Herriman #3,2020-11-05,-1.0997012853622437,0.5706876118977865,1.78813479578821e-08,284.95362218221027
Herriman #3,2020-11-06,-2.0522748629252114,1.9007727305094402,3.4433696782798506e-06,285.54710896809894
Herriman #3,2020-11-07,-2.0634180704752603,2.565164804458618,0.002253949642124553,286.1420618693034
Herriman #3,2020-11-08,-0.6272366841634115,3.4968390464782715,0.007023647427558899,276.8834635416667
Herriman #3,2020-11-09,0.6357777913411459,-0.6939060688018799,0.0031118035315671477,271.8495610555013
Herriman #3,2020-11-10,-0.9389572143554688,1.4254032373428345,0.00028645249068404155,269.1201756795247
Herriman #3,2020-11-11,-1.1246407826741536,1.3440577586491902,0.0004112781830372114,270.8997739156087
Herriman #3,2020-11-12,-0.9272206624348959,0.41994508107503253,0.00104762911786338,269.9301897684733
Herriman #3,2020-11-13,-2.025331497192383,1.550770362218221,1.801848407012585e-05,270.11616770426434
Herriman #3,2020-11-14,0.9243202209472656,0.31624658902486164,0.007406103610946957,274.9554360707601
Herriman #3,2020-11-15,-1.8544254302978516,1.5151039361953735,3.581351091952456e-05,273.3266461690267
Herriman #3,2020-11-16,-1.6135266621907551,0.7405716975529989,1.708582431092509e-06,277.4729010264079
Herriman #3,2020-11-17,-2.370776971181234,1.388254205385844,3.8575223584302876e-06,276.83383623758954
Herriman #3,2020-11-18,-1.8627249399820964,2.336640556653341,0.00013627409930450085,282.26562627156574
Herriman #3,2020-11-19,0.054018656412760414,-1.0803724924723308,0.00041575729846954346,280.2038065592448
Herriman #3,2020-11-20,-0.6372992197672526,-0.8611001173655192,0.0,274.26988410949707
Herriman #3,2020-11-21,-0.26944923400878906,-0.744743545850118,4.351138045421976e-07,273.5238030751546
Herriman #3,2020-11-22,-0.7377471923828125,-0.10856854915618896,2.86102294921875e-06,271.68703333536786
Herriman #3,2020-11-23,-0.6786766052246094,-0.5248961846033732,0.0001925826072692871,272.5308380126953
Herriman #3,2020-11-24,0.3403638203938802,-1.0352868636449177,0.0005283474922066489,272.913516998291
Herriman #3,2020-11-25,-1.0139293670654297,1.0568438371022542,5.084792178422504e-06,272.84260177612305
Herriman #3,2020-11-26,0.7895195484161377,-2.107064723968506,0.0008929967880249023,272.6014181772868
Herriman #3,2020-11-27,-0.08559226989746094,-1.061078389485677,0.0,269.96181869506836
Herriman #3,2020-11-28,-0.5167648792266846,0.037953853607177734,4.351138045421976e-07,271.10805066426593
Herriman #3,2020-11-29,-0.40680114428202313,-0.49043822288513184,0.0,272.13095156351727
Herriman #3,2020-11-30,-1.2433458964029949,0.6355470816294352,4.351138045421976e-07,271.7868003845215
Herriman #3,2020-12-01,0.3017098506291707,-1.380495548248291,4.976987838745117e-05,273.28448994954425
Herriman #3,2020-12-02,-0.3103104829788208,-0.6658579508463541,7.790326890244614e-06,270.00132179260254
Herriman #3,2020-12-03,-0.553076426188151,-0.45276514689127606,5.959918780717999e-09,269.42288970947266
Herriman #3,2020-12-04,-0.45471986134847003,-0.6106685002644857,8.553265615773853e-07,269.53482755025226
Herriman #3,2020-12-05,-0.4224020640055339,-0.362722913424174,5.684341886080802e-14,270.87484486897785
Herriman #3,2020-12-06,-1.0539487202962239,-0.052982449531555176,1.2993811537853617e-06,271.9201208750407
Herriman #3,2020-12-07,-0.36563746134440106,-0.8183447122573853,0.0,272.225191116333
Herriman #3,2020-12-08,-0.6341641743977865,-0.3960164388020833,0.0,271.98498853047687
Herriman #3,2020-12-09,-1.1691195170084636,0.16393550237019858,8.583068833445395e-07,272.3466854095459
Herriman #3,2020-12-10,-0.17497380574544272,-0.8362838427225748,2.9802322387695312e-08,273.12715339660645
Herriman #3,2020-12-11,-0.4847157796223958,-0.11294106642405193,0.001361900568003449,269.6433022816976
Herriman #3,2020-12-12,-0.3228302001953125,-0.8362816174825033,0.00355607271194458,268.7983290354411
Herriman #3,2020-12-13,-1.1220706303914387,0.5284465551376343,1.0165572120968136e-05,265.8827438354492
Herriman #3,2020-12-14,-0.31973564624786377,-0.05907674630482992,0.002203780412571632,270.47512181599933
Herriman #3,2020-12-15,0.15811280409495035,0.003325978914896647,0.0005226582288742065,268.0007775624593
Herriman #3,2020-12-16,-1.1610056559244792,1.2376502354939778,0.0003730177878082941,269.7992083231608
Herriman #3,2020-12-17,-1.7996864318847656,1.3463547229766846,0.0028853744267394177,270.6816775004069
Herriman #3,2020-12-18,0.593743085861206,-0.6306269566218058,0.005665513872997963,271.34939193725586
Herriman #3,2020-12-19,-1.4504038492838542,0.9456503391265869,1.0460615158081055e-05,266.4415448506673
Herriman #3,2020-12-20,-1.7307772239049275,1.1001262664794922,3.775358199575862e-05,268.0680236816406
Herriman #3,2020-12-21,-1.5172827243804932,1.217444618542989,2.7867672542924993e-06,274.1378650665283
Herriman #3,2020-12-22,-0.9833997090657552,0.5577024618784586,0.0010450152039993554,271.34634590148926
Herriman #3,2020-12-23,1.0308163960774739,-1.5402424732844036,0.0008839249609877697,267.21342277526855
Herriman #3,2020-12-24,-1.2914270559946697,0.4549667040506999,3.6984681059948343e-06,262.66981252034503
Herriman #3,2020-12-25,-1.3582273324330647,0.20351473490397134,2.4319760996149853e-06,264.43766657511395
Herriman #3,2020-12-26,-1.5791740417480469,0.5682754516601562,0.0010706095819728034,268.74796930948895
Herriman #3,2020-12-27,-0.4852040608723958,0.2721443176269531,0.002661022543861691,271.6725279490153
Herriman #3,2020-12-28,-1.1990854740142822,-0.14513715108235678,0.0022185027598311535,266.2744000752767
Herriman #3,2020-12-29,0.15337371826171875,-0.6398550669352213,0.002039563692392221,267.88119379679364
Herriman #3,2020-12-30,-1.3043284018834431,0.5936744213104248,1.110434521933712e-05,263.5848509470622
Herriman #3,2020-12-31,-0.9046321312586466,0.204652468363444,0.0006743733811163111,267.5008074442546
Herriman #3,2021-01-01,-0.3162487745285034,-0.055633544921875,0.00028358399868011475,266.2551549275716
Herriman #3,2021-01-02,-1.2664511601130168,0.8367178042729696,7.195770740509033e-05,265.9107920328776
Herriman #3,2021-01-03,-1.6878859599431355,1.2459869384765625,0.0016838252544353338,267.8875096638997
Herriman #3,2021-01-04,-1.767764409383138,1.1148980458577473,0.00012034475793143429,269.36093584696454
Herriman #3,2021-01-05,-0.48346900939941406,0.23958035310109457,0.003224450349705421,273.69101969401044
Herriman #3,2021-01-06,-1.208221673965454,0.48634270826975506,1.573562620649227e-06,267.6025282541911
Herriman #3,2021-01-07,-1.2699488401412964,0.11945231755574544,0.0,268.54616928100586
Herriman #3,2021-01-08,-1.3038742542266846,0.3057060241699219,8.583068797918258e-07,266.54675102233887
Herriman #3,2021-01-09,-0.15762480099995932,-0.8670554161071777,0.00030908330097645376,269.7243137359619
Herriman #3,2021-01-10,-0.7650343577067057,0.21302262941996256,0.000105880558521676,265.0940965016683
Herriman #3,2021-01-11,-0.9819609324137369,0.29859034220377606,1.7040967918546812e-05,263.4723695119222
Herriman #3,2021-01-12,-1.300886631011963,0.545218269030253,2.7663481318995764e-06,266.1873137156169
Herriman #3,2021-01-13,-1.5226936340332031,1.2160757382710774,5.5584311382972373e-05,272.347998936971
Herriman #3,2021-01-14,-0.319122314453125,-0.6527107954025269,0.0006514072417189709,272.35829671223956
Herriman #3,2021-01-15,-1.4394200642903645,0.539469043413798,0.0,268.29285685221356
Herriman #3,2021-01-16,-0.6258831024169922,-0.035127838452657066,0.00014191865921020508,273.05842145284015
Herriman #3,2021-01-17,-1.2636394500732422,0.6223494211832682,0.0,270.43469365437824
Herriman #3,2021-01-18,-0.09222602844238281,-0.7533692916234335,0.0007328122853209607,272.5324427286784
Herriman #3,2021-01-19,-0.4979836543401082,-0.6676281690597534,0.00014032423496246338,268.2740618387858
Herriman #3,2021-01-20,-1.2103602091471355,0.42115259170532227,0.0,268.3157501220703
Herriman #3,2021-01-21,-1.493075688680013,0.8800721565882365,0.0,270.59699694315594
Herriman #3,2021-01-22,-1.664759357770284,1.2222624222437541,5.003809928894043e-05,273.09925206502277
Herriman #3,2021-01-23,-0.8851823806762695,1.9315743446350098,0.007976981997387611,273.5407072703044
Herriman #3,2021-01-24,0.0816357930501302,-0.3651244242986043,0.003529474139213562,270.61170895894367
Herriman #3,2021-01-25,-1.043600082397461,0.42291561762491864,0.0002237260341644287,266.5851281483968
Herriman #3,2021-01-26,-0.8039404551188151,0.278500239054362,0.0018933892249037854,267.0798759460449
Herriman #3,2021-01-27,-1.6542091369628906,2.2802346547444663,0.0003228962420394055,266.099079767863
Herriman #3,2021-01-28,-2.1896053155263266,1.991779883702596,0.0001799315213020236,271.2102387746175
Herriman #3,2021-01-29,-1.9618345896402996,1.5721765756607056,0.0002180062567163077,271.26174863179523
Herriman #3,2021-01-30,-0.19531567891438803,1.0076929728190105,0.004173191485335792,272.52717844645184
Herriman #3,2021-01-31,-1.273092269897461,0.6232916514078776,5.874037640296592e-06,268.04170989990234
Herriman #3,2021-02-01,-1.6280498504638672,0.7870949506759644,1.2818524055546732e-06,268.64088439941406
Herriman #3,2021-02-02,-1.8433036804199219,1.3520836035410564,1.2814997489840607e-06,272.88094393412274
Herriman #3,2021-02-03,-0.5513439178466797,0.9789862235387167,0.005614778871802173,275.6359494527181
Herriman #3,2021-02-04,0.47504107157389325,-0.8296744028727213,0.0018436610698131517,270.54232851664227
Herriman #3,2021-02-05,-1.1206194559733074,1.1096256176630657,0.0015105426310810799,269.4024353027344
Herriman #3,2021-02-06,-1.0640087127685547,0.9857834577560425,0.0011706577572567767,270.56093406677246
Herriman #3,2021-02-07,-1.2259063720703125,0.9856956799825033,1.2934457913615915e-06,273.4148534138997
Herriman #3,2021-02-08,-1.2798875172932942,1.2186444600423176,8.485461080454115e-07,273.8897787729899
Herriman #3,2021-02-09,-1.0904687245686848,0.9692046642303467,0.0005156636237870771,275.27418327331543
Herriman #3,2021-02-10,-0.9104423522949219,0.9936243693033854,0.0009726732969284058,274.3295300801595
Herriman #3,2021-02-11,-0.9748935699462891,0.8964118957519531,3.8021802900800594e-05,274.28208351135254
Herriman #3,2021-02-12,-0.6463718414306641,1.1579341888427734,0.007206532359020912,275.5232696533203
Herriman #3,2021-02-13,-0.5202236175537109,0.5732645193735758,0.009334954619305336,273.8386650085449
Herriman #3,2021-02-14,1.0429174502690632,-1.7951993147532146,0.007254274240949599,270.04962730407715
Herriman #3,2021-02-15,-1.2974951267242432,1.3712201118469238,0.003540366164770603,267.68909009297687
Herriman #3,2021-02-16,-0.26820945739746094,0.16877047220865884,0.012351277470486366,270.34079424540204
Herriman #3,2021-02-17,1.37520166238149,-1.2244655688603718,0.00558062493792022,268.87710762023926
Herriman #3,2021-02-18,-0.3655103047688802,0.5430072546005249,0.00017388463010092892,266.1465021769206
Herriman #3,2021-02-19,-1.4696446657180786,1.7454863389333088,0.001891300082206726,268.51914914449054
Herriman #3,2021-02-20,-0.6708314816157023,-0.1128389040629069,0.0020024776458740234,272.65213267008465
Herriman #3,2021-02-21,0.5730819702148438,-0.7907695770263672,0.0002535581588745117,270.06487973531085
Herriman #3,2021-02-22,-1.0946305592854817,1.0989134311676025,5.053159270573815e-06,269.6815306345622
Herriman #3,2021-02-23,-0.8278433481852213,0.035904924074808754,1.1354674143149168e-06,270.77658462524414
Herriman #3,2021-02-24,-0.6112957000732422,-0.6429909865061442,0.00013876259316703,269.29190762837726
Herriman #3,2021-02-25,0.14963996410369873,-0.4628758430480957,0.00011515617370605469,266.9604682922363
Herriman #3,2021-02-26,-1.2547378937403362,1.5532560745875041,0.00013307034959098019,267.92374483744305
Herriman #3,2021-02-27,-0.0066293080647786455,-0.15475809574127197,0.0024847607182891807,268.5101776123047
Herriman #3,2021-02-28,-0.3249041239420573,0.004146575927734375,0.0003488421439215017,266.42885335286456
Herriman #3,2021-03-01,-0.9536736806233724,0.8145013650258383,4.351138045421976e-07,267.14880116780597
Herriman #3,2021-03-02,-1.589365005493164,0.9097896019617716,0.0,268.62839953104657
Herriman #3,2021-03-03,-1.6691176096598308,0.7490891615549723,0.0,270.0579255421956
Herriman #3,2021-03-04,-1.4027099609375,1.1898428599039714,0.00138901472081443,273.07426325480145
Herriman #3,2021-03-05,-1.2692604064941406,0.9158223470052084,1.2904405366498395e-06,273.13719240824383
Herriman #3,2021-03-06,-2.12477175394694,1.4567029476165771,0.0,273.50647354125977
Herriman #3,2021-03-07,-0.4537347157796224,-0.3452690839767456,1.2874602361989673e-06,277.21742566426593
Herriman #3,2021-03-08,-1.8605785369873047,1.586120367050171,5.835294722089657e-06,278.1529833475749
Herriman #3,2021-03-09,0.5736993153889974,-0.8509618838628134,0.00016349554061889648,276.37624804178876
Herriman #3,2021-03-10,0.014926274617513021,0.7448714971542358,0.0012746870517617026,272.60812822977704
Herriman #3,2021-03-11,-0.787011464436849,0.5705708265304565,0.001447787880863416,272.7133541107178
Herriman #3,2021-03-12,-0.38956769307454425,-1.0441564718882244,0.0003328770399093628,271.9165725708008
Herriman #3,2021-03-13,0.11464118957519531,-0.6820710500081381,0.003585629369808885,272.9095859527588
Herriman #3,2021-03-14,0.43821461995442706,-1.1957861979802449,0.0002983107453928824,275.5000769297282
Herriman #3,2021-03-15,-1.1656901041666667,1.4186248779296875,3.222518159873289e-06,276.3213532765706
Herriman #3,2021-03-16,-0.4515346686045329,-0.12674387296040854,0.0007422864437103271,276.53115971883136
Herriman #3,2021-03-17,-0.5043194691340128,0.7077670494715372,0.0006276845931552089,276.7706133524577
Herriman #3,2021-03-18,-1.3492679595947266,1.506388266881307,3.7643313305579795e-05,277.7050387064616
Herriman #3,2021-03-19,-1.695625940958659,1.9914822578430176,4.150889253651258e-06,279.5708700815837
Herriman #3,2021-03-20,-0.45778338114420575,0.9019317626953125,0.009024444222404782,279.2684440612793
Herriman #3,2021-03-21,0.8516623179117838,-0.9991199572881063,0.0042243361472174,273.7528559366862
Herriman #3,2021-03-22,-0.1244061787923177,0.3533287048339844,0.00047022104263305664,271.66291999816895
Herriman #3,2021-03-23,0.22213045756022134,-1.1724077860514324,0.0014935910700728527,273.45392417907715
Herriman #3,2021-03-24,0.5403029123942057,-1.81512451171875,0.0003057748078276745,273.1566982269287
Herriman #3,2021-03-25,-0.7568480173746744,1.2922597726186116,0.0010082334279104543,274.3992099761963
Herriman #3,2021-03-26,1.064583460489909,-1.0521234671274822,0.007700079679484162,274.1762269337972
Herriman #3,2021-03-27,-0.025056838989257812,-0.24149131774902344,3.871687226819631e-06,274.7200113932292
Herriman #3,2021-03-28,-1.0382639567057292,1.6023108164469402,1.2806219729100121e-06,277.1426321665446
Herriman #3,2021-03-29,-0.42581621805826825,0.095977783203125,7.350305219233633e-05,277.49584007263184
Herriman #3,2021-03-30,1.0334517161051433,-1.9227784474690754,6.120204915305294e-05,272.54344813028973
Herriman #3,2021-03-31,-0.6142997741699219,0.3527304331461589,1.707727676603099e-06,273.29196484883624
Herriman #3,2021-04-01,-0.9572302500406901,0.8147905667622884,1.7010105466397363e-06,277.3561757405599
Herriman #3,2021-04-02,-1.4239317576090496,1.2923229138056438,8.753334554967296e-07,281.0158157348633
Herriman #3,2021-04-03,-1.4624557495117188,1.0893070697784424,6.19787307414299e-05,283.44704882303876
Herriman #3,2021-04-04,-1.3818353017171223,1.1749966939290364,2.56259389175284e-05,285.6065381368001
Herriman #3,2021-04-05,-0.713006337483724,0.2713692982991536,0.00038889598971536543,285.2265485127767
Herriman #3,2021-04-06,1.4665090640385945,-1.1091066996256511,0.006978267431257734,277.3278973897298
Herriman #3,2021-04-07,-1.0405375560124714,0.8489952087402344,0.0,277.96300379435223
Herriman #3,2021-04-08,-0.5182768503824869,-0.5024579366048177,0.0,280.52698453267413
Herriman #3,2021-04-09,0.6814753214518229,-1.816752552986145,0.0,279.42106374104816
Herriman #3,2021-04-10,-0.7012418111165365,0.3869927724202474,0.0,280.291955947876
Herriman #3,2021-04-11,0.8597825368245443,-1.8126843770345051,4.351138613856165e-07,281.14354133605957
Herriman #3,2021-04-12,0.31842076778411865,-1.443489710489909,1.29405162851981e-06,278.9214394887288
Herriman #3,2021-04-13,-0.9787495930989584,-0.5881558656692505,0.0012723475936873285,278.94217618306476
Herriman #3,2021-04-14,-0.8708082834879557,-0.009044766426086426,0.011800664663269345,278.6400674184163
Herriman #3,2021-04-15,0.8021430969238281,-1.0308236678441365,0.0051376998919749894,276.8955656687419
Herriman #3,2021-04-16,0.5337028503417969,-0.4516334533691406,0.00225390501060474,277.571772257487
Herriman #3,2021-04-17,-0.2945963541666667,-1.4789179960886638,0.000125357508654389,277.820109685262
Herriman #3,2021-04-18,-0.10140291849772136,-1.0984967549641926,4.351138045421976e-07,279.49058723449707
Herriman #3,2021-04-19,0.2903156280517578,0.20716492335001627,0.00040733814239501953,281.7993043263753
Herriman #3,2021-04-20,0.23885472615559897,-1.3353640238444011,5.960464477539062e-07,279.7155062357585
Herriman #3,2021-04-21,-0.9345378875732422,-1.0879412094751995,0.0016071498394012451,280.1416727701823
Herriman #3,2021-04-22,0.10841886202494304,-0.7913080851236979,1.3001368301956973e-06,281.00189844767254
Herriman #3,2021-04-23,-0.2238763173421224,-0.4887077808380127,0.0003371824089413167,282.2839705149333
Herriman #3,2021-04-24,-0.8473529815673828,1.1335113048553467,0.00019714832302497598,282.76358731587726
Herriman #3,2021-04-25,-0.14701398213704428,0.08493411540985107,0.00018798472973458047,283.3237241109212
Herriman #3,2021-04-26,0.5230553944905599,-0.01864469051361084,0.010006815195083618,280.1861998240153
Herriman #3,2021-04-27,0.8355801900227865,-2.1888402303059897,0.0021080666145962823,278.20223744710285
Herriman #3,2021-04-28,0.6556464831034342,-2.367384910583496,2.625584500037803e-06,282.1249243418376
Herriman #3,2021-04-29,-0.14504806200663248,-0.8626903295516968,8.583068797918258e-07,283.72563616434735
Herriman #3,2021-04-30,-0.6394545237223307,0.15465247631072998,4.351138045421976e-07,287.24962361653644
Herriman #3,2021-05-01,-0.8594900767008463,0.9032620588938395,0.0002294778823852539,289.88311767578125
Herriman #3,2021-05-02,1.238303502400716,-2.2726221084594727,0.0009350180625915527,286.4620049794515
Herriman #3,2021-05-03,1.2343298594156902,-2.641886075337728,0.0019070446491191717,283.0864969889323
Herriman #3,2021-05-04,0.35853004455566406,-0.5641986926396688,4.434585566315263e-06,284.4291356404622
Herriman #3,2021-05-05,-0.19974835713704428,-1.0654670000076294,8.52346317969932e-07,286.54857508341473
Herriman #3,2021-05-06,-1.2273019949595134,0.9029133717219034,8.52346317969932e-07,287.34732246398926
Herriman #3,2021-05-07,-0.5153840382893881,2.551246960957845,3.4996867174896806e-05,291.29727490743
Herriman #3,2021-05-08,1.6437649726867676,-2.7800214290618896,0.0014744400978088379,284.756051381429
Herriman #3,2021-05-09,0.8541762034098307,-1.4112962086995442,5.2905196525898646e-06,282.3659807840983
Herriman #3,2021-05-10,0.8623091379801432,-1.7231019735336304,0.0019321661384879008,281.8549289703369
Herriman #3,2021-05-11,0.7834904988606771,-1.3434200286865234,5.447864509733336e-06,282.94662857055664
Herriman #3,2021-05-12,-0.2819436391194661,0.16960450013478598,1.7195939676639682e-06,285.42938804626465
Herriman #3,2021-05-13,-0.5148372650146484,-0.15396777788798013,1.721067462767678e-06,289.14122072855633
Herriman #3,2021-05-14,-0.6223646799723307,-0.33447523911794025,0.00010962694949512297,291.72181065877277
Herriman #3,2021-05-15,-0.2114861806233724,-0.3359295129776001,0.0003303857047285419,291.63893191019696
Herriman #3,2021-05-16,-0.3128395080566406,-1.170257568359375,0.0021678419977888552,290.7461751302083
Herriman #3,2021-05-17,0.22902870178222656,-1.0394547780354817,0.00033848285664817013,288.359561920166
Herriman #3,2021-05-18,-0.24715232849121094,-0.7179948488871256,0.0002937704325240986,291.06770515441895
Herriman #3,2021-05-19,-0.23851966857910156,1.187244137128194,2.0802020976873337e-06,292.7144883473714
Herriman #3,2021-05-20,0.8147811889648438,0.46047449111938477,0.00026397705073577526,292.0188636779785
Herriman #3,2021-05-21,1.3102919260660808,-1.0693351030349731,0.0025559812784194946,285.668265024821
Herriman #3,2021-05-22,0.48635609944661456,0.9043089548746744,0.0006098151206970215,284.36933008829754
Herriman #3,2021-05-23,0.31064414978027344,1.276553471883138,0.004667550325393677,283.0897909800212
Herriman #3,2021-05-24,0.34662119547526044,1.0963775316874187,0.0024214928122212598,282.91375668843585
Herriman #3,2021-05-25,-0.3566430409749349,1.1271464029947917,0.0,287.79590225219727
Herriman #3,2021-05-26,0.9346790313720703,-2.0887959798177085,4.355752406581814e-05,289.06738408406574
Herriman #3,2021-05-27,-0.3710091908772786,-0.32860755920410156,0.0,288.897513071696
Herriman #3,2021-05-28,-0.19563992818196616,-0.7116502126057943,1.0013580322265625e-05,291.7844950358073
Herriman #3,2021-05-29,0.7476959228515625,-2.5125033060709634,1.9490718841552734e-05,291.83927790323895
Herriman #3,2021-05-30,0.7224114735921224,-1.7431284586588542,8.523463748133508e-07,292.23582394917804
Herriman #3,2021-05-31,0.12877019246419272,-1.3900807698567708,0.0,293.03565152486163
Herriman #3,2021-06-01,0.18289446830749512,-1.1769571701685588,1.2713479122794524e-06,294.4796193440755
Herriman #3,2021-06-02,-0.1805793841679891,-1.1170196533203125,0.0,295.7426764170329
Herriman #3,2021-06-03,-0.08721288045247395,-0.742297371228536,1.2771693036484066e-06,297.7334410349528
Herriman #3,2021-06-04,-0.2558428446451823,-0.49967702229817706,0.0,299.3306528727214
Herriman #3,2021-06-05,0.12283766269683838,0.10637664794921875,7.868707179525813e-05,300.04675483703613
Herriman #3,2021-06-06,0.7722676595052084,-0.4504876931508382,3.233551979420213e-05,297.9068063100179
Herriman #3,2021-06-07,0.3929913838704427,2.742222785949707,0.0,298.8785483042399
Herriman #3,2021-06-08,0.11602973937988281,4.342883427937825,4.351138045421976e-07,298.40049107869464
Herriman #3,2021-06-09,-0.18858023484547934,4.298317035039266,0.0,297.39496358235675
Herriman #3,2021-06-10,1.6925048828125,1.4588373104731243,0.0,294.6040433247884
Herriman #3,2021-06-11,0.582953135172526,-1.1634281476338704,0.0,289.09478187561035
Herriman #3,2021-06-12,-0.2892627716064453,-0.3383644421895345,0.0,294.077885945638
Herriman #3,2021-06-13,-0.41639137268066406,0.5748554468154907,8.52346317969932e-07,298.12992731730145
Herriman #3,2021-06-14,-0.5445308685302734,2.859523375829061,0.0,301.05056444803876
Herriman #3,2021-06-15,-0.48135948181152344,3.211682399113973,8.467811198897834e-07,302.6418005625407
Herriman #3,2021-06-16,0.8985087076822916,-0.22878738244374594,8.52346317969932e-07,302.792511622111
Herriman #3,2021-06-17,0.14988072713216147,-1.475438078244527,2.142786968306609e-06,301.6824194590251
Herriman #3,2021-06-18,-0.3828837076822917,-0.32671844959259033,7.674098014831543e-06,302.12898381551105
Herriman #3,2021-06-19,0.5842444101969401,-0.7733993530273438,9.204695186326717e-05,301.9318027496338
Herriman #3,2021-06-20,0.7167873382568359,-1.8620586395263672,1.722058641462354e-06,301.2058296203613
Herriman #3,2021-06-21,0.35307947794596356,-1.1160165071487427,0.0,300.24837493896484
Herriman #3,2021-06-22,-0.26429112752278644,1.5505967140197754,0.0,301.0483042399089
Herriman #3,2021-06-23,0.2747484842936198,2.3027974367141724,1.4055504323096102e-05,300.7272548675537
Herriman #3,2021-06-24,0.3255685170491536,0.8573713699976603,0.005488997697796094,295.9430236816406
Herriman #3,2021-06-25,0.1686229705810547,0.1105664571126302,7.700060376691908e-05,294.1033795674642
Herriman #3,2021-06-26,0.2983144124348958,-1.8349666595458984,4.783272743225098e-06,296.05637550354004
Herriman #3,2021-06-27,0.26199913024902344,-0.8303960164388021,0.0,296.2272841135661
Herriman #3,2021-06-28,-0.21199162801106772,-0.5177536010742188,8.52346317969932e-07,296.90890884399414
Herriman #3,2021-06-29,-0.8706137339274088,0.05520089467366537,8.583068797918258e-07,298.00781504313153
Herriman #3,2021-06-30,-1.006352464358012,1.2353660662968953,0.0004621773957182995,297.3394311269124
Herriman #3,2021-07-01,-0.6403090159098307,0.8118224143981934,0.0002866387367248535,297.31826337178546
Herriman #3,2021-07-02,-0.03184700012207031,-0.09350355466206868,3.838539123535156e-05,299.4904791514079
Herriman #3,2021-07-03,-0.36931101481119794,-0.09389150142669678,0.00017508268348365164,300.07847849527997
Herriman #3,2021-07-04,-0.21742630004882812,-0.2862262725830078,5.721210851561409e-05,301.54805819193524
Herriman #3,2021-07-05,0.8109049797058105,-0.7600752909978231,0.00035007349003990385,300.86473019917804
Herriman #3,2021-07-06,0.16911951700846353,-1.2416479190190632,0.0,300.9087969462077
Herriman #3,2021-07-07,-0.014291127522786459,0.18172975381215414,8.583068797918258e-07,302.06767654418945
Herriman #3,2021-07-08,-0.06487973531087239,-0.23593000570933023,9.616676948098757e-07,303.03259404500324
Herriman #3,2021-07-09,0.0768445332845052,-1.5931174755096436,1.2814997489840607e-06,304.78147379557294
Herriman #3,2021-07-10,0.4535535176595052,-1.6413548787434895,8.52346317969932e-07,303.27072779337567
Herriman #3,2021-07-11,0.09998385111490886,-0.35436145464579266,8.52346317969932e-07,302.71979268391925
Herriman #3,2021-07-12,-0.04540443420410156,-0.38731010754903156,1.7195939108205494e-06,303.4493350982666
Herriman #3,2021-07-13,-0.1765143076578776,1.1120818456013997,0.001307713731819149,303.578083674113
Herriman #3,2021-07-14,0.3402830759684245,1.1675502856572468,0.00072335328180273,302.2938766479492
Herriman #3,2021-07-15,0.01833343505859375,1.4510858058929443,0.0004205882548262707,300.6041539510091
Herriman #3,2021-07-16,0.2610632578531901,1.3818213144938152,0.00029221177101135254,300.63875516255695
Herriman #3,2021-07-17,0.20176251729329428,0.48463185628255206,1.1730193989478721e-05,301.57959683736163
Herriman #3,2021-07-18,-0.1650384267171224,-0.37300340334574383,1.7106532368416083e-06,302.9720109303792
Herriman #3,2021-07-19,-0.1762091318766276,0.2302947441736857,0.0027229636907577515,301.8786970774333
Herriman #3,2021-07-20,0.008119583129882812,0.5578472216924032,0.0005299746990203857,299.4537003835042
Herriman #3,2021-07-21,-0.12184206644694011,0.18032455444335938,0.0003168433904647827,300.2931950887044
Herriman #3,2021-07-22,-0.0937042236328125,1.2138652801513672,0.0002453923225402832,301.3704121907552
Herriman #3,2021-07-23,-0.06695111592610677,0.10297898451487224,0.0013288497924790477,300.32301839192706
Herriman #3,2021-07-24,0.9517370859781901,-2.5024435917536416,8.583068797918258e-07,301.38233439127606
Herriman #3,2021-07-25,0.6239795684814453,-0.9590481122334799,8.60500051658164e-07,301.571138381958
Herriman #3,2021-07-26,-0.18675613403320312,0.27352333068847656,3.495812411102861e-06,300.9016812642415
Herriman #3,2021-07-27,-0.30268287658691406,2.7314370473225913,0.00012180209159851074,300.87508900960285
Herriman #3,2021-07-28,-0.30106353759765625,0.6328795750935873,0.0018636167048384777,300.43737538655597
Herriman #3,2021-07-29,0.7945353190104166,-0.9157785971959432,0.0008606349306887751,298.76510683695477
Herriman #3,2021-07-30,0.09191258748372395,0.10609141985575359,0.0002485901117275091,299.4611822764079
Herriman #3,2021-07-31,0.10808054606119792,0.501495361328125,0.0004840652837323489,299.52960840861004
Herriman #3,2021-08-01,0.08008511861165364,0.42189069588979083,0.0009898573159716761,297.8394406636556
Herriman #3,2021-08-02,0.7018438975016276,-0.633219838142395,0.003373259348666835,297.02922439575195
Herriman #3,2021-08-03,0.9670073191324869,-1.6537981033325195,5.4278322068057605e-06,297.1544539133708
Herriman #3,2021-08-04,0.4639129638671875,-0.8653367360432943,0.0,298.5240586598714
Herriman #3,2021-08-05,-0.28638648986816406,1.0027920802434285,4.172325134277344e-06,300.3225733439128
Herriman #3,2021-08-06,1.0418834686279297,0.7152406771977743,7.844567295478555e-05,300.9326979319255
Herriman #3,2021-08-07,0.46848487854003906,-0.7394347985585531,4.351138045421976e-07,296.4245255788167
Herriman #3,2021-08-08,-0.35829416910807294,1.075613260269165,1.2945832281729963e-06,298.2405897776286
Herriman #3,2021-08-09,0.740234375,-0.9176076253255209,8.444112609140575e-07,299.5437355041504
Herriman #3,2021-08-10,0.2344233194986979,-1.2820219198862712,0.0,298.31164169311523
Herriman #3,2021-08-11,-0.019688924153645832,-0.6340968608856201,1.707026910935383e-06,297.8602746327718
Herriman #3,2021-08-12,0.1430047353108724,-0.7035814126332601,1.309018387019023e-06,299.3036053975423
Herriman #3,2021-08-13,0.20730972290039062,-0.8850622177124023,1.281411890374784e-06,300.8031419118245
Herriman #3,2021-08-14,0.039850870768229164,-0.5053166548411051,0.0004863608379537254,301.3648173014323
Herriman #3,2021-08-15,0.19592603047688803,-1.0998774369557698,5.507469177246094e-05,300.7342071533203
Herriman #3,2021-08-16,0.36243120829264325,-0.7037612597147623,1.7195939108205494e-06,300.3693332672119
Herriman #3,2021-08-17,-0.575567881266276,1.6279813051223755,0.0003309130667616955,300.20707575480145
Herriman #3,2021-08-18,-0.11597760518391927,1.857890288035075,0.022878956794670557,293.9197775522868
Herriman #3,2021-08-19,0.8439731597900391,-0.6782654126485189,0.01901672798828713,286.8622016906738
Herriman #3,2021-08-20,-0.524664560953776,1.4147535562515259,1.7262346432289633e-06,288.34321784973145
Herriman #3,2021-08-21,-0.9984504779179891,2.4262271722157798,0.0009541094302107922,291.5741259256999
Herriman #3,2021-08-22,-0.6638060013453165,1.251463770866394,0.0032311469316432806,292.22192192077637
Herriman #3,2021-08-23,-0.9886824687321981,2.6485011180241904,4.351138045421976e-07,294.33168665568036
Herriman #3,2021-08-24,-1.0776913960774739,3.0561389525731406,1.7090805499719863e-06,294.97178713480633
Herriman #3,2021-08-25,-0.8240006764729818,2.6994463205337524,2.5976571009778127e-06,295.56335576375324
Herriman #3,2021-08-26,-0.4121360778808594,1.0433770815531414,9.940266608055026e-05,297.0748456319173
Herriman #3,2021-08-27,-0.36478424072265625,-0.4518510897954305,1.7068028341782338e-06,294.9921932220459
Herriman #3,2021-08-28,0.23058509826660156,-1.4660290877024333,4.261732051702438e-07,295.2484296162923
Herriman #3,2021-08-29,-0.09263801574707031,-0.16044636567433676,3.0126593628665432e-06,294.9725564320882
Herriman #3,2021-08-30,-0.504980723063151,0.27841484546661377,4.410743663640915e-07,296.66979598999023
Herriman #3,2021-08-31,-0.7792377471923828,1.4777045249938965,1.6140937702857627e-05,297.56829833984375
Herriman #3,2021-09-01,-0.8203964233398438,2.302596847216288,5.7983398335181846e-05,296.13381512959796
Herriman #3,2021-09-02,-0.4725411732991536,2.01085897286733,0.0003898496195233747,295.04907099405926
Herriman #3,2021-09-03,-0.22621027628580728,0.0033696492513020835,0.0021349303588067414,293.50985399882
Herriman #3,2021-09-04,-0.3178571065266927,-0.2364374796549479,-1.446096575818956e-10,293.6814371744792
Herriman #3,2021-09-05,-0.5626347859700521,-0.14019775390625,0.0,295.18825276692706
Herriman #3,2021-09-06,-0.5999240875244141,0.07504570484161377,1.7201011246470443e-06,296.7263991038005
Herriman #3,2021-09-07,-0.5167312622070312,-0.6550844510396322,0.0,296.381493250529
Herriman #3,2021-09-08,-0.4003760019938151,-0.009032885233561197,4.351138045421976e-07,296.2555700937907
Herriman #3,2021-09-09,-0.8538678487141927,0.8138042688369751,8.468390433336026e-07,296.7070140838623
Herriman #3,2021-09-10,-0.8183364868164062,1.965858817100525,1.5444095083694265e-05,298.8182830810547
Herriman #3,2021-09-11,-0.043398539225260414,0.7882792154947916,0.0003883838653564453,296.9788818359375
Herriman #3,2021-09-12,-0.11822891235351562,0.6454805533091227,0.00011146068572998047,294.90147590637207
Herriman #3,2021-09-13,0.1932500203450521,-0.5747891664505005,0.0003851711749689457,296.2861970265706
Herriman #3,2021-09-14,0.21686871846516928,-1.1502472559611003,8.52346317969932e-07,294.51121457417804
Herriman #3,2021-09-15,-0.32538414001464844,0.46535078684488934,1.7225742112714215e-06,294.2332986195882
Herriman #3,2021-09-16,-0.24759483337402344,0.5530734062194824,1.7225742112714215e-06,294.743927637736
Herriman #3,2021-09-17,-0.06073760986328125,0.5884040196736654,8.595241638431617e-07,294.4624780019124
Herriman #3,2021-09-18,-1.4694417317708333,2.85894246896108,0.0009565055370330811,293.42092259724933
Herriman #3,2021-09-19,-0.1317119598388672,2.3889936208724976,0.00022987795108520004,292.35793749491376
Herriman #3,2021-09-20,1.1025257110595703,-2.674228032430013,0.0001875460147857666,285.19839159647626
Herriman #3,2021-09-21,0.27569425106048584,-0.46227773030598956,8.52346317969932e-07,286.419464747111
Herriman #3,2021-09-22,-0.3494097391764323,0.4635130564371745,8.52346317969932e-07,289.66238021850586
Herriman #3,2021-09-23,-0.14282925923665366,-0.8535474141438802,0.0003820955752757982,291.6609586079915
Herriman #3,2021-09-24,0.397982398668925,-0.8670355478922526,5.904496447328711e-09,290.82883071899414
Herriman #3,2021-09-25,-0.34947967529296875,0.4535214900970459,1.2841062471125042e-06,291.79267438252765
Herriman #3,2021-09-26,-0.6283994515736898,0.1879883607228597,4.2319288695580326e-07,293.19461758931476
Herriman #3,2021-09-27,-0.5030746459960938,0.2600574493408203,0.0,293.656675974528
Herriman #3,2021-09-28,-0.06784121195475261,-0.26881154378255206,0.0030040323733260266,291.195707321167
Herriman #3,2021-09-29,1.5377178192138672,-2.383626421292623,0.00044568855815896313,283.9207140604655
Herriman #3,2021-09-30,0.8808053334554037,-1.189521074295044,4.351138045421976e-07,284.7299289703369
Herriman #3,2021-10-01,0.35593605041503906,-0.4679500261942546,1.7225742112714215e-06,286.28273900349933
Herriman #3,2021-10-02,0.10438919067382812,-0.29267438252766925,8.584406785416832e-07,288.3612817128499
Herriman #3,2021-10-03,-0.25473113854726154,0.03700037797292074,1.4867254094497184e-09,288.6779073079427
Herriman #3,2021-10-04,-0.7506974538167318,0.9401865402857462,0.0,289.57041358947754
Herriman #3,2021-10-05,-1.3894157409667969,1.5786176522572835,0.0005418092011382214,290.0916627248128
Herriman #3,2021-10-06,-0.8543777465820312,1.948800802230835,0.005854320526129442,287.1598828633626
Herriman #3,2021-10-07,-0.5297807057698568,1.7211615244547527,0.001602262258529663,287.75774637858075
Herriman #3,2021-10-08,-1.1953741709391277,2.270771344502767,0.0034897029399871826,286.47347195943195
Herriman #3,2021-10-09,0.46182823181152344,0.6736189524332682,0.014539211988449097,282.3509298960368
Herriman #3,2021-10-10,0.545440673828125,-0.3805551926294963,0.00032138824462890625,282.313777923584
Herriman #3,2021-10-11,-0.3160877227783203,1.1329853534698486,0.0018207731939696714,281.9729913075765
Herriman #3,2021-10-12,1.972482681274414,-1.585702935854594,0.009663644432919227,277.5024045308431
Herriman #3,2021-10-13,1.0195859670639038,0.4720455010732015,0.003365263342857361,276.3777567545573
Herriman #3,2021-10-14,0.7291781107584635,-0.39466679096221924,0.0022648560828884,277.1676108042399
Herriman #3,2021-10-15,-0.6138102213541666,0.428971807161967,0.0001612782477309338,275.74127260843915
Herriman #3,2021-10-16,-0.6251360575358073,0.22817830244700113,0.0,279.3315830230713
Herriman #3,2021-10-17,-1.343088150024414,1.3153102795283,1.7106532936850272e-06,281.61805725097656
Herriman #3,2021-10-18,-1.3194821675618489,1.6367511351903279,0.0021652936935083744,282.4075870513916
Herriman #3,2021-10-19,-0.5507704416910807,1.9451402425765991,0.0135066092013858,277.61375935872394
Herriman #3,2021-10-20,-1.4405015309651692,1.2168147563934326,4.0084123611450195e-06,278.3870849609375
Herriman #3,2021-10-21,-1.3616453806559246,0.9847377936045328,0.0,281.0582695007324
Herriman #3,2021-10-22,-1.6142114003499348,1.444697380065918,1.7195939108205494e-06,282.49001439412433
Herriman #3,2021-10-23,-0.2790915171305339,0.0807189146677653,0.0022075712680766912,282.1649996439616
Herriman #3,2021-10-24,-1.4555555979410808,1.02271564801534,0.0007872879505157471,279.5504773457845
Herriman #3,2021-10-25,-1.8092308044433594,3.4803860982259116,0.00011074670607058579,286.1144390106201
Herriman #3,2021-10-26,1.6204414367675781,-0.9211475451787313,0.022699046134846412,278.6387144724528
Herriman #3,2021-10-27,-0.2837969462076823,0.6531403859456381,0.000250074267285072,278.46741739908856
Herriman #3,2021-10-28,-0.6528479258219401,0.09392674763997395,0.0,280.94684982299805
Herriman #3,2021-10-29,-1.0403493245442708,0.6142309904098511,0.0,280.35098203023273
Herriman #3,2021-10-30,-1.2448838551839192,0.6687469482421875,8.52346317969932e-07,282.0411777496338
Herriman #3,2021-10-31,-1.0978872776031494,0.8880492846171061,0.00018075108528137207,283.3232231140137
Herriman #3,2021-11-01,-0.8201291958491007,0.9000638326009115,0.0009080767631530762,283.4020741780599
Herriman #3,2021-11-02,-0.036617279052734375,-0.5657844543457031,0.004409700643691394,283.42608642578125
Herriman #3,2021-11-03,-0.4652849833170573,0.004504243532816569,6.136575791515497e-06,279.938201268514
Herriman #3,2021-11-04,-1.0185184478759766,1.154444932937622,2.5622088060117676e-06,281.68670654296875
Herriman #3,2021-11-05,-0.72894287109375,0.5385345617930094,9.864568255579798e-07,284.682575861613
Herriman #3,2021-11-06,-1.5446764628092449,2.0230515003204346,4.261732051702438e-07,282.65295282999676
Herriman #3,2021-11-07,0.485836664835612,-0.2409688631693522,1.8544807289799792e-06,282.4684702555339
Herriman #3,2021-11-08,0.5055060386657715,-0.5513458251953125,0.00040398106779093723,279.37523651123047
Herriman #3,2021-11-09,-1.245278040568034,0.9890289306640625,0.002198153000392722,278.9551919301351
Herriman #3,2021-11-10,-0.4397443135579427,-0.07222557067871094,0.003980531872343818,279.07125663757324
Herriman #3,2021-11-11,-0.513861338297526,0.505195418993632,2.3051603420753963e-05,278.76109504699707
Herriman #3,2021-11-12,-0.7977218627929688,0.7640318473180135,8.043288238468449e-05,280.57852490743
Herriman #3,2021-11-13,-0.8500582377115885,0.38615981737772626,1.8775462535813858e-06,280.816946665446
Herriman #3,2021-11-14,-0.9800771077473959,0.9181531270345052,1.284479992591514e-06,281.70117378234863
Herriman #3,2021-11-15,-1.4442946116129558,1.4703133900960286,4.351138045421976e-07,282.599573135376
Herriman #3,2021-11-16,-0.2520942687988281,0.16579564412434897,0.0021025627851258832,282.55892817179364
Herriman #3,2021-11-17,1.0491644541422527,-1.7365976969401042,6.619095699988975e-06,274.4726390838623
Herriman #3,2021-11-18,-0.5388278961181641,0.611090342203776,8.583068797918258e-07,275.3925037384033
Herriman #3,2021-11-19,-0.9008585611979166,0.6496983369191488,0.00018374919886809948,279.2775179545085
Herriman #3,2021-11-20,0.07425181070963542,-0.840765635172526,0.002504402399040373,278.0892111460368
Herriman #3,2021-11-21,0.027941068013509113,-0.030484517415364582,2.1470702563419763e-05,274.8480415344238
Herriman #3,2021-11-22,-0.4661216735839844,0.0895228385925293,5.15580171622787e-06,275.4586950937907
Herriman #3,2021-11-23,-1.0846468607584636,1.1100940704345703,8.553266184208042e-07,276.6637592315674
Herriman #3,2021-11-24,1.2984377543131511,-2.24100661277771,0.0006939917801673801,273.46966552734375
Herriman #3,2021-11-25,-0.04262042045593262,0.0938583215077718,4.976987497684604e-07,273.24030749003094
Herriman #3,2021-11-26,-0.815807024637858,0.32251354058583576,0.0,274.8606541951497
Herriman #3,2021-11-27,-0.5593448082605997,-0.1669158935546875,8.553266184208042e-07,276.32394854227704
Herriman #3,2021-11-28,-1.070096453030904,0.46597711245218915,4.368416739453096e-10,276.04220390319824
Herriman #3,2021-11-29,-1.164104700088501,0.437787930170695,4.351138045421976e-07,276.987637201945
Herriman #3,2021-11-30,-0.5727786620457967,-0.2669174273808797,1.7195939676639682e-06,278.709187189738
Herriman #3,2021-12-01,-0.8447831471761068,0.19434897104899088,8.553265615773853e-07,276.72423998514813
Herriman #3,2021-12-02,-0.8333606719970703,0.34830307960510254,1.7225741544280027e-06,277.7644844055176
Herriman #3,2021-12-03,-0.6142114003499349,-0.18401710192362467,8.52346317969932e-07,278.2795937856038
Herriman #3,2021-12-04,-0.9617913564046224,0.626950224240621,4.291533514333423e-06,277.2849235534668
Herriman #3,2021-12-05,-0.6878312428792318,-0.032735983530680336,-5.170477379579097e-09,278.00117047627765
Herriman #3,2021-12-06,-0.7448685963948568,0.2368150552113851,4.644739453851798e-05,276.3892574310303
Herriman #3,2021-12-07,-0.6493206024169922,0.627167542775472,1.7238896816706983e-06,276.6422691345215
Herriman #3,2021-12-08,-0.9893404642740885,1.3566827376683552,0.0,275.77284240722656
Herriman #3,2021-12-09,-0.16643524169921875,0.8071984847386678,0.01083585165531531,275.7049643198649
Herriman #3,2021-12-10,1.1784607966740925,-1.047650416692098,0.004851001500981056,268.8743775685628
Herriman #3,2021-12-11,-1.6104204654693604,1.618457039197286,4.526078697608682e-05,264.1536782582601
Herriman #3,2021-12-12,-1.9384002685546875,2.0367390314737954,0.0,269.36801211039227
Herriman #3,2021-12-13,-2.159425735473633,2.0634755293528237,8.559226955640042e-06,269.9422486623128
Herriman #3,2021-12-14,-2.3014373779296875,2.8301175435384116,3.14712519866589e-06,273.4887288411458
Herriman #3,2021-12-15,0.8394845326741537,-0.024226864178975422,0.012388446927065644,271.3662738800049
Herriman #3,2021-12-16,-1.6000080108642578,1.646607796351115,0.0018810629844665527,265.6565176645915
Herriman #3,2021-12-17,-0.3863576253255208,0.9662399291992188,0.001502278447048866,267.9527867635091
Herriman #3,2021-12-18,-1.1288992563883464,0.8900782267252604,0.00011928379535675049,264.1966260274251
Herriman #3,2021-12-19,-1.6594276428222656,0.7815628051757812,5.662441253662109e-07,264.9694315592448
Herriman #3,2021-12-20,-1.861501693725586,1.0067514975865681,1.2934207802572928e-06,267.2261734008789
Herriman #3,2021-12-21,-1.792244593302409,0.692986806233724,8.583068833445395e-07,267.26365915934247
Herriman #3,2021-12-22,-1.8397026062011719,0.7216593424479166,0.00020461082448264278,267.2486934661865
Herriman #3,2021-12-23,-1.5492297410964966,2.700684150060018,0.0006874352693557739,273.81545130411786
Herriman #3,2021-12-24,-0.5477212270100912,2.522571563720703,0.011310297250645363,274.91708755493164
Herriman #3,2021-12-25,-0.7467453082402548,3.136486053466797,0.004150852560997009,274.0219383239746
Herriman #3,2021-12-26,0.6744575897852579,3.075517495473226,0.0035229441260185013,273.3932819366455
Herriman #3,2021-12-27,-0.8508065541585287,2.892901659011841,0.00028322371485955955,267.56521797180176
Herriman #3,2021-12-28,-0.07425586382548015,0.2742904822031657,0.006346264481539521,266.92619641621906
Herriman #3,2021-12-29,-0.9575528303782145,0.9806987444559733,0.0009911406631140096,265.1755256652832
Herriman #3,2021-12-30,-0.9111385742823283,2.738415519396464,0.0020371243592194332,269.6953824361165
Herriman #3,2021-12-31,0.4662872552871704,0.03188482920328776,0.010974961519139015,271.0759042104085
Herriman #3,2022-01-01,0.6764113108317057,-1.3799877166748047,0.0008936464785733733,263.7596429189046
Herriman #3,2022-01-02,-1.1857859293619792,0.8498255411783854,2.0131468772888184e-05,261.67871793111163
Herriman #3,2022-01-03,-2.109754721323649,1.1323712666829426,1.6901151980164286e-06,262.1732298533122
Herriman #3,2022-01-04,-1.5912106831868489,1.9400825500488281,0.00010530650615692139,268.5459512074788
Herriman #3,2022-01-05,-1.3723125457763672,1.7859808603922527,0.004949614405632019,271.7161699930827
Herriman #3,2022-01-06,-1.220345179239909,1.354971448580424,0.004345420002834999,275.01705678304035
Herriman #3,2022-01-07,-1.7009932200113933,1.9915873209635417,2.1445751087867393e-05,272.84352747599286
Herriman #3,2022-01-08,0.24534034729003906,-0.4721756378809611,0.002960205078125,274.8529688517253
Herriman #3,2022-01-09,-0.6801249186197916,0.07169516881306966,3.2693147318241245e-06,269.1097774505615
Herriman #3,2022-01-10,-0.8651120662689209,0.1583576202392578,1.2858445188612677e-06,268.4860591888428
Herriman #3,2022-01-11,-0.6739672422409058,-0.12143882115681966,1.2904404798064206e-06,269.20756276448566
Herriman #3,2022-01-12,-1.011015812555949,0.4669732650121053,0.0,271.04771423339844
Herriman #3,2022-01-13,-1.4100335439046223,0.616479237874349,1.285171833842469e-06,271.64819208780926
Herriman #3,2022-01-14,0.036862691243489586,-1.0219840208689372,2.4852156627730437e-05,273.81968688964844
Herriman #3,2022-01-15,-0.5264492034912109,0.21953582763671875,1.5405382214339625e-06,270.1665210723877
Herriman #3,2022-01-16,-0.8122329711914062,0.01215362548828125,0.0,270.8190835316976
Herriman #3,2022-01-17,-0.6066481272379557,-0.20566463470458984,2.1401110643637367e-06,271.78673044840497
Herriman #3,2022-01-18,-0.46540077527364093,-0.1614665985107422,1.2878651318715129e-06,273.02414576212567
Herriman #3,2022-01-19,-0.1448065439860026,-0.6649273633956909,5.4195523262023926e-05,272.2388509114583
Herriman #3,2022-01-20,-0.09932390848795573,0.3661028544108073,0.00016009211539724788,270.25307846069336
Herriman #3,2022-01-21,-0.050807952880859375,-0.22348149617513022,0.002243236314200203,272.2302703857422
Herriman #3,2022-01-22,0.39934730529785156,-0.9802703857421875,0.0002936959266435224,269.9614969889323
Herriman #3,2022-01-23,0.18101882934570312,-0.5854727427164713,5.960464477539063e-08,269.23645401000977
Herriman #3,2022-01-24,-0.6684208313624064,0.5201835632324219,1.749396119521407e-06,270.0055236816406
Herriman #3,2022-01-25,0.4836685260136922,-0.9127438465754191,0.0017412632702757946,271.09297879536945
Herriman #3,2022-01-26,-0.23314118385314941,0.28948171933492023,7.987022399902344e-06,268.7112344106038
Herriman #3,2022-01-27,-0.1304492950439453,-0.6103384494781494,2.5773711627152807e-06,268.93963114420575
Herriman #3,2022-01-28,-0.4731019337972005,-0.13168048858642578,4.0690828839728965e-07,267.9517307281494
Herriman #3,2022-01-29,-0.7427234649658203,-0.23053141434987387,1.2814998058274796e-06,269.06978034973145
Herriman #3,2022-01-30,-0.36905670166015625,-0.43349774678548175,4.351138045421976e-07,270.15121905008954
Herriman #3,2022-01-31,-0.8634829521179199,0.35350437959035236,1.9073468138230965e-06,271.1776472727458
Herriman #3,2022-02-01,0.5812929073969523,-1.6098883946736653,0.00012176036824484981,269.16519419352215
Herriman #3,2022-02-02,0.9166208902994791,-1.7699871460596721,0.001262754201889038,266.0701446533203
Herriman #3,2022-02-03,0.12263294061024983,-0.6750939687093099,0.0002197861671398016,264.9540278116862
Herriman #3,2022-02-04,-0.1956761678059896,-0.05521086851755778,2.0980834847250662e-06,266.3378156026204
Herriman #3,2022-02-05,-0.7611916859944662,0.4019006888071696,8.52346317969932e-07,268.99430656433105
Herriman #3,2022-02-06,-0.24360275268554688,-0.7030088901519775,2.1526329874177463e-06,270.85507583618164
Herriman #3,2022-02-07,-0.5165602366129557,0.24915377298990884,8.434732876594353e-07,270.8116200764974
Herriman #3,2022-02-08,-0.7532126108805338,0.17023340861002603,4.351138613856165e-07,272.5501028696696
Herriman #3,2022-02-09,-0.5042006174723307,-0.4504477183024089,3.23391550409724e-05,273.68211301167804
Herriman #3,2022-02-10,-0.16549046834309897,-0.366940180460612,4.291536193079537e-07,274.8395856221517
Herriman #3,2022-02-11,-0.6477012634277344,-0.011398951212565104,0.0,275.73008791605633
Herriman #3,2022-02-12,-0.37534650166829425,-0.18493199348449707,0.0,274.5225721995036
Herriman #3,2022-02-13,-1.1087048848470051,0.8232853412628174,2.573267693151138e-06,275.03671582539874
Herriman #3,2022-02-14,-1.4715817769368489,1.4741456508636475,2.570480319263879e-06,276.9580656687419
Herriman #3,2022-02-15,-0.9727293650309244,0.6828721364339193,8.634974619781133e-07,276.0989799499512
Herriman #3,2022-02-16,1.3245474497477214,-1.3913337389628093,0.001976117491722107,272.40563710530597
Herriman #3,2022-02-17,0.5197703043619791,-1.0740941365559895,7.21961259841919e-05,271.2219301859538
Herriman #3,2022-02-18,-0.7755997975667318,0.21925691763559976,0.0,272.6050484975179
Herriman #3,2022-02-19,-1.2086474100748699,1.1348275740941365,8.615441338122309e-07,274.4453131357829
Herriman #3,2022-02-20,-1.3857580820719402,2.092035929361979,4.351138045421976e-07,275.89641189575195
Herriman #3,2022-02-21,0.677764892578125,-0.5587215423583984,0.0024159997701644897,274.37211481730145
Herriman #3,2022-02-22,-0.5636138916015625,0.8624401887257894,0.0009013077347503895,270.4008134206136
Herriman #3,2022-02-23,-0.03842290242513021,-1.29461673895518,0.0038256406783148122,267.8744379679362
Herriman #3,2022-02-24,0.13543001810709634,0.6282527844111124,0.0009196996688842773,264.4998601277669
Herriman #3,2022-02-25,-0.17900594075520834,-0.08553568522135417,0.0011691331862380139,265.58077812194824
Herriman #3,2022-02-26,-0.6332785288492838,0.1248321533203125,9.286403553687705e-06,262.4779167175293
Herriman #3,2022-02-27,-0.8728688557942709,0.298334280649821,8.52346317969932e-07,265.59435780843097
Herriman #3,2022-02-28,-1.0017727613449097,0.33926141262054443,8.702277796146518e-07,269.90692202250165
Herriman #3,2022-03-01,-1.139168421427409,0.5865224202473959,0.0,273.8489360809326
Herriman #3,2022-03-02,-1.2002194722493489,0.9263960520426432,8.612870487922919e-07,277.7324409484863
Herriman #3,2022-03-03,-1.7099215189615886,1.3648226261138916,1.7225727333425311e-06,279.2383867899577
Herriman #3,2022-03-04,-1.568685531616211,1.8309531609217327,0.0019954055547373173,278.9761091868083
Herriman #3,2022-03-05,-0.8383649190266927,2.2505212227503457,0.0011014580726396161,276.8793608347575
Herriman #3,2022-03-06,0.4161211649576823,0.4784238338470459,0.008496370910506812,271.96420097351074
Herriman #3,2022-03-07,-0.46149635314941406,0.04213531812032064,6.65783875319903e-06,265.3709665934245
Herriman #3,2022-03-08,-1.1748421986897786,1.4197825193405151,0.0004316568374633789,265.81442705790204
Herriman #3,2022-03-09,0.019730250040690105,0.4497015078862508,0.006984970589030581,271.7863833109538
Herriman #3,2022-03-10,0.6961498260498047,-1.231753667195638,0.0002551108597685925,266.7159169514974
Herriman #3,2022-03-11,-0.8656342824300131,0.9433073202768961,8.583068833445395e-07,263.4975420633952
Herriman #3,2022-03-12,-1.6022931337356567,1.5643719832102458,8.665701329846343e-07,268.7698396046956
Herriman #3,2022-03-13,-1.4065348307291667,1.3765889008839924,0.0014973610638548962,273.7954387664795
Herriman #3,2022-03-14,-0.1441777547200521,0.38563791910807294,0.001526665767698887,273.8189290364583
Herriman #3,2022-03-15,-1.4090461730957031,1.490078369776408,0.0,275.7987416585286
Herriman #3,2022-03-16,0.22733116149902344,-1.2644778887430828,0.0020148634909560315,277.63168716430664
Herriman #3,2022-03-17,0.417514165242513,-1.0045874118804932,4.199147156214167e-06,275.07786814371747
Herriman #3,2022-03-18,-0.4889208475748698,0.3276360829671224,1.4096498489379883e-05,276.6697247823079
Herriman #3,2022-03-19,-1.5666728417078655,1.6385442018508911,1.940131085120811e-06,277.913298924764
Herriman #3,2022-03-20,-0.16313608487447104,-0.20520408948262533,0.003429145300287928,278.21053886413574
Herriman #3,2022-03-21,0.9343471527099609,-2.1282187700271606,8.295987242945557e-06,272.71483484903973
Herriman #3,2022-03-22,0.31478973229726154,-1.772159457206726,4.351138045421976e-07,275.32388432820636
Herriman #3,2022-03-23,-0.35856624444325763,0.047825018564860024,1.7195939108205494e-06,275.9060529073079
Herriman #3,2022-03-24,-1.0089981158574421,0.7703591585159302,1.7252261841349537e-06,279.8638464609782
Herriman #3,2022-03-25,-1.3365033467610676,1.1290615797042847,1.4679641878956318e-05,282.85752232869464
Herriman #3,2022-03-26,-1.6391512552897136,1.5472094217936199,5.960464477539063e-08,285.24670791625977
Herriman #3,2022-03-27,-1.6192251841227214,2.043275157610575,2.1338461806408304e-06,286.107572555542
Herriman #3,2022-03-28,-1.7194875081380208,2.7278429667154946,4.693865776062012e-05,285.49416160583496
Herriman #3,2022-03-29,-0.5894552866617838,0.16314037640889487,0.002061450481409821,280.6226100921631
Herriman #3,2022-03-30,0.7588024139404297,-1.515273094177246,0.00039608776569366455,280.9410203297933
Herriman #3,2022-03-31,0.1590124766031901,-0.8769274155298868,0.0022306889295578003,278.740447362264
Herriman #3,2022-04-01,-0.05560493469238281,-0.23170137405395508,2.5771948344299744e-06,278.77428944905597
Herriman #3,2022-04-02,-0.6142419179280599,0.25529106458028156,1.2965458040525846e-06,280.3992398579915
Herriman #3,2022-04-03,0.5609007279078165,-1.415335973103841,8.52346317969932e-07,281.55727195739746
Herriman #3,2022-04-04,-0.45798500378926593,1.0518199602762859,0.00015902519044175278,280.7410125732422
Herriman #3,2022-04-05,1.139963150024414,-1.8335940837860107,0.004986852407398601,279.9044768015544
Herriman #3,2022-04-06,0.8293914794921875,-2.749008297920227,3.489653352062305e-06,275.2472864786784
Herriman #3,2022-04-07,-0.337460199991862,-0.6886270840962728,4.4321253156454077e-07,277.1750551859538
Herriman #3,2022-04-08,-0.8873545328776041,0.7187908093134562,0.0,281.8896776835124
Herriman #3,2022-04-09,0.03784942626953125,-0.9288111130396525,7.346272468566895e-05,282.99929428100586
Herriman #3,2022-04-10,1.300763448079427,-2.4115521907806396,8.344650268554688e-07,276.34278806050617
Herriman #3,2022-04-11,-0.23848716417948404,2.2181363900502524,0.0006375789641879237,279.1342658996582
Herriman #3,2022-04-12,2.040615518887838,-1.384682257970174,0.008497704649357729,273.61209360758465
Herriman #3,2022-04-13,0.5409396092096964,0.42001497745513916,0.001330733299255371,272.56857935587567
Herriman #3,2022-04-14,-0.5755167404810587,1.3638224999109905,0.000530242919921875,276.5571969350179
Herriman #3,2022-04-15,-0.4616008996963501,-0.11100649833679199,0.003534696965573403,279.73885345458984
Herriman #3,2022-04-16,-0.5579337279001871,0.8261013428370158,0.0005907177924200369,280.62440554300946
Herriman #3,2022-04-17,0.3593610127766927,-0.6614122788111368,0.0016423046587874524,281.06800905863446
Herriman #3,2022-04-18,-0.9849777221679688,0.7866659561793009,8.52346317969932e-07,282.55171330769855
Herriman #3,2022-04-19,-0.7759968439737955,0.1908408006032308,4.351138045421976e-07,285.99440002441406
Herriman #3,2022-04-20,0.07059351603190105,0.17535773913065592,0.001014026999428097,281.9946117401123
Herriman #3,2022-04-21,-0.7731138865152994,3.018621246019999,8.643726232548943e-07,285.5625483194987
Herriman #3,2022-04-22,1.431356430053711,-0.16846923033396402,0.008783335969550166,282.7892926534017
Herriman #3,2022-04-23,1.6444747845331829,-1.5809258619944255,0.003605920076267921,277.93176587422687
Herriman #3,2022-04-24,0.7212511698404948,-1.7621269226074219,0.00039315223699532,279.94141324361163
Herriman #3,2022-04-25,-0.47643788655598956,0.41191736857096356,4.351138045421976e-07,280.9676450093587
Herriman #3,2022-04-26,-1.2024065653483074,1.699627200762431,2.5581157387932763e-06,283.32627360026044
Herriman #3,2022-04-27,-0.15488179524739584,0.23589797814687094,1.1673569645154203e-05,287.0294469197591
Herriman #3,2022-04-28,-0.38392384847005206,0.8360077142715454,0.00018931925296783447,286.13777860005695
Herriman #3,2022-04-29,1.7182242075602214,-2.3875211079915366,0.0017166018484999768,281.27491251627606
Herriman #3,2022-04-30,-0.8515785932540894,0.5716465711593628,8.52346317969932e-07,281.64673296610516
Herriman #3,2022-05-01,0.260440190633138,-1.356864094734192,0.0032844275236243448,283.65184020996094
Herriman #3,2022-05-02,0.02761077880859375,1.3009408315022786,0.003802970051765442,283.3830801645915
Herriman #3,2022-05-03,1.4577751159667969,-0.9491087992986044,0.00400891900062561,281.96430587768555
Herriman #3,2022-05-04,0.4983908335367839,-0.9244551261266073,0.004200782110093115,279.4952220916748
Herriman #3,2022-05-05,-0.977746327718099,1.686793367067973,8.463858875984442e-07,283.40622393290204
Herriman #3,2022-05-06,-0.3519935607910156,0.7076146999994913,0.0,289.76129786173504
Herriman #3,2022-05-07,0.28581682840983075,-0.5699774424235026,0.000622183084487915,289.53499603271484
Herriman #3,2022-05-08,1.2234738667805989,-0.6713502407073975,0.000266295671451644,284.787405649821
Herriman #3,2022-05-09,1.9362672170003254,-0.5842844645182291,0.004492837190525734,278.8773549397786
Herriman #3,2022-05-10,0.5444380442301432,0.24650422732035318,1.2227892870697588e-05,281.06502469380695
Herriman #3,2022-05-11,0.1543877919514974,0.2827477852503459,2.9385089419520227e-06,283.7657534281413
Herriman #3,2022-05-12,1.9677308400472004,-1.1735371351242065,0.0033138245344161987,281.9250202178955
Herriman #3,2022-05-13,0.13093058268229166,0.26842816670735675,8.52346317969932e-07,283.9087136586507
Herriman #3,2022-05-14,-0.16364542643229166,-0.0858294169108073,1.7195939108205494e-06,287.40684572855633
Herriman #3,2022-05-15,-0.41014544169108075,-0.6663250128428141,4.339218094173702e-06,292.0433266957601
Herriman #3,2022-05-16,-0.5745582580566406,0.21687853336334229,0.0002880036830106292,292.4690710703532
Herriman #3,2022-05-17,0.3638235727945964,-2.222567876180013,0.0001058727502822876,292.9972966512044
Herriman #3,2022-05-18,0.13538106282552084,-0.8210230271021525,8.52346317969932e-07,291.4999319712321
Herriman #3,2022-05-19,0.9659919738769531,-0.41398819287618,5.4836273193359375e-06,293.1108595530192
Herriman #3,2022-05-20,1.4891446431477864,-3.8478817145029702,0.0008274763822555542,281.2778542836507
Herriman #3,2022-05-21,-0.3804645538330078,-0.1411361296971639,0.00019752681248519366,282.6269105275472
Herriman #3,2022-05-22,0.4340394337972005,-0.788910428682963,2.7447937895885843e-06,286.15088653564453
Herriman #3,2022-05-23,1.2079925537109375,-2.5176387627919516,1.7136334804490616e-06,283.7798137664795
Herriman #3,2022-05-24,0.4705301920572917,-1.1407807270685832,8.553261636734533e-07,285.81006813049316
Herriman #3,2022-05-25,-0.054941813151041664,-0.7343189716339111,1.284479992591514e-06,289.1499710083008
Herriman #3,2022-05-26,-0.8710339864095052,0.9184219042460123,4.410743663640915e-07,292.6549154917399
Herriman #3,2022-05-27,0.030304590861002605,1.2523831526438396,2.0012259483337402e-05,297.35011800130206
Herriman #3,2022-05-28,0.6623655954996744,-1.7185401916503906,0.002079281210797035,290.70909372965497
Herriman #3,2022-05-29,0.4579931894938151,-1.400849421819051,0.010327421773638434,285.0029519399007
Herriman #3,2022-05-30,0.8007386525472006,0.043690999348958336,0.012106415631421896,280.0562578837077
Herriman #3,2022-05-31,0.28008778889973956,-1.134184201558431,0.0003996004379587248,281.39255650838214
Herriman #3,2022-06-01,0.028160730997721355,-0.7744483153025309,0.00019837915897369385,284.69348526000977
Herriman #3,2022-06-02,-0.13527870178222656,-0.3040043115615845,4.261732051702438e-07,289.22809410095215
Herriman #3,2022-06-03,-0.4159564971923828,0.38947327931722003,0.0003577411174724432,292.2398268381755
Herriman #3,2022-06-04,-0.06666819254557292,0.6749898592631022,3.342235470427113e-05,293.4802780151367
Herriman #3,2022-06-05,0.14090728759765625,-0.8880755106608073,0.0008233666419528163,292.8301773071289
Herriman #3,2022-06-06,0.21004740397135416,-1.4605833689371746,0.0003417611121108166,292.2221673329671
Herriman #3,2022-06-07,0.14396286010742188,-1.3346766630808513,4.351138045421976e-07,292.174036026001
Herriman #3,2022-06-08,-0.4991111755371094,0.01347490151723226,8.523463748133508e-07,293.86982409159344
Herriman #3,2022-06-09,0.2812309265136719,-1.2137995958328247,1.7266024769924115e-06,297.33559862772626
Herriman #3,2022-06-10,-0.06011962890625,-0.389434814453125,8.631237733425223e-07,298.3145917256673
Herriman #3,2022-06-11,-0.27805328369140625,-0.1768646240234375,2.1334574626052927e-05,299.2614809672038
Herriman #3,2022-06-12,0.0645294189453125,1.3082472483317058,4.5299464090930996e-07,300.93148612976074
Herriman #3,2022-06-13,0.9561112721761068,-1.2889477411905925,0.00649447143077353,292.74462763468426
Herriman #3,2022-06-14,1.3468138376871746,-1.2704212268193562,0.0022887051104589773,284.58060455322266
Herriman #3,2022-06-15,0.8123257954915365,-0.6165963013966879,4.351138613856165e-07,287.23965708414715
Herriman #3,2022-06-16,-0.6782410939534506,1.2648244698842366,0.0,293.62318229675293
Herriman #3,2022-06-17,-0.6692511240641276,3.405716379483541,2.5129318203198636e-05,298.9574489593506
Herriman #3,2022-06-18,0.5570958455403646,4.947445074717204,4.7513839263046975e-06,299.3295777638753
Herriman #3,2022-06-19,-0.043781280517578125,3.4350839455922446,0.0004041109758645689,294.0975532531738
Herriman #3,2022-06-20,1.364322026570638,-1.1398999293645222,0.0012838095426559448,287.77167828877765
Herriman #3,2022-06-21,-0.13493029276529947,-1.3480950991312664,0.0,291.2128264109294
Herriman #3,2022-06-22,0.4446461995442708,-1.2234700520833333,4.261732051702438e-07,295.1583677927653
Herriman #3,2022-06-23,-0.08082008361816406,1.5009962320327759,3.553330897787532e-05,296.88666852315265
Herriman #3,2022-06-24,0.3684501647949219,0.6041502952575684,0.0011679567221563047,296.23462804158527
Herriman #3,2022-06-25,0.5943800608317057,-2.127510945002238,2.1517276422855502e-06,296.22057215372723
Herriman #3,2022-06-26,0.25344594319661456,-1.1248284180959065,6.213784206465789e-05,297.2386887868245
Herriman #3,2022-06-27,-0.23450724283854166,-0.2933560212453206,8.583068797918258e-07,298.4369252522786
Herriman #3,2022-06-28,-0.41453826427459717,0.8252875010172526,0.0001893520354769862,299.56955846150714
Herriman #3,2022-06-29,0.06761805216471355,1.8628302812576294,0.00031962096682036645,300.50616963704425
Herriman #3,2022-06-30,0.003433863321940104,0.43068381150563556,0.0008957386016845703,299.0293248494466
Herriman #3,2022-07-01,-0.3745574951171875,1.6313316027323406,0.00017639286915027697,298.39197476704913
Herriman #3,2022-07-02,-0.5549888610839844,2.0038288036982217,4.908442497253418e-05,299.1258824666341
Herriman #3,2022-07-03,-0.03650983174641927,4.22235107421875,1.4334916045299906e-06,301.1795374552409
Herriman #3,2022-07-04,0.15157699584960938,4.32493797938029,8.583068797918258e-07,300.2569007873535
Herriman #3,2022-07-05,-0.2769978841145833,3.3236821492513022,2.1661336973011203e-06,299.3185838063558
Herriman #3,2022-07-06,-0.5451788902282715,2.8094776471455893,4.351138045421976e-07,299.20064481099445
Herriman #3,2022-07-07,-0.416144331296285,2.8344768285751343,4.425709789757093e-07,299.61300468444824
Herriman #3,2022-07-08,-0.5308119455973307,2.859290679295858,1.2889569021012903e-06,300.0646146138509
Herriman #3,2022-07-09,-0.4045855204264323,3.085652152697245,3.011132434949104e-06,301.71047655741376
Herriman #3,2022-07-10,0.5525245666503906,0.6218955914179484,0.0007500243029312514,302.8469607035319
Herriman #3,2022-07-11,0.7080746094385783,-1.6603550513585408,0.0,300.6738395690918
Herriman #3,2022-07-12,-0.19453811645507812,-0.29025014241536456,1.2814998058274796e-06,300.93196360270184
Herriman #3,2022-07-13,-0.3551934560139974,1.0737197399139404,0.00016780530171445207,302.64202817281085
Herriman #3,2022-07-14,-0.13200950622558594,1.9183684984842937,0.0002699136733994578,302.8247127532959
Herriman #3,2022-07-15,0.08062426249186198,1.1866963704427083,0.0033981576659094515,299.3989454905192
Herriman #3,2022-07-16,-0.35163764158884686,0.4831884702046712,1.7046928064701206e-06,299.75985590616864
Herriman #3,2022-07-17,-0.48572393258412677,0.915648341178894,1.7225742112714215e-06,302.25203641255695
Herriman #3,2022-07-18,0.6119184494018555,1.4306630690892537,2.8133392333984375e-05,302.8955879211426
Herriman #3,2022-07-19,-0.16859054565429688,-0.07529195149739583,0.001044452190285483,300.5593789418538
Herriman #3,2022-07-20,0.1253960927327474,-0.19965839385986328,1.6230576477482828e-05,300.64834149678546
Herriman #3,2022-07-21,0.2337366739908854,0.02312890688578288,0.00010939117959196665,301.4634253184001
Herriman #3,2022-07-22,0.08436767260233562,0.6549853483835856,0.0001431464639836122,302.3025442759196
Herriman #3,2022-07-23,0.2710806528727214,-0.2978126605351766,0.000207810942413289,302.96136411031085
Herriman #3,2022-07-24,-0.4152240753173828,1.4502195119857788,0.00032244890678612137,300.7110233306885
Herriman #3,2022-07-25,-0.22324180603027344,1.064313491185506,1.2457370743845786e-06,298.3155161539714
Herriman #3,2022-07-26,0.10528246561686198,-0.07928212483723958,8.581418455833045e-07,300.60156059265137
Herriman #3,2022-07-27,-0.0290069580078125,-0.3730449676513672,1.2755393754559918e-06,301.022221883138
Herriman #3,2022-07-28,0.19861729939778647,-0.6180752515792847,2.092122826979903e-06,301.8143170674642
Herriman #3,2022-07-29,-0.4603220621744792,-0.03133300940195719,2.6023386453744024e-05,300.0248552958171
Herriman #3,2022-07-30,-0.4345054626464844,0.1457226276397705,0.00020430739306220858,300.0454037984212
Herriman #3,2022-07-31,-0.586151123046875,0.6750043233235677,8.583068797918258e-07,300.2452042897542
Herriman #3,2022-08-01,-0.0626665751139323,1.401078502337138,0.00011771016039574533,300.9073003133138
Herriman #3,2022-08-02,0.19404157002766928,0.02039368947347005,0.01088359951967277,296.8340714772542
Herriman #3,2022-08-03,0.2221349080403646,-0.7465184529622396,1.3524293894562334e-05,297.9744167327881
Herriman #3,2022-08-04,-0.2541370391845703,0.26609547932942706,1.1567287629077327e-05,299.60595512390137
Herriman #3,2022-08-05,-0.052014668782552086,1.2902616659800212,0.003497070074047315,300.55017471313477
Herriman #3,2022-08-06,0.146355668703715,1.401322563489278,0.01619181632992195,295.5100212097168
Herriman #3,2022-08-07,0.48236529032389325,-0.8964806000391642,0.0004947961467109963,293.85388501485187
Herriman #3,2022-08-08,0.3790200551350911,-0.9240156809488932,0.0,296.2312463124593
Herriman #3,2022-08-09,0.05816523234049479,-0.5527680317560831,2.1447997369250515e-06,297.715363184611
Herriman #3,2022-08-10,0.2354272206624349,0.341480811436971,0.0013614684343288275,299.47231992085773
Herriman #3,2022-08-11,0.4314339955647786,-0.601720929145813,0.0014358699321697088,297.5936641693115
Herriman #3,2022-08-12,0.06442578633626302,0.6078893343607584,0.0004243204984497595,298.2461306254069
Herriman #3,2022-08-13,-0.18008740743001303,1.1964624325434368,0.0007518906276864357,298.0768693288167
Herriman #3,2022-08-14,-0.382290522257487,0.2811490297317505,0.0038467615842137093,296.18335151672363
Herriman #3,2022-08-15,0.20093282063802084,-1.1255009571711223,7.714919156853739e-07,298.1461493174235
Herriman #3,2022-08-16,-0.2617575327555339,-0.6159871816635132,0.00018376708021605737,298.39243189493817
Herriman #3,2022-08-17,-0.20428975423177084,-0.583536704381307,1.519918441772461e-06,299.5780493418376
Herriman #3,2022-08-18,-0.08260091145833333,0.04246366024017334,1.6856193440162315e-05,299.64650535583496
Herriman #3,2022-08-19,0.44222386678059894,0.11355106035868327,0.0014742445691808825,298.11104520161945
Herriman #3,2022-08-20,0.2635504404703776,0.49967217445373535,0.0027360081672327397,293.98842748006183
Herriman #3,2022-08-21,0.013755162556966146,0.010338823000590006,0.000609243927613079,294.87448565165204
Herriman #3,2022-08-22,0.21101252237955728,-0.6746047735214233,1.370906943520822e-07,297.0608081817627
Herriman #3,2022-08-23,-0.11349995930989583,0.011360367139180502,8.52346317969932e-07,298.0058027903239
Herriman #3,2022-08-24,-0.5335032145182291,0.6142019430796305,6.2215328171078e-05,299.1820017496745
Herriman #3,2022-08-25,-0.1569499969482422,0.7148687839508057,0.0003297567367503973,297.6993630727132
Herriman #3,2022-08-26,0.4508495330810547,1.171640396118164,0.00017961859703063965,297.8963209788005
Herriman #3,2022-08-27,-0.28959910074869794,1.3456276655197144,0.0,297.4257361094157
Herriman #3,2022-08-28,0.14448102315266928,-0.09913857777913411,4.261732051702438e-07,298.55877176920575
Herriman #3,2022-08-29,-0.4098803202311198,-0.4141881863276164,0.0,297.7343743642171
Herriman #3,2022-08-30,-0.5485649108886719,-0.5236767927805582,4.351138045421976e-07,298.84097417195636
Herriman #3,2022-08-31,-0.6145744721094767,-0.5998450517654419,4.467869594293461e-07,299.71911811828613
Herriman #3,2022-09-01,-0.3635089000066121,-0.4054311116536458,8.612871056357108e-07,299.90561230977374
Herriman #3,2022-09-02,0.11949729919433594,-1.1600773334503174,8.540495741726772e-07,301.0755157470703
Herriman #3,2022-09-03,-0.3979047139485677,-0.222619891166687,4.351138613856165e-07,299.32616297403973
Herriman #3,2022-09-04,-0.4874211549758911,-0.3563329776128133,8.511478313266707e-07,300.6901454925537
Herriman #3,2022-09-05,-0.12381541728973389,-0.7358738978703817,1.28501659446556e-06,300.73980077107746
Herriman #3,2022-09-06,-0.25237782796223956,-0.6654459635416666,2.1372263745433884e-06,301.36810874938965
Herriman #3,2022-09-07,-0.08595593770345052,-0.1240094502766927,4.466088689980552e-07,301.35425567626953
Herriman #3,2022-09-08,0.11741002400716145,-0.9258468945821127,0.00012575887780030826,301.893367767334
Herriman #3,2022-09-09,1.0035107930501301,-1.7802692651748657,1.2993812106287805e-06,296.0906213124593
Herriman #3,2022-09-10,0.32649866739908856,-1.0172315835952759,8.583068833445395e-07,292.9629618326823
Herriman #3,2022-09-11,-0.17359479268391928,-0.22857157389322916,8.600094822952542e-07,294.14994557698566
Herriman #3,2022-09-12,-0.3925011952718099,0.25464948018391925,0.0,295.60616938273114
Herriman #3,2022-09-13,-0.013446172078450521,2.417701840400696,0.0020641833542640597,295.51020495096844
Herriman #3,2022-09-14,-0.18022982279459634,1.6327781677246094,0.009701627492802345,290.2443497975667
Herriman #3,2022-09-15,-0.45203590393066406,1.6188182830810547,0.0014861801640222438,289.5786724090576
Herriman #3,2022-09-16,-0.039019266764322914,0.684815247853597,0.008356955470844696,289.3269640604655
Herriman #3,2022-09-17,-0.3586953481038411,0.6999835173288981,0.00024884437777927815,289.6821988423665
Herriman #3,2022-09-18,-1.1261049906412761,2.227790196736654,0.00018169879912832698,290.8171195983887
Herriman #3,2022-09-19,-0.8077627817789713,2.4422256549199424,3.001513505296316e-06,292.603328704834
Herriman #3,2022-09-20,-0.8397064208984375,2.22315522034963,0.00016415119171142578,293.8495839436849
Herriman #3,2022-09-21,-1.346596399943034,2.2325520118077598,0.00440409779548645,292.9465974171956
Herriman #3,2022-09-22,-0.2374897003173828,0.7552871306737264,0.0028582096098830334,290.05148061116535
Herriman #3,2022-09-23,0.22891871134440103,-0.8404446442921957,2.57457492125468e-06,289.17537117004395
Herriman #3,2022-09-24,-0.16403643290201822,-0.48961448669433594,4.621906100510387e-06,289.16985003153485
Herriman #3,2022-09-25,-0.04356575012207031,-0.5341053009033203,1.0907648970714945e-06,289.99771308898926
Herriman #3,2022-09-26,-0.06244214375813802,-0.08037388324737549,8.642672355563263e-07,291.566863377889
Herriman #3,2022-09-27,-0.7773488362630209,0.2770264943440755,4.261732051702438e-07,292.2592716217041
Herriman #3,2022-09-28,-1.025744120279948,1.461928168932597,0.00011729001992577537,293.37889099121094
Herriman #3,2022-09-29,-0.4122606913248698,2.479970932006836,0.0017618268727233044,292.6459166208903
Herriman #3,2022-09-30,0.6681461334228516,-0.9789355595906576,0.003414645791053772,289.15374183654785
Herriman #3,2022-10-01,0.4521249135335286,-1.086175799369812,0.0005743563174860356,286.4495277404785
Herriman #3,2022-10-02,-0.0883928934733073,-0.06362382570902507,2.7567148208618164e-05,287.7803160349528
Herriman #3,2022-10-03,-0.21495183308919272,-0.4945716857910156,1.6033648648772214e-06,288.0090916951497
Herriman #3,2022-10-04,0.2161076863606771,-0.8812643686930338,1.7269108525397314e-06,288.7963447570801
Herriman #3,2022-10-05,0.10982958475748698,-0.507381796836853,1.700356051514973e-06,289.10885492960614
Herriman #3,2022-10-06,-0.09118588765462239,-0.3764638106028239,8.574562784247064e-07,289.08126576741535
Herriman #3,2022-10-07,-0.20531590779622397,-0.3632170756657918,0.0,289.40318806966144
Herriman #3,2022-10-08,-0.22431437174479166,-0.20405316352844238,0.0,289.62921078999835
Herriman #3,2022-10-09,-0.3418805201848348,-0.03989855448404948,1.6272067000500101e-06,289.25832494099933
Herriman #3,2022-10-10,-0.266185204188029,-0.259282906850179,8.583068051848386e-07,289.6190382639567
Herriman #3,2022-10-11,-0.05633354187011719,-0.16735092798868814,0.0,289.484037399292
Herriman #3,2022-10-12,-0.23033714294433594,-0.3946367104848226,8.583068797918258e-07,288.4485346476237
Herriman #3,2022-10-13,0.18285242716471353,-0.9975395600001017,1.2814998058274796e-06,287.59493319193524
Herriman #3,2022-10-14,-0.13776079813639322,-0.22194178899129233,4.33027743795833e-06,287.10798263549805
Herriman #3,2022-10-15,-0.33568382263183594,-0.5290226936340332,1.6252979939679335e-06,287.1384627024333
Herriman #3,2022-10-16,-0.4203287760416667,-0.34982526302337646,8.616761419943941e-07,286.40519587198895
Herriman #3,2022-10-17,-0.21916325887044272,-0.2039667765299479,1.960992790372984e-06,286.21987533569336
Herriman #3,2022-10-18,-0.10704612731933594,-0.45598284403483075,1.2993812106287805e-06,287.26545906066895
Herriman #3,2022-10-19,-0.09245189030965169,-0.46784305572509766,1.7195939676639682e-06,287.60211817423504
Herriman #3,2022-10-20,-0.2992102305094401,0.019725759824117024,5.623360550544021e-06,287.2716407775879
Herriman #3,2022-10-21,-0.5183092753092448,1.3134886026382446,0.0,287.9978612263997
Herriman #3,2022-10-22,-0.9016469319661459,3.0649441878000894,0.0047161877155303955,285.69946416219074
Herriman #3,2022-10-23,1.4431451161702473,-1.1083548069000244,0.01798217892646292,276.0142243703206
Herriman #3,2022-10-24,0.9760818481445312,-0.7286080916722616,0.0020742267370224,274.6675453186035
Herriman #3,2022-10-25,-0.6449979146321615,1.3812284072240193,0.0022403597155857824,277.43224716186523
Herriman #3,2022-10-26,-0.7337856292724609,0.561723550160726,0.0036121010780334473,276.58474922180176
Herriman #3,2022-10-27,-0.1970672607421875,-0.7960505882898966,0.0008646913788084021,274.25239753723145
Herriman #3,2022-10-28,-0.9825127919514974,0.657271941502889,9.152293102943077e-06,274.0019079844157
Herriman #3,2022-10-29,-0.7015637556711832,-0.2617428700129191,1.2784129808096623e-06,276.921183904012
Herriman #3,2022-10-30,-0.40484619140625,-0.4774783452351888,8.583068051848386e-07,277.8029956817627
Herriman #3,2022-10-31,-0.9865627288818359,0.5648296674092611,8.583068797918258e-07,278.3488934834798
Herriman #3,2022-11-01,-1.8184185028076172,2.104101816813151,1.2814998058274796e-06,280.587703704834
Herriman #3,2022-11-02,-0.32401291529337567,1.0345912377039592,0.007478421926407464,278.52088292439777
Herriman #3,2022-11-03,0.8206255833307902,-2.0772718588511148,0.0019976139068553778,273.59075355529785
Herriman #3,2022-11-04,-0.010486086209615072,0.35873393217722577,3.0934810581584316e-05,272.35403124491376
Herriman #3,2022-11-05,-1.4842527310053508,2.4517561992009482,0.003206747119577358,276.00316429138184
Herriman #3,2022-11-06,-0.6937909126281738,0.7475980520248413,0.0031580527126493507,277.3365230560303
Herriman #3,2022-11-07,-1.4113910992940266,3.160759687423706,0.00010791718949576534,281.4882462819417
Herriman #3,2022-11-08,-0.49018998940785724,2.597207466761271,0.0056624889372756115,281.58272043863934
Herriman #3,2022-11-09,-0.16254043579101562,2.2518561681111655,0.015775836409204658,277.7261079152425
Herriman #3,2022-11-10,0.8113129933675131,-0.18210693200429282,0.003874167799949646,272.55019124348956
Herriman #3,2022-11-11,-0.5573062896728516,-0.31408735116322833,3.111660475951794e-05,268.98623911539715
Herriman #3,2022-11-12,-0.8322404225667318,0.3807763655980428,6.99460497344262e-06,270.7536144256592
Herriman #3,2022-11-13,0.1769231160481771,-1.2897374629974365,7.185339825355186e-06,271.6494077046712
Herriman #3,2022-11-14,0.8406887054443359,-1.28027347723643,0.00013356208791037716,270.3583456675212
Herriman #3,2022-11-15,-0.03270912170410156,-1.1820048491160076,7.036328315734863e-05,269.14047304789227
Herriman #3,2022-11-16,0.12560359636942545,-0.8045316537221273,3.077541066431877e-06,270.14008204142254
Herriman #3,2022-11-17,-0.8073501586914062,0.41671061515808105,7.450580596923828e-08,270.94583320617676
Herriman #3,2022-11-18,0.3981441259384155,-1.4037144978841145,0.00038152337073782405,271.5015385945638
Herriman #3,2022-11-19,0.2913188934326172,-0.7781111399332682,2.1475553413807802e-05,268.94372876485187
Herriman #3,2022-11-20,-0.5233929951985677,-0.2294922669728597,2.086162567138672e-07,269.57086817423504
Herriman #3,2022-11-21,-0.6906166076660156,-0.2820398012797038,4.351138045421976e-07,271.1162465413411
Herriman #3,2022-11-22,-0.6105505625406901,-0.3547569513320923,0.0,271.45931180318195
Herriman #3,2022-11-23,-0.3046042124430339,-0.6359146436055502,0.0003661394118239514,272.786340713501
Herriman #3,2022-11-24,0.14648612340291342,-1.2990763187408447,1.3262033462524414e-05,272.2272841135661
Herriman #3,2022-11-25,-0.4697975317637126,-0.01796885331471761,1.7097644331443007e-06,271.92665163675946
Herriman #3,2022-11-26,-0.5487418174743652,-0.3178138732910156,0.0003077181322055367,273.4711805979411
Herriman #3,2022-11-27,-0.08086522420247395,0.9897507826487223,0.0006652504204680554,273.12619654337567
Herriman #3,2022-11-28,-0.854654590288798,1.7063643137613933,0.003073835372919831,273.3191610972087
Herriman #3,2022-11-29,0.550859292348226,-0.3307786782582601,0.00671629327410983,268.2366472880046
Herriman #3,2022-11-30,-1.9161440531412761,1.17816162109375,4.351138045421976e-07,266.27401542663574
Herriman #3,2022-12-01,-2.2931410471598306,2.179836908976237,8.591829896431591e-07,268.8061218261719
Herriman #3,2022-12-02,0.4013690948486328,1.147403597831726,0.007268959283827314,273.414031346639
Herriman #3,2022-12-03,-1.6950682799021404,0.4329586426417033,1.7940998077392578e-05,264.433292388916
Herriman #3,2022-12-04,-1.710984428723653,0.9425152937571207,0.0004572272300720215,270.55280049641925
Herriman #3,2022-12-05,-0.19953461488087973,0.1699527104695638,0.004380649328158626,274.66911061604816
Herriman #3,2022-12-06,-0.8287132183710734,0.5076005458831787,0.0004383176564601854,269.8378308614095
Herriman #3,2022-12-07,-0.6914287010828654,-0.28507403532663983,0.00016822665929794312,265.3689333597819
Herriman #3,2022-12-08,-0.7819281816482544,1.0019968748092651,0.002181488275425636,267.4076048533122
Herriman #3,2022-12-09,-1.5088768005371094,1.0989290078481038,0.00020000338554382324,267.0279172261556
Herriman #3,2022-12-10,-2.112738291422526,1.1297025283177693,0.00015861392017768594,267.31019083658856
Herriman #3,2022-12-11,-2.4495455423990884,2.116483728090922,0.0003545343874975515,271.57370630900067
Herriman #3,2022-12-12,-0.48560579617818195,0.9542541901270548,0.006297591327893315,271.4373264312744
Herriman #3,2022-12-13,-0.09442400932312012,0.36017457644144696,0.003989645839283185,268.52620633443195
Herriman #3,2022-12-14,0.9284229278564453,-0.5676047007242838,0.0035398039661345138,269.46652539571124
Herriman #3,2022-12-15,0.16513951619466147,-0.20093087355295816,0.0033467007032754736,267.5206667582194
Herriman #3,2022-12-16,0.15367873509724936,0.04140329360961914,0.0004282653330847097,264.4110673268636
Herriman #3,2022-12-17,-1.2498650948206584,0.8217760721842448,9.073945597037891e-05,260.162659962972
Herriman #3,2022-12-18,-1.5728391011555989,0.1795881191889445,4.619359060598072e-06,260.81945546468097
Herriman #3,2022-12-19,-1.6016786098480225,0.5871771971384684,4.261732051702438e-07,263.75192578633624
Herriman #3,2022-12-20,-1.8960611422856648,0.879337469736735,8.35359088569021e-06,265.3592135111491
Herriman #3,2022-12-21,-1.1896883646647136,1.6729727188746135,0.0033164373273280034,270.20258204142254
Herriman #3,2022-12-22,0.010249455769856771,-1.3106809854507446,0.004041790962162395,268.30749766031903
Herriman #3,2022-12-23,-0.847863515218099,0.052849928538004555,0.0008658319711116746,267.50504938761395
Herriman #3,2022-12-24,-0.7035992940266927,0.3043842315673828,0.0003042489289555306,272.6511039733887
Herriman #3,2022-12-25,-1.1873766581217449,0.633120059967041,4.599508827141108e-06,271.93825976053876
Herriman #3,2022-12-26,-1.4728762308756511,0.9794297615687052,1.1801719210779993e-06,272.49719683329266
Herriman #3,2022-12-27,-2.150366465250651,2.4061617851257324,0.00592714846123954,273.35400390625
Herriman #3,2022-12-28,-0.14669100443522134,0.36560054620107013,0.011348351836261372,274.14374415079754
Herriman #3,2022-12-29,-0.9009583791097006,0.7635134061177572,0.0003181546926498413,268.32551765441895
Herriman #3,2022-12-30,-1.4917765458424885,1.7123083273569744,0.003984633088009559,269.44946161905926
Herriman #3,2022-12-31,-1.193912148475647,2.256706873575846,0.02142844796173904,275.1223996480306
Herriman #3,2023-01-01,0.025600433349609375,-0.45871607462565106,0.023210692405598365,273.42645899454754
Herriman #3,2023-01-02,1.3005358378092449,-0.2546253204345703,0.011189270019428932,270.0558891296387
Herriman #3,2023-01-03,-0.1766986052195231,0.9759705861409506,0.0015890476182107705,268.6423517862956
Herriman #3,2023-01-04,-1.3320850133895874,1.3371290763219197,0.00011608727379552874,265.1832631429036
Herriman #3,2023-01-05,-2.1375637451807656,1.5245368083318074,0.0007312417030220786,268.24708557128906
Herriman #3,2023-01-06,-0.9253601630528768,1.3816624482472737,0.005721160769326161,271.9761098225911
Herriman #3,2023-01-07,-0.8483762741088867,1.1519159873326619,0.0005308548197717755,271.0841312408447
Herriman #3,2023-01-08,-1.9624029795328777,1.5467012325922649,7.003545761108398e-07,268.55540402730304
Herriman #3,2023-01-09,-2.032642881075541,1.571960727373759,0.002396368980328134,270.905455271403
Herriman #3,2023-01-10,-1.798850138982137,2.337657888730367,0.017433229088680946,274.81148529052734
Herriman #3,2023-01-11,-0.022682984670003254,1.412139892578125,0.010707125067710876,273.8111279805501
Herriman #3,2023-01-12,-1.419303258260091,0.7720895608266195,2.8461217880249023e-06,270.1531689961751
Herriman #3,2023-01-13,-1.659404198328654,0.7729941606521606,1.7046928064701206e-06,270.30988121032715
Herriman #3,2023-01-14,-1.9420968691507976,1.4992694457372029,5.817413330078125e-05,271.8624776204427
Herriman #3,2023-01-15,-0.9361934661865234,1.557005802790324,0.013820492860475042,272.8630021413167
Herriman #3,2023-01-16,-0.8463266293207804,0.9522439241409302,0.005383574071856856,271.8780600229899
Herriman #3,2023-01-17,-0.3167431354522705,-0.08308672904968262,0.0070242464541365734,271.27272097269696
Herriman #3,2023-01-18,1.073491056760152,-0.45378438631693524,0.0030650883912990423,268.80660883585614
Herriman #3,2023-01-19,-0.9869605700174967,1.1386696497599285,0.001390036940506434,267.28557141621906
Herriman #3,2023-01-20,0.7823327382405599,-1.2724146048227947,0.0018877324450841115,267.77681668599445
Herriman #3,2023-01-21,0.17790095011393228,-0.2555688222249349,0.00022886991490622677,265.37048784891766
Herriman #3,2023-01-22,0.005980173746744792,-0.3977730671564738,0.001619786024093628,264.30835660298663
Herriman #3,2023-01-23,0.7882925669352213,-1.303786277770996,0.000490096211422042,263.93295097351074
Herriman #3,2023-01-24,-0.10920206705729167,0.015815099080403645,0.0002688646315505139,265.14010938008624
Herriman #3,2023-01-25,-0.0002454121907552083,0.2789235512415568,0.0024931907652785412,266.92918968200684
Herriman #3,2023-01-26,-0.09060923258463542,-0.0022719701131184897,0.000706244820946722,266.83488845825195
Herriman #3,2023-01-27,-1.3103599548339844,2.023747762044271,0.0013178646563574148,268.21131261189777
Herriman #3,2023-01-28,-0.38736534118652344,0.721043586730957,0.00391648709768333,270.93385060628253
Herriman #3,2023-01-29,-0.5252596537272135,0.5557333628336588,0.002267171563573811,269.3558095296224
Herriman #3,2023-01-30,1.2563916842142742,-1.3136603037516277,0.001525074190737996,260.9186216990153
Herriman #3,2023-01-31,-0.21992969512939453,-0.18648628393809,3.6329549857327947e-06,257.52504285176593
Herriman #3,2023-02-01,-0.9035294850667318,0.27827707926432294,1.4423544598685112e-06,260.94409624735516
Herriman #3,2023-02-02,-1.1553115844726562,0.29531248410542804,1.7106532936850272e-06,265.0539042154948
Herriman #3,2023-02-03,-1.8363914489746094,0.6013982693354288,0.0,265.4929364522298
Herriman #3,2023-02-04,-1.3834044138590496,0.4492200215657552,0.0,269.751184463501
Herriman #3,2023-02-05,-1.673169732093811,0.9749338626861572,0.0021041793426093136,269.92938296000165
Herriman #3,2023-02-06,-0.46924575169881183,0.11081949869791667,0.004348906874554359,269.5342248280843
Herriman #3,2023-02-07,-0.37935392061869305,-0.03491338094075521,0.00026267468928153903,268.45326805114746
Herriman #3,2023-02-08,-0.8197036186854044,0.7170276641845703,6.83903694103094e-05,269.34812291463214
Herriman #3,2023-02-09,-0.3343726396560669,-0.22302691141764322,0.0003575682638938815,266.7683906555176
Herriman #3,2023-02-10,-1.0247859954833984,0.7360051472981771,8.52346317969932e-07,267.19348017374676
Herriman #3,2023-02-11,-1.5617656707763672,0.690301259358724,8.548760206394945e-07,267.62531089782715
Herriman #3,2023-02-12,-0.289395014444987,-0.6996821562449137,0.0,270.8242467244466
Herriman #3,2023-02-13,-0.5637677510579427,-0.03500672181447347,0.0,269.7205270131429
Herriman #3,2023-02-14,0.04425994555155436,-0.7681693633397421,0.001105484039158,268.61857414245605
Herriman #3,2023-02-15,1.2957611083984375,-2.8350218137105307,5.51848136751687e-05,263.7707697550456
Herriman #3,2023-02-16,-0.3171704610188802,0.12017416954040527,3.162767825415358e-08,263.68571917215985
Herriman #3,2023-02-17,-1.1355997721354167,0.6022161642710367,0.0,265.32178179423016
Herriman #3,2023-02-18,-1.1521568298339844,0.4704151153564453,2.1583064722108247e-06,266.62091000874835
Herriman #3,2023-02-19,-0.7844587961832682,0.5345993439356486,0.00038564420663078636,271.4442704518636
Herriman #3,2023-02-20,-1.1867822011311848,1.0762304067611694,0.00021451711654663086,272.11708704630536
Herriman #3,2023-02-21,-1.5945053100585938,1.9060446818669636,0.002141343094649528,272.38710085550946
Herriman #3,2023-02-22,1.4994494120279949,-1.085289200146993,0.024359041452328256,269.43967056274414
Herriman #3,2023-02-23,-0.7657909393310547,2.3601128260294595,0.0016005516051222912,265.22386805216473
Herriman #3,2023-02-24,-1.2980963389078777,2.0017373164494834,0.0009938657283328212,266.26116434733075
Herriman #3,2023-02-25,-1.7327557007471721,1.0553465684254963,2.1461837604874745e-06,268.13743273417157
Herriman #3,2023-02-26,-1.5276665687561035,1.6193501154581706,0.0005599737166335217,270.7035840352376
Herriman #3,2023-02-27,-0.9758860270182291,4.086404760678609,0.0035308361052557302,271.06260681152344
Herriman #3,2023-02-28,0.008413950602213541,2.7441229820251465,0.005652848794795773,270.629181543986
Herriman #3,2023-03-01,-1.3290095726648967,1.624536156654358,0.0029586941003572065,268.7811590830485
Herriman #3,2023-03-02,1.0003213087717693,-0.7754489580790201,0.0003250390291213989,268.72286860148114
Herriman #3,2023-03-03,-0.3494275410970052,0.5611063241958618,0.0012201100586821667,269.90269152323407
Herriman #3,2023-03-04,-1.5187581380208333,1.4131329854329426,0.00014071464528342403,268.52105776468915
Herriman #3,2023-03-05,-0.6314182281494141,1.7860949436823528,0.0090395539997985,271.27746836344403
Herriman #3,2023-03-06,0.4851366678873698,-0.07577661673227946,0.006876254702604001,271.0086027781169
Herriman #3,2023-03-07,-0.16321563720703125,0.1129235823949178,0.0022533308002152808,269.6213130950928
Herriman #3,2023-03-08,-0.9537925720214844,0.7754773696263632,0.00038051889913504056,269.60848172505695
Herriman #3,2023-03-09,-0.7616856892903646,1.2816486358642578,0.004147068278257393,270.3423385620117
Herriman #3,2023-03-10,-2.113595962524414,3.2987217903137207,0.0022826522587706677,273.4132703145345
Herriman #3,2023-03-11,-0.3158709208170573,0.44903111457824707,0.0074140468214523025,273.91125615437824
Herriman #3,2023-03-12,-0.5968163808186849,0.6823795239130656,0.003037190437225945,274.1269613901774
Herriman #3,2023-03-13,-1.1651585896809895,1.1619702577590942,3.335277386895541e-05,273.7188835144043
Herriman #3,2023-03-14,-1.5074775616327922,2.0931230783462524,5.4496526615821494e-05,275.237024307251
Herriman #3,2023-03-15,-0.7638429005940756,1.9794442653656006,0.01050450574706474,276.80748049418133
Herriman #3,2023-03-16,1.1196388800938923,-1.924668510754903,1.72257422903499e-06,271.42984199523926
Herriman #3,2023-03-17,-0.03599770863850912,-0.38340187072753906,1.290691045596759e-06,270.2721602121989
Herriman #3,2023-03-18,-0.7447352806727091,0.4592110315958659,-9.191296612698352e-09,270.1806526184082
Herriman #3,2023-03-19,-1.6965357462565105,1.399049957593282,1.2844800494349329e-06,270.6815605163574
Herriman #3,2023-03-20,-0.8202749888102213,1.8447403113047283,0.011084743086030358,273.8502305348714
Herriman #3,2023-03-21,-0.7090765635172526,0.6210530598958334,0.0024957333928519176,272.14042536417645
Herriman #3,2023-03-22,-0.8601627349853516,2.1628522078196206,0.007462154194172399,274.028356552124
Herriman #3,2023-03-23,-0.5783973534901937,1.8835272789001465,0.004487505555061944,272.869088490804
Herriman #3,2023-03-24,0.13333702087402344,0.18760530153910318,0.007517671518144198,271.9807008107503
Herriman #3,2023-03-25,0.7206834157307943,0.001231551170349121,0.001966998015234367,268.91525141398114
Herriman #3,2023-03-26,-0.1961390177408854,0.09807002544403076,0.00177908241738578,267.5624262491862
Herriman #3,2023-03-27,-0.2503255208333333,1.012073318163554,0.0013565123081207275,267.8624464670817
Herriman #3,2023-03-28,-1.7094478607177734,1.4272212187449138,0.0,268.1477279663086
Herriman #3,2023-03-29,-2.1441733042399087,1.9708527723948162,1.6871094601356162e-05,273.09772364298504
Herriman #3,2023-03-30,0.42594273885091144,0.24187048276265463,0.014558494091033936,274.0299364725749
Herriman #3,2023-03-31,-0.392730712890625,1.472549835840861,0.00577351450920105,272.43084653218585
Herriman #3,2023-04-01,-1.6112664540608723,1.8661938905715942,2.4582422007313198e-05,273.3348166147868
Herriman #3,2023-04-02,-0.591827392578125,0.853763222694397,0.0001866898020175256,277.735600789388
Herriman #3,2023-04-03,0.8046677907307943,-1.2050127983093262,0.014571537059680395,274.034371693929
Herriman #3,2023-04-04,2.1629651387532554,-1.128400405248006,0.008786380290985107,269.2413781483968
Herriman #3,2023-04-05,0.3468316396077474,0.8556726773579916,0.002226114273071289,269.0008029937744
Herriman #3,2023-04-06,-0.7229557037353516,0.8140767415364584,8.52346317969932e-07,268.72549629211426
Herriman #3,2023-04-07,-1.3855665524800618,1.1147400538126628,8.573618401896965e-07,270.5464115142822
Herriman #3,2023-04-08,-0.9124304453531901,0.9998534123102824,0.00028070625870668664,278.0918083190918
Herriman #3,2023-04-09,-1.045509974161784,0.5579991340637207,1.2814997489840607e-06,278.2787806193034
Herriman #3,2023-04-10,-1.2812353769938152,0.9256393114725748,8.52346317969932e-07,277.7055854797363
Herriman #3,2023-04-11,-2.1049365997314453,1.6138992309570312,3.004073732881807e-06,278.3547019958496
Herriman #3,2023-04-12,-1.2975597381591797,2.426994800567627,6.275176929193549e-05,282.011749903361
Herriman #3,2023-04-13,0.9604873657226562,-1.0801952679951985,0.0021750926971435547,278.7110366821289
Herriman #3,2023-04-14,0.39136016368865967,-0.4101910988489787,0.0006726115940978161,274.36228307088214
Herriman #3,2023-04-15,-0.4262275695800781,0.656846841176351,8.488592243338644e-06,276.01201311747235
Herriman #3,2023-04-16,-1.430020014444987,1.7823935747146606,8.425147370871855e-07,278.2436052958171
Herriman #3,2023-04-17,-1.1955248514811199,2.4061731497446694,5.7726591251139325e-05,281.26250012715656
Herriman #3,2023-04-18,0.3376534779866536,-0.05777168273925781,0.006238975953067438,281.4873352050781
Herriman #3,2023-04-19,1.4974918365478516,-2.8101486365000405,0.0004506560757704392,273.53503227233887
Herriman #3,2023-04-20,0.6464665730794271,-1.5178935130437214,0.0015853643417358398,275.15597279866535
Herriman #3,2023-04-21,-0.9157282511393229,0.672306219736735,0.001972883939743042,274.99535814921063
Herriman #3,2023-04-22,0.7909641265869141,-1.3012775580088298,0.00403517484664917,277.3816547393799
Herriman #3,2023-04-23,-0.5824203491210938,0.35484476884206134,3.2782554626464844e-07,278.34778849283856
Herriman #3,2023-04-24,-0.8612505594889323,1.3273462057113647,0.002609482407365249,280.42883173624676
Herriman #3,2023-04-25,1.2192834218343098,-1.9377192656199138,0.009129838692444991,277.1541341145833
Herriman #3,2023-04-26,-0.11237843831380208,-0.5625972747802734,1.296401023864746e-06,279.38272794087726
Herriman #3,2023-04-27,-0.17540995279947916,-0.42437764008839923,0.0,283.1983000437419
Herriman #3,2023-04-28,-0.008887608846028646,-1.280039668083191,8.52346317969932e-07,283.85239283243817
Herriman #3,2023-04-29,-1.2114245096842449,0.7811987400054932,2.568959644122515e-06,284.59253946940106
Herriman #3,2023-04-30,-1.599416732788086,1.0409667094548543,2.326667305396768e-05,287.09704399108887
Herriman #3,2023-05-01,-2.148330052693685,1.6158345540364583,8.604752679275407e-07,287.1909948984782
Herriman #3,2023-05-02,-1.7899386088053386,1.7492807706197102,1.0627508117977413e-05,286.32450739542645
Herriman #3,2023-05-03,-1.7621180216471355,1.1072476704915364,7.703900337219238e-06,285.7324682871501
Herriman #3,2023-05-04,-1.0474882523218791,1.906874378522237,0.0007098406553218695,286.8617827097575
Herriman #3,2023-05-05,-0.6950410207112631,3.1888844966888428,0.0012446520229332236,282.0171813964844
Herriman #3,2023-05-06,-0.9550418853759766,2.339301427205404,0.000950598716730866,281.3251152038574
Herriman #3,2023-05-07,-0.5407009124755859,1.3752349217732747,0.0026585400104508494,282.0349756876628
Herriman #3,2023-05-08,-1.0232353210449219,1.2923837502797444,0.001331189274782929,283.2647291819255
Herriman #3,2023-05-09,-0.4145189921061198,-0.6567452748616537,0.0012613479293115404,283.663906733195
Herriman #3,2023-05-10,0.21913019816080728,-1.3731316725413005,0.0003239393233229748,285.2134647369385
Herriman #3,2023-05-11,0.579888661702474,-1.5986158053080242,7.572770016395225e-06,285.6185309092204
Herriman #3,2023-05-12,0.053400675455729164,-1.420558214187622,3.758072807613644e-06,286.22753016153973
Herriman #3,2023-05-13,-0.5979264577229818,-0.9563403526941935,0.0016557902097424915,285.84118779500324
Herriman #3,2023-05-14,-1.4593677520751953,0.47162020206451416,0.002623036503791809,285.9623667399089
Herriman #3,2023-05-15,-1.0151653289794922,1.2571646372477214,0.0001622945069357229,288.01734161376953
Herriman #3,2023-05-16,-0.5998020172119141,0.09252496560414632,0.0012025028467519405,289.74309794108075
Herriman #3,2023-05-17,0.10259564717610677,-0.3155314127604167,7.137060151762853e-05,291.3273646036784
Herriman #3,2023-05-18,0.23397064208984375,-0.9900641838709513,9.205937385559082e-05,290.92183049519855
Herriman #3,2023-05-19,-0.26149559020996094,-0.7910822232564291,9.551644325256348e-06,289.5717519124349
Herriman #3,2023-05-20,-0.6112359364827474,-0.06483395894368489,2.6971101760864258e-06,291.65841738382977
Herriman #3,2023-05-21,-0.45367177327473956,0.18328094482421875,1.7583370208740234e-06,292.99248123168945
Herriman #3,2023-05-22,-0.7846946716308594,1.222960392634074,5.486011504629573e-05,292.8256772359212
Herriman #3,2023-05-23,-0.5580399831136068,1.5714820623397827,0.0006537318229220546,292.2710253397624
Herriman #3,2023-05-24,-0.7427806854248047,1.4478696187337239,0.000793908092930451,292.18714714050293
Herriman #3,2023-05-25,-0.38177935282389325,1.4984381596247356,0.0003886967897415161,292.1045773824056
Herriman #3,2023-05-26,-0.9270692666371664,1.0649031798044841,0.000609299540315078,290.5592447916667
Herriman #3,2023-05-27,-0.26754315694173175,-0.31626303990681964,0.0006790012120063693,289.2758096059163
Herriman #3,2023-05-28,-0.2961260477701823,-0.2576255798339844,0.001768421615167881,289.651668548584
Herriman #3,2023-05-29,-0.21947479248046875,0.4909890095392863,0.000293731689453125,291.215425491333
Herriman #3,2023-05-30,-0.6277868350346884,1.1616273721059163,0.00023713409893844073,292.2953160603841
Herriman #3,2023-05-31,-0.36483128865559894,-0.12067123254140218,0.0008204281330108643,292.6980349222819
Herriman #3,2023-06-01,-0.07655270894368489,-1.053387443224589,0.0027639061212489935,291.6958243052165
Herriman #3,2023-06-02,0.17657474676767984,-0.0030574401219685874,0.0017141384443561947,290.33556938171387
Herriman #3,2023-06-03,0.19757843017578125,-0.37676485379536945,0.0017564177512099377,289.6324984232585
Herriman #3,2023-06-04,-0.18263785044352213,0.5486571788787842,0.0002743452786830858,289.8006172180176
Herriman #3,2023-06-05,-0.4279918670654297,0.11635935306549072,7.598400105734981e-05,292.17735226949054
Herriman #3,2023-06-06,-1.1550006866455078,0.9605859120686849,0.0003909434293980496,292.81238174438477
Herriman #3,2023-06-07,-0.7551657358805338,1.2159055074055989,0.001673537492649757,291.98798815409344
Herriman #3,2023-06-08,-0.7828496297200521,0.832550048828125,0.0002009898423125378,291.42929395039874
Herriman #3,2023-06-09,-0.7864309946695963,1.211291233698527,0.0005569130181584114,291.8463198343913
Herriman #3,2023-06-10,0.10743014017740886,0.2701861461003621,6.729027018081979e-05,292.61475054423016
Herriman #3,2023-06-11,-0.7671755154927572,-0.4777228832244873,0.0008312463760375977,292.6985912322998
Herriman #3,2023-06-12,-0.05437024434407552,-0.31794528166453045,0.0017984896898219915,290.61483065287274
Herriman #3,2023-06-13,0.3256238301595052,0.7238636016845703,0.00022397645930638532,289.7999852498372
Herriman #3,2023-06-14,-0.06859461466471355,1.040726900100708,0.0007869668103239746,291.8445924123128
Herriman #3,2023-06-15,0.0700238545735677,0.2645227114359538,0.00777477416926331,288.8702049255371
Herriman #3,2023-06-16,0.370236078898112,-0.30277009805043537,6.594809497073584e-05,288.604679107666
Herriman #3,2023-06-17,0.2172705332438151,0.8197754621505737,8.767266081122216e-06,290.6758232116699
Herriman #3,2023-06-18,-0.31723912556966144,2.6471126079559326,2.288818359375e-05,293.109162012736
Herriman #3,2023-06-19,0.7694288889567057,3.646017154057821,0.0002508014440536499,295.96129035949707
Herriman #3,2023-06-20,1.610410451889038,-0.6458479960759481,0.007728873714199835,289.37766965230304
Herriman #3,2023-06-21,0.8081614176432291,-1.0823962291081746,8.52346317969932e-07,289.1030019124349
Herriman #3,2023-06-22,0.10044288635253906,-0.3740077018737793,2.1419336349026707e-06,291.26928456624347
Herriman #3,2023-06-23,0.06455739339192708,1.6635777950286865,0.00018625396188554078,292.44581031799316
Herriman #3,2023-06-24,-0.10134633382161458,-0.2072913646697998,3.6746262708220456e-06,292.68457221984863
Herriman #3,2023-06-25,-0.29114341735839844,0.7743053436279297,1.2851288602178101e-06,294.4028097788493
Herriman #3,2023-06-26,-0.33342234293619794,2.4581902821858725,8.644618674225057e-07,295.53740946451825
Herriman #3,2023-06-27,0.8709316253662109,-0.4538185993830363,0.00015566647052267513,294.6480293273926
Herriman #3,2023-06-28,0.5611591339111328,-1.431829571723938,0.0001500934362361761,293.6401704152425
Herriman #3,2023-06-29,0.3571390708287557,-1.2769234975179036,0.00026232600208686563,293.58913739522296
Herriman #3,2023-06-30,0.158226211865743,-1.2277084589004517,1.4872004669541639e-05,293.3171393076579
Herriman #3,2023-07-01,0.1411285400390625,-0.5940119822820028,8.517578926614533e-07,296.22970326741535
Herriman #3,2023-07-02,-0.5304171244303385,-0.43395233154296875,0.0,297.9967606862386
Herriman #3,2023-07-03,-0.35670216878255206,0.6932215690612793,4.6193599644084316e-05,299.6181411743164
Herriman #3,2023-07-04,0.09509913126627605,-1.7163936297098796,7.114112366934933e-05,298.1615460713704
Herriman #3,2023-07-05,0.21873029073079428,-1.0087324778238933,2.1010636714891007e-06,297.6262861887614
Herriman #3,2023-07-06,-0.1062239408493042,-0.7329095204671224,0.0004251778125308192,297.47669156392413
Herriman #3,2023-07-07,-0.3251360257466634,0.18608538309733072,2.2530554701916117e-06,297.87712415059406
Herriman #3,2023-07-08,-0.028713226318359375,-0.3565044403076172,4.275662384145562e-07,297.5057716369629
Herriman #3,2023-07-09,-0.5967356363932291,0.8372370402018229,8.534580864250074e-07,298.4386971791585
Herriman #3,2023-07-10,-0.3308156331380208,3.366862098375956,8.499943078277283e-07,300.3303934733073
Herriman #3,2023-07-11,-0.1921564737955729,1.9109586079915364,2.1434707946355047e-06,299.24351437886554
Herriman #3,2023-07-12,-0.09562937418619792,0.49371786912282306,2.1461702317537856e-06,299.98619588216144
Herriman #3,2023-07-13,-0.012546539306640625,-0.6498430569966634,1.727760491121444e-06,299.6087729136149
Herriman #3,2023-07-14,0.5241902669270834,-1.8616241216659546,8.583068797918258e-07,299.8430455525716
Herriman #3,2023-07-15,0.08790079752604167,-0.79242471853892,0.0,298.6304111480713
Herriman #3,2023-07-16,-0.6029739379882812,0.31028791268666583,4.0084123611450195e-06,300.60962613423663
Herriman #3,2023-07-17,-0.24514325459798178,0.3790504535039266,8.52346317969932e-07,302.6667938232422
Herriman #3,2023-07-18,-0.4278138478597005,-0.35028032461802167,5.498793149172343e-05,301.79369735717773
Herriman #3,2023-07-19,-0.27403831481933594,0.39112993081410724,0.0004891423652679805,300.8682276407878
Herriman #3,2023-07-20,0.2604516347249349,-0.49636606375376385,0.0026043840891816217,298.06872113545734
Herriman #3,2023-07-21,-0.026907046635945637,-0.3919079303741455,1.7106532013144715e-06,300.28154881795246
Herriman #3,2023-07-22,-0.3818194071451823,-0.15439089139302573,1.2874602930423862e-06,302.0325698852539
Herriman #3,2023-07-23,-0.3755639394124349,0.6106342077255249,1.2949108963766776e-05,303.64418093363446
Herriman #3,2023-07-24,-0.06935882568359375,1.6392655769983928,2.5475025175580868e-05,303.62463569641113
Herriman #3,2023-07-25,0.20737902323404947,0.43182555834452313,0.0002744416538007499,301.713898340861
Herriman #3,2023-07-26,-0.1908283233642578,1.0797841946283977,4.5225128019410477e-05,301.6200033823649
Herriman #3,2023-07-27,-0.0025642712910970054,1.5952860911687214,0.00014241933822489727,302.10063552856445
Herriman #3,2023-07-28,0.2313995361328125,0.27748703956604004,0.0004405975341796875,302.8692213694255
Herriman #3,2023-07-29,-0.019748687744140625,1.2264414230982463,1.3128877185408783e-05,302.7073453267415
Herriman #3,2023-07-30,-0.19899813334147134,1.764790654182434,2.828240394592285e-05,302.91756884257
Herriman #3,2023-07-31,-0.6374123891194662,1.7253621419270833,0.0010993361472628749,301.4767042795817
Herriman #3,2023-08-01,-0.0732409159342448,2.017480214436849,0.0007441875811196041,299.02700487772626
Herriman #3,2023-08-02,-0.13027445475260416,1.2970686356226604,0.007290926575649337,294.7364196777344
Herriman #3,2023-08-03,-0.12911033630371094,1.7083142598470051,0.009402963518994056,293.5919717152913
Herriman #3,2023-08-04,0.34441693623860675,-0.24910418192545572,0.0011932045221278997,295.2915102640788
Herriman #3,2023-08-05,0.23350552717844644,-0.7213561137517294,8.583068797918258e-07,295.9615847269694
Herriman #3,2023-08-06,0.5827662150065104,-0.9108445644378662,0.0008127540349960327,296.7033996582031
Herriman #3,2023-08-07,0.36646799246470135,-0.7859847942988077,1.9219517696456023e-05,295.89323234558105
Herriman #3,2023-08-08,0.8429667154947916,-1.6597278118133545,0.00029554379096907724,294.8175404866536
Herriman #3,2023-08-09,-0.08744875590006511,-0.37995251019795734,2.151025000785012e-06,295.02703348795575
Herriman #3,2023-08-10,-0.20524024963378906,0.39412109057108563,2.0915269828947203e-05,297.28747812906903
Herriman #3,2023-08-11,-0.4293829600016276,1.2654751141866047,8.457303047038067e-05,297.5876833597819
Herriman #3,2023-08-12,0.11763191223144531,-0.2851957480112712,0.0006718724965999456,298.58972040812176
Herriman #3,2023-08-13,0.1684964895248413,-0.506262461344401,1.2814998058274796e-06,297.99966367085773
Herriman #3,2023-08-14,0.12083053588867188,-0.29384227593739826,0.0,298.1694628397624
Herriman #3,2023-08-15,0.060343424479166664,-0.13360158602396646,2.9802322387695312e-05,300.23851203918457
Herriman #3,2023-08-16,0.1156158447265625,0.43559900919596356,0.00020715594291687012,299.57863489786786
Herriman #3,2023-08-17,-0.3634147644042969,1.198038101196289,0.00012761354446411133,300.6908327738444
Herriman #3,2023-08-18,-0.5761318206787109,1.933828353881836,0.0007864385843276978,299.84047444661456
Herriman #3,2023-08-19,0.07386207580566406,2.718007524808248,0.001530960202217102,297.43646812438965
Herriman #3,2023-08-20,0.0030269622802734375,0.40781156222025555,3.2514333270228235e-06,297.5822048187256
Herriman #3,2023-08-21,-0.04533259073893229,1.5856324434280396,0.001144027709869988,295.6511484781901
Herriman #3,2023-08-22,-0.8133570353190104,1.5991675059000652,0.006329986452954017,293.232115427653
Herriman #3,2023-08-23,-0.7700322469075521,1.3788668314615886,0.0002024857568585503,293.9394728342692
Herriman #3,2023-08-24,-0.3694070180257161,0.9025864998499552,0.001846940151722265,295.12901814778644
Herriman #3,2023-08-25,-0.431790033976237,0.9121666749318441,3.121793270111084e-05,295.873498916626
Herriman #3,2023-08-26,-0.6154861450195312,0.5608014265696207,1.9606947887496062e-05,297.0871003468831
Herriman #3,2023-08-27,-0.3861382802327474,0.5427118937174479,5.11854887008667e-05,297.79568608601886
Herriman #3,2023-08-28,-0.17638270060221353,-0.5456517140070597,0.0,297.73866017659503
Herriman #3,2023-08-29,-0.7349510192871094,1.1196810404459636,2.5749206429281912e-06,298.60575612386066
Herriman #3,2023-08-30,0.8755618333816528,-0.16974333922068277,8.350851317118213e-07,298.85715675354004
Herriman #3,2023-08-31,0.17380650838216147,0.3908134301503499,4.351138045421976e-07,297.5259259541829
Herriman #3,2023-09-01,-0.9779523213704427,4.3727444012959795,0.0008192847017198801,298.81829198201496
Herriman #3,2023-09-02,-0.9056250254313151,2.6159660816192627,0.0007013747587052421,294.0704930623372
Herriman #3,2023-09-03,-0.5037848154703776,2.8769143422444663,6.531476964255489e-05,295.12924575805664
Herriman #3,2023-09-04,1.0120843251546223,1.2124396562576294,0.011925902962673263,290.6599413553874
Herriman #3,2023-09-05,-0.39752451578776044,0.5088316599527994,4.0024518966674805e-05,289.89352289835614
Herriman #3,2023-09-06,-0.3236077626546224,1.0609886646270752,0.0,292.8571236928304
Herriman #3,2023-09-07,-0.678307851155599,1.5565289656321208,8.52346317969932e-07,294.40358289082843
Herriman #3,2023-09-08,-0.7951221466064453,2.2097365061442056,0.0,294.81340980529785
Herriman #3,2023-09-09,-0.5586287180582682,0.8372126420338949,4.2000412918241636e-05,295.1683705647786
Herriman #3,2023-09-10,-0.22224553426106772,0.45339810848236084,0.00038574694599446957,294.3674513498942
Herriman #3,2023-09-11,-0.5380236307779948,-0.2714608510335286,5.954590847068175e-07,293.7361437479655
Herriman #3,2023-09-12,-0.20389175415039062,-0.15111923217773438,0.00047491490840911865,294.36164983113605
Herriman #3,2023-09-13,-0.3000914255777995,0.20386576652526855,0.0001643776892592541,293.33828862508136
Herriman #3,2023-09-14,0.44092750549316406,-1.3207791646321614,8.21948043494558e-06,292.2086060841878
Herriman #3,2023-09-15,0.030949910481770832,-0.7485347986221313,4.4107436991680515e-07,291.63187344868976
Herriman #3,2023-09-16,-0.0082855224609375,0.09303665161132812,0.0,292.647606531779
Herriman #3,2023-09-17,-0.31108347574869794,0.2211583455403646,8.52346317969932e-07,293.5497563680013
Herriman #3,2023-09-18,-0.5838474829991659,0.6933034261067709,1.6316771507263184e-05,293.7110703786214
Herriman #3,2023-09-19,-0.23512903849283853,0.6341012318929037,0.00010123252868154964,293.6670722961426
Herriman #3,2023-09-20,-0.08672205607096355,1.0812212626139324,8.209049701690674e-05,293.238089243571
Herriman #3,2023-09-21,0.1527118682861328,1.3647442261377971,0.0043945491312911145,290.4049021402995
Herriman #3,2023-09-22,1.3979930877685547,0.13960746924082437,0.004458227753616484,285.5013955434163
Herriman #3,2023-09-23,-0.5142574310302734,0.22195768356323242,3.409385681152344e-05,285.31652450561523
Herriman #3,2023-09-24,-0.579931894938151,0.6495577096939087,0.0,288.1166477203369
Herriman #3,2023-09-25,-1.0778109232584636,1.4276033242543538,8.641524118502275e-07,290.208553314209
Herriman #3,2023-09-26,-0.8442236582438151,1.4976675113042195,4.261732051702438e-07,291.8698984781901
Herriman #3,2023-09-27,-0.6347382863362631,1.33903173605601,0.0,292.42321395874023
Herriman #3,2023-09-28,0.5212968190511068,-0.43572211265563965,0.0,291.85202916463214
Herriman #3,2023-09-29,-0.3744860887527466,1.0345834493637085,8.523463748133508e-07,290.8368117014567
Herriman #3,2023-09-30,-0.824462890625,3.0964614152908325,0.0001263757436618107,292.04354667663574
Herriman #3,2023-10-01,0.3938547770182292,2.8424142599105835,0.00544647845034163,287.59426561991376
Herriman #3,2023-10-02,-0.057329813639322914,0.6660598119099935,0.019147366285324097,284.07873217264813
Herriman #3,2023-10-03,-0.23881149291992188,0.8121111392974854,0.0008941054194337994,281.80125427246094
Herriman #3,2023-10-04,0.1840381622314453,-0.5037691990534464,0.0005765557289123535,283.94586245218915
Herriman #3,2023-10-05,-0.07783190409342448,-0.6168155670166016,1.243948935325534e-05,284.214635848999
Herriman #3,2023-10-06,0.13941101233164468,-0.5738252003987631,3.904104232788086e-06,285.56263097127277
Herriman #3,2023-10-07,-0.22917107741038004,0.06264066696166992,0.0,286.9694360097249
Herriman #3,2023-10-08,-0.5066585540771484,0.06411298116048177,8.584349870943697e-07,287.903164545695
Herriman #3,2023-10-09,-0.7490653991699219,0.6826445261637369,8.52346317969932e-07,288.51794306437176
Herriman #3,2023-10-10,-0.7246297200520834,1.7314058939615886,1.728812890178233e-06,289.0759499867757
Herriman #3,2023-10-11,0.7070796489715576,-1.3411702712376912,0.010580360889434814,285.62179438273114
Herriman #3,2023-10-12,1.431597630182902,-1.3481521606445312,0.010286110639469825,278.77854919433594
Herriman #3,2023-10-13,-0.30755869547526044,0.7866268157958984,2.6509752331094205e-05,280.1496181488037
Herriman #3,2023-10-14,-0.9365552266438802,0.7165673573811849,1.716613724056515e-06,282.5854136149089
Herriman #3,2023-10-15,-0.6743933359781901,0.018443783124287922,1.2755393754559918e-06,284.81741015116376
Herriman #3,2023-10-16,-0.8266684611638387,0.4091199239095052,8.606480470518818e-07,286.0521723429362
Herriman #3,2023-10-17,-0.8106797536214193,0.10093684991200765,1.7225741544280027e-06,286.87715975443524
Herriman #3,2023-10-18,-0.1934197743733724,-0.6725749969482422,2.562998815847095e-06,287.8607037862142
Herriman #3,2023-10-19,-0.3923225402832031,0.005769411722819011,1.7225741544280027e-06,286.4727923075358
Herriman #3,2023-10-20,-0.6851978302001953,0.20409711201985678,1.7116729509325523e-06,287.22964668273926
Herriman #3,2023-10-21,-0.6643994649251302,-0.06801033020019531,1.2860662650382437e-06,287.7043927510579
Herriman #3,2023-10-22,-0.9331048329671224,0.9389496246973673,0.0,287.6829719543457
Herriman #3,2023-10-23,-0.7951348622639974,0.5967040856679281,0.0005813419817854992,286.5345681508382
Herriman #3,2023-10-24,0.16359647115071616,-0.24636868635813394,5.19752509120508e-06,285.52013397216797
Herriman #3,2023-10-25,-0.7745145161946615,2.4189776182174683,4.351138613856165e-07,285.0314947764079
Herriman #3,2023-10-26,0.9817384084065756,-0.5448817809422811,0.007010555267243035,282.2449760437012
Herriman #3,2023-10-27,-0.5786895751953125,0.6289257208506266,1.7195939676639682e-06,277.88450558980304
Herriman #3,2023-10-28,1.0232194264729817,-1.9133243958155315,0.00010798974852832544,277.3807900746663
Herriman #3,2023-10-29,1.5153427124023438,-2.2389864126841226,1.8607397009873239e-06,273.07017580668133
Herriman #3,2023-10-30,0.3747660319010417,-0.4791874090830485,1.716028918963275e-06,274.16661326090497
Herriman #3,2023-10-31,0.01714324951171875,-0.05653512477874756,1.2814997489840607e-06,275.96922938028973
Herriman #3,2023-11-01,-0.7817853291829427,0.36394548416137695,1.7180245777126402e-06,278.12869453430176
Herriman #3,2023-11-02,-1.0505477984746296,0.6857320070266724,2.5716951199683535e-06,280.0566151936849
Herriman #3,2023-11-03,-0.5343907674153646,0.0679773489634196,-8.696304121258436e-09,284.6450564066569
Herriman #3,2023-11-04,-1.2131481170654297,0.7723890145619711,3.4391878216410987e-06,282.49069023132324
Herriman #3,2023-11-05,-1.1213137308756511,1.5399519602457683,1.7089405446313322e-06,284.57950083414715
Herriman #3,2023-11-06,-1.1531473795572917,2.2689168453216553,1.7249962525056617e-06,285.1698932647705
Herriman #3,2023-11-07,0.7195059458414713,-0.6655178070068359,0.005632460117340088,281.51944096883136
Herriman #3,2023-11-08,0.7883936564127604,-1.916534423828125,0.0019325257480886648,275.9283669789632
Herriman #3,2023-11-09,0.21713765462239584,-0.542853037516276,8.492522169945005e-07,275.98366928100586
Herriman #3,2023-11-10,-0.4451725482940674,0.5890500148137411,0.0,275.86474164326984
Herriman #3,2023-11-11,-0.8070599238077799,0.7066365083058676,3.010032742167823e-06,276.7962354024251
Herriman #3,2023-11-12,-1.1976664463678997,0.8411139249801636,0.0,278.2340571085612
Herriman #3,2023-11-13,-1.679708480834961,1.4905285437901814,1.727127028061659e-06,278.6343078613281
Herriman #3,2023-11-14,-1.3134765625,1.748006820678711,0.0,280.3694190979004
Herriman #3,2023-11-15,-1.4388144413630168,1.6021079222361247,8.583068797918258e-07,280.73910395304364
Herriman #3,2023-11-16,-0.9576377868652344,1.0521494547526042,0.010075135015028991,281.66927337646484
Herriman #3,2023-11-17,-1.0775362650553386,0.3395099639892578,4.801154125289031e-05,277.97749582926434
Herriman #3,2023-11-18,-1.013400395711263,0.8965994119644165,0.0012460380791594616,278.32066281636554
Herriman #3,2023-11-19,-0.3462929328282674,0.39502716064453125,0.010278381834723405,276.95622698465985
Herriman #3,2023-11-20,1.4863878885904949,-2.0944184064865112,0.0033082574605032278,274.4962927500407
Herriman #3,2023-11-21,-0.3801623582839966,0.10276683171590169,1.3309717076026573e-05,272.4281539916992
Herriman #3,2023-11-22,-0.7236791054407755,0.32727940877278644,1.7225742112714215e-06,274.1617374420166
Herriman #3,2023-11-23,-0.5421905517578125,-0.2862250010172526,2.6696920389923662e-05,274.54609934488934
Herriman #3,2023-11-24,0.729850689570109,-0.6064472198486328,0.011646080017044369,273.5054753621419
Herriman #3,2023-11-25,0.13312657674153647,-0.7879625558853149,0.00036197900772094727,269.04973856608075
Herriman #3,2023-11-26,-0.7089475790659586,0.149334987004598,7.321834561935248e-05,266.00761858622235
Herriman #3,2023-11-27,-1.0030097961425781,0.07942358652750652,6.342471499465319e-05,264.9092795054118
Herriman #3,2023-11-28,-0.9792213439941406,-0.046084086100260414,1.1849403279029502e-05,266.37322934468585
Herriman #3,2023-11-29,-1.1350822448730469,0.04350173473358154,2.6732682272267994e-06,267.5127518971761
Herriman #3,2023-11-30,-0.5268001556396484,-0.22398865222930908,4.932284355163574e-05,270.781312306722
Herriman #3,2023-12-01,-0.8159567515055338,0.7251014312108358,0.0029367268083433373,269.5797653198242
Herriman #3,2023-12-02,-1.0334574381510417,1.61411448319753,0.003134608268737793,269.9726740519206
Herriman #3,2023-12-03,-1.1114050547281902,1.8907682498296101,0.015345603227615356,273.26077397664386
Herriman #3,2023-12-04,-1.1858565012613933,1.0849457184473674,0.005447357892990112,274.78081639607746
Herriman #3,2023-12-05,-1.507891337076823,0.6234353383382162,3.9041032096065464e-07,271.7075665791829
Herriman #3,2023-12-06,-2.0283889770507812,0.8944536844889323,0.0,270.24817848205566
Herriman #3,2023-12-07,-1.0103499094645183,1.0501117706298828,0.0004034489393234253,274.05707931518555
Herriman #3,2023-12-08,0.10423787434895833,-0.7028414408365885,0.00817176144221321,269.54638862609863
Herriman #3,2023-12-09,0.0668805440266927,0.1835794448852539,0.0010602474212646484,268.11709276835126
Herriman #3,2023-12-10,-1.4553850094477336,1.0448368787765503,2.4219417014137434e-06,266.93097559611004
Herriman #3,2023-12-11,-1.378792444864909,0.13739808400472006,4.053114821545023e-07,270.00166511535645
Herriman #3,2023-12-12,-0.6889171600341797,-0.4608866373697917,4.035234383081843e-06,270.0434112548828
Herriman #3,2023-12-13,-0.7119731903076172,-0.28241602579752606,5.2928923537365336e-06,267.8446896870931
Herriman #3,2023-12-14,-1.0196590423583984,0.09772682189941406,8.52346317969932e-07,269.36143684387207
Herriman #3,2023-12-15,-1.180013656616211,0.10080341498057048,1.8447636875862372e-06,268.74729283650714
Herriman #3,2023-12-16,-1.397701382637024,-0.0030693610509236655,8.672474791637796e-07,268.08917744954425
Herriman #3,2023-12-17,-1.0223542054494221,-0.3751480182011922,1.7106532936850272e-06,270.7014217376709
Herriman #3,2023-12-18,-1.6246833801269531,0.24381486574808756,1.7046928064701206e-06,268.4365921020508
Herriman #3,2023-12-19,-2.0274342695871987,0.9544589122136434,0.0007380247116088867,271.29205322265625
Herriman #3,2023-12-20,-1.7143408060073853,1.0380701224009197,0.0006278991699169012,274.06427065531415
Herriman #3,2023-12-21,-1.6755990187327068,0.5840803782145182,0.0,271.1208381652832
Herriman #3,2023-12-22,-1.706551233927409,0.5992215474446615,8.52346317969932e-07,270.9425868988037
Herriman #3,2023-12-23,-0.15821202596028647,-0.5203285217285156,0.00331707000731285,272.6131083170573
Herriman #3,2023-12-24,0.4321327209472656,-0.7556067307790121,0.0008911879239690279,269.4313373565674
Herriman #3,2023-12-25,-1.1235647598902385,-0.04731257756551107,6.082653897010459e-06,263.02275975545246
Herriman #3,2023-12-26,-1.277936339378357,0.3036929766337077,3.4749506880871195e-06,263.1528155008952
Herriman #3,2023-12-27,-1.1388144095738728,0.20346196492513022,3.6090611388317484e-06,266.8207480112712
Herriman #3,2023-12-28,-0.9216480652491251,-0.16369946797688803,3.254413604736328e-05,269.5475902557373
Herriman #3,2023-12-29,-1.285043716430664,0.16634750366210938,8.52346317969932e-07,269.7281099955241
Herriman #3,2023-12-30,-1.8882153828938801,0.6682523091634115,1.1876225471496582e-05,271.747517267863
Herriman #3,2023-12-31,-1.3631782531738281,0.3376932144165039,8.583068797918258e-07,270.6567274729411
Near Road,2019-01-01,-1.042911211649577,-0.7791513601938883,0.0,260.3973083496094
Near Road,2019-01-02,-1.0237126747767131,0.13422075907389322,8.52346317969932e-07,259.69567553202313
Near Road,2019-01-03,-1.0296976168950398,0.5212141275405884,4.76837158203125e-07,263.11034456888837
Near Road,2019-01-04,-1.3744721412658691,0.1596833864847819,1.0013579299084086e-06,265.28265444437665
Near Road,2019-01-05,-2.2605685790379844,0.7076247135798136,1.1920928955078125e-07,265.6353638966878
Near Road,2019-01-06,-1.5274260838826497,1.66228187084198,0.010136607289268795,273.70591735839844
Near Road,2019-01-07,-0.9899126688639323,2.354288180669149,0.009756057139895802,272.57532056172687
Near Road,2019-01-08,-1.1515757242838542,0.32409719626108807,0.0012691646813323132,273.9226754506429
Near Road,2019-01-09,-1.9798653920491536,1.070689598719279,4.2319288695580326e-07,272.7428633371989
Near Road,2019-01-10,-1.5865637461344402,0.47168223063151044,3.181209422109532e-05,272.0495077768962
Near Road,2019-01-11,0.013273239135742188,-0.4208799997965495,0.0006069605644256626,273.90835126241046
Near Road,2019-01-12,-0.467739741007487,-0.29569117228190106,0.00012259185314178467,268.83090591430664
Near Road,2019-01-13,-0.8275185426076254,-0.4597119490305583,1.1861324260564743e-06,266.4850215911865
Near Road,2019-01-14,-1.1959482828776042,-0.08312527338663737,2.7386818146624137e-06,264.48125584920246
Near Road,2019-01-15,-1.5382671356201172,0.24575678507486978,0.0005006641149520874,267.7257493336995
Near Road,2019-01-16,-0.9663389126459757,1.4524701436360676,0.0067428886890184,273.89201100667316
Near Road,2019-01-17,-2.0407066345214844,2.6815770467122397,0.007816067337898858,274.91394742329913
Near Road,2019-01-18,0.08317184448242188,0.17881401379903158,0.01775405944533759,274.4569085439046
Near Road,2019-01-19,-1.4427731831868489,1.4202109177907307,0.0010806649922301403,271.35980796813965
Near Road,2019-01-20,-1.9150390625,1.6213599840799968,1.1503695418468851e-06,274.0894311269124
Near Road,2019-01-21,-0.5789229075113932,0.833245595296224,0.016038036346344597,273.4806563059489
Near Road,2019-01-22,1.1673022508621216,-0.9133145411809286,0.0009261816740036011,268.93673769632977
Near Road,2019-01-23,-1.4592941999435425,1.4151910146077473,0.00023576319210860675,265.2281850179036
Near Road,2019-01-24,-0.7841781377792358,1.241604487101237,0.003151313488501728,270.6627114613851
Near Road,2019-01-25,-0.9852933883666992,1.1612210671106975,0.0007944995471120819,272.09278933207196
Near Road,2019-01-26,-1.1445865631103516,0.4516302744547526,5.877963189959701e-06,271.00107447306317
Near Road,2019-01-27,-1.4814828236897786,0.9822132587432861,1.2758374168697628e-05,269.6372152964274
Near Road,2019-01-28,-1.0385328928629558,0.472634752591451,6.283165703280247e-06,272.57777913411456
Near Road,2019-01-29,-1.0408288637797039,0.18918871879577637,5.078570723071607e-06,269.02121289571124
Near Road,2019-01-30,-1.4489227533340454,0.6114533344904581,0.0,267.50419425964355
Near Road,2019-01-31,-1.5933843056360881,0.6124770641326904,0.0,270.09030214945477
Near Road,2019-02-01,-1.9954980214436848,0.8681888580322266,2.5868415605145856e-06,270.50402069091797
Near Road,2019-02-02,-2.4204578399658203,1.8832509915033977,3.777444362640381e-05,273.27158610026044
Near Road,2019-02-03,-1.372557520866394,2.896132707595825,0.004524365067481995,276.6876564025879
Near Road,2019-02-04,-1.0956687927246094,4.09210745493571,0.0006210518852753921,276.9563668568929
Near Road,2019-02-05,-0.4470977783203125,3.618951439857483,0.006728741526501381,275.07800420125324
Near Road,2019-02-06,1.43117360273997,-0.8286377588907877,0.014865982532398903,269.92217381795246
Near Road,2019-02-07,0.41018907229105633,0.6105396747589111,0.0017014873928928864,266.9136149088542
Near Road,2019-02-08,-1.6544520060221355,0.7809516986211141,2.14482975025021e-06,261.66906420389813
Near Road,2019-02-09,-2.176734288533529,1.2683520317077637,0.00045036673545695294,264.82184473673504
Near Road,2019-02-10,-2.0112527211507163,2.772706985473633,0.0008856832980086438,268.0659243265788
Near Road,2019-02-11,0.555145263671875,0.47038714090983075,0.007388433813957818,267.50674565633136
Near Road,2019-02-12,-1.9436365763346355,1.7764657338460286,8.52346317969932e-07,264.94672139485675
Near Road,2019-02-13,-1.9103406270345051,2.418726603190104,0.004854947328567505,271.9398663838704
Near Road,2019-02-14,-1.6669972737630208,3.6093692779541016,0.0072113037108465505,275.9007002512614
Near Road,2019-02-15,-0.5961208343505859,3.2048990726470947,0.005132305621998512,277.16467157999676
Near Road,2019-02-16,0.6344852447509766,0.4830182393391927,0.008116501569645607,272.3586120605469
Near Road,2019-02-17,-0.6536909739176432,0.957669178644816,0.0006329119205474854,270.72669347127277
Near Road,2019-02-18,-0.5093294779459635,-0.40132594108581543,0.0014362215994765393,268.93488756815594
Near Road,2019-02-19,1.3387508392333984,-0.8372821807861328,0.0013158082961695072,267.5081132253011
Near Road,2019-02-20,-0.7016468048095703,2.253941456476847,0.0015285551547776777,266.22520128885907
Near Road,2019-02-21,-1.0302448272705078,0.06642985343933105,0.0006031069891037077,268.093053817749
Near Road,2019-02-22,0.3321367899576823,-1.2777496973673503,0.002261707436332472,268.38812192281085
Near Road,2019-02-23,-0.5709724426269531,1.1179951032002766,3.55161018887884e-05,267.0780556996663
Near Road,2019-02-24,-1.8599281311035156,2.2260872522989907,9.682650215836475e-06,267.4604949951172
Near Road,2019-02-25,-1.827749252319336,2.7194512685139975,0.001138123869793617,272.294090906779
Near Road,2019-02-26,-1.5574750105539958,3.5966751178105674,7.680783789965062e-05,276.14356358846027
Near Road,2019-02-27,-1.6768416563669841,2.5637334187825522,0.002151389191681119,275.551056543986
Near Road,2019-02-28,-1.4875590006510417,1.9899253447850545,0.001216697692825619,275.99643898010254
Near Road,2019-03-01,0.10937182108561198,0.7379650274912516,0.00274619460105896,277.7301909128825
Near Road,2019-03-02,0.2539653778076172,-0.42304813861846924,0.004529643058674537,275.8416576385498
Near Road,2019-03-03,0.9124730428059896,-0.7356331745783488,0.005491778254508972,272.89837010701496
Near Road,2019-03-04,-0.22490835189819336,0.1493989626566569,1.5920400528557366e-05,272.76290957132977
Near Road,2019-03-05,-1.5770613352457683,0.8397174676259359,7.614493370056152e-06,273.42919158935547
Near Road,2019-03-06,-1.7396939595540364,2.1583409706751504,0.006981870937238455,277.00467681884766
Near Road,2019-03-07,-0.6969795227050781,2.1755717992782593,0.0066306740045547485,277.0659999847412
Near Road,2019-03-08,-0.6824690500895182,0.9581174850463867,0.007001313567059242,276.07422129313153
Near Road,2019-03-09,0.12791657447814941,0.5214284658432007,0.003801098465828545,273.09779930114746
Near Road,2019-03-10,-0.9556878407796224,0.4707835117975871,0.0038860664350295337,273.29491742451984
Near Road,2019-03-11,-0.5191198984781901,-0.3185844421386719,0.00011176769157827948,273.0676740010579
Near Road,2019-03-12,-0.8268057505289713,0.23574169476826987,4.4833748091832604e-07,274.19898160298663
Near Road,2019-03-13,2.19154953956604,-1.4186280568440754,0.014460116624832153,273.5911947886149
Near Road,2019-03-14,1.4413499037424724,-0.7770881652832031,0.004576711966649327,272.21397908528644
Near Road,2019-03-15,-0.6368071238199869,0.15562744935353598,7.834020664176933e-06,271.29724311828613
Near Road,2019-03-16,-0.6936874389648438,-0.11671654383341472,1.7106532936850272e-06,272.16572697957355
Near Road,2019-03-17,-0.9560457865397135,0.31728482246398926,1.78813479578821e-08,274.8168379465739
Near Road,2019-03-18,-0.9725551605224609,0.21461864312489828,1.7046928064701206e-06,276.7526156107585
Near Road,2019-03-19,-0.6976966857910156,-0.02932580312093099,1.2874602930423862e-06,277.6833553314209
Near Road,2019-03-20,-1.9662240346272786,0.6528292894363403,1.7145424635600648e-06,274.1152648925781
Near Road,2019-03-21,-1.7820905049641926,0.580563465754191,0.004434050956035662,276.10646057128906
Near Road,2019-03-22,-0.4611937204996745,1.5182282129923503,0.0033391639012165797,277.52835019429523
Near Road,2019-03-23,-0.6549027760823568,1.2873719533284504,0.0008926686732593225,276.51692390441895
Near Road,2019-03-24,-0.06276639302571614,0.536163330078125,0.008858366379172367,278.47940254211426
Near Road,2019-03-25,-1.1551546653111775,1.1161000728607178,0.00025653839111328125,276.48767280578613
Near Road,2019-03-26,-1.5245405832926433,1.845241904258728,0.0,278.5999170939128
Near Road,2019-03-27,-1.4275773366292317,2.348572850227356,1.2814997489840607e-06,281.3177490234375
Near Road,2019-03-28,0.015699386596679688,1.1089305877685547,0.002171456813812256,281.76755650838214
Near Road,2019-03-29,0.5992679595947266,-0.01129913330078125,0.013094595004076837,276.4394931793213
Near Road,2019-03-30,-0.10299022992451985,0.13981548945109049,0.000643548756556811,277.10488828023273
Near Road,2019-03-31,-0.4494317372639974,-0.3722969690958659,1.049041748046875e-05,276.7688153584798
Near Road,2019-04-01,-0.5533663431803385,1.0076854626337688,2.2916983084542153e-06,279.50635528564453
Near Road,2019-04-02,-1.1318473815917969,1.5758699178695679,0.0010722701380814215,281.1264712015788
Near Road,2019-04-03,-0.2839622497558594,0.5913976033528646,0.009182530641453468,280.502347946167
Near Road,2019-04-04,-0.9674981435139974,1.557437260945638,9.534060950500134e-05,281.74757703145343
Near Road,2019-04-05,-1.1660041809082031,2.162729342778524,0.00020494455787911647,283.89428901672363
Near Road,2019-04-06,0.42142168680826825,0.4844436248143514,0.006134726929076351,282.7177429199219
Near Road,2019-04-07,-0.6446800231933594,1.0384900569915771,7.418256819846647e-05,281.5671672821045
Near Road,2019-04-08,-0.8348954518636068,1.016682227452596,2.7325971188929543e-05,284.7976773579915
Near Road,2019-04-09,-0.7881882985432943,0.33652567863464355,0.008277479729276394,283.7510407765706
Near Road,2019-04-10,2.0806096394856772,-1.9451731443405151,0.01752692759026786,277.4031861623128
Near Road,2019-04-11,2.1987876892089844,-1.6469242175420125,0.005448638045663756,277.4974422454834
Near Road,2019-04-12,0.5744202931722006,0.1956401268641154,0.0038889437913880442,277.8696543375651
Near Road,2019-04-13,0.5444170633951823,0.5215059518814087,0.0015483975409438244,278.6625556945801
Near Road,2019-04-14,-1.1456470489501953,2.061229427655538,0.0008346319198153651,280.67408498128253
Near Road,2019-04-15,-0.9428373972574869,0.47067856788635254,0.013828948140144348,283.1135851542155
Near Road,2019-04-16,-0.09504127502441406,-0.071143905321757,0.01647174784437766,280.7056592305501
Near Road,2019-04-17,0.1986408233642578,-0.7294813791910807,0.00041844248761435665,280.50634320576984
Near Road,2019-04-18,-0.32570521036783856,0.14618420600891113,1.7505581695331784e-06,282.98967997233075
Near Road,2019-04-19,-1.1180260976155598,0.6844332218170166,3.007982343206095e-06,283.91644859313965
Near Road,2019-04-20,-1.7300300598144531,1.5744655132293701,0.00031138942370034783,287.86208216349286
Near Road,2019-04-21,0.1402594248453776,0.21831969420115152,0.017205557227043755,285.42636553446454
Near Road,2019-04-22,-0.0948041280110677,-0.8229008515675863,0.0012901008128665126,283.77601687113446
Near Road,2019-04-23,-0.39187876383463544,-0.7687628269195557,3.2067297865978617e-06,283.82777150472003
Near Road,2019-04-24,-0.5118465423583984,0.06904490788777669,0.0,285.39219093322754
Near Road,2019-04-25,-0.46401341756184894,0.16324476401011148,0.0003207564353893133,287.2461357116699
Near Road,2019-04-26,-1.2865918477376301,1.6780552864074707,0.003112971782684326,287.5674082438151
Near Road,2019-04-27,0.6278807322184244,0.020093480745951336,0.0008451342582702637,288.1482702891032
Near Road,2019-04-28,0.34795888264973956,-0.7060499588648478,1.724528942759207e-06,285.5797526041667
Near Road,2019-04-29,-0.3848762512207031,0.3371473550796509,0.00014937306718820764,281.92928822835285
Near Road,2019-04-30,0.9231897989908854,-0.16619634628295898,0.011270502167121776,282.9498354593913
Near Road,2019-05-01,0.7446982065836588,0.4226509730021159,0.007508549094097816,277.2966302235921
Near Road,2019-05-02,-0.486819585164388,0.8823928833007812,9.314417837913425e-05,280.0179748535156
Near Road,2019-05-03,-0.6807092030843099,0.6140740712483724,1.2994059943594038e-06,283.93922233581543
Near Road,2019-05-04,-0.8312568664550781,0.5668798287709554,0.00014846324910422481,284.6880003611247
Near Road,2019-05-05,-0.9481544494628906,0.9411807060241699,0.0007178932428359985,286.7245737711589
Near Road,2019-05-06,-1.079154332478841,1.0350284576416016,0.0010163217782519496,287.4759947458903
Near Road,2019-05-07,-0.7886206309000651,0.1594076156616211,0.0046318769454956055,284.75731468200684
Near Road,2019-05-08,0.5813573201497396,-0.5379432439804077,0.006988394260304176,283.9000536600749
Near Road,2019-05-09,-0.7272561391194662,-0.6094505389531454,0.0024492681026409002,282.2660420735677
Near Road,2019-05-10,-0.3311004638671875,-0.767634908358256,0.00013698390336003285,283.3782844543457
Near Road,2019-05-11,-0.07729148864746094,-0.5243299007415771,2.3230910301208496e-05,285.09650802612305
Near Road,2019-05-12,-0.5592314402262369,0.11314558982849121,8.225439955822367e-07,287.2582130432129
Near Road,2019-05-13,-1.0639699300130208,1.0401577552159627,9.852647679053916e-06,289.513339360555
Near Road,2019-05-14,-1.2552083333333333,1.4787537256876628,2.610087394572247e-05,290.6944471995036
Near Road,2019-05-15,-1.3822110493977864,2.9596153497695923,4.258155822256526e-05,292.6323979695638
Near Road,2019-05-16,-1.3348140716552734,3.0369367202123008,0.00014294981946250118,292.4998200734456
Near Road,2019-05-17,0.3383350372314453,1.1152631839116414,0.015434995293617249,284.29824447631836
Near Road,2019-05-18,0.7878214518229166,0.9462329943974813,0.011341485381080929,281.8106803894043
Near Road,2019-05-19,-1.4221700032552083,1.661588152249654,0.0019556939780613902,283.8169854482015
Near Road,2019-05-20,-0.21490097045898438,1.1888188123703003,0.0034083391100807603,282.27581151326496
Near Road,2019-05-21,0.3947461446126302,0.6544354756673177,0.009340977667722683,281.7153854370117
Near Road,2019-05-22,0.2405071258544922,-0.03895946343739828,0.008326733112330231,280.4645462036133
Near Road,2019-05-23,-0.6192270914713541,0.14644225438435873,0.007723929486530778,282.02955691019696
Near Road,2019-05-24,-0.1318353017171224,2.2588907877604165,0.009230762720108032,282.99542872111004
Near Road,2019-05-25,-0.9676284790039062,2.0450629393259683,0.0008586486656518844,285.16171010335285
Near Road,2019-05-26,-1.2489020029703777,1.8631866375605266,0.0003786013783724229,287.191063563029
Near Road,2019-05-27,-0.03107007344563802,0.7544576327006022,0.006479764842879376,285.3376096089681
Near Road,2019-05-28,0.2518666585286458,0.5002241929372152,0.005536550283352426,283.95299847920734
Near Road,2019-05-29,-0.2732187906901042,-0.13036938508351645,0.0003842353821141842,285.91340255737305
Near Road,2019-05-30,-0.37314287821451825,0.5734826326370239,0.0009756069756008401,287.64018567403156
Near Road,2019-05-31,-0.3742624918619792,0.4855605363845825,0.0021146357059365073,288.39994557698566
Near Road,2019-06-01,-0.5449784596761068,-0.05377809206644694,0.0026421964167866463,289.5093739827474
Near Road,2019-06-02,-0.5526758829752604,-0.1720355749130249,0.0011069715023381832,289.56254323323566
Near Road,2019-06-03,-0.13552029927571616,-0.12820804119110107,0.00038249194621542415,290.54280281066895
Near Road,2019-06-04,-0.06634457906087239,-0.3528869152069092,0.0003139227628707886,291.9266274770101
Near Road,2019-06-05,-0.35467060407002765,-0.5135058164596558,9.253621101379395e-06,292.75147247314453
Near Road,2019-06-06,-0.707009752591451,1.5129855473836262,2.7088065280622686e-05,294.31336911519367
Near Road,2019-06-07,0.3436272939046224,2.5505752563476562,0.0009005738473888414,294.9076124827067
Near Road,2019-06-08,2.045831044514974,-2.479854941368103,0.0009009987115859985,285.8480809529622
Near Road,2019-06-09,0.39577166239420575,-1.4449055989583333,8.583068797918258e-07,286.6594893137614
Near Road,2019-06-10,0.08982531229654948,-0.25676536560058594,8.52346317969932e-07,288.36202303568524
Near Road,2019-06-11,-0.0785992940266927,-0.3766638437906901,1.714413713216345e-06,291.6270179748535
Near Road,2019-06-12,-0.24189186096191406,-0.14368120829264322,8.591141167357819e-07,293.09042994181317
Near Road,2019-06-13,-0.554931640625,0.41839599609375,0.0008544772863388062,294.9804859161377
Near Road,2019-06-14,0.023703893025716145,-0.3011532624562581,0.00036432147015830196,293.4928894042969
Near Road,2019-06-15,-0.15607007344563803,0.14338469505310059,8.648633962593522e-05,294.3109773000081
Near Road,2019-06-16,-0.3092053731282552,0.39749594529469806,6.895661353922833e-05,294.60462125142413
Near Road,2019-06-17,-0.7094118992487589,0.9711075226465861,0.0016262796859223272,293.6128215789795
Near Road,2019-06-18,-0.026053746541341145,0.16598240534464517,0.00011655675143629196,293.4864050547282
Near Road,2019-06-19,0.3092597723007202,0.04601975282033285,8.523463748133508e-07,296.2879835764567
Near Road,2019-06-20,1.0856870015462239,0.02558167775472005,0.0004017710684820486,296.46568552652997
Near Road,2019-06-21,1.5053539276123047,-2.2335864305496216,0.00014089643946135766,287.8588924407959
Near Road,2019-06-22,1.6538162231445312,-2.0108108520507812,0.0005711615085601807,287.20904604593915
Near Road,2019-06-23,0.26128578186035156,0.5769400199254354,4.489617305125648e-05,289.28374671936035
Near Road,2019-06-24,-0.0707384745279948,0.6556911468505859,5.261826072455733e-05,293.221986134847
Near Road,2019-06-25,-0.6977570851643881,1.1157169342041016,4.295706747825534e-05,294.59524790445965
Near Road,2019-06-26,-0.5806922912597656,2.838102181752523,4.276633262634277e-06,297.1251843770345
Near Road,2019-06-27,-0.3980261484781901,4.012275695800781,1.2919306755065918e-05,298.61144320170087
Near Road,2019-06-28,-0.5520846048990885,3.6721355517705283,8.583068797918258e-07,298.8023509979248
Near Road,2019-06-29,0.4489479064941406,1.6455169121424358,1.7064354551621363e-06,299.3189690907796
Near Road,2019-06-30,-0.610510508219401,2.0887845357259116,0.00023192187336462666,298.58012835184735
Near Road,2019-07-01,-0.7088247934977213,1.9008935292561848,8.523463748133508e-07,296.0014991760254
Near Road,2019-07-02,-0.36343129475911456,1.3959509531656902,0.0,298.717383702596
Near Road,2019-07-03,0.5865249633789062,0.7995820045471191,1.2636184692382812e-05,299.8524792989095
Near Road,2019-07-04,1.3833567301432292,-1.237152338027954,0.0010326206684112549,295.97621790568036
Near Road,2019-07-05,0.03344281514485677,-0.7520597378412882,0.0009856164455186445,294.8762626647949
Near Road,2019-07-06,-0.2881050109863281,0.46114710966746014,7.944440426399524e-06,297.08814748128253
Near Road,2019-07-07,-0.3229249318440755,2.3627907435099282,5.024671452247276e-06,298.9868965148926
Near Road,2019-07-08,0.37098248799641925,2.0521870454152427,0.00029328465461730957,298.1082992553711
Near Road,2019-07-09,0.1887213389078776,-0.08807118733723958,2.1660327906403154e-05,296.52016766866046
Near Road,2019-07-10,-0.6915334065755209,0.9901320139567057,1.7032621713042317e-06,298.5730546315511
Near Road,2019-07-11,-0.47420012950897217,1.319478710492452,0.00010779737397115241,301.02968978881836
Near Road,2019-07-12,-0.5780560970306396,0.9111818075180054,1.8495321171485557e-05,300.96240679423016
Near Road,2019-07-13,-0.8936071395874023,1.476119836171468,0.00013875961303710938,301.76912689208984
Near Road,2019-07-14,-0.43717682361602783,1.4149402777353923,9.175539016226253e-05,301.2001241048177
Near Road,2019-07-15,0.1788144906361898,1.1460927327473958,0.0,301.570852915446
Near Road,2019-07-16,-0.038045922915140785,0.5422819058100382,4.228949535445281e-06,300.829153696696
Near Road,2019-07-17,0.9979860385258993,-0.01989595095316569,2.404865028893255e-06,301.5711034138997
Near Road,2019-07-18,-0.07567787170410156,1.688240647315979,0.0,300.8309911092122
Near Road,2019-07-19,0.10880851745605469,1.7878543138504028,2.139806667855737e-06,302.07151794433594
Near Road,2019-07-20,0.2775764465332031,0.1288754940032959,3.7431715895763773e-06,300.9965655008952
Near Road,2019-07-21,-0.215346892674764,0.3068052927652995,3.3497810250082694e-06,300.7903258005778
Near Road,2019-07-22,-0.287872314453125,0.42711321512858075,8.583068797918258e-07,302.4590555826823
Near Road,2019-07-23,-0.5434341430664062,0.6530542771021525,1.2993811537853617e-06,302.93976338704425
Near Road,2019-07-24,0.36681493123372394,-0.4201863606770833,0.0009007397517528659,302.16725095113117
Near Road,2019-07-25,0.13622156778971353,-0.07156594594319661,7.724165914169134e-05,301.0072701772054
Near Road,2019-07-26,0.011788686116536459,-0.07855542500813802,0.0020697712898254395,299.85864003499347
Near Road,2019-07-27,0.7911548614501953,-0.3062742551167806,0.0008500357096750122,298.2823435465495
Near Road,2019-07-28,0.16620254516601562,-0.246794064839681,0.0,299.3676579793294
Near Road,2019-07-29,-0.27446619669596356,1.0435735781987507,1.8292665458830015e-05,301.1102352142334
Near Road,2019-07-30,-0.08052698771158855,1.8116422494252522,1.418590443336143e-06,302.64810434977215
Near Road,2019-07-31,-0.6476834615071615,2.012103716532389,0.0007986921824567617,300.9214617411296
Near Road,2019-08-01,-0.6454461415608724,0.9026451110839844,0.0011463852246720307,295.53730328877765
Near Road,2019-08-02,-0.25624338785807294,0.44706205526987713,3.6895275066228805e-06,299.7414213816325
Near Road,2019-08-03,-0.28214263916015625,0.4336695671081543,2.0235776901245117e-05,301.1367956797282
Near Road,2019-08-04,-0.5562674204508463,0.6488365332285563,8.279085159301758e-05,301.2344621022542
Near Road,2019-08-05,-0.2536048889160156,0.4584949811299642,2.5162100786957353e-05,301.9063784281413
Near Road,2019-08-06,-0.3918285369873047,0.4989534616470337,1.5974044799804688e-05,302.542626063029
Near Road,2019-08-07,-0.5308945973714193,0.44858535130818683,0.0012652061321887231,300.8057810465495
Near Road,2019-08-08,-0.5129547119140625,0.5356999238332113,0.006262102723116669,295.9577388763428
Near Road,2019-08-09,-0.07077725728352864,0.6946194966634115,1.7786025978239195e-05,296.37231254577637
Near Road,2019-08-10,-0.8402455647786459,2.348717371622721,1.2838948464377609e-06,298.8146394093831
Near Road,2019-08-11,0.3306967417399089,1.9072596232096355,3.272034211931896e-05,298.82564481099445
Near Road,2019-08-12,0.8841069539388021,-1.1137770414352417,8.583068797918258e-07,297.1639766693115
Near Road,2019-08-13,-0.13323354721069336,0.06131426493326823,1.0013579299084086e-06,297.04207611083984
Near Road,2019-08-14,-0.14137017726898193,-0.09747632344563802,0.0,298.53442128499347
Near Road,2019-08-15,-0.2203528086344401,0.03493924935658773,2.753734588623047e-05,299.22829755147296
Near Road,2019-08-16,0.3768240610758464,-0.804803212483724,3.274679183462581e-05,300.73404757181805
Near Road,2019-08-17,0.1819941202799479,-0.31963857014973956,4.112720489501953e-06,299.25867144266766
Near Road,2019-08-18,-0.42568016052246094,0.6447423299153646,0.0,298.6194788614909
Near Road,2019-08-19,-0.5323505401611328,2.084579825401306,0.0,300.3169008890788
Near Road,2019-08-20,-0.6762886047363281,1.829572280248006,8.59748936932192e-07,300.3811906178792
Near Road,2019-08-21,-0.3225930531819661,0.44833282629648846,2.5732547754842017e-06,300.38338915507
Near Road,2019-08-22,-0.1607977549235026,0.6590614318847656,0.0003510415554046631,299.86196835835773
Near Road,2019-08-23,1.2414639790852864,-1.0035648743311565,8.418319339398295e-07,297.7857526143392
Near Road,2019-08-24,0.022446314493815105,0.17161067326863608,1.315856156480777e-06,297.6992950439453
Near Road,2019-08-25,-0.0622412363688151,0.6088360548019409,1.7174984918710834e-06,299.91407203674316
Near Road,2019-08-26,1.3490931193033855,-1.3496341705322266,4.351138045421976e-07,298.113431930542
Near Road,2019-08-27,0.1674084266026815,-0.5597546895345052,3.4394398653603275e-06,295.1912644704183
Near Road,2019-08-28,-0.2928212483723958,0.4167195161183675,1.7127420619544864e-06,296.6618595123291
Near Road,2019-08-29,-0.3578192392985026,0.9431227842966715,0.00018365881976478704,299.97074127197266
Near Road,2019-08-30,-0.5241476694742838,0.8150485754013062,0.0007743789286678293,299.63699531555176
Near Road,2019-08-31,-0.20769500732421875,0.1049512227376302,-4.324533620092552e-09,300.04761060078937
Near Road,2019-09-01,-0.46738751729329425,0.6131267547607422,1.284479992591514e-06,299.9444942474365
Near Road,2019-09-02,-0.4614124298095703,0.6628799438476562,8.523463748133508e-07,300.4980875651042
Near Road,2019-09-03,-0.2958208719889323,0.009370168050130209,0.0005713999271392822,301.87525685628253
Near Road,2019-09-04,-0.5505104064941406,0.5581803719202677,0.0018350720405528875,299.76246388753253
Near Road,2019-09-05,0.08306376139322917,-0.05503201484680176,5.393624303451361e-05,301.8497231801351
Near Road,2019-09-06,-0.28339894612630206,0.017567793528238933,0.002607090448350391,297.90630467732746
Near Road,2019-09-07,-0.03507296244303385,-0.11912977695465088,4.127621650695801e-06,297.53003819783527
Near Road,2019-09-08,-0.7031211853027344,1.1074473063151042,0.004455366730685029,295.54034487406415
Near Road,2019-09-09,0.1591943105061849,0.4107214609781901,0.00030562281608581543,292.84353001912433
Near Road,2019-09-10,-0.07797559102376302,1.707742691040039,0.001255282759661469,293.2958335876465
Near Road,2019-09-11,0.4559345245361328,-0.515686551729838,0.01886466145515442,288.2528769175212
Near Road,2019-09-12,0.2600091298421224,0.2853037516276042,4.830956356727256e-06,288.73790613810223
Near Road,2019-09-13,-0.2569135030110677,0.17840576171875,0.0,290.0429490407308
Near Road,2019-09-14,-0.9070173899332682,0.7395103375116984,8.52346317969932e-07,292.7010561625163
Near Road,2019-09-15,-1.2157796223958333,1.8882312774658203,0.0,294.8640842437744
Near Road,2019-09-16,-1.1491044362386067,3.3027591705322266,2.682209014892578e-07,296.2562764485677
Near Road,2019-09-17,1.6217241684595745,1.1283073425292969,0.0023057494846057125,293.02619616190594
Near Road,2019-09-18,-0.7188551823298136,1.3833037614822388,8.583068833445395e-07,289.9701271057129
Near Road,2019-09-19,0.2138646443684896,1.4377007881800334,1.71661376953125e-05,292.64941724141437
Near Road,2019-09-20,1.1411361694335938,-1.0250410636266072,0.00825825631608268,285.7381064097087
Near Road,2019-09-21,0.05978584289550781,0.12111965815226237,0.0005018711090087891,285.350975672404
Near Road,2019-09-22,-0.5263207753499349,0.9262005885442098,0.0,287.1391353607178
Near Road,2019-09-23,-0.8239103953043619,0.6939936876296997,3.4306277143514308e-06,290.05097007751465
Near Road,2019-09-24,0.045064290364583336,-0.5928643544514974,4.261732051702438e-07,291.0077819824219
Near Road,2019-09-25,-0.03285789489746094,-0.5466505289077759,8.52346317969932e-07,291.0118096669515
Near Road,2019-09-26,-0.22985331217447916,0.4867183764775594,5.684341886080802e-14,290.3789882659912
Near Road,2019-09-27,-0.05127398173014323,0.17270453770955405,0.00013070106501800183,292.0717830657959
Near Road,2019-09-28,-0.7875027656555176,0.9210484822591146,0.020776879371698698,288.6504618326823
Near Road,2019-09-29,0.9465103149414062,-0.369021733601888,0.026051223278045654,283.2918173472087
Near Road,2019-09-30,0.2598012288411458,-0.4531091054280599,0.0010591596364974976,282.14420890808105
Near Road,2019-10-01,0.42206764221191406,-0.5535017251968384,8.265116645134185e-05,282.62121391296387
Near Road,2019-10-02,0.8698755900065104,-0.7228186130523682,0.0008237744896177901,282.7301438649495
Near Road,2019-10-03,-0.6652317047119141,0.435116449991862,1.8954276583826868e-06,282.87231826782227
Near Road,2019-10-04,0.3818543752034505,0.40019293626149494,0.0013621151447296143,285.8234272003174
Near Road,2019-10-05,0.46527989705403644,-0.03622901439666748,2.6725547286332585e-06,282.90920066833496
Near Road,2019-10-06,0.21824963887532553,-0.729522705078125,4.351138045421976e-07,283.5524444580078
Near Road,2019-10-07,-0.42704518636067706,0.12166992823282878,0.0,281.55247751871747
Near Road,2019-10-08,-0.8455613454182943,0.7989966074625651,8.583068833445395e-07,285.2698281606038
Near Road,2019-10-09,0.37772369384765625,-0.1430826187133789,0.0002841563637048239,284.3949616750081
Near Road,2019-10-10,2.004571278889974,-2.2271433671315513,5.904436102355248e-05,275.4398447672526
Near Road,2019-10-11,0.5903377532958984,-0.24128377437591553,2.679228771285125e-06,276.19473965962726
Near Road,2019-10-12,-0.35433197021484375,-0.2622388203938802,1.7127204614553193e-06,278.154447555542
Near Road,2019-10-13,-0.9663565158843994,0.6163619756698608,2.2315945784612268e-06,280.30957921346027
Near Road,2019-10-14,-0.8269443511962891,0.698242704073588,4.261732087229575e-07,283.4787311553955
Near Road,2019-10-15,-0.9456043243408203,0.2882741689682007,-7.363574638930004e-09,283.65394528706867
Near Road,2019-10-16,-1.318794886271159,1.1999286810557048,8.583068797918258e-07,285.23872629801434
Near Road,2019-10-17,-1.2519213358561199,2.284187396367391,8.211581439354632e-05,288.4504858652751
Near Road,2019-10-18,1.1928730010986328,-0.6755247513453165,0.005023510732598879,282.9778645833333
Near Road,2019-10-19,-0.37839508056640625,1.6138051350911458,0.0015196144580791326,281.0730234781901
Near Road,2019-10-20,2.030602137247721,-0.9263893763224283,0.007848548889114682,277.8826649983724
Near Road,2019-10-21,0.5277595520019531,-0.09794302781422932,0.000429689884185791,279.4596633911133
Near Road,2019-10-22,-0.44985198974609375,0.7619248628616333,1.4380919424183958e-06,281.56082280476886
Near Road,2019-10-23,0.5671515862147013,-0.7090018192927042,7.075593788385959e-05,284.4689998626709
Near Road,2019-10-24,-0.23849781354268393,-0.6154680649439493,1.8283724784851074e-05,278.845251083374
Near Road,2019-10-25,-0.6720364888509115,0.29704856872558594,2.5749205860847724e-06,278.22018178304035
Near Road,2019-10-26,-0.7845942179361979,0.3100852966308594,0.0,280.87800852457684
Near Road,2019-10-27,1.5334182580312092,-1.5391079584757488,0.004422351717948914,276.5079752604167
Near Road,2019-10-28,1.1751976013183594,-0.06948300202687581,7.045865049803979e-05,272.755916595459
Near Road,2019-10-29,0.5831356048583984,0.11423508326212566,0.006195822358126435,272.14670117696124
Near Road,2019-10-30,-0.5455296834309896,-0.6180959145228068,2.301047408082013e-05,264.50958887736004
Near Road,2019-10-31,-0.9429589112599691,0.3164056142171224,3.5762786865234375e-07,265.6322333017985
Near Road,2019-11-01,-0.86243204275767,-0.090699036916097,8.52346317969932e-07,271.0782585144043
Near Road,2019-11-02,-1.1691614786783855,0.25541214148203534,0.0,270.87011273701984
Near Road,2019-11-03,-1.334646224975586,0.5542712211608887,0.0,274.7061595916748
Near Road,2019-11-04,-1.128980000813802,0.3457715113957723,4.351138045421976e-07,277.3737672170003
Near Road,2019-11-05,-1.2764937082926433,0.4941607316335042,1.2934207802572928e-06,277.49691073099774
Near Road,2019-11-06,-1.3808650970458984,0.4525649944941203,0.0,278.3649984995524
Near Road,2019-11-07,-1.2232608795166016,0.24886461098988852,0.0,278.4801330566406
Near Road,2019-11-08,-1.3165270487467449,0.43371911843617755,8.52346317969932e-07,279.0854008992513
Near Road,2019-11-09,-1.388964335123698,0.342587153116862,8.523463748133508e-07,279.25438753763837
Near Road,2019-11-10,-1.2015037536621094,0.33049813906351727,8.52346317969932e-07,279.6454842885335
Near Road,2019-11-11,-0.07374127705891927,-0.2537085215250651,8.583069366352447e-07,282.14298184712726
Near Road,2019-11-12,-0.9238726298014323,0.7934118111928304,4.351138613856165e-07,276.9151802062988
Near Road,2019-11-13,-0.7944889068603516,0.4435586134592692,2.9802322387695312e-08,280.8636900583903
Near Road,2019-11-14,-1.398782730102539,0.6574654976526896,1.7106531231547706e-06,279.7592016855876
Near Road,2019-11-15,-1.4539063771565754,0.9884573618570963,3.471970558166504e-06,281.659917195638
Near Road,2019-11-16,-0.27379167079925537,-0.22625362873077393,7.081031696998252e-06,283.05468877156574
Near Road,2019-11-17,-0.7364041407903036,0.3807404041290283,8.52346317969932e-07,278.660680770874
Near Road,2019-11-18,-1.281504233678182,0.8384825388590494,0.0,279.62645022074383
Near Road,2019-11-19,-1.7004076639811199,1.8248985211054485,0.0,280.9508221944173
Near Road,2019-11-20,-1.1339302062988281,0.5345653295516968,0.0035154521465301514,279.88132603963214
Near Road,2019-11-21,-0.7553733587265015,-0.38552125295003253,0.005196452140751262,277.4822591145833
Near Road,2019-11-22,-0.14812405904134116,-0.4282786051432292,0.0004979962542961403,277.1273829142253
Near Road,2019-11-23,-0.2006071408589681,-0.3088415861129761,7.569789880790267e-05,275.47828102111816
Near Road,2019-11-24,-0.6889328956604004,0.6983858744303385,8.594906262260338e-07,274.85863558451337
Near Road,2019-11-25,-0.21925036112467447,-0.3204546372095744,0.004416859679224672,275.43167050679523
Near Road,2019-11-26,1.533966064453125,-1.1070014238357544,0.00336533784866333,270.5614121754964
Near Road,2019-11-27,-1.7132742802302043,1.160434087117513,0.0017207650550403741,269.78288014729816
Near Road,2019-11-28,-1.2348437706629436,0.6142994165420532,0.011158096789586125,272.4759470621745
Near Road,2019-11-29,-0.8170382181803385,0.07805236180623372,0.017160701751606666,272.51806831359863
Near Road,2019-11-30,0.6159680684407552,0.8631165822347006,0.0046029239892959595,271.68031946818036
Near Road,2019-12-01,-1.755178451538086,0.7204807996749878,6.985664299463679e-06,265.95694732666016
Near Road,2019-12-02,-1.5811564127604167,0.707736055056254,1.4889240219417843e-05,270.2569497426351
Near Road,2019-12-03,-0.8195667266845703,0.054361979166666664,8.678436188347405e-06,275.0979754130046
Near Road,2019-12-04,-1.2720057169596355,-0.011443456013997396,4.023314090773056e-07,272.011417388916
Near Road,2019-12-05,-0.16738510131835938,-0.10220575332641602,0.008169472217559814,275.06030146280926
Near Road,2019-12-06,-1.1716201305389404,0.6582188606262207,5.874037742614746e-05,274.0800387064616
Near Road,2019-12-07,-1.9288570880889893,1.5289198954900105,2.384185791015625e-07,272.7876567840576
Near Road,2019-12-08,-0.7284149328867594,1.7956395943959553,0.0053147971630096436,276.6161181131999
Near Road,2019-12-09,0.5641530354817709,0.16995028654734293,0.005785304307835304,275.5258146921794
Near Road,2019-12-10,-1.1583201090494792,0.9356206258138021,1.3709068298339844e-05,271.9317321777344
Near Road,2019-12-11,-1.7067076365152996,0.7819418907165527,4.55498420137701e-05,268.80675252278644
Near Road,2019-12-12,-1.5726900100708008,1.7799514929453533,0.004356169700617585,274.5900700887044
Near Road,2019-12-13,-0.6769290367762247,1.2143287658691406,0.006513097882248076,276.25857798258465
Near Road,2019-12-14,-0.09769952297210693,0.691070556640625,0.015053337812332757,275.10350227355957
Near Road,2019-12-15,-0.3563547134399414,-0.15606876214345297,0.00013585388649062224,269.9005991617839
Near Road,2019-12-16,0.8934427897135416,-0.7131691773732504,0.002716511488017659,269.1285756429036
Near Road,2019-12-17,-1.2020797729492188,0.7013370196024576,3.8536398960786755e-05,264.5485947926839
Near Road,2019-12-18,-2.023807684580485,0.6925779978434244,1.9518186284983585e-06,263.26665115356445
Near Road,2019-12-19,-1.579964280128479,0.6356601317723592,0.0,268.2317587534587
Near Road,2019-12-20,-2.0127166112264,1.0953147013982136,4.351138045421976e-07,268.7700424194336
Near Road,2019-12-21,-2.6043394009272256,1.1605373620986938,0.0,268.1642157236735
Near Road,2019-12-22,-3.1281398137410483,1.7255319754282634,8.52346317969932e-07,271.48130289713544
Near Road,2019-12-23,-2.7389615376790366,1.2925934791564941,0.00016959011554718018,272.9140046437581
Near Road,2019-12-24,-1.7025973002115886,1.403508464495341,0.0021652579307556152,275.2049338022868
Near Road,2019-12-25,0.42630529403686523,-0.06204899152119955,0.005723326399504458,274.79576110839844
Near Road,2019-12-26,-0.861744244893392,0.5528600613276163,0.0005001574754714966,271.9720401763916
Near Road,2019-12-27,-0.7329562107721964,-0.49251612027486164,2.8479099171363487e-05,268.27485911051434
Near Road,2019-12-28,1.1328322887420654,-1.7540609041849773,0.0006827890871932141,266.74851989746094
Near Road,2019-12-29,-1.112528959910075,0.7787829240163168,0.0005117356776054294,265.11188379923504
Near Road,2019-12-30,-0.723012646039327,0.3340708414713542,0.0011715274193306868,268.25626881917316
Near Road,2019-12-31,-0.2657032012939453,0.22319889068603516,0.0005475014447142712,267.5011100769043
Near Road,2020-01-01,-1.318101445833842,1.8555800120035808,0.010635569691601177,269.01404507954913
Near Road,2020-01-02,0.19690179824829102,0.3260459899902344,0.005973231792324896,273.1923084259033
Near Road,2020-01-03,-1.1957757472991943,1.3224976857503254,0.00027850866308654076,271.78042538960773
Near Road,2020-01-04,-1.9193830887476604,1.2565178473790486,2.772180778265465e-06,270.7750720977783
Near Road,2020-01-05,-1.360148588816325,0.308291753133138,0.000965990980546394,271.5801410675049
Near Road,2020-01-06,-1.2537014881769817,1.2440624237060547,0.0004683315752913586,271.0566323598226
Near Road,2020-01-07,-2.0893807411193848,1.583213170369466,4.917383193969727e-07,270.1239808400472
Near Road,2020-01-08,-1.959943135579427,1.5364901224772136,0.0023956894874572754,270.30568250020343
Near Road,2020-01-09,-0.9976959228515625,1.1299495697021484,0.002866142988203535,270.76966349283856
Near Road,2020-01-10,0.6766484578450521,-0.08884557088216145,0.0013397186994552612,269.72984822591144
Near Road,2020-01-11,-1.6710694630940754,1.711570103963216,0.002284824848175049,266.08374214172363
Near Road,2020-01-12,-0.5604945421218872,1.489012360572815,0.003976941108703613,269.987740834554
Near Road,2020-01-13,-1.4080619812011719,2.0729688803354898,0.003165236115364678,267.9213746388753
Near Road,2020-01-14,-1.0197257995605469,2.099302291870117,0.0031205862760543823,270.5652262369792
Near Road,2020-01-15,-1.6222241719563801,0.7615288496017456,0.0007583975790907971,269.4856719970703
Near Road,2020-01-16,-2.845383048057556,1.3866970539093018,1.7143987065537658e-06,266.73813247680664
Near Road,2020-01-17,-0.54881751537323,0.825560728708903,0.008545374975199138,270.5648816426595
Near Road,2020-01-18,-1.4012815554936726,0.5863282680511475,1.7873900446829794e-05,270.28560002644855
Near Road,2020-01-19,-1.7078170776367188,0.32957343260447186,8.52346317969932e-07,268.1994743347168
Near Road,2020-01-20,-2.0766069889068604,0.4634113311767578,8.285045574041305e-07,267.62428029378253
Near Road,2020-01-21,-1.8199893633524578,1.1631475687026978,0.0014426439999510876,271.96944363911945
Near Road,2020-01-22,-0.7954224745432535,0.9449752569198608,0.0037114592619218456,274.296449025472
Near Road,2020-01-23,-0.7326869964599609,0.8466561635335287,0.0005114614962167252,275.30306180318195
Near Road,2020-01-24,-1.5710042317708333,1.131686528523763,0.0027949362993240356,273.0383358001709
Near Road,2020-01-25,-1.0316734313964844,1.1515985329945881,0.00018045306205749512,275.52585792541504
Near Road,2020-01-26,-1.5424550374348958,1.1648979187011719,0.0004208611201761414,274.6912530263265
Near Road,2020-01-27,0.17025057474772134,0.06962013244628906,0.008826169371502601,276.02079582214355
Near Road,2020-01-28,-1.423654556274414,1.3652500708897908,7.054507739212568e-05,272.87700780232746
Near Road,2020-01-29,-0.19916216532389322,-0.04592688878377279,0.0018355748343310552,273.39933649698895
Near Road,2020-01-30,-0.23617768287658691,0.35775689284006756,0.001996627449159405,272.23361841837567
Near Road,2020-01-31,-0.928959051767985,0.665253758430481,3.856718529959835e-05,269.5262171427409
Near Road,2020-02-01,-1.6543006896972656,1.244476318359375,3.1191589187073987e-06,271.638874689738
Near Road,2020-02-02,-2.104954401652018,2.1246534983317056,4.5031464424027945e-07,274.3257287343343
Near Road,2020-02-03,2.0781716108322144,-0.40720876057942706,0.01398687362666351,270.69766426086426
Near Road,2020-02-04,0.5304635365804037,-0.7197170257568359,0.0018027752637976846,265.8683554331462
Near Road,2020-02-05,-0.894293467203776,1.2076711257298787,0.0008959650992323986,263.192424138387
Near Road,2020-02-06,-1.2968260049819946,1.9033131996790569,0.011883027392855183,267.7648099263509
Near Road,2020-02-07,-0.04007593790690104,1.4582164287567139,0.006844714283943176,276.47508176167804
Near Road,2020-02-08,-0.8199316660563151,0.9957116444905599,0.0002695649861266247,275.51501337687176
Near Road,2020-02-09,0.020862142244974773,-1.0057474772135417,0.00017590820789337158,272.58903312683105
Near Road,2020-02-10,-0.2726917266845703,-0.3010183970133464,0.00015538930892944336,270.2864869435628
Near Road,2020-02-11,-0.4877999623616536,-0.08691978454589844,9.714364995261349e-05,268.12166023254395
Near Road,2020-02-12,-0.8936042785644531,0.7255491813023885,0.00018804053121357356,269.3970095316569
Near Road,2020-02-13,-0.9741598765055338,1.2323517799377441,4.920363426208496e-05,271.6218147277832
Near Road,2020-02-14,-1.8883997599283855,1.9372730255126953,2.5749205860847724e-06,270.557653427124
Near Road,2020-02-15,-0.47010382016499835,0.4281589984893799,4.1955709455976375e-05,275.11465136210126
Near Road,2020-02-16,-1.0797210137049358,1.4103113810221355,0.006917273361978005,274.52492841084796
Near Road,2020-02-17,0.2636093695958455,-0.10826937357584636,0.003179448842900001,274.0120855967204
Near Road,2020-02-18,-0.2116851806640625,0.09829266866048177,8.405745029449463e-05,271.07506306966144
Near Road,2020-02-19,-0.4230092366536458,-0.5305678844451904,1.7195939108205494e-06,269.48279698689777
Near Road,2020-02-20,-1.0752423604329426,0.07560098171234131,0.0,265.38611157735187
Near Road,2020-02-21,-1.4391365051269531,0.36622293790181476,8.523463748133508e-07,266.958781560262
Near Road,2020-02-22,-1.3922860622406006,-0.022578835487365723,8.52346317969932e-07,271.51855023701984
Near Road,2020-02-23,-0.5164546966552734,0.034545342127482094,2.312660171810421e-06,275.02248764038086
Near Road,2020-02-24,1.0782095591227214,-0.47751863797505695,0.0007035372544237362,272.87221654256183
Near Road,2020-02-25,0.4517406225204468,-0.6002650658289591,0.00029260516157592065,271.43797874450684
Near Road,2020-02-26,-0.9306685129801432,0.8945048650105795,8.553266184208042e-07,269.46070035298663
Near Road,2020-02-27,-1.2201779683430989,1.0087755123774211,0.0,273.77681668599445
Near Road,2020-02-28,-1.6184749603271484,1.027880589167277,8.52346317969932e-07,273.72754224141437
Near Road,2020-02-29,-2.005854924519857,2.266902804374695,4.0752219092610176e-06,275.2693799336751
Near Road,2020-03-01,0.348025639851888,0.5390046437581381,0.006327676773025814,274.9235642751058
Near Road,2020-03-02,0.3027610778808594,-0.0128403107325236,0.0013960778712203137,272.3085689544678
Near Road,2020-03-03,-0.8252779642740885,0.2814626693725586,1.7310372186329914e-05,272.3507073720296
Near Road,2020-03-04,-1.2463870843251545,1.0024930238723755,0.0,273.70759201049805
Near Road,2020-03-05,-1.811330000559489,1.6168251434961955,0.0,276.3144296010335
Near Road,2020-03-06,-2.352853775024414,1.6469984849294026,8.583068797918258e-07,276.8187681833903
Near Road,2020-03-07,-2.053877512613932,2.3943174282709756,3.0612945522534574e-05,278.73334948221844
Near Road,2020-03-08,0.10828081766764323,1.2713690996170044,0.003527370398387575,279.92654355367023
Near Road,2020-03-09,-1.0159823099772136,1.6332906087239583,7.304847235900525e-05,277.1991024017334
Near Road,2020-03-10,-0.23397000630696616,-0.05648612976074219,0.00014910101890563965,279.6665318806966
Near Road,2020-03-11,-1.1045767466227214,1.0378576914469402,0.0008023917674790937,277.35340309143066
Near Road,2020-03-12,-0.23358535766601562,0.5594348907470703,0.00021681487561409085,279.97575124104816
Near Road,2020-03-13,-0.5168629089991251,0.10454400380452473,0.0003547966480255127,276.5121593475342
Near Road,2020-03-14,-1.2312056223551433,4.199481884638469,0.0006655514239923832,278.42247517903644
Near Road,2020-03-15,-0.6953080495198568,3.990260442097982,0.0007575750350952148,280.6787026723226
Near Road,2020-03-16,-1.0347894032796223,2.4566266536712646,1.9177794456481934e-05,280.8969186147054
Near Road,2020-03-17,-1.2216288248697917,1.866908311843872,0.0004726141691193675,280.2430311838786
Near Road,2020-03-18,-0.6836705605189005,2.2988929748535156,0.004589295213520472,279.0226885477702
Near Road,2020-03-19,1.0702091852823894,-0.32836584250132245,0.003135406970955046,277.78863588968915
Near Road,2020-03-20,-0.562652587890625,0.8367873032887777,0.0027137518675885985,276.8422559102376
Near Road,2020-03-21,-0.416897455851237,1.0543182293574016,0.00035432169983096173,277.9104461669922
Near Road,2020-03-22,-0.20444583892822266,0.8273127476374308,0.0004267096519470215,279.03201993306476
Near Road,2020-03-23,-1.042856772740682,1.6595558722813923,0.0005440294741561047,278.11443456013996
Near Road,2020-03-24,-0.7075831095377604,2.923672835032145,0.002858787775039673,279.69968605041504
Near Road,2020-03-25,0.002407709757486979,0.8074249029159546,0.009605750441551208,279.0215320587158
Near Road,2020-03-26,0.9658896128336588,-1.6243350108464558,0.008121460676193237,275.1235987345378
Near Road,2020-03-27,0.03143501281738281,-0.6917750040690104,0.00018927454948425293,273.7916323343913
Near Road,2020-03-28,-0.21741358439127603,1.37143874168396,0.0028844088315622685,274.6531861623128
Near Road,2020-03-29,-1.1559549967447917,1.3163058757781982,0.00012491941441794552,275.06313705444336
Near Road,2020-03-30,-0.5630671183268229,1.3963666359583538,0.0008258223533630371,277.5916976928711
Near Road,2020-03-31,-0.35602378845214844,2.4986366430918374,0.000554863702802777,280.9076283772786
Near Road,2020-04-01,1.0660266876220703,0.6000811258951823,0.0015926361083984375,283.1072483062744
Near Road,2020-04-02,1.919149398803711,-1.8091354370117188,0.004018905758755409,275.62791951497394
Near Road,2020-04-03,-0.5764884948730469,0.5700524648030599,3.416861147798045e-06,274.8044624328613
Near Road,2020-04-04,-1.0632483164469402,0.9676389296849569,0.00023500747084881368,276.8368549346924
Near Road,2020-04-05,-1.0071118672688801,2.522047440210978,0.0017466723917891613,283.6742312113444
Near Road,2020-04-06,-0.5023873647054037,3.5159225463867188,0.0009655803442001343,284.53718249003094
Near Road,2020-04-07,-0.7137451171875,1.92814834912618,0.00040847361077567257,283.41766293843585
Near Road,2020-04-08,-1.239023208618164,-0.14665349324544272,2.178847779532589e-05,283.0933609008789
Near Road,2020-04-09,-1.0417086283365886,0.016033132870992024,0.00180777907371521,283.57432238260907
Near Road,2020-04-10,-0.2445354461669922,0.23525261878967285,4.4841836427167436e-05,283.07850710550946
Near Road,2020-04-11,-0.09105555216471355,0.4419759114583333,0.00039908289909362793,283.5035260518392
Near Road,2020-04-12,2.571142832438151,-2.121220270792643,0.003119240770047327,280.84815216064453
Near Road,2020-04-13,1.7490692138671875,-2.0526599884033203,0.0003189742564586595,277.6411425272624
Near Road,2020-04-14,0.6573848724365234,-0.4162343343098958,5.453824996948242e-06,276.58239364624023
Near Road,2020-04-15,-0.3481496175130208,1.5039088726043701,0.001563796401018891,279.4574947357178
Near Road,2020-04-16,1.1023413340250652,-0.2689460913340251,0.006014445424078474,278.587454477946
Near Road,2020-04-17,-0.358791987101237,0.06053606669108073,8.859552696094397e-05,278.367530186971
Near Road,2020-04-18,-0.2364190419514974,0.16963640848795572,8.242950940484661e-05,281.28257179260254
Near Road,2020-04-19,-0.5262336730957031,0.7600123882293701,0.002219587564468384,281.65901883443195
Near Road,2020-04-20,-0.6558577219645182,0.024222294489542644,0.00043818291677766297,282.2345434824626
Near Road,2020-04-21,-0.4100933074951172,-0.8003567059834799,1.82271002699963e-05,283.76281483968097
Near Road,2020-04-22,0.8769048055013021,-1.0755105018615723,3.8489699363708496e-05,287.26461537679035
Near Road,2020-04-23,0.6401576995849609,-0.42116840680440265,0.006228461861610413,285.3359654744466
Near Road,2020-04-24,1.384360631306966,-1.2947457631429036,0.0001462489366481634,284.52000427246094
Near Road,2020-04-25,-0.6765022277832031,0.6259613037109375,8.523463215226457e-07,284.48041979471844
Near Road,2020-04-26,-0.9227212270100912,0.3535906473795573,0.0006739497184753418,287.46332359313965
Near Road,2020-04-27,-0.7841955820719401,0.15273292859395346,5.930662155151367e-06,287.3889497121175
Near Road,2020-04-28,0.1871617635091146,-1.1043981313705444,0.0,289.8822275797526
Near Road,2020-04-29,-1.36676025390625,0.700098435084025,3.373622803337639e-06,287.6732711791992
Near Road,2020-04-30,-1.3172842661539714,0.8769354025522867,0.000794541835791307,291.26658693949383
Near Road,2020-05-01,-0.4450365702311198,-0.9590899149576823,0.0012701094150493475,289.11311531066895
Near Road,2020-05-02,-0.4825897216796875,0.44881002108256024,0.0007562875747630926,287.6224225362142
Near Road,2020-05-03,-0.32030677795410156,-0.602928876876831,0.0010241150854994885,287.8385753631592
Near Road,2020-05-04,0.7634531656901041,-1.4320776462554932,0.0007847785949479658,286.0917110443115
Near Road,2020-05-05,-0.5077438354492188,-0.10160175959269206,5.784954737464432e-09,285.7571169535319
Near Road,2020-05-06,-0.565270741780599,-0.009908755620320639,1.8477439880371094e-06,288.4716567993164
Near Road,2020-05-07,1.5886980692545574,-2.607452392578125,0.0,285.6856460571289
Near Road,2020-05-08,0.13340059916178384,-0.11747233072916667,8.285045574041305e-07,285.61534754435223
Near Road,2020-05-09,-0.5959790547688802,-0.5655320485432943,0.0,287.54004224141437
Near Road,2020-05-10,-0.9243436654408773,0.23984360694885254,7.621347904063214e-05,289.5405190785726
Near Road,2020-05-11,-0.6388327280680338,1.7102593580881755,0.0003654360771179199,293.71203804016113
Near Road,2020-05-12,0.4196898142496745,0.9637801249821981,0.0007853686808516613,291.8426793416341
Near Road,2020-05-13,0.8917992909749349,-1.108469009399414,0.0006173849105834961,288.3655363718669
Near Road,2020-05-14,0.040753682454427086,-0.7757629553476969,0.00017315149307250977,288.4227352142334
Near Road,2020-05-15,0.6055323282877604,-1.074785629908244,0.00014990866174002804,288.7628059387207
Near Road,2020-05-16,0.14511096477508545,-0.49874810377756756,0.0,289.18435923258465
Near Road,2020-05-17,-1.0755889813105266,1.8982394138971965,8.583068797918258e-07,291.79559961954754
Near Road,2020-05-18,-0.12555376688639322,4.6923909187316895,0.0,297.3194999694824
Near Road,2020-05-19,0.38201332092285156,2.8693061669667563,0.0023043453693389893,295.4065055847168
Near Road,2020-05-20,1.204964319864909,1.6206873257954915,0.0017004996537366424,287.80186525980633
Near Road,2020-05-21,0.9916019439697266,0.08095947901407878,0.0013554096221923828,287.18328221638996
Near Road,2020-05-22,0.028895060221354168,1.2840430339177449,6.574392318725586e-05,290.02485211690265
Near Road,2020-05-23,1.9486096700032551,-1.4586275418599446,0.008505567908287048,282.6859874725342
Near Road,2020-05-24,0.5709813435872396,-1.4548566738764446,0.00014847319386745994,284.9634316762288
Near Road,2020-05-25,0.17967096964518228,-0.961157480875651,1.946091651916504e-05,286.9538968404134
Near Road,2020-05-26,-0.20628039042154947,0.15675942103068033,1.7267087741856812e-06,289.95838101704913
Near Road,2020-05-27,0.032009124755859375,-0.9964180787404379,8.736848826629284e-05,294.7833506266276
Near Road,2020-05-28,-0.27264149983723956,-0.37761791547139484,8.600190142260544e-07,294.8182722727458
Near Road,2020-05-29,-0.7561696370442709,0.4847053686777751,1.4990568161010742e-05,297.115821202596
Near Road,2020-05-30,-2.0415426890055337,1.5024725596110027,0.0017846405505110852,298.63813336690265
Near Road,2020-05-31,-0.6432374318440756,1.4129854440689087,0.000881844758982453,297.0422890981038
Near Road,2020-06-01,0.1550286610921224,2.6194875637690225,0.0,298.4808152516683
Near Road,2020-06-02,0.8541463216145834,0.03979229927062988,8.388814194404404e-07,298.2210941314697
Near Road,2020-06-03,0.051432291666666664,-0.4008322556813558,0.00044156908984405163,296.9433364868164
Near Road,2020-06-04,-0.1496709187825521,0.7619711558024088,7.355213160309404e-06,297.47631645202637
Near Road,2020-06-05,-0.9995365142822266,1.7534360885620117,5.9604644775390625e-06,298.3521156311035
Near Road,2020-06-06,-1.6077473958333333,3.7401757637659707,0.001964842587142357,298.12989870707196
Near Road,2020-06-07,0.6692285140355428,0.4681352774302165,0.017523840069770813,286.74620819091797
Near Road,2020-06-08,1.8558565775553386,-1.408195932706197,0.004746615886688232,282.49890899658203
Near Road,2020-06-09,0.5986779530843099,-0.3855115572611491,0.0004142105578353039,286.2819569905599
Near Road,2020-06-10,-0.38553746541341144,0.24132482210795084,7.857680310507931e-05,289.4408206939697
Near Road,2020-06-11,-1.3975645701090496,0.9544828732808431,3.695487976074219e-05,292.8549321492513
Near Road,2020-06-12,-1.7246100107828777,2.1007588704427085,8.569718374928925e-07,296.6053695678711
Near Road,2020-06-13,0.05375544230143229,2.4071348110834756,0.0,296.9630896250407
Near Road,2020-06-14,1.5618699391682942,-1.2700341542561848,8.523463748133508e-07,292.0389868418376
Near Road,2020-06-15,-0.08469772338867188,0.5106242497762045,1.7107572034547047e-06,293.5408109029134
Near Road,2020-06-16,0.8495712280273438,-0.13790194193522134,0.0008469238060229145,294.43027369181317
Near Road,2020-06-17,1.6384423573811848,-1.5458049774169922,0.008023513375519542,287.9888776143392
Near Road,2020-06-18,0.5780436197916666,-1.432516098022461,1.9543142798283952e-05,288.5953909556071
Near Road,2020-06-19,0.7181975046793619,-0.6525890032450358,3.9171575281216064e-06,290.4931233723958
Near Road,2020-06-20,-0.12089347839355469,-0.22975552082061768,1.3665157894138247e-10,292.99158986409503
Near Road,2020-06-21,-0.10509427388509114,-0.011912027994791666,5.765498201526498e-06,295.88104883829754
Near Road,2020-06-22,0.6563695271809896,-1.2790762583414714,0.0,298.1984748840332
Near Road,2020-06-23,0.1510772705078125,-0.7117424011230469,0.0,296.47197914123535
Near Road,2020-06-24,-0.1308422088623047,-0.214401642481486,0.0,298.01355743408203
Near Road,2020-06-25,-0.036501566569010414,-0.3195161422093709,0.001364793773348083,298.48022715250653
Near Road,2020-06-26,0.19866053263346353,-0.929986317952474,0.00015040636062479962,297.4822629292806
Near Road,2020-06-27,-0.26649030049641925,0.356997807820638,0.0,297.8366305033366
Near Road,2020-06-28,0.40056800842285156,1.6797542572021484,6.317173233583162e-05,300.7442849477132
Near Road,2020-06-29,2.0208524068196616,-0.8976205587387085,0.011972447781431583,286.12181345621747
Near Road,2020-06-30,0.7787132263183594,0.7878962755203247,0.004924654960632324,288.00475947062176
Near Road,2020-07-01,-0.572350819905599,1.495321273803711,4.7445805837043054e-05,291.5035915374756
Near Road,2020-07-02,0.0976244608561198,1.8008153438568115,7.831065943264548e-06,297.07654698689777
Near Road,2020-07-03,-0.44628135363260907,1.6664125124613445,5.805492378385679e-06,298.33524894714355
Near Road,2020-07-04,-0.437881867090861,1.5916671355565388,7.033347060314554e-07,299.6200828552246
Near Road,2020-07-05,0.05655988057454427,-0.15965843200683594,1.5458690825198573e-05,299.36999193827313
Near Road,2020-07-06,-0.22748116652170816,0.0911865234375,1.7106532936850272e-06,299.12840843200684
Near Road,2020-07-07,0.3843715985616048,0.6562109788258871,5.364418029785156e-07,300.358580271403
Near Road,2020-07-08,0.5425230662027994,-0.8877255121866862,5.811452865600586e-06,298.62085660298663
Near Road,2020-07-09,-0.05927467346191406,0.28622206052144367,2.562910594861023e-06,297.9768149058024
Near Road,2020-07-10,0.10363960266113281,0.058321754137674965,2.980414137709886e-09,300.1472562154134
Near Road,2020-07-11,-0.23327128092447916,0.10294512907663982,8.52346317969932e-07,300.5236129760742
Near Road,2020-07-12,0.13248443603515625,0.11955841382344563,7.751584007564816e-06,302.0374348958333
Near Road,2020-07-13,0.20186297098795572,-0.2577533721923828,8.702277796146518e-07,300.847375869751
Near Road,2020-07-14,0.8148053487141927,-1.410537838935852,1.983046532672006e-05,299.81071790059406
Near Road,2020-07-15,0.43755467732747394,-1.0957926114400227,1.3027214436078793e-06,298.9753710428874
Near Road,2020-07-16,0.05266443888346354,0.07633447647094727,4.196166987213701e-06,299.7483838399251
Near Road,2020-07-17,-0.016053517659505207,1.3527386983235676,6.874203671713985e-05,301.8427505493164
Near Road,2020-07-18,0.43115234375,0.4126100540161133,9.34302806854248e-06,302.8322226206462
Near Road,2020-07-19,0.14129130045572916,-0.9737834930419922,4.2691826820373535e-05,301.7180754343669
Near Road,2020-07-20,0.26603905359903973,-0.9604595502217611,3.4586129800118215e-06,301.7202612559001
Near Road,2020-07-21,-0.004215240478515625,-0.3624604145685832,4.792213434967607e-06,300.80918248494464
Near Road,2020-07-22,-0.7408154805501302,0.6178261439005533,0.001379743218421936,299.8126392364502
Near Road,2020-07-23,-0.8044554392496744,1.734365701675415,0.0010375678539276123,298.29896354675293
Near Road,2020-07-24,-0.3444201151529948,1.8494606018066406,1.3047456736359209e-05,298.8148930867513
Near Road,2020-07-25,-0.2631715138753255,0.377072016398112,7.927417755126953e-06,299.15147908528644
Near Road,2020-07-26,-0.31103261311848956,-0.45306825637817383,0.0,300.35961023966473
Near Road,2020-07-27,-0.4204139709472656,-0.04750672976175944,2.765655512604326e-06,301.08857345581055
Near Road,2020-07-28,0.8021736145019531,0.04396549860636393,0.0005792602594851815,300.4028155008952
Near Road,2020-07-29,0.3919242223103841,-0.6414430141448975,0.0003095761242093431,300.3877811431885
Near Road,2020-07-30,-0.2201481262842814,-0.5004899104436239,1.7136334236056427e-06,300.97400856018066
Near Road,2020-07-31,-0.6863028208414713,0.2775187095006307,4.297233431316272e-07,302.34218152364093
Near Road,2020-08-01,-0.24133745829264322,0.5264343420664469,8.702277796146518e-07,303.37382825215656
Near Road,2020-08-02,-0.4332164525985718,-0.06501992543538411,0.0,303.5806573232015
Near Road,2020-08-03,0.12582778930664062,0.6409314473470052,0.0,303.14123662312824
Near Road,2020-08-04,0.7396132151285807,-1.1651782989501953,1.728015911339753e-05,302.8506959279378
Near Road,2020-08-05,-0.3205223083496094,0.7988952000935873,4.380941390991211e-06,301.17574946085614
Near Road,2020-08-06,-0.303097407023112,2.734656492869059,2.6159014225868304e-05,301.5910059611003
Near Road,2020-08-07,0.06844329833984375,2.014877518018087,0.0,300.36313883463544
Near Road,2020-08-08,0.03685760498046875,0.6646285454432169,0.0,299.128854115804
Near Road,2020-08-09,0.057515462239583336,0.3335723876953125,1.7172386037600518e-06,299.70970090230304
Near Road,2020-08-10,0.11869366963704427,0.1547778050104777,2.632011728564976e-07,300.1448268890381
Near Road,2020-08-11,-0.05950101216634115,0.7039477825164795,3.2776594157013506e-05,300.00070635477704
Near Road,2020-08-12,0.2552782694498698,0.5390206972757975,0.00013445615758200802,299.3512312571208
Near Road,2020-08-13,-0.2249584197998047,0.30231209595998126,1.7163153529509145e-06,299.26197624206543
Near Road,2020-08-14,0.2616159915924072,-0.7960611979166666,8.553265047339664e-07,301.7502606709798
Near Road,2020-08-15,-0.1576828956604004,-0.4828273455301921,0.0,299.3992347717285
Near Road,2020-08-16,-0.05758539835611979,-0.8199867804845175,0.0,300.57594362894696
Near Road,2020-08-17,-0.15423456827799478,-0.7775797843933105,0.0,301.9644406636556
Near Road,2020-08-18,-0.0389563242594401,-0.6058028141657511,0.0004892587661693426,302.2614396413167
Near Road,2020-08-19,0.03573417663574219,-0.38672077655792236,0.0006103544484581391,302.8960183461507
Near Road,2020-08-20,-0.4717032114664714,-0.5626128911972046,0.00014909406968399708,302.47388585408527
Near Road,2020-08-21,-0.2163874308268229,-0.22620940208435059,6.524236766836111e-06,301.4573402404785
Near Road,2020-08-22,-0.26061248779296875,0.2013866901397705,3.4246936273518713e-06,301.5310923258464
Near Road,2020-08-23,-0.8635393778483073,0.7622782389322916,0.00019936247364071846,301.5341091156006
Near Road,2020-08-24,-0.15254338582356772,0.8663084904352824,5.5909156799316406e-05,301.47126324971515
Near Road,2020-08-25,-0.15412012736002603,0.5606863896052042,0.00045880675315856934,302.11100641886395
Near Road,2020-08-26,-0.061840057373046875,0.8080010414123535,4.065334786673702e-05,301.41747029622394
Near Road,2020-08-27,0.11474494139353435,1.1821993986765544,0.0,301.9687836964925
Near Road,2020-08-28,0.44953425725301105,-0.7909615437189738,8.52346317969932e-07,299.8838342030843
Near Road,2020-08-29,0.2084662119547526,0.4252876440684001,0.0002298295497844549,299.5612080891927
Near Road,2020-08-30,0.14209111531575522,0.40013694763183594,2.9551982777320518e-05,298.5697886149089
Near Road,2020-08-31,1.2236035664876301,-1.2403147220611572,6.4253806044689554e-06,295.9393361409505
Near Road,2020-09-01,1.0635299682617188,-1.847859501838684,1.659989356994629e-05,290.81020228068036
Near Road,2020-09-02,0.29328664143880206,-0.3653581539789836,0.0,292.62714131673175
Near Road,2020-09-03,-0.2452411651611328,-0.2804681062698364,0.0,296.04491933186847
Near Road,2020-09-04,-0.20967864990234375,-0.11181294918060303,8.570413569941593e-07,297.7806987762451
Near Road,2020-09-05,-0.4550711313883464,0.07661946614583333,1.698198502708692e-06,299.0606269836426
Near Road,2020-09-06,-0.40028635660807294,-0.4004857937494914,1.2858401419180154e-06,300.33137766520184
Near Road,2020-09-07,0.7178471883138021,-0.1560349464416504,8.583068833445395e-07,302.3640937805176
Near Road,2020-09-08,-0.6756712595621744,-3.3242416381835938,0.00500709116448661,288.4155495961507
Near Road,2020-09-09,-1.3666292826334636,-2.113714257876078,1.1277198609604966e-05,282.58966700236004
Near Road,2020-09-10,-0.2911376953125,-0.9505752722422282,8.642672355563263e-07,286.51655197143555
Near Road,2020-09-11,-0.22258567810058594,0.4534660180409749,0.0,289.4665330251058
Near Road,2020-09-12,-0.5733820597330729,0.1782666047414144,0.0,292.54634920756024
Near Road,2020-09-13,-0.6329161326090494,0.3129691282908122,0.0,293.8250675201416
Near Road,2020-09-14,-0.7514470418294271,0.6601276397705078,8.52346317969932e-07,295.75548044840497
Near Road,2020-09-15,-0.5291105906168619,-0.10801060994466145,8.52346317969932e-07,295.8840840657552
Near Road,2020-09-16,-0.45212427775065106,-0.09511057535807292,0.0,295.51190694173175
Near Road,2020-09-17,-0.5353355407714844,0.25377972920735675,4.351138045421976e-07,295.94703483581543
Near Road,2020-09-18,-1.0984649658203125,1.341024398803711,3.0024913826309785e-06,296.22363471984863
Near Road,2020-09-19,0.17471440633138022,0.5526191790898641,0.0017520517110938272,294.90340487162274
Near Road,2020-09-20,0.0842272440592448,-0.6353842417399088,6.396630737981468e-06,292.02957852681476
Near Road,2020-09-21,-0.26578839619954425,0.2407477299372355,4.2319288695580326e-07,293.1091995239258
Near Road,2020-09-22,-0.8278700510660807,1.7602883179982503,4.1806697840485185e-05,296.0410219828288
Near Road,2020-09-23,-0.3875630696614583,0.48224671681722003,0.00017008185386657715,295.3237902323405
Near Road,2020-09-24,-0.5040105183919271,1.1661925315856934,0.0,295.74088923136395
Near Road,2020-09-25,0.23777643839518228,0.16976483662923178,4.351138045421976e-07,296.98399353027344
Near Road,2020-09-26,0.4436492919921875,-0.5632625818252563,0.0,295.3429438273112
Near Road,2020-09-27,1.5749759674072266,-2.2055526971817017,4.351138045421976e-07,288.26545906066895
Near Road,2020-09-28,0.46483739217122394,-1.3336009581883748,0.0,288.09507751464844
Near Road,2020-09-29,0.008414586385091146,-0.1982091267903646,1.2809094300791912e-06,287.65324846903485
Near Road,2020-09-30,-0.1741504669189453,-0.4657980600992839,5.039572670284542e-06,289.5178960164388
Near Road,2020-10-01,-0.3306891123453776,-0.5783164898554484,0.0,290.709685643514
Near Road,2020-10-02,-0.41129493713378906,-0.05021870136260986,0.0,290.6280155181885
Near Road,2020-10-03,-0.21360460917154947,-0.26694297790527344,1.2934207802572928e-06,290.99315706888837
Near Road,2020-10-04,-0.47280629475911456,0.30380042394002277,0.0,290.8897953033447
Near Road,2020-10-05,-0.6138553619384766,0.09009679158528645,0.0,292.1887563069661
Near Road,2020-10-06,-0.6391626993815104,-0.012548685073852539,8.52346317969932e-07,291.18629773457843
Near Road,2020-10-07,-0.9074560801188151,0.2671552499135335,0.0,290.9239781697591
Near Road,2020-10-08,-0.8621069590250651,0.900840957959493,2.5722607119860186e-06,292.4194920857747
Near Road,2020-10-09,-0.4736531575520833,0.7076129913330078,7.063150064823276e-07,293.55888811747235
Near Road,2020-10-10,-0.5064614613850912,1.8253233830134075,0.0,292.4152139027913
Near Road,2020-10-11,1.988442103068034,-1.3477571407953899,0.00673496127128459,288.34012095133465
Near Road,2020-10-12,-0.22366968790690103,1.3121142387390137,3.0141636671032757e-06,285.2467390696208
Near Road,2020-10-13,-0.43850040435791016,0.831671675046285,4.3580138253673795e-07,290.0443166097005
Near Road,2020-10-14,0.8797047932942709,-0.5530789693196615,0.00011163949966430664,291.38705317179364
Near Road,2020-10-15,1.307426889737447,-1.3493540287017822,0.0,284.01231892903644
Near Road,2020-10-16,-0.058184544245402016,0.31731824080149335,8.380974350075121e-07,282.7466526031494
Near Road,2020-10-17,-0.0020116170247395835,0.8995924790700277,1.2834256608584838e-06,286.5231876373291
Near Road,2020-10-18,-0.03941535949707031,0.3107079267501831,5.960430371487746e-09,289.6149597167969
Near Road,2020-10-19,-0.0818023681640625,0.27631203333536786,1.2872200727542804e-06,290.3755366007487
Near Road,2020-10-20,-0.17656707763671875,0.15820391972859701,0.0,289.0069115956624
Near Road,2020-10-21,-0.3679815928141276,0.6753771702448527,4.351138045421976e-07,289.14423116048175
Near Road,2020-10-22,1.2786649068196614,-1.2584773302078247,4.261732087229575e-07,283.8494071960449
Near Road,2020-10-23,0.3762107292811076,-0.0835729440053304,8.70227722771233e-07,279.57345898946124
Near Road,2020-10-24,-0.3102588653564453,0.9139626423517863,0.0,281.85400772094727
Near Road,2020-10-25,1.374962568283081,-1.8375852902730305,0.003298554945217802,278.861821492513
Near Road,2020-10-26,0.0696423848470052,-2.6723448435465493,3.996535417627456e-05,270.28711827596027
Near Road,2020-10-27,0.2591870625813802,-0.9085232019424438,1.1747204098355724e-08,273.26428095499676
Near Road,2020-10-28,-0.3058592478434245,-0.2607892354329427,0.0,274.9082489013672
Near Road,2020-10-29,-0.8463897705078125,0.25510772069295246,8.583068797918258e-07,277.68683433532715
Near Road,2020-10-30,-1.1845035155614216,0.8352375427881876,3.4405547921778634e-06,280.2752691904704
Near Road,2020-10-31,-0.6271820068359375,0.7074629465738932,8.52346317969932e-07,284.2900250752767
Near Road,2020-11-01,-0.890594482421875,0.0903002421061198,0.0,281.7553901672363
Near Road,2020-11-02,-1.0590909322102864,0.1451257069905599,4.351138613856165e-07,282.56877581278485
Near Road,2020-11-03,-1.0227993726730347,0.2784544626871745,7.905364026328243e-05,284.5144437154134
Near Road,2020-11-04,-0.9659316539764404,0.535254955291748,1.7106532368416083e-06,286.05738321940106
Near Road,2020-11-05,-1.219655712445577,0.6048672993977865,1.78813479578821e-08,285.66919835408527
Near Road,2020-11-06,-2.1310509045918784,1.9448604583740234,3.4433696782798506e-06,287.3133850097656
Near Road,2020-11-07,-2.1322657267252603,2.3280635674794516,0.0037604123353389696,288.3464075724284
Near Road,2020-11-08,-0.2849922180175781,3.0077033042907715,0.00932641327381134,278.487060546875
Near Road,2020-11-09,0.4621938069661458,-0.38474265734354657,0.0029875874518552337,272.92931365966797
Near Road,2020-11-10,-0.6194178263346354,1.6430952946345012,0.0008367374724116416,270.8684666951497
Near Road,2020-11-11,-0.9473946889241537,1.565167784690857,0.001122912938171794,272.2724952697754
Near Road,2020-11-12,-0.8881174723307291,0.9493233362833658,0.0015742957590987317,271.57114028930664
Near Road,2020-11-13,-2.2312234242757163,1.7881564299265544,7.142424578887585e-05,270.80440012613934
Near Road,2020-11-14,1.7625363667805989,0.302167812983195,0.009184825420334164,276.34060859680176
Near Road,2020-11-15,-1.8509667714436848,1.8293129205703735,0.0001988918190249933,275.0251324971517
Near Road,2020-11-16,-1.6723238627115886,0.9433304866154989,9.314210751654173e-05,279.1404628753662
Near Road,2020-11-17,-2.7870774269104004,1.5550225973129272,3.8575223584302876e-06,278.93710772196454
Near Road,2020-11-18,-1.584445317586263,2.683747490247091,0.00043051242823821667,285.1101900736491
Near Road,2020-11-19,-0.12395985921223958,-0.6955051422119141,0.0012422353029251099,280.8744608561198
Near Road,2020-11-20,-1.0859076182047527,-0.3675088087717692,0.0,274.6664498647054
Near Road,2020-11-21,-0.7763258616129557,-0.34506499767303467,1.3142823149792093e-06,272.8441155751546
Near Road,2020-11-22,-1.2119496663411458,0.1022875706354777,5.960464477539063e-08,270.8516654968262
Near Road,2020-11-23,-0.9105695088704427,-0.19190871715545654,0.00021055340766906738,272.399653116862
Near Road,2020-11-24,0.20730717976888022,-0.5311771631240845,0.00043874680994804294,273.98415501912433
Near Road,2020-11-25,-1.163424809773763,0.9745277563730875,2.253571551591449e-06,272.85000737508136
Near Road,2020-11-26,0.8450615406036377,-1.5695077578226726,0.0009673833847045898,273.87233289082843
Near Road,2020-11-27,-0.5142218271891276,-0.5563583374023438,1.4007091522216797e-06,270.03302637736004
Near Road,2020-11-28,-0.7637741565704346,0.10625219345092773,4.649161269298929e-07,270.1633892059326
Near Road,2020-11-29,-0.8595802783966064,-0.15177448590596518,8.940696716308594e-08,270.9930934906006
Near Road,2020-11-30,-1.5069363911946614,0.7197349071502686,4.351138045421976e-07,271.3151206970215
Near Road,2020-12-01,0.4273202021916707,-0.8866194089253744,0.00016701221466064453,274.6888682047526
Near Road,2020-12-02,-0.9310787121454874,-0.2784474690755208,2.515315827622544e-06,270.44598325093585
Near Road,2020-12-03,-1.0448977152506511,-0.20695622762044272,5.959918780717999e-09,268.64961496988934
Near Road,2020-12-04,-0.8844480514526367,-0.28193314870198566,9.000300451589283e-07,268.48567390441895
Near Road,2020-12-05,-0.9385967254638672,-0.10055657227834065,5.684341886080802e-14,269.5397211710612
Near Road,2020-12-06,-1.3533465067545574,0.16149508953094482,1.2993811537853617e-06,270.95666058858234
Near Road,2020-12-07,-1.0367800394694011,-0.31565916538238525,0.0,270.8402627309163
Near Road,2020-12-08,-1.1597582499186199,-0.08005777994791667,0.0,270.85298983256024
Near Road,2020-12-09,-1.4903271993001301,0.31023677190144855,8.583068833445395e-07,270.7488663991292
Near Road,2020-12-10,-0.626104990641276,-0.2789921760559082,0.0,272.03625170389813
Near Road,2020-12-11,-0.5822906494140625,0.2303816874821981,0.001373642683024201,269.87954902648926
Near Road,2020-12-12,-0.5561472574869791,-0.4187808036804199,0.003198385238647461,269.74282773335773
Near Road,2020-12-13,-1.4510908126831055,0.7550700902938843,4.484057421905163e-05,266.5233688354492
Near Road,2020-12-14,-0.2049488623936971,0.026820063591003418,0.0022747248410155407,270.92458470662433
Near Road,2020-12-15,0.12503174940745035,0.23481198151906332,0.0005299746990203857,268.93469683329266
Near Road,2020-12-16,-1.1887969970703125,1.3189083735148113,0.0005528599022568415,270.9508196512858
Near Road,2020-12-17,-1.9405962626139324,1.3956711292266846,0.003418403863804542,271.73213322957355
Near Road,2020-12-18,0.7307263215382894,-0.46823275089263916,0.006398516893284523,272.56594467163086
Near Road,2020-12-19,-1.6223602294921875,1.1600261529286702,7.12275505065918e-06,267.8658612569173
Near Road,2020-12-20,-1.925255576769511,1.4710572560628254,5.533695220449886e-05,269.53294881184894
Near Road,2020-12-21,-1.6254370212554932,1.501197059949239,2.9787671337544452e-05,276.23657925923663
Near Road,2020-12-22,-0.8239351908365885,0.906233549118042,0.0017653969407547265,272.90298652648926
Near Road,2020-12-23,1.2953834533691406,-0.9976806243260702,0.0015737295149733654,269.26843579610187
Near Road,2020-12-24,-1.5398401419321697,0.6023666063944498,4.351138045421976e-07,262.46302541097003
Near Road,2020-12-25,-1.6414304574330647,0.364566167195638,1.2845866876887158e-06,264.24626032511395
Near Road,2020-12-26,-1.7720044453938801,0.7704645792643229,0.00159462381651565,268.8533566792806
Near Road,2020-12-27,-0.5135650634765625,0.5132331848144531,0.001649621128990475,273.8270689646403
Near Road,2020-12-28,-1.8491098880767822,-0.09264691670735677,0.0020285427569319836,266.43170801798504
Near Road,2020-12-29,-0.45561472574869794,-0.4863109588623047,0.0017242104180468232,268.38143793741864
Near Road,2020-12-30,-1.5107899904251099,0.8709571361541748,1.3160705464088096e-05,264.7336953481038
Near Road,2020-12-31,-1.0954890648523967,0.32765865325927734,0.0006786500143789453,268.7259051005046
Near Road,2021-01-01,-0.5876314242680868,0.07746378580729167,0.0001445859670639038,267.2919387817383
Near Road,2021-01-02,-1.3733033736546834,0.9888581037521362,9.742379188537598e-05,266.45514424641925
Near Road,2021-01-03,-1.8382765849431355,1.5516510009765625,0.0023750901222179266,269.3473892211914
Near Road,2021-01-04,-2.054751714070638,1.2942803700764973,0.0001964896916319958,270.86183102925617
Near Road,2021-01-05,-0.1354058583577474,0.47084256013234455,0.004259902238743507,275.06097412109375
Near Road,2021-01-06,-1.601166009902954,0.7141055663426717,3.823637960920223e-06,267.8232313791911
Near Road,2021-01-07,-1.3763534625371296,0.3841414451599121,0.0,269.9944928487142
Near Road,2021-01-08,-1.6255295276641846,0.5502535502115885,8.583068797918258e-07,268.17118136088055
Near Road,2021-01-09,-0.5024327437082926,-0.47284968694051105,0.00010896070614307973,271.3599745432536
Near Road,2021-01-10,-0.9998162587483724,0.4693092505137126,2.5637805492806365e-05,266.63161277770996
Near Road,2021-01-11,-1.2731393178304036,0.518438975016276,2.780556656034605e-06,264.5434144337972
Near Road,2021-01-12,-1.501936435699463,0.6894646883010864,2.572633036379557e-06,267.3576424916585
Near Road,2021-01-13,-1.5416145324707031,1.3625601132710774,0.0005544453858306042,274.431250890096
Near Road,2021-01-14,-0.177154541015625,-0.09236737092336018,0.0012018412350585095,274.52935791015625
Near Road,2021-01-15,-1.639330546061198,0.7968746423721313,0.0,269.1423034667969
Near Road,2021-01-16,-0.6085898081461588,0.21072177092234293,0.00020965933799743652,274.63500022888184
Near Road,2021-01-17,-1.3662598927815754,0.9294376373291016,0.0,271.7743746439616
Near Road,2021-01-18,-0.026918411254882812,-0.3274456262588501,0.0009925097226073376,274.6298548380534
Near Road,2021-01-19,-1.260841727256775,-0.40098591645558673,0.00021611154079437256,268.80466079711914
Near Road,2021-01-20,-1.4623336791992188,0.6828509966532389,0.0,269.168207804362
Near Road,2021-01-21,-1.5463390350341797,1.1332459847132366,5.602836608886719e-06,271.74527168273926
Near Road,2021-01-22,-1.6750336090723674,1.4681120316187541,0.00013682246208190918,274.48963292439777
Near Road,2021-01-23,-0.5376685460408529,1.7499744097391765,0.00973414182652732,274.804786046346
Near Road,2021-01-24,0.24199549357096353,-0.13705639044443765,0.0038100332021713257,271.95415687561035
Near Road,2021-01-25,-1.1352952321370442,0.46462297439575195,0.00012949109077453613,268.2152551015218
Near Road,2021-01-26,-1.0735123952229817,0.23705736796061197,0.0021421045063902966,267.29748662312824
Near Road,2021-01-27,-1.6240577697753906,2.211915969848633,0.0004806846379210583,267.454548517863
Near Road,2021-01-28,-2.408396005630493,1.900593360265096,0.0009471625088508517,273.2521495819092
Near Road,2021-01-29,-2.1705748240152993,1.4650395313898723,0.00012776482452636628,273.75564511617023
Near Road,2021-01-30,0.11193529764811198,0.9014104207356771,0.005868451890876258,274.33211008707684
Near Road,2021-01-31,-1.5916754404703777,0.6708990732828776,8.034706013404502e-06,268.07637786865234
Near Road,2021-02-01,-1.9571514129638672,0.763087789217631,1.2818524055546732e-06,269.22193908691406
Near Road,2021-02-02,-1.9803072611490886,1.4646324316660564,1.2814997489840607e-06,273.98828442891437
Near Road,2021-02-03,-0.3607921600341797,1.1546250581741333,0.006542525167731128,276.65979385375977
Near Road,2021-02-04,0.7389977773030599,-0.4027945200602214,0.002046689391079326,272.6346950531006
Near Road,2021-02-05,-0.9870948791503906,1.560207486152649,0.0028960824012074227,270.9026794433594
Near Road,2021-02-06,-0.6695588429768881,1.5382126569747925,0.0017384814057095355,272.91371726989746
Near Road,2021-02-07,-0.5234324137369791,1.4330223401387532,1.5169632092693064e-06,276.2007420857747
Near Road,2021-02-08,-0.7699998219807943,1.4287681579589844,8.634472692392592e-07,277.03487968444824
Near Road,2021-02-09,-0.8458398183186849,1.2257964611053467,0.0004296839236985761,277.2863089243571
Near Road,2021-02-10,-0.6978772481282552,1.315564473470052,0.0010455399751663208,275.8234265645345
Near Road,2021-02-11,-0.5451246897379557,1.2366625467936199,0.0002255380153641795,277.01995786031085
Near Road,2021-02-12,-0.36976051330566406,1.4222977956136067,0.008406850695507728,276.759760538737
Near Road,2021-02-13,-0.42842674255371094,0.7942321300506592,0.010794776677983009,275.4982515970866
Near Road,2021-02-14,0.5802099307378134,-1.2946703433990479,0.007944063893774,270.34031740824383
Near Road,2021-02-15,-1.38347331682841,1.676599343617757,0.0036617212215332984,268.57914543151855
Near Road,2021-02-16,-0.02207501729329427,0.5555706024169922,0.013890984654324257,271.86618487040204
Near Road,2021-02-17,1.69020410378774,-0.7638739347457886,0.007678887247948296,270.1948159535726
Near Road,2021-02-18,-0.4522819519042969,0.7589496374130249,0.00023240149010916866,267.9931818644206
Near Road,2021-02-19,-1.5689488649368286,1.8570789496103923,0.002330988645553589,269.4756107330322
Near Road,2021-02-20,-0.695164163907369,0.2622831662495931,0.004250660538673401,273.97130584716797
Near Road,2021-02-21,0.8313827514648438,-0.3376445770263672,0.0006702840328216553,271.72259457906085
Near Road,2021-02-22,-1.2147884368896484,1.2818154493967693,8.510228667546471e-06,271.1615924835205
Near Road,2021-02-23,-0.7327912648518881,0.3495035568873088,6.812809829170874e-06,272.54546483357746
Near Road,2021-02-24,-0.7201010386149088,-0.39929795265197754,0.00014469325532218136,271.30704434712726
Near Road,2021-02-25,-0.12701205412546793,-0.326848824818929,0.00017373263835906982,269.114439646403
Near Road,2021-02-26,-0.9682388703028361,1.9314299027125041,0.0002754658459593884,270.09814262390137
Near Road,2021-02-27,0.5781281789143881,0.07090922196706136,0.003453470306340023,270.4524790445964
Near Road,2021-02-28,-0.21190770467122397,0.12869898478190103,0.0004209786652609182,268.90679931640625
Near Road,2021-03-01,-1.125833511352539,0.8868076801300049,4.351138045421976e-07,267.65498606363934
Near Road,2021-03-02,-1.8064467112223308,1.1091711123784382,0.0,269.9422016143799
Near Road,2021-03-03,-1.946786880493164,0.8297776381174723,0.0,272.4548168182373
Near Road,2021-03-04,-1.5257975260416667,1.055606206258138,0.0012779563664366833,274.73783747355145
Near Road,2021-03-05,-1.5358619689941406,1.027923583984375,1.2904405366498395e-06,274.95026206970215
Near Road,2021-03-06,-2.36586062113444,1.729814926783244,0.0,275.8817990620931
Near Road,2021-03-07,-0.5639235178629557,0.008307576179504395,1.2874602361989673e-06,279.01723035176593
Near Road,2021-03-08,-1.816836675008138,1.8933306535085042,4.4107436991680515e-07,280.1550178527832
Near Road,2021-03-09,0.6221815745035807,-0.5004573265711466,0.00018453598022460938,278.14463996887207
Near Road,2021-03-10,0.3663260142008464,0.8270248174667358,0.001650732755649642,274.45960934956867
Near Road,2021-03-11,-0.799462636311849,0.41082147757212323,0.0019990265369074223,274.82679812113446
Near Road,2021-03-12,-1.2147223154703777,-0.9218013286590576,0.00046181678771972656,272.5929234822591
Near Road,2021-03-13,-0.5912914276123047,-0.9218578338623047,0.003413565661503526,273.6885573069255
Near Road,2021-03-14,0.1919987996419271,-1.1867529948552449,0.0007134123927698965,277.3218542734782
Near Road,2021-03-15,-1.1360677083333333,1.8177541097005208,3.867342002195073e-09,278.1494782765706
Near Road,2021-03-16,-0.6357591152191162,-0.035842180252075195,0.0009450316429138184,278.29019292195636
Near Road,2021-03-17,-0.4928448597590129,0.706831177075704,0.0008475065230868495,278.4232012430827
Near Road,2021-03-18,-1.2963708241780598,1.621256430943807,2.4113058941566123e-05,279.7013765970866
Near Road,2021-03-19,-1.648384730021159,2.193773110707601,3.003499841724988e-06,281.5080445607503
Near Road,2021-03-20,-0.2118523915608724,1.1884714762369792,0.009588050842239682,281.0524609883626
Near Road,2021-03-21,0.9393901824951172,-0.7290597359339396,0.0029428362845465017,275.81031036376953
Near Road,2021-03-22,-0.15435409545898438,0.31674830118815106,0.0005591660737991333,273.74942715962726
Near Road,2021-03-23,-0.09419441223144531,-0.9533729553222656,0.0013765573500563733,275.14085451761883
Near Road,2021-03-24,0.016661961873372395,-1.4562784830729167,0.00032429695119162716,274.4569911956787
Near Road,2021-03-25,-0.6558958689371744,1.3982574939727783,0.001216313242821343,276.0980218251546
Near Road,2021-03-26,1.281746546427409,-0.8807367483774821,0.008026891946787629,275.35387992858887
Near Road,2021-03-27,0.14836438496907553,0.0073693593343098955,5.225575762324297e-05,277.5645751953125
Near Road,2021-03-28,-1.0439605712890625,1.7283280690511067,1.2806219729100121e-06,278.75501823425293
Near Road,2021-03-29,-0.1265405019124349,0.679962158203125,0.0001667992224270165,279.33576520284015
Near Road,2021-03-30,1.2729536692301433,-1.7131837209065754,6.68793915679089e-05,274.19530359903973
Near Road,2021-03-31,-0.6735852559407552,0.5727011362711588,2.4825880586831772e-06,274.59071159362793
Near Road,2021-04-01,-1.1102860768636067,0.6653358141581217,1.7010105466397363e-06,277.66485087076825
Near Road,2021-04-02,-1.4376850128173828,1.2646536429723103,8.753334554967296e-07,282.32359568277997
Near Road,2021-04-03,-1.4297409057617188,1.1639734109242756,3.6765966001439665e-05,284.89358202616376
Near Road,2021-04-04,-1.2649733225504558,1.2413215637207031,1.750480606688143e-05,287.3187777201335
Near Road,2021-04-05,-0.7664324442545573,0.5158354441324869,0.00043367397910287764,286.2365582784017
Near Road,2021-04-06,2.1542735497156777,-0.607763926188151,0.010655516386030683,278.71005884806317
Near Road,2021-04-07,-1.026519815127055,1.0013796488444011,3.0547380447387695e-06,278.85956954956055
Near Road,2021-04-08,-0.4652169545491536,-0.19532903035481772,0.0,281.9966297149658
Near Road,2021-04-09,1.1903050740559895,-1.4256799618403118,0.0,280.86678314208984
Near Road,2021-04-10,-0.5683479309082031,0.45091692606608075,0.0,280.809534072876
Near Road,2021-04-11,1.293905258178711,-1.3379936218261719,4.351138613856165e-07,282.0474313100179
Near Road,2021-04-12,0.23272740840911865,-0.7861207326253256,1.29405162851981e-06,280.0431842803955
Near Road,2021-04-13,-1.441558837890625,-0.3525601625442505,0.0007719516996367304,279.24613126118976
Near Road,2021-04-14,-1.3470452626546223,-0.22242367267608643,0.012794214487030331,278.8042112986247
Near Road,2021-04-15,0.4310493469238281,-0.9156706730524699,0.004542398502280776,277.9871184031169
Near Road,2021-04-16,0.22559738159179688,-0.3061663309733073,0.001988440823936344,279.0918731689453
Near Road,2021-04-17,-1.1431681315104167,-1.4415644804636638,3.6025047297272295e-05,278.521525700887
Near Road,2021-04-18,-0.5386587778727213,-0.7457135518391927,4.351138045421976e-07,280.10598436991376
Near Road,2021-04-19,0.3838621775309245,0.4838169415791829,0.00045496225357055664,282.7290732065837
Near Road,2021-04-20,0.12069066365559895,-1.0176556905110676,5.27501106262207e-06,280.3726514180501
Near Road,2021-04-21,-1.3184490203857422,-0.8054705063501993,0.0017779916524887085,280.1394755045573
Near Road,2021-04-22,-0.35658764839172363,-0.6218744913736979,1.6260902668818744e-05,281.02297592163086
Near Road,2021-04-23,-0.17000261942545572,-0.08339365323384602,0.000455408221853304,282.5809268951416
Near Road,2021-04-24,-0.9789040883382162,1.4751047293345134,0.0002730697393076298,283.44758796691895
Near Road,2021-04-25,-0.12345441182454427,-0.06423580646514893,0.00017828407379738564,283.8499285380046
Near Road,2021-04-26,0.5257002512613932,0.023510257403055828,0.012590140104293823,280.6332213083903
Near Road,2021-04-27,0.6809577941894531,-1.5873998006184895,0.001895933683840667,279.73780059814453
Near Road,2021-04-28,0.3185696601867676,-1.5591166814168294,1.4099478619300498e-05,283.2081762949626
Near Road,2021-04-29,-0.3521606922149658,-0.5088898738225301,8.583068797918258e-07,283.97002092997235
Near Road,2021-04-30,-0.8215223948160807,0.3319799502690633,4.351138045421976e-07,287.4541320800781
Near Road,2021-05-01,-0.9936860402425131,0.9095283349355062,0.00011587142944335938,290.84381103515625
Near Road,2021-05-02,1.5785541534423828,-1.5796696345011394,0.0020394325256347656,287.74187151590985
Near Road,2021-05-03,0.7116247812906901,-1.9743242263793945,0.0014378815889308783,284.87865193684894
Near Road,2021-05-04,0.40760231018066406,-0.2259622017542521,5.9479475016388506e-05,285.0534845987956
Near Road,2021-05-05,-0.10315004984537761,-0.5754767656326294,8.52346317969932e-07,287.88150151570636
Near Road,2021-05-06,-1.2876047293345134,0.8673705657323202,8.52346317969932e-07,287.8178628285726
Near Road,2021-05-07,-0.6611766815185547,2.0769224166870117,0.00020083189010122737,292.1775646209717
Near Road,2021-05-08,1.9232246081034343,-2.0760419368743896,0.001685306429862976,285.8968391418457
Near Road,2021-05-09,1.275033950805664,-0.8992519378662109,8.589090055011184e-05,283.92538833618164
Near Road,2021-05-10,1.1335900624593098,-0.911863366762797,0.002082071820098008,283.4434706370036
Near Road,2021-05-11,1.1296412150065105,-0.8010616302490234,5.095601079574408e-05,284.66977310180664
Near Road,2021-05-12,-0.2069721221923828,0.22697754700978598,1.7195939676639682e-06,285.82261721293133
Near Road,2021-05-13,-0.4620215098063151,-0.00294645627339681,0.00011070816043456944,289.48261070251465
Near Road,2021-05-14,-0.47148577372233075,-0.14750421047210693,1.4438331788824144e-05,292.09339269002277
Near Road,2021-05-15,-0.47495460510253906,-0.3025229374567668,0.0004416377742018085,292.0186519622803
Near Road,2021-05-16,-0.7920875549316406,-0.852264404296875,0.004555186834977576,290.414306640625
Near Road,2021-05-17,-0.08668581644694011,-0.5758724212646484,0.0007874697445799939,288.466007232666
Near Road,2021-05-18,-0.3382574717203776,-0.434751033782959,9.17404890579121e-05,291.13443692525226
Near Road,2021-05-19,-0.20043373107910156,1.0678186813990276,4.341602324942073e-05,293.00753847757977
Near Road,2021-05-20,0.9191513061523438,0.0006356239318847656,0.00010843873019439343,292.2539710998535
Near Road,2021-05-21,1.4399712880452473,-0.5253897905349731,0.005436375737190247,286.759573618571
Near Road,2021-05-22,0.35425567626953125,0.7010211944580078,0.00033611059188842773,285.4962018330892
Near Road,2021-05-23,0.7423661549886068,1.272403081258138,0.007411330938339233,284.3561484018962
Near Road,2021-05-24,0.5259831746419271,1.024559497833252,0.0035894309254338452,284.2614943186442
Near Road,2021-05-25,-0.49547767639160156,0.781402587890625,0.00013023614883422852,288.4405148824056
Near Road,2021-05-26,0.7085641225179037,-1.6003926595052083,0.0002676113837765115,289.8904635111491
Near Road,2021-05-27,-0.375851313273112,-0.10420163472493489,0.0,289.1336784362793
Near Road,2021-05-28,-0.16402371724446616,-0.41945457458496094,2.6524066925048828e-05,291.92503865559894
Near Road,2021-05-29,0.6600087483723959,-1.6892204284667969,2.1785497665405273e-05,293.05119196573895
Near Road,2021-05-30,0.33365821838378906,-1.1728566487630208,1.9121169998470577e-05,292.8285160064697
Near Road,2021-05-31,-0.023532867431640625,-1.0449879964192708,2.2917985916137695e-05,293.6310291290283
Near Road,2021-06-01,0.04074358940124512,-0.8484252691268921,1.2713479122794524e-06,294.8796844482422
Near Road,2021-06-02,-0.31335119406382245,-0.7479604085286459,4.947185516357422e-06,295.9463710784912
Near Road,2021-06-03,-0.25371678670247394,-0.5294474363327026,1.5453902051376645e-06,298.1064879099528
Near Road,2021-06-04,-0.19757461547851562,-0.30025482177734375,5.9604644775390625e-06,299.6172739664714
Near Road,2021-06-05,0.18067864576975504,0.12480926513671875,7.113218306997737e-05,300.6831480662028
Near Road,2021-06-06,0.9366963704427084,-0.3558832009633382,1.6391277348759559e-06,298.97964159647626
Near Road,2021-06-07,0.6493797302246094,1.646763801574707,4.947185516357422e-06,299.98776054382324
Near Road,2021-06-08,0.1417865753173828,3.6615683237711587,9.507238854666866e-05,299.327818552653
Near Road,2021-06-09,-0.12205191453297932,3.920509417851766,0.0,298.95013936360675
Near Road,2021-06-10,1.8987630208333333,1.2667393287022908,2.135336399078369e-05,295.91931025187176
Near Road,2021-06-11,0.6933860778808594,-0.9662845929463705,0.0,290.15557289123535
Near Road,2021-06-12,-0.12365404764811198,-0.3240822156270345,1.2516975402832031e-06,294.1390838623047
Near Road,2021-06-13,-0.5263767242431641,0.4676777124404907,8.52346317969932e-07,298.40710830688477
Near Road,2021-06-14,-0.4752356211344401,2.2819273471832275,0.0,302.16091601053876
Near Road,2021-06-15,-0.35880088806152344,2.952242294947306,8.467811198897834e-07,303.588415145874
Near Road,2021-06-16,1.043731689453125,-0.12002273400624593,3.181695927878536e-05,304.11298688252765
Near Road,2021-06-17,0.20147577921549478,-0.8403876225153605,2.142786968306609e-06,301.3046525319417
Near Road,2021-06-18,-0.177276611328125,-0.039283553759256996,1.1920928955078125e-05,302.00007756551105
Near Road,2021-06-19,0.7108720143636068,-0.5537948608398438,3.053495845506404e-05,302.8728834788005
Near Road,2021-06-20,1.1869208017985027,-1.0600159962972004,1.722058641462354e-06,302.9438667297363
Near Road,2021-06-21,0.4771436055501302,-0.7273853222529093,0.0,301.03621673583984
Near Road,2021-06-22,-0.18059158325195312,1.3687119483947754,0.0,301.3138478597005
Near Road,2021-06-23,0.6554857889811198,1.4985575278600056,0.00013845039796933634,301.979777654012
Near Road,2021-06-24,0.365322748819987,0.746572216351827,0.006263843178714978,297.2774149576823
Near Road,2021-06-25,0.3270702362060547,0.15345382690429688,0.000370151147933484,295.3113873799642
Near Road,2021-06-26,0.1085357666015625,-1.4257462819417317,3.282725811004639e-05,296.85495948791504
Near Road,2021-06-27,-0.05050086975097656,-0.7071050008138021,0.0,297.47183163960773
Near Road,2021-06-28,-0.527014414469401,-0.5773646036783854,0.00010387897481223263,298.30124282836914
Near Road,2021-06-29,-1.106209437052409,-0.1287997563680013,1.0767579073700517e-05,298.86035410563153
Near Road,2021-06-30,-1.0586189031600952,0.8711082537968954,0.0008354663847853772,298.3930606842041
Near Road,2021-07-01,-0.7265313466389974,0.5614155133565267,0.0007797330617904663,298.28090985616046
Near Road,2021-07-02,-0.08401171366373698,-0.18021416664123535,7.346272468566895e-05,300.1457525889079
Near Road,2021-07-03,-0.21875762939453125,0.0819304386774699,0.00031095147124915457,300.74522654215497
Near Road,2021-07-04,-0.027729034423828125,-0.10686429341634114,4.9746626757496415e-05,302.05644035339355
Near Road,2021-07-05,1.1345744132995605,-0.5973962545394897,4.3362889186937537e-05,302.2151533762614
Near Road,2021-07-06,0.057628631591796875,-0.96703040599823,0.0,301.6663653055827
Near Road,2021-07-07,-0.08057530721028645,0.2940751314163208,1.677870745453447e-06,302.82614008585614
Near Road,2021-07-08,0.027730941772460938,-0.0825283130009969,1.0212723395852663e-06,303.4817314147949
Near Road,2021-07-09,0.2629203796386719,-0.8884869416554769,1.2814997489840607e-06,305.05580647786456
Near Road,2021-07-10,0.43520228068033856,-0.9263076782226562,8.52346317969932e-07,303.6532147725423
Near Road,2021-07-11,-0.03352038065592448,-0.252392053604126,8.52346317969932e-07,303.00462341308594
Near Road,2021-07-12,0.04858970642089844,-0.22300346692403158,0.0004862010478063894,304.1357771555583
Near Road,2021-07-13,0.026000340779622395,1.2780567804972331,0.00149248813062286,304.645466486613
Near Road,2021-07-14,0.6699136098225912,0.916939934094747,0.0008748384864993852,303.7586390177409
Near Road,2021-07-15,0.32623545328776044,1.3690545558929443,0.00029073953618308224,301.83738962809247
Near Road,2021-07-16,0.4844519297281901,0.8982194264729818,1.895427703857422e-05,301.93050320943195
Near Road,2021-07-17,0.40981101989746094,0.23101043701171875,1.3887881209484476e-06,302.67529996236163
Near Road,2021-07-18,-0.10286394755045573,-0.33902716636657715,1.7106532368416083e-06,303.7991593678792
Near Road,2021-07-19,0.06199073791503906,0.06387221813201904,0.0025182217359542847,303.4739119211833
Near Road,2021-07-20,0.23667589823404947,0.40855522950490314,0.0005307197570800781,300.8498592376709
Near Road,2021-07-21,0.07249387105305989,0.23293685913085938,0.0006833523511886597,301.3635889689128
Near Road,2021-07-22,0.17635599772135416,1.0938701629638672,0.00024080276489257812,302.7253112792969
Near Road,2021-07-23,0.15033404032389322,-0.005093932151794434,0.0011959314346299266,301.67311604817706
Near Road,2021-07-24,0.6579138437906901,-1.906943917274475,1.856088637808284e-05,302.36841837565106
Near Road,2021-07-25,0.5780811309814453,-0.6868720054626465,8.60500051658164e-07,302.2453734079997
Near Road,2021-07-26,-0.23550287882486978,0.2722619374593099,4.843771457174739e-05,301.6354052225749
Near Road,2021-07-27,-0.0401299794514974,2.1814695994059243,0.00030300021171569824,302.50204213460285
Near Road,2021-07-28,-0.21988677978515625,0.3914651870727539,0.0024647891520430676,301.63740793863934
Near Road,2021-07-29,0.62213134765625,-0.8823313315709432,0.0011549477654284601,300.31051699320477
Near Road,2021-07-30,0.06664403279622395,0.13593761126200357,0.0009731143712947699,299.9640305836995
Near Road,2021-07-31,0.06462351481119792,0.156402587890625,0.001970500816302234,300.3198102315267
Near Road,2021-08-01,-0.13455518086751303,0.23178652922312418,0.0021408677100680507,298.7100461324056
Near Road,2021-08-02,0.5501918792724609,-0.386820912361145,0.0065685600469471694,297.61744054158527
Near Road,2021-08-03,1.0293445587158203,-1.2354631423950195,2.5380487045367772e-05,298.3666934967041
Near Road,2021-08-04,0.1776580810546875,-0.6287237803141276,0.0,299.1973171234131
Near Road,2021-08-05,-0.38233375549316406,1.0040738185246785,2.2664666175842285e-05,300.8460108439128
Near Road,2021-08-06,1.4055716196695964,0.5069073438644409,0.00012316405769752237,301.6977532704671
Near Road,2021-08-07,0.8047885894775391,-0.3903950850168864,4.351138045421976e-07,298.0238908131917
Near Road,2021-08-08,-0.26521555582682294,1.0260730584462483,1.2945832281729963e-06,298.85452206929523
Near Road,2021-08-09,1.0433756510416667,-0.8763478597005209,5.284957296680659e-06,301.0402361551921
Near Road,2021-08-10,0.2336095174153646,-0.7374255657196045,0.0,298.4299685160319
Near Road,2021-08-11,0.053309122721354164,-0.2947820822397868,1.707026910935383e-06,298.2290897369385
Near Road,2021-08-12,0.07175636291503906,-0.43327705065409344,1.309018387019023e-06,299.6190350850423
Near Road,2021-08-13,-0.03825505574544271,-0.678315798441569,1.281411890374784e-06,301.2368170420329
Near Road,2021-08-14,-0.045598347981770836,-0.32776538530985516,0.0008434820671254784,301.73021443684894
Near Road,2021-08-15,0.2068309783935547,-0.5734288692474365,0.0,301.1199493408203
Near Road,2021-08-16,0.15649859110514322,-0.5154067675272623,1.7195939108205494e-06,301.0951633453369
Near Road,2021-08-17,-0.4865379333496094,1.6007189353307087,0.00028367638577719845,300.9267209370931
Near Road,2021-08-18,0.2854302724202474,1.786357084910075,0.022121441364220118,295.1530132293701
Near Road,2021-08-19,1.0825799306233723,-0.47499799728393555,0.01989553887085549,288.0345649719238
Near Road,2021-08-20,-0.09359359741210938,1.2926018635431926,1.922019788480611e-05,289.90669441223145
Near Road,2021-08-21,-0.9882779518763224,2.1894107659657798,0.0008364945649077526,292.9404182434082
Near Road,2021-08-22,-0.4205605586369832,1.1867258151372273,0.006219798326487336,292.97241020202637
Near Road,2021-08-23,-0.8874047994613647,2.552594542503357,4.351138045421976e-07,295.852113087972
Near Road,2021-08-24,-0.9125709533691406,2.9494088093439736,1.7090805499719863e-06,296.34556643168133
Near Road,2021-08-25,-0.7929134368896484,2.6528154611587524,1.7409411327662383e-05,296.94958623250324
Near Road,2021-08-26,-0.22280502319335938,0.9615899721781412,4.89473342781821e-05,297.643123626709
Near Road,2021-08-27,-0.30000559488932294,-0.1420366366704305,1.7217039953720814e-06,295.0357316335042
Near Road,2021-08-28,0.09309323628743489,-0.8311820824941,4.261732051702438e-07,295.4854901631673
Near Road,2021-08-29,-0.15070279439290366,-0.03711465994517008,4.443170837475918e-06,294.66404406229657
Near Road,2021-08-30,-0.4372723897298177,0.29566744963328045,5.602836559148727e-07,296.65059026082355
Near Road,2021-08-31,-0.7495746612548828,1.2471137046813965,1.0538101093970909e-05,298.17059326171875
Near Road,2021-09-01,-0.7023951212565104,1.9074959357579548,6.991922845145382e-05,297.59556643168133
Near Road,2021-09-02,-0.4189929962158203,1.6555122931798298,0.0009525323673642561,296.1507962544759
Near Road,2021-09-03,-0.1056048075358073,0.2116216023763021,0.0025208853348885896,294.2037830352783
Near Road,2021-09-04,-0.29645411173502606,-0.047472635904947914,-1.446096575818956e-10,294.0036214192708
Near Road,2021-09-05,-0.5737431844075521,-0.022725423177083332,0.0,295.59295654296875
Near Road,2021-09-06,-0.5869846343994141,0.21571139494578043,1.7201011246470443e-06,296.8208815256755
Near Road,2021-09-07,-0.6698481241861979,-0.33493471145629883,0.0,296.7119782765706
Near Road,2021-09-08,-0.5322933197021484,0.1276858647664388,4.351138045421976e-07,296.28649457295734
Near Road,2021-09-09,-0.8587506612141927,0.7389751672744751,8.468390433336026e-07,297.0781078338623
Near Road,2021-09-10,-0.8315200805664062,1.643715262413025,0.0005539124559845732,299.6744028727214
Near Road,2021-09-11,0.1473973592122396,1.0409647623697917,0.00040474534034729004,298.0445556640625
Near Road,2021-09-12,-0.1216875712076823,0.5793184439341227,1.6868114471435547e-05,295.62388801574707
Near Road,2021-09-13,0.17998504638671875,-0.3945726950963338,0.0004524648189203617,296.876122156779
Near Road,2021-09-14,0.16576194763183594,-0.6228628158569336,8.52346317969932e-07,295.2949873606364
Near Road,2021-09-15,-0.30670738220214844,0.5443302790323893,1.7225742112714215e-06,294.7102680206299
Near Road,2021-09-16,-0.10880088806152344,0.5430636405944824,1.654922959914984e-05,295.32368024190265
Near Road,2021-09-17,-0.12291208902994792,0.5946296056111654,8.595241638431617e-07,294.7281030019124
Near Road,2021-09-18,-1.2342529296875,2.752090255419413,0.0011773407459259033,294.6158281962077
Near Road,2021-09-19,0.21443875630696616,2.464270313580831,0.00038565469020568344,294.02615038553876
Near Road,2021-09-20,1.4321155548095703,-2.108391443888346,0.0004533827304840088,286.8296578725179
Near Road,2021-09-21,0.07899828751881917,-0.31538645426432294,8.52346317969932e-07,287.45038922627765
Near Road,2021-09-22,-0.3913002014160156,0.4586302439371745,8.52346317969932e-07,289.44599024454754
Near Road,2021-09-23,-0.3996651967366536,-0.5053621927897135,0.00041925907129325424,291.7518603006999
Near Road,2021-09-24,0.0784226655960083,-0.4052435557047526,5.904496447328711e-09,291.43877538045246
Near Road,2021-09-25,-0.37320200602213544,0.4433082739512126,1.2841062471125042e-06,292.071564356486
Near Road,2021-09-26,-0.6272601286570231,0.14180509249369302,4.2319288695580326e-07,293.68940925598145
Near Road,2021-09-27,-0.6155420939127604,0.19234911600748697,0.0,294.1613960266113
Near Road,2021-09-28,0.14911842346191406,-0.19011688232421875,0.002309310436146461,292.0874716440837
Near Road,2021-09-29,1.7879619598388672,-1.9012452363967896,0.00018628914409646313,285.3191515604655
Near Road,2021-09-30,0.497463862101237,-0.8464628060658773,0.00010304450978537716,286.34207089742023
Near Road,2021-10-01,0.10247739156087239,-0.2726375261942546,1.7225742112714215e-06,286.8582598368327
Near Road,2021-10-02,-0.043315887451171875,-0.10159365336100261,8.584406785416832e-07,288.6224308013916
Near Road,2021-10-03,-0.35092254479726154,0.10946945349375407,1.4867254094497184e-09,288.99195353190106
Near Road,2021-10-04,-0.8516902923583984,0.9189463059107462,0.0,290.08555030822754
Near Road,2021-10-05,-1.3792025248209636,1.3443036874135335,0.000240194797413551,291.5982545216878
Near Road,2021-10-06,-0.8264643351236979,1.7900280157725017,0.006018680334097581,288.7592480977376
Near Road,2021-10-07,-0.4131628672281901,1.6190293629964192,0.0010499060153961182,288.8501942952474
Near Road,2021-10-08,-1.0502325693766277,2.1498810450236,0.0029161274433135986,287.77221870422363
Near Road,2021-10-09,1.0107784271240234,0.7257836659749349,0.020408928394317627,283.4393901824951
Near Road,2021-10-10,0.708404541015625,-0.057597835858662925,0.00045925378799438477,283.7108319600423
Near Road,2021-10-11,-0.3455066680908203,0.941538413365682,0.001458704779281561,282.86841773986816
Near Road,2021-10-12,1.6885878245035808,-1.0723158915837605,0.010064589977162086,278.5968869527181
Near Road,2021-10-13,1.2943662405014038,0.40445923805236816,0.003936052322387695,277.9032287597656
Near Road,2021-10-14,1.1399447123209636,-0.15107548236846924,0.0029892313308437224,278.55180676778156
Near Road,2021-10-15,-0.5780843098958334,0.484880010286967,0.00018167793740531124,277.01959292093915
Near Road,2021-10-16,-0.9722633361816406,0.09239542484283447,0.0,278.7065830230713
Near Road,2021-10-17,-1.624216079711914,1.3537217378616333,1.7106532936850272e-06,282.04546610514325
Near Road,2021-10-18,-1.5756263732910156,1.5000323851903279,0.001957005262340772,284.2653344472249
Near Road,2021-10-19,-0.38971900939941406,1.8144843180974324,0.016796457767441098,278.4715881347656
Near Road,2021-10-20,-1.6008612314860027,1.2445857524871826,0.0,279.0660400390625
Near Road,2021-10-21,-1.5281492869059246,0.9478929042816162,0.0,282.0481783548991
Near Road,2021-10-22,-1.8548933664957683,1.4530795415242512,1.7195939108205494e-06,283.45729955037433
Near Road,2021-10-23,-0.05842908223470052,0.42304476102193195,0.0031952351331661077,283.4948336283366
Near Road,2021-10-24,-1.5590712229410808,1.12623127301534,0.001032501459121704,280.6565971374512
Near Road,2021-10-25,-1.7678489685058594,3.6341946919759116,0.0004701776152273851,287.69459851582843
Near Road,2021-10-26,1.9230130513509114,-0.7343799670537313,0.025270241498844825,279.58052762349445
Near Road,2021-10-27,0.023616790771484375,0.8957347869873047,0.0006462216376235119,280.01404825846356
Near Road,2021-10-28,-0.6118323008219401,0.3594703674316406,4.468858242034912e-05,282.19367599487305
Near Road,2021-10-29,-1.2881724039713542,0.5451391935348511,0.0,280.3539930979411
Near Road,2021-10-30,-1.4297796885172527,0.6330617268880209,8.52346317969932e-07,282.2470696767171
Near Road,2021-10-31,-1.1826854546864827,0.8804198900858561,3.2961368560791016e-05,283.88173548380536
Near Road,2021-11-01,-0.9946897427241007,0.8517646789550781,0.0006046295166015625,283.52715555826825
Near Road,2021-11-02,0.034061431884765625,-0.20551427205403647,0.006877824675711963,284.49859619140625
Near Road,2021-11-03,-0.6992530822753906,0.0871661901473999,1.769987687794128e-05,280.733855565389
Near Road,2021-11-04,-1.1672000885009766,1.0662084420522053,2.592011128399463e-06,281.33937581380206
Near Road,2021-11-05,-0.71478271484375,0.5573130448659261,8.523463748133508e-07,285.4822991689046
Near Road,2021-11-06,-1.6196683247884114,2.0734055042266846,4.261732051702438e-07,283.9033597310384
Near Road,2021-11-07,0.6543547312418619,-0.029665152231852215,3.7916316841801745e-06,283.5832163492839
Near Road,2021-11-08,0.26561752955118817,-0.4784495035807292,0.0005287782927894114,279.81053924560547
Near Road,2021-11-09,-1.2358379364013672,1.0788726806640625,0.0026938252263448703,279.2379067738851
Near Road,2021-11-10,0.010776519775390625,0.38533465067545575,0.004591449678969184,280.47636731465656
Near Road,2021-11-11,-0.39887110392252606,0.800910751024882,0.00010561893759586383,279.89756965637207
Near Road,2021-11-12,-0.7085088094075521,0.9428445100784302,0.00015502809532108586,281.6846446990967
Near Road,2021-11-13,-0.9462496439615885,0.48058120409647626,1.7136334804490616e-06,281.252005259196
Near Road,2021-11-14,-1.0555572509765625,1.1522839864095051,1.284479992591514e-06,282.56494331359863
Near Road,2021-11-15,-1.6065667470296223,1.6124032338460286,4.351138045421976e-07,283.21228472391766
Near Road,2021-11-16,0.012757619222005209,0.5187416076660156,0.0037947684526216108,283.60279210408527
Near Road,2021-11-17,1.2707627614339192,-1.2534027099609375,2.914965142508663e-05,275.2953929901123
Near Road,2021-11-18,-0.5505059560139974,0.5078595479329427,8.583068797918258e-07,275.05029996236163
Near Road,2021-11-19,-0.8840535481770834,0.47953232129414874,0.00022967457766753796,279.2373161315918
Near Road,2021-11-20,-0.05213165283203125,-0.3786481221516927,0.0034392714500199872,278.9703146616618
Near Road,2021-11-21,-0.20903809865315756,0.12478892008463542,1.2231982623234217e-05,275.62717564900714
Near Road,2021-11-22,-0.7764244079589844,0.029504934946695965,5.394220295329433e-06,274.41100629170734
Near Road,2021-11-23,-1.1259880065917969,0.9245471954345703,8.553266184208042e-07,276.0680561065674
Near Road,2021-11-24,1.5707562764485676,-1.7099600632985432,0.0014652162789161594,274.69858805338544
Near Road,2021-11-25,-0.2907079855600993,0.14016366004943848,3.55243679450723e-06,273.5512612660726
Near Road,2021-11-26,-1.0334177017211914,0.23289358615875244,0.0,273.9043553670247
Near Road,2021-11-27,-0.8798404137293497,-0.0446014404296875,8.553266184208042e-07,276.00860023498535
Near Road,2021-11-28,-1.2835160493850708,0.3917380174001058,4.368416739453096e-10,275.9486166636149
Near Road,2021-11-29,-1.407024621963501,0.421735684076945,4.351138045421976e-07,276.5934314727783
Near Road,2021-11-30,-0.83311394850413,0.03386382261912028,1.7195939676639682e-06,279.0906976064046
Near Road,2021-12-01,-1.0983638763427734,0.19752279917399088,2.1368264242482837e-06,276.45552253723145
Near Road,2021-12-02,-1.171353022257487,0.34866929054260254,1.7225741544280027e-06,276.4217109680176
Near Road,2021-12-03,-0.9924666086832682,-0.007218599319458008,8.52346317969932e-07,277.4143594106038
Near Road,2021-12-04,-1.242349624633789,0.634396513303121,4.291533514333423e-06,276.7743441263835
Near Road,2021-12-05,-0.5140438079833984,0.32847007115681964,-5.170477379579097e-09,279.40571149190265
Near Road,2021-12-06,-0.5743363698323568,0.6247951984405518,4.7907708335515053e-05,277.5376949310303
Near Road,2021-12-07,-0.6376425425211588,0.628693421681722,1.1454347941253218e-05,277.70761744181317
Near Road,2021-12-08,-1.0450859069824219,1.407260537147522,0.0,276.53602600097656
Near Road,2021-12-09,0.1921869913736979,0.8388757308324178,0.011659647450755983,276.83590507507324
Near Road,2021-12-10,1.5945171117782593,-0.7451805273691813,0.006117361783879005,270.0049114227295
Near Road,2021-12-11,-1.7849403222401936,1.794848640759786,3.685653206275674e-05,265.35712877909344
Near Road,2021-12-12,-2.0497283935546875,2.1254638036092124,2.86102294921875e-06,270.7028102874756
Near Road,2021-12-13,-2.3943703969319663,2.0911041100819907,8.553266184208042e-07,272.4146607716878
Near Road,2021-12-14,-2.465906778971354,2.9670804341634116,1.0210275604549679e-05,276.9661051432292
Near Road,2021-12-15,1.3022937774658203,0.07440594832102458,0.012830206751818451,272.6693337758382
Near Road,2021-12-16,-1.6570555369059246,1.6711032390594482,0.0020128190517425537,266.9944896697998
Near Road,2021-12-17,-0.2867482503255208,1.0593795776367188,0.002212005853550636,270.22874704996747
Near Road,2021-12-18,-1.4594249725341797,0.8964665730794271,0.00016179680824279785,265.9829216003418
Near Road,2021-12-19,-1.9963010152180989,0.8685175577799479,1.3709068298339844e-06,264.5657043457031
Near Road,2021-12-20,-2.107351303100586,1.0908375978469849,1.2934207802572928e-06,267.3541844685872
Near Road,2021-12-21,-2.0916016896565757,0.8495216369628906,8.583068833445395e-07,267.9273961385091
Near Road,2021-12-22,-2.1231905619303384,0.8283894856770834,0.0002045512198378674,267.23900922139484
Near Road,2021-12-23,-1.6011910041173298,2.755310614903768,0.002371177077293396,274.47072474161786
Near Road,2021-12-24,-0.3926919301350911,2.4724413553873696,0.013538825511830055,275.96135838826496
Near Road,2021-12-25,-0.21447805563608804,3.0831006368001304,0.00530533492565155,274.6202456156413
Near Road,2021-12-26,1.024433175722758,3.0682339668273926,0.00552373794067762,275.0597044626872
Near Road,2021-12-27,-0.7345142364501953,2.997943162918091,0.0008801493311239028,269.65896797180176
Near Road,2021-12-28,0.18774771690368652,0.19016369183858237,0.008035162091250214,268.50301933288574
Near Road,2021-12-29,-0.9637173811594645,1.09988005956014,0.001294215380635677,266.7257372538249
Near Road,2021-12-30,-0.3906917969385783,2.773490389188131,0.0036383882399491085,271.1569709777832
Near Road,2021-12-31,0.6708770990371704,0.0671224594116211,0.012949499487774574,272.0644296010335
Near Road,2022-01-01,0.7279249827067057,-1.0561148325602214,0.000683286785999826,265.553425470988
Near Road,2022-01-02,-1.4969838460286458,0.8762334187825521,8.225440979003906e-06,261.1339588165283
Near Road,2022-01-03,-2.293104330698649,1.2180239359537761,1.6901151980164286e-06,262.5083535512288
Near Road,2022-01-04,-1.4346758524576824,2.202411651611328,0.0006732642650604248,269.6591510772705
Near Road,2022-01-05,-1.1676820119222004,2.149099349975586,0.008014857769012451,273.1141192118327
Near Road,2022-01-06,-0.9336833953857422,1.7048046191533406,0.007571953534977638,276.34933217366535
Near Road,2022-01-07,-1.6849613189697266,2.254852294921875,8.167624463339962e-05,274.7890027364095
Near Road,2022-01-08,0.4205926259358724,-0.19888055324554443,0.0026929080486297607,276.6491928100586
Near Road,2022-01-09,-1.0027567545572917,0.29542970657348633,7.978081669079984e-06,271.10204633076984
Near Road,2022-01-10,-1.2691241105397542,0.2698891957600911,1.2858445188612677e-06,267.9058183034261
Near Road,2022-01-11,-1.032569130261739,0.088684876759847,1.2904404798064206e-06,269.60673268636066
Near Road,2022-01-12,-1.3386118412017822,0.4874200423558553,0.0,271.09336853027344
Near Road,2022-01-13,-1.7624505360921223,0.6779009501139323,1.285171833842469e-06,271.2339668273926
Near Road,2022-01-14,-0.1750920613606771,-0.5899161497751871,3.285408018882663e-05,274.83734639485675
Near Road,2022-01-15,-0.8742275238037109,0.34836069742838544,2.0619779661501525e-08,269.9270191192627
Near Road,2022-01-16,-1.174944559733073,0.06891632080078125,0.0,270.20742988586426
Near Road,2022-01-17,-0.9749342600504557,-0.07393042246500652,2.1401110643637367e-06,271.5165481567383
Near Road,2022-01-18,-0.6839269797007242,-0.03626314798990885,1.2878651318715129e-06,273.217830657959
Near Road,2022-01-19,-0.29674339294433594,-0.3419293165206909,8.146464824676514e-05,273.431884765625
Near Road,2022-01-20,-0.14566993713378906,0.5476214090983073,0.0001441478729198309,271.23305892944336
Near Road,2022-01-21,-0.16986719767252603,-0.09461593627929688,0.0026937431205737994,273.0568491617839
Near Road,2022-01-22,-0.2028662363688151,-0.6427052815755209,0.000218027830101164,270.29271443684894
Near Road,2022-01-23,-0.19955571492513022,-0.3685537974039714,8.940696716308594e-08,269.2572873433431
Near Road,2022-01-24,-0.7963912089665731,0.4888114929199219,1.704692635939864e-06,270.2254943847656
Near Road,2022-01-25,0.3146418333053589,-0.6615027983983358,0.0017671614884307019,272.41304715474445
Near Road,2022-01-26,-0.5076773166656494,0.3388184706370036,8.791685104370117e-07,270.2121295928955
Near Road,2022-01-27,-0.3911914825439453,-0.4156159559885661,2.5773711627152807e-06,270.6397450764974
Near Road,2022-01-28,-0.8418966929117838,0.0033903121948242188,4.3671061078498496e-07,267.9509169260661
Near Road,2022-01-29,-1.2150135040283203,-0.09192057450612386,1.2814998058274796e-06,268.24132982889813
Near Road,2022-01-30,-0.8736546834309896,-0.1863867441813151,4.351138045421976e-07,269.41472816467285
Near Road,2022-01-31,-0.9258608818054199,0.42760105927785236,2.2947770048631355e-06,271.3277937571208
Near Road,2022-02-01,0.42536842823028564,-1.0723721186319988,8.322596539755978e-05,270.91527557373047
Near Road,2022-02-02,0.8857371012369791,-1.2524497111638386,0.00095328688621521,268.1019643147786
Near Road,2022-02-03,0.06326607863108318,-0.30086708068847656,0.0002164781093547674,266.76839955647785
Near Road,2022-02-04,-0.37088775634765625,0.06787669658660889,1.2934207802572928e-06,267.0097719828288
Near Road,2022-02-05,-0.9330259958902994,0.43392380078633624,8.52346317969932e-07,269.45052401224774
Near Road,2022-02-06,-0.5991121927897135,-0.28064560890197754,2.897691047110129e-06,271.42644627888996
Near Road,2022-02-07,-0.8033847808837891,0.2819906870524089,8.58374448853283e-07,271.05030822753906
Near Road,2022-02-08,-0.9704977671305338,0.2837994893391927,4.351138613856165e-07,273.20667839050293
Near Road,2022-02-09,-0.6724541982014974,-0.09758313496907552,4.023677047371166e-05,274.2936038970947
Near Road,2022-02-10,-0.5297889709472656,-0.10530281066894531,4.291536193079537e-07,274.7001813252767
Near Road,2022-02-11,-0.696448008219401,0.2951806386311849,0.0,276.29299481709796
Near Road,2022-02-12,-0.6915899912516276,0.06960495313008626,0.0,274.18606503804523
Near Road,2022-02-13,-1.2400932312011719,0.728721539179484,2.573267693151138e-06,274.5883108774821
Near Road,2022-02-14,-1.6119626363118489,1.5674480597178142,2.570480319263879e-06,277.0265064239502
Near Road,2022-02-15,-0.9053465525309244,1.140859603881836,1.0274102351104375e-06,276.7647514343262
Near Road,2022-02-16,1.3885122934977214,-0.8153653144836426,0.002474859356880188,273.24238840738934
Near Road,2022-02-17,0.3845163981119792,-0.5044530232747396,0.00014975666999816895,272.5037498474121
Near Road,2022-02-18,-0.8356177012125651,0.4459821780522664,3.427267074584961e-07,273.03026008605957
Near Road,2022-02-19,-1.2643521626790364,1.2354542016983032,8.615441338122309e-07,274.7552089691162
Near Road,2022-02-20,-1.3288733164469402,2.339940388997396,4.351138045421976e-07,276.43661371866864
Near Road,2022-02-21,0.9249165852864584,-0.2860571543375651,0.002089455723762512,275.4821408589681
Near Road,2022-02-22,-0.5779368082682291,0.843743085861206,0.0009519567816482777,271.8731441497803
Near Road,2022-02-23,-0.8864860534667969,-1.2302449941635132,0.003154850006012566,267.00904083251953
Near Road,2022-02-24,0.2546520233154297,0.7514624198277792,0.0008152276277542114,266.5106836954753
Near Road,2022-02-25,0.17003377278645834,0.23856099446614584,0.0015782147644927136,267.92452812194824
Near Road,2022-02-26,-0.6722189585367838,0.3102976481119792,8.392333882056846e-06,264.7437858581543
Near Road,2022-02-27,-1.0791676839192708,0.391962210337321,8.52346317969932e-07,265.80513254801434
Near Road,2022-02-28,-1.2734198967615764,0.44045770168304443,8.702277796146518e-07,270.67034975687665
Near Road,2022-03-01,-1.385994593302409,0.6403554280598959,0.0,275.00184949239093
Near Road,2022-03-02,-1.3818600972493489,0.9521528879801432,8.612870487922919e-07,278.67075475056964
Near Road,2022-03-03,-1.8286348978678386,1.5014599959055583,1.7225727333425311e-06,280.60329564412433
Near Road,2022-03-04,-1.747152328491211,1.9728395541508992,0.00238226950165199,280.7408390045166
Near Road,2022-03-05,-0.3243268330891927,2.1132328112920127,0.0016245037317048627,278.46961148579913
Near Road,2022-03-06,0.923486073811849,0.6389056046803793,0.01024624407182273,273.2976156870524
Near Road,2022-03-07,-0.6267388661702474,0.3099575837453206,2.3153424194788386e-05,267.6162465413411
Near Road,2022-03-08,-1.264401117960612,1.5617096026738484,0.0006460100412368774,266.75680987040204
Near Road,2022-03-09,0.43822797139485675,0.7882024844487509,0.008616543431628543,273.0036684672038
Near Road,2022-03-10,0.6007722218831381,-0.8924388885498047,0.00023328065861960567,268.59856669108075
Near Road,2022-03-11,-0.9576752980550131,1.0411466757456462,8.583068833445395e-07,265.1856117248535
Near Road,2022-03-12,-1.6925030946731567,1.7939658959706624,8.665701329846343e-07,270.0656566619873
Near Road,2022-03-13,-1.366455078125,1.5743428071339924,0.0020365744828154675,275.0705852508545
Near Road,2022-03-14,-0.05535125732421875,0.46095530192057294,0.001430523475676182,275.3778483072917
Near Road,2022-03-15,-1.4310595194498699,1.4727036952972412,1.2814998626708984e-06,276.233881632487
Near Road,2022-03-16,0.04923057556152344,-0.9268314043680826,0.001940566301243507,278.1225725809733
Near Road,2022-03-17,0.4031505584716797,-0.6661678155263265,6.1240792206263e-05,276.90574900309247
Near Road,2022-03-18,-0.3244921366373698,0.19413185119628906,1.9684433937072754e-05,277.6333478291829
Near Road,2022-03-19,-1.6113505760828655,1.7517237265904744,8.52346317969932e-07,278.993621190389
Near Road,2022-03-20,-0.11443003018697102,0.315507173538208,0.004224539482493128,279.2033774058024
Near Road,2022-03-21,0.8873093922932943,-1.328983743985494,5.524954616475952e-05,274.67919031778973
Near Road,2022-03-22,0.10364878177642822,-1.143985629081726,8.273124592506065e-06,276.08983484903973
Near Road,2022-03-23,-0.423527995745341,0.11644887924194336,1.8835066839528736e-06,276.5843569437663
Near Road,2022-03-24,-0.8150894244511923,0.7350604931513468,1.7252261841349537e-06,280.6768347422282
Near Road,2022-03-25,-1.2084922790527344,1.3321865797042847,1.3845176852100849e-05,283.80234654744464
Near Road,2022-03-26,-1.5184237162272136,1.7314135233561199,0.0,286.58923721313477
Near Road,2022-03-27,-1.665042241414388,2.1626802682876587,2.1338461806408304e-06,287.8073609670003
Near Road,2022-03-28,-1.7094370524088542,2.7925402323404946,5.5283308029174805e-05,287.3931687672933
Near Road,2022-03-29,-0.4818299611409505,0.4471166133880615,0.002463662624354157,282.3355820973714
Near Road,2022-03-30,0.8859589894612631,-1.0266663233439128,0.00067940354347229,282.58123842875165
Near Road,2022-03-31,0.31225140889485675,-0.3168891668319702,0.002596929669380188,279.729705174764
Near Road,2022-04-01,0.2761007944742839,0.03752470016479492,3.888497019488568e-06,280.63480377197266
Near Road,2022-04-02,-0.49086952209472656,0.28438448905944824,1.2965458040525846e-06,281.1446011861165
Near Road,2022-04-03,0.6065957148869833,-0.9869912465413412,8.52346317969932e-07,282.78350893656415
Near Road,2022-04-04,-0.5008113384246826,1.1114716529846191,0.00043651461419358384,281.3717091878255
Near Road,2022-04-05,1.509103775024414,-1.2165083090464275,0.007974773645344158,280.668311436971
Near Road,2022-04-06,1.1364796956380208,-2.2145030895868936,1.2177030328075489e-05,276.7333704630534
Near Road,2022-04-07,-0.461117426554362,-0.37942298253377277,4.4321253156454077e-07,277.1468976338704
Near Road,2022-04-08,-0.9910329182942709,0.7416993379592896,0.0,281.6849250793457
Near Road,2022-04-09,0.21802520751953125,-0.2872095505396525,0.00018133223056793213,283.79633204142254
Near Road,2022-04-10,1.989972432454427,-1.921155055363973,0.00010754168033599854,277.84384600321454
Near Road,2022-04-11,-0.6497827370961508,1.8260058561960857,0.0009029686450503505,279.9119351704915
Near Road,2022-04-12,2.530727823575338,-0.9858378569285074,0.010268990779309206,274.58190155029297
Near Road,2022-04-13,1.365260084470113,0.6160192092259725,0.0016509443521499634,273.71311060587567
Near Road,2022-04-14,-0.5312865972518921,1.4499634504318237,0.0008972734212875366,277.2227242787679
Near Road,2022-04-15,-0.23548599084218344,0.10200619697570801,0.005696676640866372,280.29524993896484
Near Road,2022-04-16,-0.8027253945668539,0.7998155355453491,0.000975406169800408,280.9556229909261
Near Road,2022-04-17,0.4702008565266927,-0.3795519272486369,0.002752411365406715,282.2702388763428
Near Road,2022-04-18,-1.188794453938802,0.6158488988876343,2.506375210487022e-06,282.62829208374023
Near Road,2022-04-19,-0.5209512710571289,0.3232870896657308,4.5001496573604527e-07,287.12159729003906
Near Road,2022-04-20,0.05557886759440104,0.29976773262023926,0.0011042982339404261,282.942284266154
Near Road,2022-04-21,-0.7956155141194662,2.5895034074783325,8.643726232548943e-07,286.88912709554035
Near Road,2022-04-22,1.527181625366211,-0.3148111899693807,0.009090240285498652,283.18268458048504
Near Road,2022-04-23,2.118250012397766,-1.063510497411092,0.007023710012333595,279.36397616068524
Near Road,2022-04-24,0.9828478495279948,-1.2146008809407551,0.0005384087563129469,281.57821337382
Near Road,2022-04-25,-0.5826797485351562,0.4786491394042969,1.988112916251339e-05,281.6881039937337
Near Road,2022-04-26,-1.2899309794108074,1.6123062372207642,2.5581157387932763e-06,284.49342854817706
Near Road,2022-04-27,-0.3831939697265625,0.04729934533437093,2.7692317928540433e-05,287.2879104614258
Near Road,2022-04-28,-0.5758997599283854,0.6753224929173788,0.000385284423828125,286.50521024068195
Near Road,2022-04-29,2.091515223185221,-1.7278938293457031,0.002284067869084083,282.48316446940106
Near Road,2022-04-30,-0.8245603640874227,0.7004714409510294,8.52346317969932e-07,282.29468218485516
Near Road,2022-05-01,0.1710033416748047,-0.7321489254633585,0.00402047038079445,284.16949971516925
Near Road,2022-05-02,0.1631902058919271,1.4463265736897786,0.004370063543319702,284.4532299041748
Near Road,2022-05-03,1.6613477071126301,-0.7130248149236044,0.005832254886627197,282.94916915893555
Near Road,2022-05-04,0.5816427866617838,-0.42164750893910724,0.004906918336747168,280.5045808156331
Near Road,2022-05-05,-1.0575396219889324,1.641383210817973,2.545118263697077e-06,283.88124020894367
Near Road,2022-05-06,-0.31081517537434894,0.7198217312494913,0.0,290.85781478881836
Near Road,2022-05-07,0.5106703440348307,-0.47883160909016925,0.0007362067699432373,290.29533131917316
Near Road,2022-05-08,0.9984169006347656,-0.6842490037282308,0.0007243722677117148,285.8458366394043
Near Road,2022-05-09,2.1334921518961587,-0.6572825113932291,0.005602884292500221,280.167963663737
Near Road,2022-05-10,0.06616655985514323,-0.12621712684631348,0.0001606881618450018,280.7867857615153
Near Road,2022-05-11,-0.06900087992350261,-0.0091630220413208,7.967948909026745e-05,283.8219057718913
Near Road,2022-05-12,2.3428122202555337,-0.9605651299158732,0.00447651743888855,282.9690469106038
Near Road,2022-05-13,0.09137980143229167,0.2975622812906901,8.52346317969932e-07,284.22178332010907
Near Road,2022-05-14,-0.289825439453125,0.09670639038085938,1.7195939108205494e-06,287.48008791605633
Near Road,2022-05-15,-0.5001519521077474,-0.29999200503031415,7.5429677508509485e-06,292.06814765930176
Near Road,2022-05-16,-0.6253801981608073,0.08408637841542561,0.00017730295650153494,292.6214148203532
Near Road,2022-05-17,0.1471080780029297,-1.4667898813883464,0.00014065206050872803,293.3182601928711
Near Road,2022-05-18,0.16536966959635416,-0.40667569637298584,1.0460614134899515e-06,291.5472952524821
Near Road,2022-05-19,1.1099128723144531,-0.30766495068868,0.00017108023166656494,293.4150587717692
Near Road,2022-05-20,1.5195808410644531,-3.082419474919637,0.000829160213470459,282.7763894399007
Near Road,2022-05-21,-0.5417194366455078,-0.18723801771799722,0.00090859532349441,283.6190980275472
Near Road,2022-05-22,0.16837374369303384,-0.6465357542037964,3.4302472045055765e-06,286.49048614501953
Near Road,2022-05-23,1.2810719807942708,-1.909932057062785,1.7136334804490616e-06,285.6338990529378
Near Road,2022-05-24,0.5758768717447916,-0.5729096333185831,1.1405348288917594e-05,286.35987281799316
Near Road,2022-05-25,-0.009368896484375,-0.30239351590474445,1.284479992591514e-06,289.90550486246747
Near Road,2022-05-26,-0.8674125671386719,0.9700169563293457,4.410743663640915e-07,292.9686361948649
Near Road,2022-05-27,0.3097235361735026,0.8387682437896729,4.139542579650879e-05,297.85581461588544
Near Road,2022-05-28,0.5213743845621744,-1.3593686421712239,0.003722134232418739,291.1759719848633
Near Road,2022-05-29,0.6658789316813151,-0.8216257890065511,0.012220197070803351,285.6913471221924
Near Road,2022-05-30,1.2426331837972004,0.2670796712239583,0.018580791356214377,281.056339263916
Near Road,2022-05-31,0.1875584920247396,-0.6065556208292643,0.0003520359314279631,282.4442329406738
Near Road,2022-06-01,-0.282833735148112,-0.5344987710316976,0.0006953030824661255,285.52234268188477
Near Road,2022-06-02,-0.1845544179280599,-0.21306192874908447,6.198883006902633e-07,289.59129397074383
Near Road,2022-06-03,-0.5756651560465494,0.17145570119222006,0.0002539992332408758,292.5130201975505
Near Road,2022-06-04,-0.31723785400390625,0.49599409103393555,0.00011160874748838978,293.61878712972003
Near Road,2022-06-05,0.1912816365559896,-0.611626942952474,0.0007827460765383876,293.1299819946289
Near Road,2022-06-06,0.23885599772135416,-1.0175902048746746,0.00034246146668692745,292.4183750152588
Near Road,2022-06-07,0.14384078979492188,-0.7400314807891846,4.351138045421976e-07,292.822229385376
Near Road,2022-06-08,-0.581183115641276,0.06462236245473225,8.523463748133508e-07,293.7525552113851
Near Road,2022-06-09,0.09035364786783855,-0.8416885932286581,3.782962721743388e-06,296.9436715443929
Near Road,2022-06-10,-0.09897867838541667,-0.23460896809895834,8.631237733425223e-07,297.78684107462567
Near Road,2022-06-11,-0.24533843994140625,-0.07587178548177083,2.1418790083771455e-06,299.0333722432454
Near Road,2022-06-12,0.13280741373697916,1.0693963368733723,4.5299464090930996e-07,301.39201672871906
Near Road,2022-06-13,0.9573726654052734,-1.3874584833780925,0.007373028993601594,292.9966621398926
Near Road,2022-06-14,1.9730345408121746,-1.1216175158818562,0.0021259099244161916,286.11991119384766
Near Road,2022-06-15,0.9052619934082031,-0.5285632610321045,4.351138613856165e-07,288.35391489664715
Near Road,2022-06-16,-0.7595399220784506,1.0413137276967366,0.0,293.5190970102946
Near Road,2022-06-17,-0.9821580251057943,2.757238189379374,4.348754879401895e-05,299.3749294281006
Near Road,2022-06-18,0.43844350179036456,4.359737555185954,2.565771308127296e-05,300.1721884409587
Near Road,2022-06-19,0.05444463094075521,2.703557252883911,0.0012503032165795958,295.5281359354655
Near Road,2022-06-20,1.5792064666748047,-0.8393628199895223,0.001534193754196167,288.95836448669434
Near Road,2022-06-21,-0.21016629536946616,-0.9074212710062662,0.0,291.4804859161377
Near Road,2022-06-22,0.23407491048177084,-0.807373046875,4.261732051702438e-07,294.86775906880695
Near Road,2022-06-23,0.022817611694335938,1.1619662841161091,0.0002441495656917425,297.83906110127765
Near Road,2022-06-24,0.20809046427408853,0.46090078353881836,0.002021435630695123,296.84660720825195
Near Road,2022-06-25,0.6572869618733724,-1.3902266025543213,3.846585747169229e-05,297.70234298706055
Near Road,2022-06-26,0.1600214640299479,-0.7444573243459066,7.9244375115195e-05,297.4135748545329
Near Road,2022-06-27,-0.14207967122395834,-0.15755279858907065,9.924173305364548e-07,298.759516398112
Near Road,2022-06-28,-0.41384653250376385,0.8310654958089193,0.0002943456172488368,300.1468696594238
Near Road,2022-06-29,0.19131596883138022,1.0983649492263794,0.0012320488690420461,301.29246520996094
Near Road,2022-06-30,0.1421057383219401,0.07987407843271892,0.0007910877466201782,299.6589635213216
Near Road,2022-07-01,-0.3675587972005208,1.5448447863260906,0.00024821646610462267,299.60901578267413
Near Road,2022-07-02,-0.37119166056315106,1.5882200797398884,0.00021374225616455078,300.18895212809247
Near Road,2022-07-03,0.10879453023274739,3.45391845703125,4.351138045421976e-07,301.8741175333659
Near Road,2022-07-04,0.523443857828776,3.9212514559427896,8.583068797918258e-07,302.1328773498535
Near Road,2022-07-05,-0.016011555989583332,2.6436284383138022,2.1661336973011203e-06,300.49737612406415
Near Road,2022-07-06,-0.35881821314493817,2.2189828554789224,2.6214122669898643e-05,300.7346617380778
Near Road,2022-07-07,-0.22917330265045166,2.3512614965438843,4.425709789757093e-07,300.92802747090656
Near Road,2022-07-08,-0.4451592763264974,2.358639637629191,1.2889569021012903e-06,301.4695625305176
Near Road,2022-07-09,-0.13672256469726562,2.673278292020162,3.011132434949104e-06,303.10826301574707
Near Road,2022-07-10,0.725091298421224,0.28152287006378174,0.0007351827463821792,304.4228884379069
Near Road,2022-07-11,0.7138322591781616,-0.9671380917231241,5.066394805908203e-07,301.6888135274251
Near Road,2022-07-12,0.049236297607421875,-0.2022374471028646,1.5497207073167374e-06,301.40641021728516
Near Road,2022-07-13,-0.22181129455566406,1.0154922008514404,0.00022407208638242082,303.52215512593585
Near Road,2022-07-14,0.04364967346191406,1.3242522875467937,0.00023890435695506085,303.8259334564209
Near Road,2022-07-15,-0.254580815633138,1.0061543782552083,0.004664488146485013,300.33066749572754
Near Road,2022-07-16,-0.4537901480992635,0.4160497983296712,8.445084091590616e-05,300.50179926554364
Near Road,2022-07-17,-0.5336772203445435,0.715697169303894,1.7225742112714215e-06,302.93457221984863
Near Road,2022-07-18,0.7173058191935221,0.8784169753392538,0.0002474188804626465,303.8790677388509
Near Road,2022-07-19,0.1061083475748698,0.3421885172526042,0.0022470951079185397,301.6292845408122
Near Road,2022-07-20,0.1499322255452474,-0.12706724802652994,1.5783541641667398e-05,301.46076011657715
Near Road,2022-07-21,0.045015970865885414,-0.08644954363505046,4.6091046840501804e-05,302.1811987559001
Near Road,2022-07-22,0.1388517220815023,0.566992998123169,3.69309869938661e-05,303.11203320821124
Near Road,2022-07-23,0.3835887908935547,-0.1314308245976766,0.00010371143031306929,303.28989601135254
Near Road,2022-07-24,-0.2427387237548828,1.6226234833399455,0.00038923591125694657,301.8490441640218
Near Road,2022-07-25,0.03204790751139323,0.8920519351959229,8.732080445383872e-07,299.641118367513
Near Road,2022-07-26,0.2245044708251953,-0.06451161702473958,8.581418455833045e-07,301.40575981140137
Near Road,2022-07-27,0.00012715657552083334,-0.2796611785888672,1.2755393754559918e-06,301.517339070638
Near Road,2022-07-28,0.07239659627278645,-0.509025772412618,0.0002157449720243676,302.26467514038086
Near Road,2022-07-29,-0.3489125569661458,-0.13484863440195718,5.445480201160535e-05,301.3222185770671
Near Road,2022-07-30,-0.3947919209798177,0.12195960680643718,0.00158449764631996,301.0187924702962
Near Road,2022-07-31,-0.675750732421875,0.6785850524902344,0.0003962904214809271,301.3098201751709
Near Road,2022-08-01,-0.19792048136393228,0.8867555856704712,0.0007811694613906184,301.61978403727215
Near Road,2022-08-02,0.13166364034016928,0.2555824915568034,0.01673731207841911,297.2063045501709
Near Road,2022-08-03,0.36650339762369794,-0.42018381754557294,5.2163004870209306e-05,298.8795274098714
Near Road,2022-08-04,-0.3636341094970703,0.34658050537109375,2.357762355131854e-05,300.08691215515137
Near Road,2022-08-05,-0.12021128336588542,0.9824817180633545,0.0017079025506632206,300.9284299214681
Near Road,2022-08-06,0.40821683406829834,0.7925986051559448,0.019501647353138196,296.0953076680501
Near Road,2022-08-07,0.4355309804280599,-0.6128705739974976,0.001639518250783567,294.38839022318524
Near Road,2022-08-08,0.20808092753092447,-0.5973555246988932,0.0,296.89685503641766
Near Road,2022-08-09,-0.09592819213867188,-0.2795339822769165,3.0090670861682156e-06,298.012970606486
Near Road,2022-08-10,0.09362220764160156,0.1885673999786377,0.0011572331190059515,299.8449598948161
Near Road,2022-08-11,0.3139209747314453,-0.4020952781041463,0.0022509932517955633,298.38012250264484
Near Road,2022-08-12,0.0039602915445963545,0.3802282015482585,0.0004353622588944006,298.89839299519855
Near Road,2022-08-13,-0.334750493367513,0.94202721118927,0.0037186522167367286,298.9845841725667
Near Road,2022-08-14,-0.6459217071533203,0.24969557921091715,0.006301966309479212,297.34106636047363
Near Road,2022-08-15,-0.3009389241536458,-0.8648401498794556,0.00010689756193826838,298.96076520284015
Near Road,2022-08-16,-0.7814922332763672,-0.4842733144760132,1.150965681517846e-05,299.3016929626465
Near Road,2022-08-17,-0.5129648844401041,-0.5623371601104736,0.0,299.9766496022542
Near Road,2022-08-18,-0.4678548177083333,0.01304471492767334,8.52346317969932e-07,300.22894350687665
Near Road,2022-08-19,0.615685780843099,-0.0318753719329834,0.0033236872895940905,299.52608426411945
Near Road,2022-08-20,0.29703839619954425,0.5517961978912354,0.0030515700578348515,295.2932777404785
Near Road,2022-08-21,-0.15372530619303384,0.039879838625590004,0.0021093438249977225,295.83200518290204
Near Road,2022-08-22,0.04279963175455729,-0.46964871883392334,4.9191713344498567e-05,297.6233081817627
Near Road,2022-08-23,-0.3478342692057292,0.06975066661834717,4.979967968665733e-06,298.36875851949054
Near Road,2022-08-24,-0.6325836181640625,0.46173612276713055,4.954934115630749e-05,299.7409210205078
Near Road,2022-08-25,-0.07394218444824219,0.5596360365549723,0.00010701417922476253,298.4518044789632
Near Road,2022-08-26,0.3306509653727214,0.9635918935139974,9.325146675109863e-05,298.7846673329671
Near Road,2022-08-27,-0.23645782470703125,1.328456441561381,1.2367963790893555e-05,298.33849652608234
Near Road,2022-08-28,0.32136090596516925,-0.02618122100830078,3.8087367961736618e-06,299.79518127441406
Near Road,2022-08-29,-0.3388353983561198,-0.23435827096303305,0.0,298.0458978017171
Near Road,2022-08-30,-0.6278699239095052,-0.4144442081451416,4.351138045421976e-07,299.22036870320636
Near Road,2022-08-31,-0.7618319590886434,-0.4416419267654419,4.467869594293461e-07,300.35713895161945
Near Road,2022-09-01,-0.3770790497461955,-0.18212381998697916,8.612871056357108e-07,300.5148245493571
Near Road,2022-09-02,-0.07459449768066406,-0.5946069558461508,8.540495741726772e-07,301.0113881429036
Near Road,2022-09-03,-0.49173609415690106,-0.08280869325002034,4.351138613856165e-07,299.64354578653973
Near Road,2022-09-04,-0.5061386028925577,-0.14637204011281332,8.511478313266707e-07,301.1307379404704
Near Road,2022-09-05,-0.3161371946334839,-0.42593737443288165,1.28501659446556e-06,301.0841204325358
Near Road,2022-09-06,-0.6751480102539062,-0.4397786458333333,2.1372263745433884e-06,301.76060549418133
Near Road,2022-09-07,-0.2647075653076172,-0.012966156005859375,4.466088689980552e-07,301.9672114054362
Near Road,2022-09-08,0.12265904744466145,-0.486231009165446,0.00015809439759095767,302.4471600850423
Near Road,2022-09-09,1.4420280456542969,-1.113297422726949,1.2993812106287805e-06,297.33142534891766
Near Road,2022-09-10,0.11604944864908855,-0.6878858804702759,8.583068833445395e-07,293.4002176920573
Near Road,2022-09-11,-0.20008405049641928,-0.09946187337239583,8.600094822952542e-07,294.48628997802734
Near Road,2022-09-12,-0.41195106506347656,0.1708685557047526,0.0,295.65475336710614
Near Road,2022-09-13,-0.22202364603678384,1.8302994966506958,0.0027334541081245334,296.73115221659344
Near Road,2022-09-14,0.13227017720540366,1.2377586364746094,0.01170918643464347,291.4275366465251
Near Road,2022-09-15,-0.30542945861816406,1.4093863169352214,0.0007729956881235012,290.7443625132243
Near Road,2022-09-16,0.08146413167317708,0.667969544728597,0.011637103380962799,290.4517199198405
Near Road,2022-09-17,-0.4001992543538411,0.5901609261830648,0.00018915032603672444,290.3742561340332
Near Road,2022-09-18,-1.1106020609537761,1.9471912384033203,6.52611255596014e-05,292.21230189005536
Near Road,2022-09-19,-0.8166332244873047,2.3480687538782754,3.001513505296316e-06,293.94748560587567
Near Road,2022-09-20,-0.8999277750651041,2.04841156800588,0.00011895596981048584,294.8754628499349
Near Road,2022-09-21,-1.5349915822347004,1.8505329688390095,0.0029238611459732056,294.3001130421956
Near Road,2022-09-22,-0.10992622375488281,0.7697931528091431,0.005333694815533363,290.99288686116535
Near Road,2022-09-23,0.3348350524902344,-0.4462796052296956,6.687295410756633e-06,290.54337247212726
Near Road,2022-09-24,-0.2793114980061849,-0.27607282002766925,1.7012785065162461e-06,289.56169573465985
Near Road,2022-09-25,-0.366726557413737,-0.2942371368408203,4.351138045421976e-07,290.01032702128094
Near Road,2022-09-26,-0.3630809783935547,0.03254115581512451,1.0579823310763459e-06,291.35454241434735
Near Road,2022-09-27,-0.8085988362630209,0.3074220021565755,4.261732051702438e-07,292.1675561269124
Near Road,2022-09-28,-1.2112096150716145,1.2926980257034302,0.00014727115624779685,293.92771911621094
Near Road,2022-09-29,-0.5929247538248698,2.0764878590901694,0.0015477716921736828,293.95141792297363
Near Road,2022-09-30,0.6397037506103516,-0.5103890101114908,0.005136609077453613,290.19036293029785
Near Road,2022-10-01,0.5300464630126953,-0.4348899920781453,0.0009016603231088993,287.98793919881183
Near Road,2022-10-02,-0.18869400024414062,0.016942580540974934,9.989738464355469e-05,288.03829129536945
Near Road,2022-10-03,-0.2848167419433594,-0.2889238993326823,4.0942430416635034e-05,288.3593521118164
Near Road,2022-10-04,-0.1369196573893229,-0.5410950978597006,1.7269108525397314e-06,289.26330439249676
Near Road,2022-10-05,-0.2665945688883464,-0.30262919267018634,2.2367978544934886e-06,289.51477940877277
Near Road,2022-10-06,-0.40165138244628906,-0.23292946815490723,8.872586008124017e-07,289.2686030069987
Near Road,2022-10-07,-0.45494969685872394,-0.1342538595199585,2.136826515197754e-05,289.5534973144531
Near Road,2022-10-08,-0.478424072265625,-0.08438356717427571,2.682209014892578e-07,289.82037289937335
Near Road,2022-10-09,-0.5822369654973348,0.06085014343261719,4.398822682105674e-06,289.5657793680827
Near Road,2022-10-10,-0.425425926844279,-0.0599827766418457,8.583068051848386e-07,289.57175636291504
Near Road,2022-10-11,0.12416776021321614,0.23104588190714517,0.0,290.262113571167
Near Road,2022-10-12,-0.29426129659016925,-0.03131477038065592,8.583068797918258e-07,288.7427241007487
Near Road,2022-10-13,-0.24858474731445312,-0.5953992605209351,1.2814998058274796e-06,287.10876782735187
Near Road,2022-10-14,-0.4805749257405599,-0.07045253117879231,2.92956828573665e-06,286.84333419799805
Near Road,2022-10-15,-0.5880438486735026,-0.2781682014465332,3.7412628834943007e-06,287.0836938222249
Near Road,2022-10-16,-1.0032958984375,-0.3304974635442098,8.616761419943941e-07,286.65307998657227
Near Road,2022-10-17,-0.6415672302246094,-0.15876007080078125,1.2904405366498395e-06,286.41705958048504
Near Road,2022-10-18,-0.46825218200683594,-0.21106910705566406,1.2993812106287805e-06,286.97558275858563
Near Road,2022-10-19,-0.4481647809346517,-0.219511349995931,1.7195939676639682e-06,287.1945660909017
Near Road,2022-10-20,-0.5838171641031901,0.14645508925120035,1.7043551565620874e-06,286.9396095275879
Near Road,2022-10-21,-0.5697415669759115,1.3583697875340779,0.0,288.3062108357747
Near Road,2022-10-22,-0.5045928955078125,3.0609769026438394,0.0056178271770477295,286.8570162455241
Near Road,2022-10-23,1.4287408192952473,-0.6798473199208578,0.019911149144167695,276.9531892140706
Near Road,2022-10-24,1.232958475748698,-0.39987274010976154,0.002671077847480774,275.22280248006183
Near Road,2022-10-25,-0.5395291646321615,1.426068902015686,0.0031183957377720617,276.88293075561523
Near Road,2022-10-26,-0.8329067230224609,0.6560025215148926,0.004898369312286377,276.7071450551351
Near Road,2022-10-27,-0.19539896647135416,-0.20431474844614664,0.0011813410541776648,274.92036628723145
Near Road,2022-10-28,-1.1650079091389973,0.6097458998362223,3.3557413985363382e-06,272.9994665781657
Near Road,2022-10-29,-0.96429975827535,-0.10683564345041911,6.6428310105948185e-06,276.5379645029704
Near Road,2022-10-30,-0.73577880859375,-0.15323925018310547,2.1249055066618894e-06,277.4039885203044
Near Road,2022-10-31,-1.2641099294026692,0.5756532351175944,8.583068797918258e-07,278.3405927022298
Near Road,2022-11-01,-2.0855490366617837,1.9502525329589844,1.2814998058274796e-06,281.77609888712567
Near Road,2022-11-02,-0.34043137232462567,1.1839849551518757,0.008305913209824212,280.09388097127277
Near Road,2022-11-03,0.46236956119537354,-1.6862399578094482,0.0017260253429363104,274.44418780008954
Near Road,2022-11-04,-0.11693139870961507,0.5792336066563925,0.00010249018663444076,273.39268684387207
Near Road,2022-11-05,-1.3963621060053508,2.6645450989405313,0.005243229215295742,276.53856468200684
Near Road,2022-11-06,-0.7254885037740072,0.9180285533269247,0.0039412577449979835,278.2286942799886
Near Road,2022-11-07,-1.3120665550231934,3.2495251496632895,0.0002894431351592175,282.9213517506917
Near Road,2022-11-08,-0.04042192300160726,2.0327136516571045,0.007384064793484413,281.80374908447266
Near Road,2022-11-09,0.10318628946940105,1.8472744623819988,0.015771693886392768,278.55333773295087
Near Road,2022-11-10,1.5030447642008464,0.05450602372487386,0.0060353875160217285,273.01112874348956
Near Road,2022-11-11,-0.7197411855061849,-0.06756635506947835,3.640651698333386e-05,268.9329350789388
Near Road,2022-11-12,-1.1456356048583984,0.2785831689834595,3.597140221245354e-06,269.16222445170087
Near Road,2022-11-13,-0.30271148681640625,-0.6758051713307699,2.416968243323936e-06,270.6206804911296
Near Road,2022-11-14,0.6674709320068359,-0.5428263743718466,0.0001228779553343884,270.7778606414795
Near Road,2022-11-15,-0.35070228576660156,-0.5880717436472574,3.667175769805908e-05,269.36947695414227
Near Road,2022-11-16,-0.3444281419118245,-0.38800740242004395,3.912006093287346e-06,269.68549219767254
Near Road,2022-11-17,-0.8919245402018229,0.5480175813039144,2.384185791015625e-07,271.0220864613851
Near Road,2022-11-18,-0.16366414229075113,-0.8836135864257812,0.000342303514475617,272.0327885945638
Near Road,2022-11-19,-0.18906847635904947,-0.34683672587076825,1.5544891258656435e-05,268.09810702006024
Near Road,2022-11-20,-0.870886484781901,-0.0999146302541097,3.2782554626464844e-07,268.09780502319336
Near Road,2022-11-21,-1.0235837300618489,-0.11512899398803711,4.649161269298929e-07,269.5355173746745
Near Road,2022-11-22,-1.0589962005615234,-0.07161486148834229,2.086162567138672e-07,269.9969908396403
Near Road,2022-11-23,-0.3806947072347005,-0.16130526860555014,0.0008615881203581921,273.012903213501
Near Road,2022-11-24,-0.35013659795125324,-0.7795654137929281,4.6312808990478516e-05,272.1883029937744
Near Road,2022-11-25,-0.8748268286387125,0.11830230553944905,1.7097644331443007e-06,271.0727291107178
Near Road,2022-11-26,-0.7992911338806152,-0.10122044881184895,0.0004253926021533516,272.62686093648273
Near Road,2022-11-27,-0.04432551066080729,1.015426238377889,0.0008255869149138562,274.068172454834
Near Road,2022-11-28,-0.613748828570048,1.7208703358968098,0.0044040322303722235,274.3054892222087
Near Road,2022-11-29,1.1345588366190593,0.004568815231323242,0.007618051944916715,269.1064389546712
Near Road,2022-11-30,-2.094122568766276,1.2546590169270833,4.351138045421976e-07,266.08236503601074
Near Road,2022-12-01,-2.378793716430664,2.484280268351237,4.942101156757417e-06,270.4296569824219
Near Road,2022-12-02,0.6723244984944662,1.2860958178838093,0.008338475227354536,274.41321754455566
Near Road,2022-12-03,-2.1038410663604736,0.4195309082667033,7.12275505065918e-06,263.649356842041
Near Road,2022-12-04,-1.9106711149215698,0.7683006127675375,0.0008069872856140137,270.9020029703776
Near Road,2022-12-05,-0.3919784625371297,0.15888500213623047,0.005126944184230098,275.88729095458984
Near Road,2022-12-06,-1.1567364931106567,0.4544389247894287,9.280443185843978e-05,270.58376185099286
Near Road,2022-12-07,-1.1343608299891155,-0.07311928272247314,4.7326087951660156e-05,265.77843856811523
Near Road,2022-12-08,-0.7621121009190878,0.9529449542363485,0.002424556016819679,268.2843138376872
Near Road,2022-12-09,-1.6330223083496094,1.1770946979522705,0.0004569441080093384,267.94482803344727
Near Road,2022-12-10,-2.448919932047526,1.2329333225886028,0.00013410151001380655,268.38416544596356
Near Road,2022-12-11,-2.6928723653157554,2.090157230695089,0.0002679884432836843,274.04245630900067
Near Road,2022-12-12,-0.34575390815734863,0.7453918854395548,0.006840842961537419,273.2922255198161
Near Road,2022-12-13,0.13673647244771323,0.39801637331644696,0.004753457010338025,270.71932156880695
Near Road,2022-12-14,1.0287240346272786,-0.4737733205159505,0.004376839443295921,270.7029349009196
Near Road,2022-12-15,0.29929478963216144,-0.11826892693837483,0.0038531166664483862,269.22566350301105
Near Road,2022-12-16,-0.05668910344441732,0.22603464126586914,0.0003649055956884695,265.64796511332196
Near Road,2022-12-17,-1.5818556547164917,0.7723375956217448,1.9273486884685553e-05,261.10292689005536
Near Road,2022-12-18,-1.9632606506347656,0.3929670254389445,2.175568624807056e-06,260.07962799072266
Near Road,2022-12-19,-1.9024191697438557,0.8177069822947184,4.261732051702438e-07,264.5886770884196
Near Road,2022-12-20,-2.1768635511398315,1.0732868512471516,2.2360682407907007e-05,266.11230595906574
Near Road,2022-12-21,-0.9916089375813802,1.9448436498641968,0.008538176738682068,271.8331158955892
Near Road,2022-12-22,0.36148643493652344,-0.7889321247736613,0.005393818020763774,269.14327239990234
Near Road,2022-12-23,-0.982140858968099,0.16513427098592123,0.0007803291081813768,267.1612180074056
Near Road,2022-12-24,-0.679022471110026,0.2794005076090495,0.0006183058022770638,273.3256645202637
Near Road,2022-12-25,-1.2430000305175781,0.717043399810791,3.991526085656005e-05,273.46177864074707
Near Road,2022-12-26,-1.6880048116048176,1.0975734790166218,3.6537646792567102e-06,274.09607378641766
Near Road,2022-12-27,-2.173071543375651,2.699456055959066,0.0072488218544890515,274.684814453125
Near Road,2022-12-28,-0.014346440633138021,0.7170816659927368,0.01094952225690804,275.19940821329754
Near Road,2022-12-29,-0.8155498504638672,1.068750222524007,0.0004629194736480713,270.77668952941895
Near Road,2022-12-30,-1.5424357255299885,1.8201167583465576,0.004104766249554359,270.9654935201009
Near Road,2022-12-31,-0.9810011784235636,2.201897303263346,0.023211997747353053,275.7996457417806
Near Road,2023-01-01,-0.08056004842122395,-0.2562421162923177,0.023254561424153053,274.1443951924642
Near Road,2023-01-02,1.1993395487467449,-0.1271228790283203,0.011938351392643654,270.634095509847
Near Road,2023-01-03,-0.01188333829243978,0.7511170705159506,0.001830297417939164,270.1014175415039
Near Road,2023-01-04,-1.4925057490666707,1.3297031323115032,0.00020220108433477435,267.7771759033203
Near Road,2023-01-05,-2.3713690837224326,1.4426683187484741,0.0007096648216133872,269.74659729003906
Near Road,2023-01-06,-0.8807231187820435,1.3116754690806072,0.008024895191056203,273.3480987548828
Near Road,2023-01-07,-1.12610658009847,1.1321202516555786,0.0006600776896448224,273.1131839752197
Near Road,2023-01-08,-2.184469223022461,1.5348604122797649,3.479421138763428e-05,270.3042647043864
Near Road,2023-01-09,-2.251982887585958,1.695312778155009,0.002870970964352182,272.1972846984863
Near Road,2023-01-10,-1.6118180751800537,2.4739697376887,0.02063758969296714,275.71610768636066
Near Road,2023-01-11,0.37502209345499676,1.2530619303385417,0.011649444699287415,275.3278109232585
Near Road,2023-01-12,-1.665152867635091,0.7722726662953695,7.539987564086914e-06,271.7272249857585
Near Road,2023-01-13,-1.9459439118703206,0.7285605669021606,1.7046928064701206e-06,271.06443850199383
Near Road,2023-01-14,-1.9688099225362141,1.5388812621434529,0.0001579374074935913,273.66041056315106
Near Road,2023-01-15,-0.8139603932698568,1.446165959040324,0.016247117158570745,274.2580216725667
Near Road,2023-01-16,-0.9048186540603638,0.9188170035680135,0.0037080577048982377,273.7332846323649
Near Road,2023-01-17,-0.4008292357126872,-0.03222409884134928,0.007618325948612892,272.48121706644696
Near Road,2023-01-18,1.105595548947652,-0.28662943840026855,0.0038248986005733343,269.88741938273114
Near Road,2023-01-19,-1.0470191637674968,1.031715710957845,0.0012725263833317513,268.65975761413574
Near Road,2023-01-20,0.33095741271972656,-1.008641004562378,0.0015523967135777639,269.4143492380778
Near Road,2023-01-21,0.20748265584309897,-0.06168047587076823,0.00016439259042044796,267.0381310780843
Near Road,2023-01-22,-0.05468877156575521,-0.39779341220855713,0.001671120524406433,265.10083707173663
Near Road,2023-01-23,0.24170239766438803,-0.9463644027709961,0.00042994022368247897,264.89860852559406
Near Road,2023-01-24,0.034271240234375,0.16116015116373697,0.00034308731545706905,266.87008984883624
Near Road,2023-01-25,0.15641148885091147,0.40152283509572345,0.0027558386324813,268.5233465830485
Near Road,2023-01-26,-0.1383387247721354,0.1853501001993815,0.0006842060035410213,268.20476150512695
Near Road,2023-01-27,-1.3361981709798176,2.1790618896484375,0.002421057224182732,269.37065505981445
Near Road,2023-01-28,0.016829808553059895,1.0607856114705403,0.004440173506679912,272.79273732503253
Near Road,2023-01-29,-0.5438143412272135,0.8095989227294922,0.003305663289495442,270.8467763264974
Near Road,2023-01-30,1.2465446790059407,-0.8897711435953776,0.0013322084614060259,261.24593289693195
Near Road,2023-01-31,-0.5443518956502279,-0.10461779435475667,6.792001158828498e-06,257.60365613301593
Near Road,2023-02-01,-1.2461401621500652,0.22812652587890625,1.2933428479300346e-06,260.66211382548016
Near Road,2023-02-02,-1.4633763631184895,0.25454099973042804,1.7106532936850272e-06,264.8319803873698
Near Road,2023-02-03,-2.0478172302246094,0.5546046495437622,0.0,265.61557642618817
Near Road,2023-02-04,-1.561789830525716,0.4387219746907552,0.0,270.55164019266766
Near Road,2023-02-05,-1.8490323623021443,0.9071034590403239,0.002706067045551208,270.7850144704183
Near Road,2023-02-06,-0.3882114092508952,0.3578898111979167,0.0043577730654646984,271.87756792704266
Near Road,2023-02-07,-0.45979825655619305,0.005613962809244792,0.00021528899668510348,270.43682924906415
Near Road,2023-02-08,-0.8074558973312378,0.6998564402262369,0.00016232728957632503,270.2171007792155
Near Road,2023-02-09,-0.4523332516352336,0.1695105234781901,0.00036689639080123015,268.9486478169759
Near Road,2023-02-10,-1.2827612559000652,0.7097193400065104,8.52346317969932e-07,267.3317451477051
Near Road,2023-02-11,-1.8375225067138672,0.5463396708170573,8.548760206394945e-07,267.90802574157715
Near Road,2023-02-12,-0.6542224884033203,-0.4361120065053304,0.0,271.4733352661133
Near Road,2023-02-13,-0.9329083760579427,0.1903147300084432,0.0,270.08364550272626
Near Road,2023-02-14,0.3506564299265544,-0.4406140247980754,0.0012623336618844405,270.34074211120605
Near Road,2023-02-15,0.5962168375651041,-2.499348799387614,5.186185472894067e-05,265.5472997029622
Near Road,2023-02-16,-0.49950281778971356,0.27365724245707196,1.825355866458267e-09,265.8831475575765
Near Road,2023-02-17,-1.3492228190104167,0.6381658713022867,0.0,265.47339312235516
Near Road,2023-02-18,-1.2584393819173176,0.5677865346272787,2.1583064722108247e-06,266.8292433420817
Near Road,2023-02-19,-0.44412676493326825,0.6385422150293986,0.0007340333553429446,273.47901980082196
Near Road,2023-02-20,-1.0356591542561848,1.3564834992090862,0.00045880675315856934,274.243714650472
Near Road,2023-02-21,-1.3997421264648438,2.2813295125961304,0.003627525307479118,274.04408327738446
Near Road,2023-02-22,1.4791857401529949,-0.9822822014490763,0.024967753887096933,270.15679295857746
Near Road,2023-02-23,-0.6973094940185547,2.3753716150919595,0.0016734182833602063,266.47313563028973
Near Road,2023-02-24,-1.434041976928711,1.95124089717865,0.001157823204948727,267.31129455566406
Near Road,2023-02-25,-2.0751832723617554,0.9486978054046631,2.1461837604874745e-06,269.2506326039632
Near Road,2023-02-26,-1.6725233395894368,1.4841368993123372,0.0007506489752699963,271.3253288269043
Near Road,2023-02-27,-0.7594146728515625,3.926045060157776,0.005973076820282586,272.48871358235675
Near Road,2023-02-28,0.4729728698730469,2.590355078379313,0.006338615134097836,271.928009668986
Near Road,2023-03-01,-1.3476659854253132,1.4188069899876912,0.0029667854308854658,270.33161481221515
Near Road,2023-03-02,0.9442503452301025,-0.5390801429748535,0.0003822445869445801,270.09225336710614
Near Road,2023-03-03,-0.3211072285970052,0.5250548919041952,0.0016922086476256482,270.7368386586507
Near Road,2023-03-04,-1.6767578125,1.4459698994954426,0.00018307864655753292,269.42079734802246
Near Road,2023-03-05,-0.6538791656494141,1.7605212132136028,0.007584828138249122,272.64074961344403
Near Road,2023-03-06,0.19965489705403647,-0.2724929253260295,0.005922297264135068,272.3866138458252
Near Road,2023-03-07,-0.6679763793945312,0.010954181353251139,0.0006699930164018042,270.3572343190511
Near Road,2023-03-08,-1.1371014912923176,0.6149142185846964,0.0005498258926195376,270.3688170115153
Near Road,2023-03-09,-0.6536941528320312,1.3803221384684246,0.005265668646757149,271.9783248901367
Near Road,2023-03-10,-2.0501600901285806,3.5891270637512207,0.005020189285176002,274.88625208536786
Near Road,2023-03-11,-0.25707372029622394,0.5526281197865804,0.008083749708987398,275.1699638366699
Near Road,2023-03-12,-0.5023339589436849,0.6075097322463989,0.002501165866760857,275.43856620788574
Near Road,2023-03-13,-1.1754531860351562,1.2831860780715942,0.00013411442586175326,274.9715690612793
Near Road,2023-03-14,-1.5765286684036255,2.360050161679586,3.7583708660804405e-05,276.9084924062093
Near Road,2023-03-15,-0.3749268849690755,2.215121348698934,0.011630288475259931,277.68443361918133
Near Road,2023-03-16,0.8510231574376425,-1.5014100472132366,1.762211322287044e-05,273.53604316711426
Near Road,2023-03-17,-0.3058137893676758,-0.38515154520670575,1.290691045596759e-06,271.3976484934489
Near Road,2023-03-18,-1.0032191673914592,0.4342069625854492,-9.191296612698352e-09,271.0235074361165
Near Road,2023-03-19,-1.873944600423177,1.606203277905782,2.3722648165858118e-06,272.4688326517741
Near Road,2023-03-20,-0.6372102101643881,1.8881159623463948,0.009421266857316368,275.2524929046631
Near Road,2023-03-21,-0.7401638031005859,0.77587890625,0.002141801012175648,274.02128473917645
Near Road,2023-03-22,-0.8107649485270182,1.8619895776112874,0.008518408104237096,275.458776473999
Near Road,2023-03-23,-0.199755589167277,1.7265245119730632,0.005817985534577019,274.3952929178874
Near Road,2023-03-24,0.45364952087402344,0.35244091351826984,0.010152792863664217,273.5496298472087
Near Road,2023-03-25,1.6284796396891277,0.02287868658701579,0.0024049580438827434,270.55441157023114
Near Road,2023-03-26,0.030179341634114582,0.30660680929819745,0.0024564892052580944,269.25098419189453
Near Road,2023-03-27,-0.0054931640625,1.1563197374343872,0.002226322889328003,269.5934034983317
Near Road,2023-03-28,-1.8513749440511067,1.487605333328247,2.652406692504883e-06,269.4109115600586
Near Road,2023-03-29,-2.339811325073242,2.067084868748983,1.0612606899940147e-05,275.10114161173504
Near Road,2023-03-30,0.6139310201009115,0.10635209083557129,0.015250086784362793,275.2192268371582
Near Road,2023-03-31,0.281463623046875,1.5314284165700276,0.008080840110778809,273.71933937072754
Near Road,2023-04-01,-1.5643914540608723,2.2566968202590942,4.598048948167843e-05,274.79567273457843
Near Road,2023-04-02,-0.046254475911458336,0.8216180404027303,0.0009015879114535608,279.3479868570964
Near Road,2023-04-03,0.8894659678141276,-1.0433510144551594,0.014036078733340673,274.7483202616374
Near Road,2023-04-04,2.5192476908365884,-0.8170193831125895,0.01192590594291687,270.5990441640218
Near Road,2023-04-05,0.9258111317952474,0.8915613492329916,0.0039044171571731567,270.9667860666911
Near Road,2023-04-06,-1.0302880605061848,0.8177388509114584,2.372264759742393e-06,270.06135241190594
Near Road,2023-04-07,-1.7198967933654785,1.0629212061564128,8.573618401896965e-07,271.63999875386554
Near Road,2023-04-08,-0.9365596771240234,1.223343809445699,0.000676421495370505,280.2622184753418
Near Road,2023-04-09,-1.1781597137451172,0.5849359830220541,1.2814997489840607e-06,280.47034962972003
Near Road,2023-04-10,-1.5910905202229817,1.1047978401184082,8.52346317969932e-07,279.8581733703613
Near Road,2023-04-11,-2.282955805460612,2.0659662882486978,3.004073732881807e-06,280.7220522562663
Near Road,2023-04-12,-1.0136241912841797,2.391960620880127,6.39140598650556e-05,284.414826075236
Near Road,2023-04-13,1.3238499959309895,-0.7668814659118652,0.0026887357234954834,279.6491063435872
Near Road,2023-04-14,0.425865372021993,-0.4520408709843953,0.0008668333290984265,276.1090278625488
Near Road,2023-04-15,-0.3681221008300781,0.5764431953430176,2.231686983122927e-05,277.94853655497235
Near Road,2023-04-16,-1.4546375274658203,1.8329306840896606,8.574158982810332e-07,278.9066912333171
Near Road,2023-04-17,-0.9452400207519531,2.4409631888071694,0.0001420522624471232,282.2789389292399
Near Road,2023-04-18,0.3132394154866536,-0.11388333638509114,0.007588037680591242,282.9901835123698
Near Road,2023-04-19,1.8928368886311848,-2.299731969833374,0.00030355181246477514,275.1288636525472
Near Road,2023-04-20,1.1323471069335938,-0.8821513255437216,0.0023996084928512573,276.7090326944987
Near Road,2023-04-21,-0.7897516886393229,1.050602118174235,0.0029946863651275635,275.78930346171063
Near Road,2023-04-22,1.0148207346598308,-0.6382323106129965,0.004666060209274292,278.5300922393799
Near Road,2023-04-23,-0.40541839599609375,0.4162054459253947,5.900859832763672e-06,279.4294942220052
Near Road,2023-04-24,-0.708215077718099,1.2170353333155315,0.0028602242467741235,280.78747431437176
Near Road,2023-04-25,1.5064741770426433,-1.3354243437449138,0.011055277334946823,278.23193359375
Near Road,2023-04-26,-0.2271245320638021,-0.37029584248860675,2.0563602447509766e-05,279.66169929504395
Near Road,2023-04-27,-0.0970001220703125,-0.029195348421732586,0.0,283.3978443145752
Near Road,2023-04-28,-0.1546802520751953,-0.9944358269373575,8.52346317969932e-07,283.8668785095215
Near Road,2023-04-29,-1.1243476867675781,0.6989436944325765,2.568959644122515e-06,284.73609415690106
Near Road,2023-04-30,-1.6395371754964192,1.2119872172673543,1.6367435421216214e-05,287.77282524108887
Near Road,2023-05-01,-2.3314762115478516,1.7126363118489583,8.604752679275407e-07,287.71142133076984
Near Road,2023-05-02,-1.9288546244303386,1.574150562286377,8.92877574187878e-06,286.63122940063477
Near Road,2023-05-03,-1.8859786987304688,1.0823046366373699,4.4852495193481445e-06,286.2246557871501
Near Road,2023-05-04,-1.3184436559677124,1.704970081647237,0.000840464234347138,286.7073230743408
Near Road,2023-05-05,-0.4157848358154297,3.1359059810638428,0.001200306167220333,282.92066446940106
Near Road,2023-05-06,-0.6134891510009766,2.4172229766845703,0.0012043803930232855,282.8653170267741
Near Road,2023-05-07,-0.26988792419433594,1.3101714452107747,0.0023786664009080027,283.5335922241211
Near Road,2023-05-08,-0.9807955423990885,1.1534270445505779,0.00166092216968039,284.0999342600505
Near Road,2023-05-09,-0.3899828592936198,-0.428799311319987,0.001559132734609392,283.760586420695
Near Road,2023-05-10,0.006605784098307292,-0.7467482089996338,0.0005122303961684338,285.0216515858968
Near Road,2023-05-11,0.6971575419108073,-1.2458122571309407,4.351138045421976e-07,287.3344326019287
Near Road,2023-05-12,-0.003972371419270833,-0.9467219511667887,5.143880798641476e-06,287.05899175008136
Near Road,2023-05-13,-0.9117285410563151,-0.7831632693608602,0.002965661883326476,286.8372001647949
Near Road,2023-05-14,-1.8053963979085286,0.5585342645645142,0.005175590515136719,286.5268198649089
Near Road,2023-05-15,-1.0265178680419922,1.0443553924560547,0.0001495093106314016,289.31893666585285
Near Road,2023-05-16,-0.40001360575358075,0.17353896299997965,0.0008158624172551754,290.57000223795575
Near Road,2023-05-17,0.09079551696777344,-0.15867106119791666,8.507966981596837e-05,292.11878712972003
Near Road,2023-05-18,0.37972259521484375,-0.762321670850118,0.00021679699420928955,291.70934677124023
Near Road,2023-05-19,-0.5972296396891276,-0.6515151659647623,0.00010284781455993652,290.6786855061849
Near Road,2023-05-20,-0.6636854807535807,-0.05490557352701823,4.811584949493408e-05,292.2280788421631
Near Road,2023-05-21,-0.49249013264973956,0.054293314615885414,1.946091651916504e-05,293.47937901814777
Near Road,2023-05-22,-0.5736351013183594,0.9364613691965739,0.00023537278174856624,293.4000587463379
Near Road,2023-05-23,-0.5257320404052734,1.3937883774439495,0.0010957300662539637,293.179635365804
Near Road,2023-05-24,-0.5176423390706381,1.2487322489420574,0.0010082910990263372,292.90296745300293
Near Road,2023-05-25,-0.20852088928222656,1.1633551518122356,0.0003059208393096924,292.50195693969727
Near Road,2023-05-26,-0.8334616820017496,0.731040875116984,0.0005301892755369408,291.2993977864583
Near Road,2023-05-27,-0.019333521525065105,-0.22149578730265299,0.0020232051609809787,290.0456663767497
Near Road,2023-05-28,-0.07973607381184895,0.18614069620768228,0.002185818041368748,290.23947779337567
Near Road,2023-05-29,-0.09447479248046875,0.47678816318511963,0.0004488527774810791,292.1144326527913
Near Road,2023-05-30,-0.4522497256596883,1.0730857054392497,0.00018070340149733966,293.06663767496747
Near Road,2023-05-31,-0.3120562235514323,-0.1438645919164022,0.001696661114692688,293.2024294535319
Near Road,2023-06-01,-0.27398109436035156,-0.4363627036412557,0.0033747494220683905,292.1735261281331
Near Road,2023-06-02,0.21846520900726318,0.10916586716969807,0.002771062906674615,291.24369112650555
Near Road,2023-06-03,0.33307647705078125,-0.17913301785786948,0.0020205259322096936,290.7219352722168
Near Road,2023-06-04,-0.25992870330810547,0.5671304861704508,0.001153662800732036,290.7587064107259
Near Road,2023-06-05,-0.5488414764404297,0.06655466556549072,0.00010450482358237423,292.3056888580322
Near Road,2023-06-06,-1.2719440460205078,0.6777896881103516,0.0008310045217747586,293.5334103902181
Near Road,2023-06-07,-0.8561178843180338,0.979455312093099,0.004898983240025245,293.32416979471844
Near Road,2023-06-08,-0.8417282104492188,0.6075337727864584,0.001941147446530067,292.32748730977374
Near Road,2023-06-09,-0.7293427785237631,0.8456092675526937,0.0006883561610493416,292.3959617614746
Near Road,2023-06-10,0.08301607767740886,0.16093321641286215,0.00030369719252121286,293.61523882548016
Near Road,2023-06-11,-0.9034466743469238,-0.306926170984904,0.0021418631076812744,292.9703197479248
Near Road,2023-06-12,-0.23186047871907553,-0.0859303077061971,0.0037104278802821966,291.53418286641437
Near Road,2023-06-13,0.41054407755533856,0.6230742136637369,0.00038583287219395856,291.2056655883789
Near Road,2023-06-14,0.20915603637695312,0.8686891396840414,0.0017982490159056397,293.1283651987712
Near Road,2023-06-15,0.3294639587402344,0.3404097557067871,0.006665084695157475,290.2749087015788
Near Road,2023-06-16,0.453488032023112,-0.15400707721710205,0.00033673199618533545,290.349552154541
Near Road,2023-06-17,0.29543622334798175,0.7724935611089071,3.845037917926675e-05,291.70471318562824
Near Road,2023-06-18,-0.17274856567382812,2.464943011601766,8.64267349243164e-06,294.39521344502765
Near Road,2023-06-19,0.9567254384358724,2.410055239995321,0.000364840030670166,296.67727343241376
Near Road,2023-06-20,1.5896788438161213,-0.6825097799301147,0.008563934787503058,289.34031613667804
Near Road,2023-06-21,0.6293284098307291,-0.5835762421290079,1.783967007895626e-05,289.69520568847656
Near Road,2023-06-22,-0.19309552510579428,-0.2488856315612793,1.358602543177767e-05,290.86824289957684
Near Road,2023-06-23,-0.2018407185872396,1.2047561804453533,0.0005133642524128845,292.6534112294515
Near Road,2023-06-24,-0.1595738728841146,0.1275475025177002,1.2332200924447534e-05,293.26049995422363
Near Road,2023-06-25,-0.4155737559000651,0.6070690155029297,9.644680289966345e-06,294.8272075653076
Near Road,2023-06-26,-0.1742426554361979,1.874856948852539,8.644618674225057e-07,296.27674865722656
Near Road,2023-06-27,1.027303695678711,-0.30267520745595294,0.00045731067656973323,296.01391474405926
Near Road,2023-06-28,0.4318866729736328,-0.9983985821406046,0.00021011531352499446,294.70812288920087
Near Road,2023-06-29,0.18803099791208902,-0.7990182240804037,0.0007776230573313114,294.49457359313965
Near Road,2023-06-30,-0.11830373605092366,-0.899908979733785,0.00011721317974888734,294.4880377451579
Near Road,2023-07-01,0.0537261962890625,-0.38531243801116943,8.517578926614533e-07,296.8726069132487
Near Road,2023-07-02,-0.32204310099283856,-0.2433191935221354,0.0,298.53273073832196
Near Road,2023-07-03,-0.25615692138671875,0.7249598503112793,0.00015269219869651351,300.1049575805664
Near Road,2023-07-04,-0.0954119364420573,-1.2205440203348796,0.00014196634282370724,298.4296124776204
Near Road,2023-07-05,0.35203107198079425,-0.6292565663655599,2.309679928202968e-06,298.0880374908447
Near Road,2023-07-06,-0.15466550985972086,-0.47294044494628906,0.0002952545880816615,297.8481922149658
Near Road,2023-07-07,-0.3633236885070801,0.15686988830566406,3.5870075123511924e-05,298.7165609995524
Near Road,2023-07-08,-0.056667327880859375,-0.3212668100992839,1.7090661010854546e-06,297.9975522359212
Near Road,2023-07-09,-0.4426829020182292,0.8153457641601562,8.534580864250074e-07,299.2106698354085
Near Road,2023-07-10,-0.2788543701171875,2.807088335355123,2.4146162331817322e-06,301.3302307128906
Near Road,2023-07-11,-0.012265523274739584,1.6237678527832031,2.1434707946355047e-06,300.3292891184489
Near Road,2023-07-12,-0.032925923665364586,0.34556519985198975,2.1461702317537856e-06,300.09190877278644
Near Road,2023-07-13,0.20661036173502603,-0.33168713251749676,1.727760491121444e-06,299.84624036153156
Near Road,2023-07-14,0.6710408528645834,-1.1120717128117878,8.583068797918258e-07,300.7859166463216
Near Road,2023-07-15,0.24695841471354166,-0.4521740674972534,0.0,299.1633701324463
Near Road,2023-07-16,-0.39573923746744794,0.3996840715408325,0.0,301.0814685821533
Near Road,2023-07-17,-0.16921552022298178,0.4303199847539266,1.626014699240841e-05,303.2797495524089
Near Road,2023-07-18,-0.3103822072347005,0.12799115975697836,0.0002702650072592405,302.2967898050944
Near Road,2023-07-19,0.10590553283691406,0.16037635008494058,0.00031065625648807327,301.8897120157878
Near Road,2023-07-20,0.10582923889160156,-0.32603728771209717,0.0022731312758423883,298.8976599375407
Near Road,2023-07-21,0.07032195727030437,-0.3239961465199788,1.7106532013144715e-06,300.87554295857746
Near Road,2023-07-22,-0.2537269592285156,-0.09388470649719238,1.2874602930423862e-06,302.7073745727539
Near Road,2023-07-23,-0.28836504618326825,0.5934222936630249,7.626414287642547e-05,304.25770632425946
Near Road,2023-07-24,-0.01845550537109375,0.9919877449671427,0.0008086800575242137,304.2908140818278
Near Road,2023-07-25,0.4349587758382161,0.32586852709452313,0.0005829403939969779,302.68867047627765
Near Road,2023-07-26,-0.04788398742675781,0.8358063300450643,3.6850675428468094e-05,302.2716147104899
Near Road,2023-07-27,0.052408059438069664,1.2391459544499714,0.00023215413093424786,302.82190831502277
Near Road,2023-07-28,0.0429229736328125,0.07149338722229004,0.0004081130027770996,303.5636386871338
Near Road,2023-07-29,0.0954449971516927,0.7402353684107462,1.714587710921478e-06,303.3399136861165
Near Road,2023-07-30,-0.08140373229980469,1.1781614224116008,2.682209014892578e-07,303.724941889445
Near Road,2023-07-31,-0.5596536000569662,1.5803019205729167,0.0007208168506167567,302.67673683166504
Near Road,2023-08-01,-0.18603388468424478,1.3183021545410156,0.001319819438037939,300.39004198710126
Near Road,2023-08-02,-0.11908467610677083,0.958486278851827,0.012595054507244186,295.7361755371094
Near Road,2023-08-03,0.04691505432128906,1.6056124369303386,0.01387574076642295,294.267427444458
Near Road,2023-08-04,0.47373008728027344,0.05314191182454427,0.0012640744447658392,296.1622784932454
Near Road,2023-08-05,0.20526659488677979,-0.3898131450017293,1.8456578249725908e-05,296.49511337280273
Near Road,2023-08-06,0.35160573323567706,-0.4848191738128662,0.0006518065929412842,296.79503377278644
Near Road,2023-08-07,0.45350412527720135,-0.31910653909047443,1.9517540920332976e-05,296.68367830912274
Near Road,2023-08-08,0.8900044759114584,-1.0820504029591878,0.000734546900901023,295.494379679362
Near Road,2023-08-09,-0.04598553975423177,-0.20624645551045737,2.151025000785012e-06,295.55071512858075
Near Road,2023-08-10,-0.03153419494628906,0.48526692390441895,4.941225029142515e-06,297.73124440511066
Near Road,2023-08-11,-0.23964500427246094,1.0002366701761882,0.0006464362144456004,298.06929143269855
Near Road,2023-08-12,0.0005257924397786459,-0.14512006441752115,0.00069961845874289,298.56359736124676
Near Road,2023-08-13,0.02945840358734131,-0.2921918233235677,1.2814998058274796e-06,298.37905820210773
Near Road,2023-08-14,-0.12912877400716147,-0.23785269260406494,0.0,298.5908495585124
Near Road,2023-08-15,0.0159912109375,-0.08947316805521648,5.695223808288574e-05,300.49559211730957
Near Road,2023-08-16,-0.0239105224609375,0.19019699096679688,0.0003647804260253906,300.5042533874512
Near Road,2023-08-17,-0.3493359883626302,0.9095045725504557,0.001054525375366211,301.16283798217773
Near Road,2023-08-18,-0.37369855244954425,1.5868231455485027,0.0010470151901245117,300.66802978515625
Near Road,2023-08-19,0.04814592997233073,2.1877747774124146,0.0014900565147399902,298.92702802022296
Near Road,2023-08-20,-0.024947484334309895,0.1976471741994222,5.605816795650753e-06,298.29599062601727
Near Road,2023-08-21,-0.0986773173014323,1.5905152559280396,0.0024935811757131887,296.70909118652344
Near Road,2023-08-22,-0.9363225301106771,1.2423559824625652,0.00828734338273307,294.424986521403
Near Road,2023-08-23,-0.7126998901367188,1.1576347351074219,0.0007495222854458916,294.77475929260254
Near Road,2023-08-24,-0.5136941274007162,0.6661363045374552,0.0023992516913722284,295.8400370279948
Near Road,2023-08-25,-0.6113961537679037,0.5892093181610107,0.0009169578552246094,296.79919878641766
Near Road,2023-08-26,-0.6574783325195312,0.4034934838612874,0.00013032257555778415,297.8121980031331
Near Road,2023-08-27,-0.48753801981608075,0.41466013590494794,3.254413604736328e-05,298.64903895060223
Near Road,2023-08-28,-0.17219161987304688,-0.43060044447580975,0.0,298.39515431722003
Near Road,2023-08-29,-0.8028221130371094,1.1071281433105469,2.5749206429281912e-06,299.35933685302734
Near Road,2023-08-30,1.2588015794754028,-0.10083464781443278,8.350851317118213e-07,300.26592953999835
Near Road,2023-08-31,0.024962107340494793,0.4716646671295166,4.351138045421976e-07,297.3995424906413
Near Road,2023-09-01,-0.8328514099121094,3.984520117441813,0.0008889923337846994,300.07195409138996
Near Road,2023-09-02,-0.6828873952229818,2.291665951410929,0.0011701652898636894,295.1594416300456
Near Road,2023-09-03,-0.41121482849121094,2.5176207224527993,0.00012706518162985958,296.35654067993164
Near Road,2023-09-04,1.4225660959879558,0.8192511796951294,0.02259669899939354,291.8037401835124
Near Road,2023-09-05,-0.2294336954752604,0.5524921417236328,0.00028058886528015137,290.94373448689777
Near Road,2023-09-06,-0.31119728088378906,0.7412865161895752,0.0,293.1337350209554
Near Road,2023-09-07,-0.6067339579264323,1.1751813093821208,8.52346317969932e-07,294.8692404429118
Near Road,2023-09-08,-0.7479623158772787,1.8995558420817058,0.0,295.52190589904785
Near Road,2023-09-09,-0.5330346425374349,0.5909154415130615,5.292296407333197e-05,295.139155069987
Near Road,2023-09-10,-0.3194135030110677,0.39956510066986084,0.00046452938522634213,294.7358595530192
Near Road,2023-09-11,-0.6814562479654948,-0.1891040802001953,0.0003805601683666282,294.0038032531738
Near Road,2023-09-12,-0.24535497029622397,-0.020951588948567707,0.0006659626960754395,294.64501571655273
Near Road,2023-09-13,-0.4463723500569661,0.35698262850443524,0.00027410984029074825,293.57966232299805
Near Road,2023-09-14,0.09660784403483073,-1.0015652974446614,9.481012813239431e-05,292.7676067352295
Near Road,2023-09-15,-0.24680074055989584,-0.5486650069554647,1.5580654142866024e-05,292.09785652160645
Near Road,2023-09-16,-0.11188252766927083,0.0697619120279948,0.0,293.1084626515706
Near Road,2023-09-17,-0.26864369710286456,0.1562169392903646,8.52346317969932e-07,293.88512420654297
Near Road,2023-09-18,-0.5888116757074991,0.6158294677734375,3.5375356674194336e-05,294.3054714202881
Near Road,2023-09-19,-0.26137415568033856,0.6208769480387369,0.00011063516139486751,294.31909052530926
Near Road,2023-09-20,-0.2515576680501302,1.1553993225097656,0.00017398595809936523,293.7113151550293
Near Road,2023-09-21,0.2636737823486328,0.6724427938461304,0.0060004323719908825,291.4018096923828
Near Road,2023-09-22,1.3224315643310547,0.054849982261657715,0.008022987842537077,286.270112991333
Near Road,2023-09-23,-0.45928510030110675,0.3570895195007324,0.00017589330673217773,285.6997439066569
Near Road,2023-09-24,-0.6278241475423177,0.4967663685480754,0.0,288.4723606109619
Near Road,2023-09-25,-1.1375439961751301,1.1654166380564372,8.641524118502275e-07,290.71213404337567
Near Road,2023-09-26,-0.9490210215250651,1.2209748029708862,4.261732051702438e-07,292.41986592610675
Near Road,2023-09-27,-0.6512991587320963,1.02140478293101,0.0,292.8923708597819
Near Road,2023-09-28,0.30449994405110675,-0.1408409277598063,0.0,292.18796666463214
Near Road,2023-09-29,-0.4366809129714966,0.8370329936345419,3.758072807613644e-06,290.3873488108317
Near Road,2023-09-30,-0.9026692708333334,2.501287261644999,3.1246730600287265e-05,292.63314628601074
Near Road,2023-10-01,0.4521230061848958,2.2517160177230835,0.005273088538690018,289.30577278137207
Near Road,2023-10-02,-0.35471343994140625,0.7425368626912435,0.023457229137420654,284.95479011535645
Near Road,2023-10-03,0.08451207478841145,0.8971534570058187,0.0021274149268037945,282.90501403808594
Near Road,2023-10-04,0.2877572377522786,-0.15531949202219644,0.0005321651697158813,284.97963523864746
Near Road,2023-10-05,-0.2960529327392578,-0.39403724670410156,2.5153159981528006e-06,284.6642615000407
Near Road,2023-10-06,-0.2808160384496053,-0.3394908905029297,1.9073486328125e-06,285.81572341918945
Near Road,2023-10-07,-0.4899946451187134,0.1088239351908366,0.0,286.8920434315999
Near Road,2023-10-08,-0.6828873952229818,0.10093752543131511,8.584349870943697e-07,287.743008295695
Near Road,2023-10-09,-1.0150566101074219,0.5346139272054037,8.52346317969932e-07,288.7065823872884
Near Road,2023-10-10,-0.78863525390625,1.4312349955240886,9.98082558680835e-05,289.7419656117757
Near Road,2023-10-11,0.790657122929891,-1.081079125404358,0.010725915431976318,286.76998774210614
Near Road,2023-10-12,1.7370582421620686,-0.8975906372070312,0.011001843213932716,279.8563486735026
Near Road,2023-10-13,-0.37551116943359375,0.7534643809000651,0.00015369116312058395,281.265666325887
Near Road,2023-10-14,-1.0406812032063801,0.5883121490478516,1.716613724056515e-06,283.1392873128255
Near Road,2023-10-15,-0.8890336354573568,0.04839169979095459,1.2755393754559918e-06,284.87771288553876
Near Road,2023-10-16,-1.0283489624659221,0.41396204630533856,8.606480470518818e-07,286.00082143147785
Near Road,2023-10-17,-0.9108180999755859,0.21832780043284097,1.7225741544280027e-06,286.86161613464355
Near Road,2023-10-18,-0.35829607645670575,-0.2797120412190755,2.562998815847095e-06,288.62893295288086
Near Road,2023-10-19,-0.6625048319498698,0.07754675547281902,1.7225741544280027e-06,285.97539647420246
Near Road,2023-10-20,-0.8923511505126953,0.26427777608235675,1.7116729509325523e-06,286.56656074523926
Near Road,2023-10-21,-0.8225618998209635,0.02948315938313802,0.00012751380273812174,287.6832338968913
Near Road,2023-10-22,-1.1195875803629558,1.0030568838119507,0.0,288.059518178304
Near Road,2023-10-23,-0.8470961252848307,0.6525309085845947,0.0006545960902144543,286.9190896352132
Near Road,2023-10-24,0.2599506378173828,0.13206962744394937,3.6776066494326187e-06,286.78030649820965
Near Road,2023-10-25,-0.7831815083821615,2.3185137510299683,4.351138613856165e-07,285.8672695159912
Near Road,2023-10-26,1.376534144083659,-0.45979877312978107,0.008530324697403557,282.8521537780762
Near Road,2023-10-27,-0.5599721272786459,0.59360671043396,1.7195939676639682e-06,278.2051436106364
Near Road,2023-10-28,0.7029883066813151,-1.3457177877426147,8.684500079425561e-05,278.3525511423747
Near Road,2023-10-29,1.4517847696940105,-1.8462862173716228,3.4404875748350605e-05,274.61151695251465
Near Road,2023-10-30,0.228851318359375,-0.23557575543721518,1.716028918963275e-06,274.96885935465497
Near Road,2023-10-31,-0.19550323486328125,-0.015112598737080893,1.2814997489840607e-06,275.58047612508136
Near Road,2023-11-01,-0.9167137145996094,0.31589047114054364,2.328972186660394e-06,277.2510903676351
Near Road,2023-11-02,-1.1422226031621296,0.6551533937454224,2.5716951199683535e-06,279.7355702718099
Near Road,2023-11-03,-0.47713979085286456,0.27216029167175293,1.27280355854964e-06,285.72285588582355
Near Road,2023-11-04,-1.2714977264404297,0.7414441903432211,3.4391878216410987e-06,282.88920911153156
Near Road,2023-11-05,-1.1849937438964844,1.4209740956624348,0.00010127849964192137,284.91519419352215
Near Road,2023-11-06,-1.2040506998697917,2.1726644039154053,1.7249962525056617e-06,285.7454140981038
Near Road,2023-11-07,0.5388418833414713,-0.5036525726318359,0.006090492010116577,282.34113693237305
Near Road,2023-11-08,0.7291488647460938,-1.4206441243489583,0.0023217589796331595,277.7395648956299
Near Road,2023-11-09,-0.0987396240234375,-0.32800928751627606,1.0727696349022153e-06,276.75613021850586
Near Road,2023-11-10,-0.638206402460734,0.5134478012720743,6.258487701416016e-07,275.6639766693115
Near Road,2023-11-11,-0.8742392857869467,0.6740844249725342,3.010032742167823e-06,277.0088818868001
Near Road,2023-11-12,-1.4349507888158162,0.7936285734176636,0.0,278.48145294189453
Near Road,2023-11-13,-1.935445785522461,1.4690848588943481,1.727127028061659e-06,279.53331502278644
Near Road,2023-11-14,-1.3361612955729167,1.7800299326578777,0.0,281.3099301656087
Near Road,2023-11-15,-1.5656658411026,1.5316530068715413,8.583068797918258e-07,281.61280186971027
Near Road,2023-11-16,-0.832312266031901,1.0694020589192708,0.011486349485892333,282.55753835042316
Near Road,2023-11-17,-1.2530530293782551,0.3904539744059245,4.0799379235068045e-05,279.07621002197266
Near Road,2023-11-18,-1.1965465545654297,0.7205740213394165,0.0009333521126677624,278.74839719136554
Near Road,2023-11-19,-0.3620196580886841,0.49878692626953125,0.011719949970938615,277.85450172424316
Near Road,2023-11-20,1.6481513977050781,-1.4773122866948445,0.004729560017494805,275.32751019795734
Near Road,2023-11-21,-0.6586657762527466,0.25930166244506836,5.561113255225791e-06,272.11475880940753
Near Road,2023-11-22,-1.0002497434616089,0.23324457804361978,1.7225742112714215e-06,272.7707869211833
Near Road,2023-11-23,-0.8199818929036459,-0.12138938903808594,3.823041915396175e-05,273.68306223551434
Near Road,2023-11-24,0.19792930285135904,-0.5546487172444662,0.011144626140549008,273.7807032267253
Near Road,2023-11-25,-0.26140467325846356,-0.2695706288019816,0.00021180510520935059,268.96388244628906
Near Road,2023-11-26,-0.839949369430542,0.33632636070251465,3.007948396316351e-05,266.71570777893066
Near Road,2023-11-27,-1.1957588195800781,0.19162654876708984,2.7620877744993777e-06,264.7979513804118
Near Road,2023-11-28,-1.2707659403483074,0.07722727457682292,1.1652707030407328e-06,265.51214536031085
Near Road,2023-11-29,-1.3061027526855469,0.1678100029627482,2.1517275854421314e-06,266.87831179300946
Near Road,2023-11-30,-0.7365169525146484,0.07378153006235759,8.982419967651367e-05,270.56557337443036
Near Road,2023-12-01,-0.8016338348388672,0.7694943348566691,0.004042467474732803,270.03931935628253
Near Road,2023-12-02,-0.8325703938802084,1.93955393632253,0.004317194223403931,271.3110529581706
Near Road,2023-12-03,-0.8625443776448568,2.125428080558777,0.018958359956741333,274.36192957560223
Near Road,2023-12-04,-1.1687259674072266,1.347803791364034,0.0058963000774383545,276.39157485961914
Near Road,2023-12-05,-1.852984110514323,0.7333799997965494,4.351138045421976e-07,272.7322247823079
Near Road,2023-12-06,-2.3125279744466147,0.9900957743326823,0.0,270.84363746643066
Near Road,2023-12-07,-0.7160790761311849,1.254660924275716,0.0009151697158813477,275.82302983601886
Near Road,2023-12-08,0.453460693359375,-0.3568534851074219,0.009711483527212295,270.93489774068195
Near Road,2023-12-09,0.13300196329752603,0.3360859553019206,0.0017047971487045288,270.34715461730957
Near Road,2023-12-10,-1.592002034187317,1.1917078097661336,3.837552014829271e-06,267.41518783569336
Near Road,2023-12-11,-1.535652796427409,0.2891111373901367,3.457068373791117e-07,270.95137214660645
Near Road,2023-12-12,-1.2306448618570964,-0.22392781575520834,1.7106532368416083e-06,269.5577341715495
Near Road,2023-12-13,-1.496681849161784,-0.24017969767252603,8.52346317969932e-07,268.0263303120931
Near Road,2023-12-14,-1.4453589121500652,0.2438042958577474,8.52346317969932e-07,269.07823371887207
Near Road,2023-12-15,-1.4976812998453777,0.2568703095118205,1.7106532368416083e-06,269.1195259094238
Near Road,2023-12-16,-1.674190640449524,0.20194772879282633,8.52346317969932e-07,267.68162536621094
Near Road,2023-12-17,-1.3788402080535889,-0.07674713929494222,1.7106532936850272e-06,270.8380591074626
Near Road,2023-12-18,-1.8706550598144531,0.3231198787689209,1.7046928064701206e-06,268.0851109822591
Near Road,2023-12-19,-2.1650482018788657,0.9797071218490601,0.0010415911674499512,271.94008382161456
Near Road,2023-12-20,-1.954127589861552,1.0165857474009197,0.0005956828594158026,275.7343552907308
Near Road,2023-12-21,-1.96303391456604,0.7116845448811849,0.0,272.7742398579915
Near Road,2023-12-22,-2.0162843068440757,0.6920356750488281,8.52346317969932e-07,272.1012783050537
Near Road,2023-12-23,-0.08179601033528645,-0.17432022094726562,0.004028689861286239,273.6761779785156
Near Road,2023-12-24,0.3879839579264323,-0.4511430263519287,0.0008438767371785616,271.0610574086507
Near Road,2023-12-25,-1.1838674942652385,0.2017515500386556,5.754828350745811e-06,263.26543553670246
Near Road,2023-12-26,-1.3934555451075237,0.471193790435791,2.58088101645626e-06,262.1713701883952
Near Road,2023-12-27,-1.2614543835322063,0.3125928243001302,3.4302472045055765e-06,266.3570435841878
Near Road,2023-12-28,-1.1718311707178752,0.01910082499186198,0.0,268.5859203338623
Near Road,2023-12-29,-1.5347792307535808,0.25165430704752606,8.52346317969932e-07,269.3063163757324
Near Road,2023-12-30,-2.099315643310547,0.5686632792154948,4.857778549194336e-06,271.074421564738
Near Road,2023-12-31,-1.5055122375488281,0.3519347508748372,8.583068797918258e-07,270.39858945210773
ROSE PARK,2019-01-01,-1.0754226048787434,-0.7293670177459717,0.0,259.11304728190106
ROSE PARK,2019-01-02,-0.7242538531621298,0.1347497304280599,8.52346317969932e-07,260.54300626118976
ROSE PARK,2019-01-03,-0.7851297458012899,0.3849836587905884,1.7881393432617188e-06,263.71914990743
ROSE PARK,2019-01-04,-1.0435802141825359,0.026830196380615234,3.3855437209240336e-06,265.4397996266683
ROSE PARK,2019-01-05,-1.8223768472671509,0.43748311201731366,6.854534149169922e-07,265.8962688446045
ROSE PARK,2019-01-06,-1.3069670995076497,1.5408015648523967,0.009967255592300717,273.23138936360675
ROSE PARK,2019-01-07,-0.7495155334472656,2.062051852544149,0.010162978049777394,272.19039217631024
ROSE PARK,2019-01-08,-0.9226938883463541,0.1944178342819214,0.0011445313691069714,273.13475227355957
ROSE PARK,2019-01-09,-1.674648920694987,0.7698473135630289,4.2319288695580326e-07,272.7213789621989
ROSE PARK,2019-01-10,-1.2610836029052734,0.41268157958984375,6.0467027196864365e-05,271.6627076466878
ROSE PARK,2019-01-11,0.17725435892740884,-0.3117491404215495,0.0006301467712432895,273.29572105407715
ROSE PARK,2019-01-12,-0.291958491007487,-0.2553672790527344,9.211897850036621e-05,269.15691502888996
ROSE PARK,2019-01-13,-0.6840859254201254,-0.4178418318430583,7.876753802094072e-06,266.45238812764484
ROSE PARK,2019-01-14,-0.9964040120442709,-0.14114936192830405,4.422513029567199e-06,264.6937395731608
ROSE PARK,2019-01-15,-1.276711146036784,0.044178009033203125,0.0005406588315963745,267.1943365732829
ROSE PARK,2019-01-16,-0.8049416144688925,1.1328493754069011,0.006792569160438688,273.44677988688153
ROSE PARK,2019-01-17,-1.9186770121256511,2.5047785441080728,0.008337295055298455,275.1765613555908
ROSE PARK,2019-01-18,0.33968226114908856,0.5282809734344482,0.01669834197707587,273.425007502238
ROSE PARK,2019-01-19,-1.3019040425618489,1.3678834438323975,0.001156318187611305,270.77541669209796
ROSE PARK,2019-01-20,-1.6411539713541667,1.4751604398091633,1.6421078612438578e-06,273.8399194081624
ROSE PARK,2019-01-21,-0.2999108632405599,0.7443377176920573,0.016101574897675164,273.33457883199054
ROSE PARK,2019-01-22,1.3172045946121216,-0.4175056219100952,0.0006475150585174561,268.1411647796631
ROSE PARK,2019-01-23,-1.2084803978602092,1.3369032541910808,0.00023801326744887774,265.211420694987
ROSE PARK,2019-01-24,-0.5195907354354858,1.2481555938720703,0.0026672045636360053,270.02827135721844
ROSE PARK,2019-01-25,-0.7305936813354492,1.2092760801315308,0.000897883803474997,270.81349245707196
ROSE PARK,2019-01-26,-0.8020572662353516,0.5690619150797526,6.861439828753646e-06,270.6613934834798
ROSE PARK,2019-01-27,-1.189449946085612,0.9315133889516195,1.5559792473140988e-05,269.88876152038574
ROSE PARK,2019-01-28,-0.6785475413004557,0.5636788606643677,4.495026360018528e-06,271.92405192057294
ROSE PARK,2019-01-29,-0.7106286684672037,0.22414151827494302,4.8848556275515875e-06,268.86463737487793
ROSE PARK,2019-01-30,-1.1052541335423787,0.5305410623550415,0.0,267.57418123881024
ROSE PARK,2019-01-31,-1.2437342405319214,0.46918686230977374,5.960464477539063e-08,269.6594753265381
ROSE PARK,2019-02-01,-1.5995426177978516,0.7333418528238932,2.616643882902281e-06,270.33434295654297
ROSE PARK,2019-02-02,-2.154548009236654,1.7752187649408977,2.5644898414611816e-05,273.12510172526044
ROSE PARK,2019-02-03,-1.1861154635747273,2.7303205331166587,0.004614010453224182,276.7390886942546
ROSE PARK,2019-02-04,-1.0114402770996094,3.8416598637898765,0.0007585598007722183,276.84422492980957
ROSE PARK,2019-02-05,-0.3097279866536458,3.195794701576233,0.005827668309109413,274.8564058939616
ROSE PARK,2019-02-06,1.6123462915420532,-0.7802165349324545,0.013647037744419777,269.0802141825358
ROSE PARK,2019-02-07,0.7148969173431396,0.7163339455922445,0.0017680806822681916,265.5820719401042
ROSE PARK,2019-02-08,-1.4332605997721355,0.5990058978398641,2.1746320726379054e-06,261.19640795389813
ROSE PARK,2019-02-09,-1.9699878692626953,1.028565247853597,0.000462585687635908,263.8596051534017
ROSE PARK,2019-02-10,-1.930075963338216,2.5697447458902993,0.0008536159991194836,268.0281639099121
ROSE PARK,2019-02-11,0.7437032063802084,0.5803724924723307,0.0072497487067266775,266.88085047403973
ROSE PARK,2019-02-12,-1.703320821126302,1.6530933380126953,8.52346317969932e-07,264.3659922281901
ROSE PARK,2019-02-13,-1.6583875020345051,2.141911824544271,0.005183905363082886,271.6700096130371
ROSE PARK,2019-02-14,-1.5126597086588542,3.300002415974935,0.007617315649895318,275.97801144917804
ROSE PARK,2019-02-15,-0.4557806650797526,2.9741048018137612,0.00522342622269889,276.6401761372884
ROSE PARK,2019-02-16,0.8412723541259766,0.6285870869954427,0.007651659846203529,271.2490743001302
ROSE PARK,2019-02-17,-0.5863895416259766,0.8141551812489828,0.0006766468286514282,269.40304438273114
ROSE PARK,2019-02-18,-0.6027946472167969,-0.4862054983774821,0.0014263868330885998,267.69733874003094
ROSE PARK,2019-02-19,1.4146378835042317,-0.5714740753173828,0.0013355672359125492,266.4089107513428
ROSE PARK,2019-02-20,-0.4337838490804036,2.1884710788726807,0.0017405390739213544,265.6456928253174
ROSE PARK,2019-02-21,-1.1065387725830078,-0.026994625727335613,0.0004915568964065642,266.83263715108234
ROSE PARK,2019-02-22,0.04982884724934896,-1.2117096583048503,0.0019628497474286632,267.2321974436442
ROSE PARK,2019-02-23,-0.3660570780436198,1.14944855372111,3.047950940526789e-05,266.510591506958
ROSE PARK,2019-02-24,-1.6329994201660156,2.225497245788574,1.1440987236710498e-05,266.9463348388672
ROSE PARK,2019-02-25,-1.6293443044026692,2.742441177368164,0.0012540400027205578,272.3100414276123
ROSE PARK,2019-02-26,-1.4099326928456624,3.4503941933314004,9.389946978899388e-05,277.01994705200195
ROSE PARK,2019-02-27,-1.4818139870961506,2.4356816609700522,0.002241779635482999,275.20600446065265
ROSE PARK,2019-02-28,-1.2730814615885417,1.8502565622329712,0.0013730257749102748,275.51548194885254
ROSE PARK,2019-03-01,0.386227289835612,0.8262015183766683,0.0026742666959762573,276.4613920847575
ROSE PARK,2019-03-02,0.3138612111409505,-0.44803186257680255,0.004222187399761879,275.1029694875081
ROSE PARK,2019-03-03,0.9512507120768229,-0.5563118855158488,0.004544541239738464,272.42514419555664
ROSE PARK,2019-03-04,-0.14074087142944336,0.21065791447957358,9.676813988335198e-06,271.6956081390381
ROSE PARK,2019-03-05,-1.4103539784749348,0.6241819858551025,7.361173629760742e-06,272.49315643310547
ROSE PARK,2019-03-06,-1.6296272277832031,2.0105138222376504,0.005521110105405569,276.96724192301434
ROSE PARK,2019-03-07,-0.5441068013509115,2.0158631404240928,0.00580248236656189,276.6609706878662
ROSE PARK,2019-03-08,-0.6213118235270182,0.6842323939005533,0.006996604800121986,274.93652598063153
ROSE PARK,2019-03-09,0.29871328671773273,0.6100515127182007,0.0029557406901403738,272.23028628031415
ROSE PARK,2019-03-10,-0.9354241689046224,0.3011057774225871,0.003156475780656365,272.0342566172282
ROSE PARK,2019-03-11,-0.48196983337402344,-0.29738489786783856,6.792847534597968e-05,272.1739565531413
ROSE PARK,2019-03-12,-0.6573721567789713,0.15403596560160318,4.4833748091832604e-07,273.3514881134033
ROSE PARK,2019-03-13,2.4484668572743735,-1.0329469045003254,0.012853041291236877,272.84306653340656
ROSE PARK,2019-03-14,1.588119109471639,-0.3647753397623698,0.00430039973463181,271.3605448404948
ROSE PARK,2019-03-15,-0.5290190378824869,0.20579834779103598,7.386985828361503e-06,270.69478543599445
ROSE PARK,2019-03-16,-0.5302759806315104,-0.11610619227091472,1.7106532936850272e-06,271.86291122436523
ROSE PARK,2019-03-17,-0.7450675964355469,0.2154374917348226,1.78813479578821e-08,274.02403195699054
ROSE PARK,2019-03-18,-0.7651373545328776,0.13372671604156494,1.7046928064701206e-06,275.5726025899251
ROSE PARK,2019-03-19,-0.6085039774576823,-0.07135868072509766,1.2874602930423862e-06,276.2552140553792
ROSE PARK,2019-03-20,-2.0716114044189453,0.42720266183217365,1.7145424635600648e-06,273.9917297363281
ROSE PARK,2019-03-21,-1.8127708435058594,0.2803518772125244,0.004017921128536273,276.04876200358075
ROSE PARK,2019-03-22,-0.4457314809163411,1.2189118067423503,0.003989271761781765,276.8319797515869
ROSE PARK,2019-03-23,-0.5451208750406901,1.1758403778076172,0.001033082315188949,276.03710619608563
ROSE PARK,2019-03-24,0.08306694030761719,0.437408447265625,0.009366019138724369,277.47329902648926
ROSE PARK,2019-03-25,-1.055016318957011,1.0459096431732178,0.0001474916934967041,275.9143492380778
ROSE PARK,2019-03-26,-1.3722375233968098,1.690151572227478,0.0,278.8676579793294
ROSE PARK,2019-03-27,-1.3009497324625652,2.1327118476231894,1.2814997489840607e-06,281.0763753255208
ROSE PARK,2019-03-28,0.18863232930501303,0.9961783091227213,0.0015229135751724243,280.82297643025714
ROSE PARK,2019-03-29,0.8655440012613932,0.1534144083658854,0.013435444165224908,275.7021884918213
ROSE PARK,2019-03-30,-0.14392447471618652,0.07357199986775716,0.000721601038890185,276.29287656148273
ROSE PARK,2019-03-31,-0.5120538075764974,-0.39858277638753253,7.867813110351562e-06,275.48447291056317
ROSE PARK,2019-04-01,-0.42104212443033856,0.874466061592102,1.8148611502510903e-06,278.00464630126953
ROSE PARK,2019-04-02,-1.0914421081542969,1.2741934855779011,0.0011771147082413336,279.5826072692871
ROSE PARK,2019-04-03,-0.07839584350585938,0.6061681111653646,0.00918540656556388,278.758939743042
ROSE PARK,2019-04-04,-0.9222914377848307,1.4450918833414714,4.731416697723034e-05,279.8289572397868
ROSE PARK,2019-04-05,-1.1574185689290364,1.9760838349660237,0.000183471984598782,281.74227078755695
ROSE PARK,2019-04-06,0.6197045644124349,0.5097121795018514,0.00604816608370129,281.8720397949219
ROSE PARK,2019-04-07,-0.5511334737141927,1.0434949398040771,4.8835693007731606e-05,280.7602011362712
ROSE PARK,2019-04-08,-0.6568762461344401,0.9029126962025961,1.3557298245814309e-05,283.9451382954915
ROSE PARK,2019-04-09,-0.6783657073974609,0.27809468905131024,0.008096072992902492,283.9284496307373
ROSE PARK,2019-04-10,2.3632024129231772,-1.8228586912155151,0.015178579091923439,276.9191366831462
ROSE PARK,2019-04-11,2.485449473063151,-1.4042891263961792,0.004680512988443297,277.1178035736084
ROSE PARK,2019-04-12,0.7930889129638672,0.35510464509328205,0.004779347777365217,277.1015879313151
ROSE PARK,2019-04-13,0.7180010477701823,0.5859387318293253,0.002247798442738258,277.7722562154134
ROSE PARK,2019-04-14,-1.0556812286376953,2.0290435552597046,0.0008829712867282069,280.3732223510742
ROSE PARK,2019-04-15,-0.9190743764241537,0.47259100278218585,0.015458345413208008,281.80075963338214
ROSE PARK,2019-04-16,0.0060736338297526045,-0.121314803759257,0.01720773109690299,279.8312288920085
ROSE PARK,2019-04-17,0.2704995473225911,-0.28803443908691406,0.0003172039984633557,279.3877722422282
ROSE PARK,2019-04-18,-0.16327031453450522,0.30878186225891113,1.7058546859516355e-06,282.04664611816406
ROSE PARK,2019-04-19,-0.9859867095947266,0.6056368350982666,3.007982343206095e-06,283.23049481709796
ROSE PARK,2019-04-20,-1.6011644999186199,1.3873317241668701,0.00017447755465127557,286.7921765645345
ROSE PARK,2019-04-21,0.39017804463704425,0.2201914389928182,0.01667303442945922,284.16383298238117
ROSE PARK,2019-04-22,-0.0939496358235677,-0.6397953828175863,0.001531663536979977,282.43959108988446
ROSE PARK,2019-04-23,-0.34378306070963544,-0.5972947279612223,7.60257233878292e-06,282.8228073120117
ROSE PARK,2019-04-24,-0.38550376892089844,0.25992218653361004,1.519918441772461e-06,284.46299171447754
ROSE PARK,2019-04-25,-0.2951494852701823,0.22920342286427817,0.00023403167724111995,286.0872001647949
ROSE PARK,2019-04-26,-1.1588656107584636,1.625524361928304,0.0026528537273406982,286.8266855875651
ROSE PARK,2019-04-27,0.7348957061767578,0.10281646251678467,0.0005863606929779053,286.7584590911865
ROSE PARK,2019-04-28,0.5899225870768229,-0.5584262609481812,1.724528942759207e-06,284.4288736979167
ROSE PARK,2019-04-29,-0.43885167439778644,0.17094862461090088,8.497024850839807e-05,280.45516713460285
ROSE PARK,2019-04-30,0.9616419474283854,-0.5445329348246256,0.007541248159782299,281.5596987406413
ROSE PARK,2019-05-01,0.9649130503336588,0.5226265589396158,0.007385644316570961,276.6464023590088
ROSE PARK,2019-05-02,-0.460330327351888,0.9139277140299479,0.00012422800062950046,278.86668904622394
ROSE PARK,2019-05-03,-0.49841753641764325,0.6376743316650391,1.2994059943594038e-06,282.89755566914874
ROSE PARK,2019-05-04,-0.7780749003092448,0.6159114042917887,9.61452721526257e-05,283.6998818715413
ROSE PARK,2019-05-05,-0.828728993733724,0.9521263440450033,0.0003470182418823242,285.9007619222005
ROSE PARK,2019-05-06,-1.038016637166341,0.9533837636311849,0.000721085071518246,286.91089057922363
ROSE PARK,2019-05-07,-0.6685034434000651,0.3237346013387044,0.00423094630241394,284.09821637471515
ROSE PARK,2019-05-08,0.5663833618164062,-0.4032793442408244,0.006668376922505104,283.0886116027832
ROSE PARK,2019-05-09,-0.9425067901611328,-0.6177106300989786,0.002421298623080048,281.1356709798177
ROSE PARK,2019-05-10,-0.4733937581380208,-0.7703611453374227,8.986643166508657e-05,281.8806444803874
ROSE PARK,2019-05-11,0.0054314931233723955,-0.36262742678324383,4.8547983169555664e-05,284.23045984903973
ROSE PARK,2019-05-12,-0.4440784454345703,0.2704128424326579,2.0444392134777445e-06,286.4663022359212
ROSE PARK,2019-05-13,-0.9042205810546875,1.0296190182367961,7.706880467139854e-06,289.03099886576337
ROSE PARK,2019-05-14,-1.10595703125,1.3377014795939128,2.5922060011396297e-05,290.1707655588786
ROSE PARK,2019-05-15,-1.3857103983561199,2.7043256362279258,4.717111587027034e-05,291.9715092976888
ROSE PARK,2019-05-16,-1.3881994883219402,2.8032127618789673,0.00010375976552268185,291.8979320526123
ROSE PARK,2019-05-17,0.7088184356689453,0.9258100589116415,0.01582406461238861,283.19049708048504
ROSE PARK,2019-05-18,1.27362060546875,0.8310596545537313,0.012853163480713192,280.961233774821
ROSE PARK,2019-05-19,-1.443817138671875,1.5084712902704875,0.0016834348618885997,282.91114234924316
ROSE PARK,2019-05-20,-0.05979029337565104,1.0953129529953003,0.0032881910473747666,281.27410252888996
ROSE PARK,2019-05-21,0.5007438659667969,0.6670087178548177,0.00899989008799551,280.5974655151367
ROSE PARK,2019-05-22,0.23481051127115884,0.11330290635426839,0.008741044998163972,279.7006301879883
ROSE PARK,2019-05-23,-0.6932423909505209,-0.10734192530314128,0.007328720889347551,280.68483034769696
ROSE PARK,2019-05-24,0.10681215922037761,1.9664510091145833,0.008993878960609436,281.83095932006836
ROSE PARK,2019-05-25,-0.9274673461914062,1.8569118976593018,0.0008297106106134322,284.35059356689453
ROSE PARK,2019-05-26,-1.2493089040120442,1.5554677248001099,0.0003154949607164781,286.3066234588623
ROSE PARK,2019-05-27,0.10988044738769531,0.6430074373881022,0.005891839527976117,284.4403928120931
ROSE PARK,2019-05-28,0.4143829345703125,0.43003376324971515,0.005162888765255502,283.124792098999
ROSE PARK,2019-05-29,-0.2964528401692708,-0.16174145539601645,0.0002828329801900509,284.84675216674805
ROSE PARK,2019-05-30,-0.43478838602701825,0.42231889565785724,0.0005637090778805032,286.6637045542399
ROSE PARK,2019-05-31,-0.4528350830078125,0.36051984628041583,0.0017382621765023032,287.31238047281903
ROSE PARK,2019-06-01,-0.6046708424886068,-0.03782757123311361,0.001541239023140406,288.4612782796224
ROSE PARK,2019-06-02,-0.5509668986002604,-0.13470240434010824,0.0008825600147588375,288.76233164469403
ROSE PARK,2019-06-03,-0.14243761698404947,-0.0997249682744344,0.0001889258623073431,289.47753588358563
ROSE PARK,2019-06-04,-0.08904965718587239,-0.25716344515482586,0.00019338726997375488,290.73627916971844
ROSE PARK,2019-06-05,-0.32940204938252765,-0.31927160422007245,5.0961971282958984e-06,291.66683705647785
ROSE PARK,2019-06-06,-0.7073352734247843,1.516566276550293,3.005339635819837e-05,293.13197263081867
ROSE PARK,2019-06-07,0.42472267150878906,1.7828750610351562,0.0010437740064617174,293.74981625874835
ROSE PARK,2019-06-08,2.231459299723307,-2.2254197200139365,0.0008557885885238647,284.6885757446289
ROSE PARK,2019-06-09,0.28993670145670575,-1.2156982421875,8.583068797918258e-07,285.3316898345947
ROSE PARK,2019-06-10,0.13747342427571616,-0.2699896494547526,1.6272067000500101e-06,287.46244621276855
ROSE PARK,2019-06-11,0.038669586181640625,-0.1601111094156901,1.714413713216345e-06,290.3259925842285
ROSE PARK,2019-06-12,-0.23163795471191406,-0.024947484334309895,8.591141167357819e-07,291.94882837931317
ROSE PARK,2019-06-13,-0.4705403645833333,0.5345662434895834,0.0007230937480926514,293.7846851348877
ROSE PARK,2019-06-14,0.08909289042154948,-0.16516693433125815,0.00024803280820151485,292.49451700846356
ROSE PARK,2019-06-15,-0.07550366719563802,0.2884245713551839,6.490945821724381e-05,292.9804922739665
ROSE PARK,2019-06-16,-0.20019658406575522,0.34931886196136475,3.95864248261546e-05,293.24549039204913
ROSE PARK,2019-06-17,-0.5530805190404257,0.8981501658757528,0.0009900448064286138,292.7193482716878
ROSE PARK,2019-06-18,0.03693453470865885,0.23487075169881186,0.00010685609549909714,292.55419476826984
ROSE PARK,2019-06-19,0.5044095118840536,0.18892339865366617,8.523463748133508e-07,294.7528273264567
ROSE PARK,2019-06-20,1.0541521708170574,-0.10344664255777995,0.00044118463983977563,294.8165969848633
ROSE PARK,2019-06-21,1.652530034383138,-2.073226730028788,0.00010090172281707055,286.6663468678792
ROSE PARK,2019-06-22,1.7892735799153645,-1.6935094197591145,0.0007028728723526001,286.07387351989746
ROSE PARK,2019-06-23,0.33123207092285156,0.702468991279602,2.4153756669420545e-05,287.82557614644367
ROSE PARK,2019-06-24,0.05853398640950521,0.6372178395589193,2.9849286420358112e-05,291.983216603597
ROSE PARK,2019-06-25,-0.6202424367268881,0.7989037831624349,3.5238265979842254e-05,293.38585662841797
ROSE PARK,2019-06-26,-0.663415273030599,2.226896127065023,7.927417755126953e-06,295.85695521036786
ROSE PARK,2019-06-27,-0.40465863545735675,3.6550572713216147,1.3083219528198242e-05,297.9914887746175
ROSE PARK,2019-06-28,-0.5290946960449219,3.291194796562195,8.583068797918258e-07,297.7878653208415
ROSE PARK,2019-06-29,0.578423817952474,1.151701807975769,1.7064354551621363e-06,297.896931330363
ROSE PARK,2019-06-30,-0.7644004821777344,1.6387926737467449,0.0004013778784610622,297.20048967997235
ROSE PARK,2019-07-01,-0.6350943247477213,1.6649723052978516,8.523463748133508e-07,295.5969581604004
ROSE PARK,2019-07-02,-0.23505401611328125,0.8418738047281901,0.0,297.6098804473877
ROSE PARK,2019-07-03,0.5824966430664062,0.1716930071512858,1.4767050743103027e-05,297.9528210957845
ROSE PARK,2019-07-04,1.3053538004557292,-1.2394309838612874,0.0009354352951049805,294.84438196818036
ROSE PARK,2019-07-05,0.09398969014485677,-0.661768396695455,0.001080447435356291,293.6350517272949
ROSE PARK,2019-07-06,-0.2597033182779948,0.24215296904246011,1.0790562214424426e-05,295.7315394083659
ROSE PARK,2019-07-07,-0.3553142547607422,1.945228894551595,4.354119198524131e-06,297.59106318155926
ROSE PARK,2019-07-08,0.37053489685058594,1.3484923839569092,0.0005785375833511353,296.7795232137044
ROSE PARK,2019-07-09,0.30086326599121094,-0.2144139607747396,3.802180289724788e-05,295.11049969991046
ROSE PARK,2019-07-10,-0.6127980550130209,0.7157993316650391,1.7032621713042317e-06,297.40931765238446
ROSE PARK,2019-07-11,-0.42482268810272217,0.8442996740341187,5.5434693535971746e-05,299.53799057006836
ROSE PARK,2019-07-12,-0.5226158301035563,0.691007653872172,1.5187263386451377e-05,299.9705448150635
ROSE PARK,2019-07-13,-0.9216222763061523,1.225204308827718,0.00011482834815979004,300.38672129313153
ROSE PARK,2019-07-14,-0.42560048898061115,1.1926502386728923,0.0001759171485851141,300.3944600423177
ROSE PARK,2019-07-15,0.11307962735493977,0.5353342692057291,0.0,299.9447949727376
ROSE PARK,2019-07-16,0.06201104323069254,0.3137866258621216,2.723932254866668e-06,299.2376823425293
ROSE PARK,2019-07-17,0.9322715202967325,-0.389789342880249,2.568777802025579e-06,299.9115982055664
ROSE PARK,2019-07-18,0.01864178975423177,1.331612229347229,0.0,299.5184911092122
ROSE PARK,2019-07-19,0.272464116414388,1.2284060716629028,2.139806667855737e-06,300.8592783610026
ROSE PARK,2019-07-20,0.3034960428873698,-0.1108705997467041,2.2977589537731546e-06,299.1750322977702
ROSE PARK,2019-07-21,-0.15317241350809732,0.12178738911946614,2.8580427056112967e-06,299.33386421203613
ROSE PARK,2019-07-22,-0.3305562337239583,0.05968157450358073,8.583068797918258e-07,300.8941141764323
ROSE PARK,2019-07-23,-0.48597971598307294,0.33864184220631915,1.2993811537853617e-06,301.5409189860026
ROSE PARK,2019-07-24,0.4360694885253906,-0.4099324544270833,0.0008525493964519626,300.72291501363117
ROSE PARK,2019-07-25,0.1170972188313802,-0.12263202667236328,7.509589192977728e-05,299.4628365834554
ROSE PARK,2019-07-26,-0.07085291544596355,0.025835037231445312,0.0018703639507293701,298.52351633707684
ROSE PARK,2019-07-27,0.8204110463460287,-0.26883935928344727,0.0009602446978647095,297.1706899007161
ROSE PARK,2019-07-28,0.10537083943684895,-0.10816287994384766,0.0,297.8277816772461
ROSE PARK,2019-07-29,-0.3603223164876302,0.8470200300216675,1.1885166145475523e-05,299.7342586517334
ROSE PARK,2019-07-30,-0.032634735107421875,1.2423673470815022,1.0013579299084086e-06,301.3089116414388
ROSE PARK,2019-07-31,-0.8359972635904948,1.837583859761556,0.0005159873522870839,299.8109474182129
ROSE PARK,2019-08-01,-0.7488396962483724,0.8043378194173177,0.0007682235558945649,294.93077659606934
ROSE PARK,2019-08-02,-0.28777821858723956,0.1996051867802938,3.957748408112138e-06,298.54358609517413
ROSE PARK,2019-08-03,-0.29264068603515625,0.18948825200398764,2.4557113647460938e-05,299.90258344014484
ROSE PARK,2019-08-04,-0.6044445037841797,0.48058295249938965,0.00010904669761657715,300.3961645762126
ROSE PARK,2019-08-05,-0.3160235087076823,0.18460988998413086,1.75476074169012e-05,300.6968243916829
ROSE PARK,2019-08-06,-0.3686758677164714,0.273570974667867,2.568960189819336e-05,301.1601390838623
ROSE PARK,2019-08-07,-0.5216579437255859,0.3678561846415202,0.0012047074177417016,299.2489776611328
ROSE PARK,2019-08-08,-0.6322987874348959,0.46380050977071124,0.004813158512110505,294.5383052825928
ROSE PARK,2019-08-09,-0.03480720520019531,0.41214879353841144,1.5744566894682066e-05,295.12247530619305
ROSE PARK,2019-08-10,-0.8937123616536459,1.8391551971435547,1.3136971688254562e-06,297.6253490447998
ROSE PARK,2019-08-11,0.4027996063232422,1.3879318237304688,6.593503042040538e-05,297.4177672068278
ROSE PARK,2019-08-12,0.8721440633138021,-1.0161207914352417,8.583068797918258e-07,295.6531531016032
ROSE PARK,2019-08-13,-0.11646922429402669,-0.0607763926188151,8.52346317969932e-07,295.50342051188153
ROSE PARK,2019-08-14,-0.08444472153981526,-0.1301097869873047,0.0,297.06436920166016
ROSE PARK,2019-08-15,-0.14007123311360678,0.04020861784617106,3.382563591003418e-05,297.73790041605633
ROSE PARK,2019-08-16,0.457797368367513,-0.6496111551920573,2.1228194231781572e-05,299.0591615041097
ROSE PARK,2019-08-17,0.2446161905924479,-0.31455230712890625,2.86102294921875e-06,297.359827041626
ROSE PARK,2019-08-18,-0.2995001475016276,0.46131134033203125,0.0,297.08179982503253
ROSE PARK,2019-08-19,-0.5191669464111328,1.7028659582138062,0.0,298.9494692484538
ROSE PARK,2019-08-20,-0.5894152323404948,1.3211901187896729,8.59748936932192e-07,298.9385636647542
ROSE PARK,2019-08-21,-0.2252216339111328,0.05766713619232178,2.5732547754842017e-06,298.92147509257
ROSE PARK,2019-08-22,-0.03624534606933594,0.3794390360514323,0.0002769678831100464,298.3943576812744
ROSE PARK,2019-08-23,1.3166186014811199,-0.8607832988103231,8.418319339398295e-07,296.50433985392254
ROSE PARK,2019-08-24,0.08673667907714844,0.15651464462280273,1.315856156480777e-06,296.0779571533203
ROSE PARK,2019-08-25,0.09409014383951823,0.7130434115727743,1.7174984918710834e-06,298.57813453674316
ROSE PARK,2019-08-26,1.5549036661783855,-1.0127201080322266,4.351138045421976e-07,296.594388961792
ROSE PARK,2019-08-27,0.2100109656651815,-0.3881645202636719,3.4394398653603275e-06,293.87542788187665
ROSE PARK,2019-08-28,-0.1680450439453125,0.2718220551808675,1.7127420619544864e-06,295.5116316477458
ROSE PARK,2019-08-29,-0.35041364034016925,0.7176589171091715,0.00028702817496650823,298.43395741780597
ROSE PARK,2019-08-30,-0.4972515106201172,0.7175550858179728,0.00039967432928733615,298.67215156555176
ROSE PARK,2019-08-31,-0.1479619344075521,0.09856287638346355,-4.324533620092552e-09,298.37182935078937
ROSE PARK,2019-09-01,-0.37257957458496094,0.4250977834065755,1.284479992591514e-06,298.6493282318115
ROSE PARK,2019-09-02,-0.371365229288737,0.36315663655598956,8.523463748133508e-07,299.1239013671875
ROSE PARK,2019-09-03,-0.4729042053222656,-0.030750274658203125,0.00046691298484802246,300.3150355021159
ROSE PARK,2019-09-04,-0.584039052327474,0.3714534838994344,0.0010882705450008245,298.5624313354492
ROSE PARK,2019-09-05,0.058202107747395836,-0.24245063463846842,4.043579099288763e-05,300.04983711242676
ROSE PARK,2019-09-06,-0.33462778727213544,0.0682676633199056,0.0023624133815474124,296.86862564086914
ROSE PARK,2019-09-07,0.01591173807779948,-0.03160536289215088,3.2186508178710938e-06,296.14372634887695
ROSE PARK,2019-09-08,-0.6720746358235677,0.8980967203776041,0.004178324341769013,294.21645164489746
ROSE PARK,2019-09-09,0.1252587636311849,0.45080121358235675,0.00043682754039764404,291.4307696024577
ROSE PARK,2019-09-10,-0.10381380716959636,1.0493361155192058,0.0016483604907939764,291.67514673868817
ROSE PARK,2019-09-11,0.3983580271402995,-0.1311243772506714,0.01796475052833557,286.9676392873128
ROSE PARK,2019-09-12,0.25260353088378906,0.3735198974609375,1.4576315777503623e-05,287.28347905476886
ROSE PARK,2019-09-13,-0.26468531290690106,0.13730875651041666,0.0,288.91908836364746
ROSE PARK,2019-09-14,-0.8341414133707682,0.5378501812616984,8.52346317969932e-07,291.5059064229329
ROSE PARK,2019-09-15,-1.2440999348958333,1.6525948842366536,0.0,293.87051328023273
ROSE PARK,2019-09-16,-1.1615556081136067,3.0085697174072266,0.0,295.3001403808594
ROSE PARK,2019-09-17,1.9916175603866577,1.0978304545084636,0.002305317350931091,291.59585762023926
ROSE PARK,2019-09-18,-0.7245111068089803,1.1905954281489055,8.583068833445395e-07,288.4829851786296
ROSE PARK,2019-09-19,0.33703358968098956,0.8277968168258667,3.8564205169677734e-05,290.98242505391437
ROSE PARK,2019-09-20,1.3698145548502605,-0.7480228344599406,0.008726227283375465,284.4820028940837
ROSE PARK,2019-09-21,0.1401081085205078,0.360906442006429,0.0004595071077346802,283.914696375529
ROSE PARK,2019-09-22,-0.5376326243082682,0.8651247421900431,0.0,285.6227779388428
ROSE PARK,2019-09-23,-0.7624276479085287,0.3904455105463664,3.4306277143514308e-06,288.76483726501465
ROSE PARK,2019-09-24,0.15635172526041666,-0.2737725575764974,4.261732051702438e-07,289.2206726074219
ROSE PARK,2019-09-25,0.0567010243733724,-0.23297051588694254,8.52346317969932e-07,289.6827081044515
ROSE PARK,2019-09-26,-0.17156473795572916,0.4509924650192261,5.684341886080802e-14,289.2499192555745
ROSE PARK,2019-09-27,0.11986859639485677,0.1421055793762207,0.00019365847106200818,290.7528540293376
ROSE PARK,2019-09-28,-0.7360501289367676,0.8054478963216146,0.019678350867327055,287.54539998372394
ROSE PARK,2019-09-29,1.0209325154622395,-0.6510855356852213,0.023776084184646606,282.320951461792
ROSE PARK,2019-09-30,0.16006978352864584,-0.5532474517822266,0.0009431242942810059,281.07405916849774
ROSE PARK,2019-10-01,0.35948626200358075,-0.566726009051005,6.146171523369048e-05,281.63675753275555
ROSE PARK,2019-10-02,1.0113550821940105,-0.6418453057607015,0.0011092807380919112,281.4487311045329
ROSE PARK,2019-10-03,-0.6175429026285807,0.10385831197102864,2.1338462374842493e-06,281.8982785542806
ROSE PARK,2019-10-04,0.5311463673909506,0.010503808657328287,0.0010006129741668701,284.2316303253174
ROSE PARK,2019-10-05,0.7147102355957031,0.03274071216583252,3.5070197554887272e-06,281.7461961110433
ROSE PARK,2019-10-06,0.18415133158365884,-0.5449117024739584,4.351138045421976e-07,282.4966176350911
ROSE PARK,2019-10-07,-0.32861582438151044,0.017299811045328777,0.0,281.27391306559247
ROSE PARK,2019-10-08,-0.6958624521891276,0.5897477467854818,8.583068833445395e-07,284.2334512074788
ROSE PARK,2019-10-09,0.6014378865559896,-0.0996255874633789,0.0003132434303552145,282.9236888885498
ROSE PARK,2019-10-10,2.1840553283691406,-2.0133168697357178,6.338059893096215e-05,274.78025817871094
ROSE PARK,2019-10-11,0.6022599538167318,-0.22944295406341553,2.7835368996420584e-06,275.92089525858563
ROSE PARK,2019-10-12,-0.2456080118815104,-0.26402918497721356,1.7127204614553193e-06,277.8696168263753
ROSE PARK,2019-10-13,-0.7910838921864828,0.37474413712819415,5.89728023214775e-06,279.52426020304364
ROSE PARK,2019-10-14,-0.6838982899983724,0.4380701780319214,4.261732087229575e-07,281.7854531606038
ROSE PARK,2019-10-15,-0.7843087514241537,0.320765217145284,-7.363574638930004e-09,282.31458981831867
ROSE PARK,2019-10-16,-1.145210901896159,1.0412372748057048,8.583068797918258e-07,284.25304921468097
ROSE PARK,2019-10-17,-1.1868171691894531,1.9972814718882244,6.897299022057268e-05,287.6166642506917
ROSE PARK,2019-10-18,1.341636021931966,-0.4831419388453166,0.004704864301629641,281.6940104166667
ROSE PARK,2019-10-19,-0.28020985921223956,1.5882517496744792,0.0018495857715556951,279.74066670735675
ROSE PARK,2019-10-20,2.614627202351888,-0.7048724492390951,0.008020567893936459,277.10100809733075
ROSE PARK,2019-10-21,0.7329597473144531,0.14660449822743735,0.0004971027374267578,278.25474802652997
ROSE PARK,2019-10-22,-0.27101898193359375,0.9728216727574667,9.165513006337278e-07,280.40392176310223
ROSE PARK,2019-10-23,0.8609748284022013,-0.3276948531468709,0.00012849793751001926,283.1302954355876
ROSE PARK,2019-10-24,-0.19241627057393393,-0.4467262029647827,1.1667609214782715e-05,277.6649939219157
ROSE PARK,2019-10-25,-0.5990791320800781,0.27886009216308594,2.5749205860847724e-06,278.04700469970703
ROSE PARK,2019-10-26,-0.5386021931966146,0.10280990600585938,0.0,280.03377024332684
ROSE PARK,2019-10-27,1.474865198135376,-1.3924811681111653,0.003811568021774292,275.8521321614583
ROSE PARK,2019-10-28,1.2423769632975261,-0.16693580150604248,6.040036669219262e-05,271.943660736084
ROSE PARK,2019-10-29,0.7640844980875651,0.15883143742879233,0.007779636979098115,271.11585807800293
ROSE PARK,2019-10-30,-0.5937474568684896,-0.5192596515019735,2.1088224286813784e-05,264.48037338256836
ROSE PARK,2019-10-31,-0.7528343995412191,0.2707513173421224,3.8743019104003906e-07,266.91161155700684
ROSE PARK,2019-11-01,-0.6313122510910034,-0.09029213587443034,8.52346317969932e-07,271.5201530456543
ROSE PARK,2019-11-02,-0.9351119995117188,0.218892772992452,0.0,271.1803340911865
ROSE PARK,2019-11-03,-1.0248724619547527,0.41413450241088867,0.0,274.7330964406331
ROSE PARK,2019-11-04,-0.8639653523763021,0.37399009863535565,4.351138045421976e-07,276.8119996388753
ROSE PARK,2019-11-05,-1.0825646718343098,0.4793698787689209,1.2934207802572928e-06,276.91406567891437
ROSE PARK,2019-11-06,-1.2063452402750652,0.4455662965774536,0.0,277.81527519226074
ROSE PARK,2019-11-07,-1.0034122467041016,0.22707506020863852,0.0,277.8146057128906
ROSE PARK,2019-11-08,-1.0673408508300781,0.34924646218617755,8.52346317969932e-07,278.33019256591797
ROSE PARK,2019-11-09,-1.1374588012695312,0.2681649525960286,8.523463748133508e-07,278.54393831888837
ROSE PARK,2019-11-10,-0.9604148864746094,0.3202849229176839,8.52346317969932e-07,278.8713957468669
ROSE PARK,2019-11-11,0.0010471343994140625,0.0059960683186848955,8.583069366352447e-07,280.90502611796063
ROSE PARK,2019-11-12,-0.7573280334472656,0.7058467070261637,4.351138613856165e-07,276.6130968729655
ROSE PARK,2019-11-13,-0.5471744537353516,0.44992661476135254,8.940696716308594e-08,280.1803404490153
ROSE PARK,2019-11-14,-1.2271111806233723,0.5642037789026896,1.7106531231547706e-06,278.7961483001709
ROSE PARK,2019-11-15,-1.218514124552409,0.7408987681070963,7.405877113342285e-06,280.690434773763
ROSE PARK,2019-11-16,-0.023506840070088703,-0.028092821439107258,7.140636341773643e-06,281.69970830281574
ROSE PARK,2019-11-17,-0.6256456772486368,0.47847803433736164,8.52346317969932e-07,278.129430770874
ROSE PARK,2019-11-18,-1.0901183287302654,0.7655251820882162,0.0,279.03204917907715
ROSE PARK,2019-11-19,-1.4903246561686199,1.5610028505325317,0.0,280.215877532959
ROSE PARK,2019-11-20,-1.0969835917154949,0.3490794897079468,0.0036051273345947266,278.7389106750488
ROSE PARK,2019-11-21,-1.1275453964869182,-0.6077299118041992,0.0031037926673320726,276.4358723958333
ROSE PARK,2019-11-22,-0.10448392232259114,-0.3464508056640625,0.0004678065017174049,276.2689030965169
ROSE PARK,2019-11-23,-0.1687467892964681,-0.13509484132130942,6.525218481101547e-05,275.20232073465985
ROSE PARK,2019-11-24,-0.5272507667541504,0.5643933614095052,8.594906262260338e-07,275.14297803243
ROSE PARK,2019-11-25,-0.011201858520507812,-0.4370521306991577,0.004876083664896669,274.6126600901286
ROSE PARK,2019-11-26,1.734771728515625,-0.968492309252421,0.0028030574321746826,270.59176699320477
ROSE PARK,2019-11-27,-1.7229178349177043,0.8055349985758463,0.001856157005647674,269.53288014729816
ROSE PARK,2019-11-28,-1.3234057823816936,0.4666350285212199,0.010873976349103032,271.5781606038411
ROSE PARK,2019-11-29,-0.8274141947428385,-0.06898132960001628,0.015114831924336158,271.9891783396403
ROSE PARK,2019-11-30,1.1239026387532551,0.8172995249430338,0.004735782742500305,270.4470024108887
ROSE PARK,2019-12-01,-1.583425521850586,0.6290908257166544,1.142621033523028e-05,265.55818430582684
ROSE PARK,2019-12-02,-1.2710367838541667,0.4926074743270874,2.1445751144710812e-05,269.9871743520101
ROSE PARK,2019-12-03,-0.5394153594970703,-0.039591471354166664,9.498000054009026e-06,274.2662696838379
ROSE PARK,2019-12-04,-0.9789962768554688,-0.09827613830566406,6.198883113484044e-06,271.403751373291
ROSE PARK,2019-12-05,0.007826487223307291,-0.19839715957641602,0.008272126317024231,274.3150215148926
ROSE PARK,2019-12-06,-0.9551894664764404,0.469823678334554,5.155801773071289e-05,273.63122685750324
ROSE PARK,2019-12-07,-1.5873043537139893,1.289072076479594,1.7881393432617188e-07,272.4404888153076
ROSE PARK,2019-12-08,-0.5891327063242594,1.6922460397084553,0.006560772657394409,275.5013720194499
ROSE PARK,2019-12-09,0.7778167724609375,0.40133456389109295,0.005967679619686805,274.4399585723877
ROSE PARK,2019-12-10,-0.9816029866536459,0.9859949747721354,1.3872981071472168e-05,271.4148864746094
ROSE PARK,2019-12-11,-1.3722349802652996,0.6490073204040527,5.300042261069393e-05,269.1017557779948
ROSE PARK,2019-12-12,-1.3538586298624675,1.6341181596120198,0.0053189635276744696,274.2025375366211
ROSE PARK,2019-12-13,-0.4314049482345581,1.2860450744628906,0.006259003281570585,275.33182017008465
ROSE PARK,2019-12-14,0.15038804213205972,0.7451273600260416,0.016346609592346795,274.33413378397626
ROSE PARK,2019-12-15,-0.2263498306274414,-0.03682641188303629,0.0001434981821830661,268.9727020263672
ROSE PARK,2019-12-16,1.0422465006510417,-0.5989317099253336,0.002581730485019307,268.0550079345703
ROSE PARK,2019-12-17,-0.9843063354492188,0.6203433672587076,3.354450996084779e-05,265.1904404958089
ROSE PARK,2019-12-18,-1.6916136741638184,0.5736001332600912,2.488260431476874e-06,264.23702875773114
ROSE PARK,2019-12-19,-1.2544231017430623,0.5192253986994425,0.0,268.2027060190837
ROSE PARK,2019-12-20,-1.7503671646118164,1.0322653849919636,4.351138045421976e-07,268.3292058308919
ROSE PARK,2019-12-21,-2.2173561652501426,1.0537665287653606,0.0,268.2767645517985
ROSE PARK,2019-12-22,-2.8461573918660483,1.6238474051157634,8.52346317969932e-07,272.52166748046875
ROSE PARK,2019-12-23,-2.565540313720703,1.2558299700419109,0.0001806020736694336,273.2654043833415
ROSE PARK,2019-12-24,-1.5702120463053386,1.2458343108495076,0.002357959747314453,274.91896375020343
ROSE PARK,2019-12-25,0.5875194867451986,-0.005245606104532878,0.005586280420004641,273.93614196777344
ROSE PARK,2019-12-26,-0.6853933334350586,0.387617548306783,0.000437125563621521,271.0753930409749
ROSE PARK,2019-12-27,-0.6018730401992798,-0.39498194058736164,2.6601552860938682e-05,267.95951080322266
ROSE PARK,2019-12-28,1.1569818655649822,-1.5119140942891438,0.0005396485327651135,266.26292419433594
ROSE PARK,2019-12-29,-0.9907231330871582,0.76751176516215,0.0005001127718742282,264.7260602315267
ROSE PARK,2019-12-30,-0.614736278851827,0.3042043050130208,0.0012370180227776473,268.10945892333984
ROSE PARK,2019-12-31,0.008710861206054688,0.2343886693318685,0.0005015164612700573,268.012259165446
ROSE PARK,2020-01-01,-0.9786239067713419,1.6406141916910808,0.010919392108860393,269.56287320454913
ROSE PARK,2020-01-02,0.6114932696024576,0.640661875406901,0.005659443139904852,271.99422899882
ROSE PARK,2020-01-03,-0.8407545884450277,1.3408489227294922,0.00027922391882384545,271.06973203023273
ROSE PARK,2020-01-04,-1.574208935101827,1.073066512743632,2.7870819394593127e-06,270.536953608195
ROSE PARK,2020-01-05,-1.0056970914204915,0.3007030487060547,0.0011244946321653515,270.87522570292157
ROSE PARK,2020-01-06,-0.8392931222915649,1.3623892466227214,0.0005879431961943737,270.3166421254476
ROSE PARK,2020-01-07,-1.7551929155985515,1.5788593292236328,5.811452865600586e-07,269.96268526713055
ROSE PARK,2020-01-08,-1.6421127319335938,1.4713045756022136,0.0024301111698150635,270.0704936981201
ROSE PARK,2020-01-09,-0.6686757405598959,1.1549739837646484,0.0034900397062287425,269.60071818033856
ROSE PARK,2020-01-10,1.0790328979492188,0.08750534057617188,0.00127314031124115,268.29088338216144
ROSE PARK,2020-01-11,-1.388924280802409,1.5868956247965496,0.0021205246448516846,265.86645698547363
ROSE PARK,2020-01-12,-0.2096644639968872,1.4635200103123982,0.004112660884857178,269.1731249491374
ROSE PARK,2020-01-13,-1.1592419942220051,1.9553337891896565,0.0034152179955526663,267.3332398732503
ROSE PARK,2020-01-14,-0.8438428243001302,1.8805116017659504,0.003447115421295166,270.0194905598958
ROSE PARK,2020-01-15,-1.3627026875813801,0.7712741295496622,0.0009221017359664074,268.2742462158203
ROSE PARK,2020-01-16,-2.606064200401306,1.2766303221384685,1.7143987065537658e-06,266.7448870340983
ROSE PARK,2020-01-17,-0.11434892813364665,0.9069612820943197,0.00817034255027238,270.94338099161786
ROSE PARK,2020-01-18,-1.1061765750249226,0.6351767381032308,1.6771214518485067e-05,269.38008244832355
ROSE PARK,2020-01-19,-1.3417282104492188,0.2658120393753052,8.52346317969932e-07,268.3941357930501
ROSE PARK,2020-01-20,-1.7517371972401936,0.3005288441975911,1.1414289424749313e-06,268.25684865315753
ROSE PARK,2020-01-21,-1.5116397539774578,0.9779872496922811,0.00121411979188224,271.6811949412028
ROSE PARK,2020-01-22,-0.5507935682932535,0.9239995082219442,0.004187938792256318,273.54775110880536
ROSE PARK,2020-01-23,-0.5272833506266276,0.8718840281168619,0.0004911065100259293,274.2841002146403
ROSE PARK,2020-01-24,-1.3498942057291667,1.053927739461263,0.002719089388847351,272.5647029876709
ROSE PARK,2020-01-25,-0.6622479756673177,1.0382359027862549,0.0002582073211669922,274.7340284983317
ROSE PARK,2020-01-26,-1.1935984293619792,0.9878959655761719,0.00016868876929265753,274.4607842763265
ROSE PARK,2020-01-27,0.453860600789388,0.32484881083170575,0.008825513720410072,275.00419425964355
ROSE PARK,2020-01-28,-1.231515884399414,1.4114943742752075,6.246864802506025e-05,272.3143450419108
ROSE PARK,2020-01-29,0.0586706797281901,0.1566284497578939,0.0015243640827975469,272.68766657511395
ROSE PARK,2020-01-30,-0.023409128189086914,0.5033460855484009,0.002205765246515057,271.70749537150067
ROSE PARK,2020-01-31,-0.7244505882263184,0.6706451972325643,2.418756474753536e-05,269.6954065958659
ROSE PARK,2020-02-01,-1.3449745178222656,1.1289571126302083,3.2681705306458753e-06,272.0139560699463
ROSE PARK,2020-02-02,-1.6604557037353516,1.7753492991129558,4.354134830464318e-07,274.490686416626
ROSE PARK,2020-02-03,2.442449768384298,-0.29148610432942706,0.013802263140632931,269.73159980773926
ROSE PARK,2020-02-04,0.5423857371012369,-0.5680650075276693,0.001423510909091874,265.1491985321045
ROSE PARK,2020-02-05,-0.647650400797526,1.1799204746882122,0.000926154851811134,263.0528570810954
ROSE PARK,2020-02-06,-1.0698159138361614,1.7696258624394734,0.011771358090868489,268.0691719055176
ROSE PARK,2020-02-07,0.695397694905599,1.5342865784962971,0.007008269429206848,274.9457035064697
ROSE PARK,2020-02-08,-0.40509605407714844,0.9850508371988932,0.000284793972866737,274.7309150695801
ROSE PARK,2020-02-09,0.0941857099533081,-0.5740254720052084,0.00016514956951141357,271.69450187683105
ROSE PARK,2020-02-10,-0.08844693501790364,-0.1508312225341797,0.00018775463104248047,269.7140585581462
ROSE PARK,2020-02-11,-0.284634272257487,-0.0553442637125651,7.780194272299923e-05,267.86425463358563
ROSE PARK,2020-02-12,-0.6126391092936198,0.6840249300003052,0.0001770136719301263,269.15905380249023
ROSE PARK,2020-02-13,-0.6837952931722006,1.2862661679585774,6.0170888900756836e-05,270.8439826965332
ROSE PARK,2020-02-14,-1.5800094604492188,1.8309497833251953,2.5749205860847724e-06,270.558385848999
ROSE PARK,2020-02-15,-0.13396286964416504,0.5013604958852133,4.314780235148419e-05,274.1868356068929
ROSE PARK,2020-02-16,-0.7933440605799357,1.291394551595052,0.007967373092469643,273.92466799418133
ROSE PARK,2020-02-17,0.6224960883458456,0.2717965443929036,0.0030713558195998303,272.7342535654704
ROSE PARK,2020-02-18,-0.0031483968098958335,0.2692724863688151,8.04215669631958e-05,269.98814900716144
ROSE PARK,2020-02-19,-0.2680206298828125,-0.4648126761118571,1.7195939108205494e-06,268.53504308064777
ROSE PARK,2020-02-20,-0.9789288838704427,-0.03788371880849203,0.0,265.54781405131024
ROSE PARK,2020-02-21,-1.1571947733561199,0.2066770394643148,8.523463748133508e-07,267.361125310262
ROSE PARK,2020-02-22,-1.0599292914072673,-0.0715697209040324,1.0120868580543174e-05,271.0308386484782
ROSE PARK,2020-02-23,-0.42484092712402344,0.18532252311706543,2.4616717837488977e-06,273.62518946329754
ROSE PARK,2020-02-24,1.5072867075602214,-0.20998120307922363,0.000709914951414703,271.7236162821452
ROSE PARK,2020-02-25,0.7509553035100301,-0.3105108340581258,0.00026558935633147485,270.46223004659015
ROSE PARK,2020-02-26,-0.7461388905843099,0.8787171045939127,8.553266184208042e-07,269.2533435821533
ROSE PARK,2020-02-27,-0.9182573954264323,0.947435180346171,0.0,272.8860289255778
ROSE PARK,2020-02-28,-1.3614762624104817,0.9565101464589437,8.52346317969932e-07,273.02759106953937
ROSE PARK,2020-02-29,-1.7794551849365234,2.2327638069788613,4.328541649556428e-06,274.9572054545085
ROSE PARK,2020-03-01,0.490969975789388,0.7729727427164713,0.005782830715133969,274.16339174906415
ROSE PARK,2020-03-02,0.34162012736002606,0.19063055515289307,0.0012630701064040295,271.63758913675946
ROSE PARK,2020-03-03,-0.6789156595865885,0.4595632553100586,1.4374843431141926e-05,271.7803948720296
ROSE PARK,2020-03-04,-1.0039350986480713,1.0504666566848755,0.0,273.01244227091473
ROSE PARK,2020-03-05,-1.552296797434489,1.629683216412862,0.0,275.4125741322835
ROSE PARK,2020-03-06,-2.173776626586914,1.7855482896169026,8.583068797918258e-07,276.80818875630695
ROSE PARK,2020-03-07,-1.9205767313639324,2.455922245979309,3.61561774866459e-05,278.33987617492676
ROSE PARK,2020-03-08,0.26904741923014325,1.1628079017003377,0.0037446591309162613,278.6029758453369
ROSE PARK,2020-03-09,-0.7168490091959635,1.3784891764322917,0.0001292258500598109,276.3110815684001
ROSE PARK,2020-03-10,-0.04209582010904948,-0.18824068705240884,0.00018040835857391357,278.1134719848633
ROSE PARK,2020-03-11,-0.8671092987060547,0.8857173919677734,0.0004454791545640546,276.388152440389
ROSE PARK,2020-03-12,0.15797551472981772,0.6408964792887369,0.00012633502484504788,279.19059499104816
ROSE PARK,2020-03-13,-0.4816659688949585,0.015391985575358072,0.0002606511116027832,275.7472667694092
ROSE PARK,2020-03-14,-1.1588179270426433,4.126565217971802,0.0005084931850092289,278.68468221028644
ROSE PARK,2020-03-15,-0.6118933359781901,3.845485051472982,0.0004118382930755615,281.21589342753094
ROSE PARK,2020-03-16,-0.9760328928629557,2.1969830989837646,2.314150333404541e-05,280.01524543762207
ROSE PARK,2020-03-17,-1.1293233235677083,1.6908015410105388,0.0003522127866730784,278.6024061838786
ROSE PARK,2020-03-18,-0.5935826698939005,1.9736569722493489,0.0037832914045452526,277.71035130818683
ROSE PARK,2020-03-19,1.1323633193969727,-0.29609858989715576,0.0022519022226106244,276.67388979593915
ROSE PARK,2020-03-20,-0.586334228515625,0.5931756496429443,0.002661955431278784,275.6493034362793
ROSE PARK,2020-03-21,-0.3617623647054036,0.7790496746699015,0.00025610814640231183,276.3490041097005
ROSE PARK,2020-03-22,0.02856604258219401,0.7389338413874308,0.00022892653942108154,277.37910652160645
ROSE PARK,2020-03-23,-0.9092304706573486,1.5229185024897258,0.0003901898859908215,276.46640396118164
ROSE PARK,2020-03-24,-0.5237045288085938,2.707893212636312,0.0020650625228881836,279.26584815979004
ROSE PARK,2020-03-25,0.13342984517415366,0.679698665936788,0.008919313549995422,277.9683094024658
ROSE PARK,2020-03-26,0.9774456024169922,-1.5715192556381226,0.00718727707862854,274.2651189168294
ROSE PARK,2020-03-27,0.23008410135904947,-0.6022567749023438,0.00024902820587158203,273.5264956156413
ROSE PARK,2020-03-28,0.12356948852539062,1.4072867234547932,0.004141083359684217,273.4268678029378
ROSE PARK,2020-03-29,-1.0698954264322917,1.302552620569865,0.0001244425772597424,273.53351465861004
ROSE PARK,2020-03-30,-0.39924875895182294,1.303247332572937,0.0009058117866516113,276.8779932657878
ROSE PARK,2020-03-31,-0.14923667907714844,2.4294634660085044,0.0003421496267606017,281.145502726237
ROSE PARK,2020-04-01,1.201809565226237,0.22683080037434897,0.0010687559843063354,281.8928114573161
ROSE PARK,2020-04-02,2.1738694508870444,-1.591565450032552,0.0038930803536345593,275.1331278483073
ROSE PARK,2020-04-03,-0.46459070841471356,0.5191491444905599,3.1784425686964823e-06,273.88852818806964
ROSE PARK,2020-04-04,-0.9741369883219401,0.7475461562474569,6.200498938824239e-05,276.78037707010907
ROSE PARK,2020-04-05,-0.9242261250813802,2.089064041773478,0.0019553929566313855,282.8973757425944
ROSE PARK,2020-04-06,-0.3837350209554036,3.2700322469075522,0.0004923045635223389,284.33047676086426
ROSE PARK,2020-04-07,-0.5952555338541666,1.6253732840220134,0.00022754371155997433,282.3618361155192
ROSE PARK,2020-04-08,-1.083383560180664,-0.27918116251627606,5.9485434462658304e-06,282.3109715779622
ROSE PARK,2020-04-09,-1.0757662455240886,-0.2062162160873413,0.0005744695663452148,282.9851296742757
ROSE PARK,2020-04-10,-0.0047079722086588545,0.2104316552480062,2.579815242143013e-05,282.51698366800946
ROSE PARK,2020-04-11,0.1131273905436198,0.4950764973958333,0.00017657876014709473,282.3897565205892
ROSE PARK,2020-04-12,2.941748301188151,-1.9574426015218098,0.0032530531975680788,280.03247833251953
ROSE PARK,2020-04-13,2.0746307373046875,-1.9012928009033203,0.00033089518541373764,276.0796190897624
ROSE PARK,2020-04-14,0.8389441172281901,-0.3427886962890625,5.900859832763672e-06,275.23823674519855
ROSE PARK,2020-04-15,-0.18062845865885416,1.6645534038543701,0.0018410772085140081,278.8871822357178
ROSE PARK,2020-04-16,1.4475968678792317,-0.0209805965423584,0.005853945016859541,277.2955436706543
ROSE PARK,2020-04-17,-0.3095162709554036,0.023345311482747395,9.743191554889563e-05,277.097266515096
ROSE PARK,2020-04-18,-0.07764625549316406,-0.07812563578287761,4.523621106500286e-05,280.00473976135254
ROSE PARK,2020-04-19,-0.4106737772623698,0.8074977397918701,0.0024844706058502197,280.63509305318195
ROSE PARK,2020-04-20,-0.6023909250895182,-0.03294730186462402,0.0001060956384115741,281.0463110605876
ROSE PARK,2020-04-21,-0.3151632944742839,-0.6520412762959799,1.7988681690894737e-05,282.66328684488934
ROSE PARK,2020-04-22,1.1022872924804688,-0.6172788937886556,3.40193510055542e-05,285.76241811116535
ROSE PARK,2020-04-23,1.1028448740641277,-0.233261505762736,0.006971761584281921,284.0451939900716
ROSE PARK,2020-04-24,1.7283954620361328,-1.1069202423095703,0.00018709301948049983,283.26805114746094
ROSE PARK,2020-04-25,-0.5421841939290365,0.5401458740234375,8.523463215226457e-07,283.19208971659344
ROSE PARK,2020-04-26,-0.7683022816975912,0.20600763956705728,0.0008618086576461792,286.40757815043133
ROSE PARK,2020-04-27,-0.6109371185302734,0.18949643770853677,1.1116266250610352e-05,286.48473421732587
ROSE PARK,2020-04-28,0.35696156819661456,-0.6661250193913778,0.0,288.31818135579425
ROSE PARK,2020-04-29,-1.3080851236979167,0.683802048365275,5.7876109167409595e-06,287.0026168823242
ROSE PARK,2020-04-30,-1.1274649302164714,0.7373683452606201,0.00054971575737639,290.21816571553546
ROSE PARK,2020-05-01,-0.4950447082519531,-0.9691810607910156,0.0007005572318981024,287.87222989400226
ROSE PARK,2020-05-02,-0.3407440185546875,0.38293274243672687,0.0007873117923686834,286.7022565205892
ROSE PARK,2020-05-03,-0.07673581441243489,-0.5646801789601644,0.0009254842995574108,287.24401156107587
ROSE PARK,2020-05-04,0.9282480875651041,-1.21434489885966,0.0009385585784684736,284.7891394297282
ROSE PARK,2020-05-05,-0.39727020263671875,-0.055092970530192055,3.5587277125159744e-08,284.6206423441569
ROSE PARK,2020-05-06,-0.4119097391764323,-0.04567535718282064,2.2649765014648438e-06,287.5985285441081
ROSE PARK,2020-05-07,1.8055356343587239,-2.3783671061197915,0.0,284.6889826456706
ROSE PARK,2020-05-08,0.1473979949951172,-0.16682942708333334,8.285045574041305e-07,284.33613204956055
ROSE PARK,2020-05-09,-0.5757153828938802,-0.49867820739746094,0.0,286.28963534037274
ROSE PARK,2020-05-10,-0.8582629362742106,0.14873846371968588,4.708170890665997e-05,288.4142983754476
ROSE PARK,2020-05-11,-0.6426982879638672,1.4132622877756755,0.00042882561683654785,292.63643582661945
ROSE PARK,2020-05-12,0.3462848663330078,0.5144393046696981,0.0013501226900984875,290.50120798746747
ROSE PARK,2020-05-13,0.9441267649332682,-0.9524224599202474,0.0004528611898422241,287.2981535593669
ROSE PARK,2020-05-14,0.07969411214192708,-0.7535868485768636,0.00018994510173797607,286.7878068288167
ROSE PARK,2020-05-15,0.7115707397460938,-0.9632947444915771,0.000164094567196571,287.3563117980957
ROSE PARK,2020-05-16,0.2456562121709188,-0.42306451002756756,0.0,287.5910161336263
ROSE PARK,2020-05-17,-1.0681630373001099,1.719386061032613,8.583068797918258e-07,290.70754623413086
ROSE PARK,2020-05-18,-0.14382362365722656,4.4689615567525225,0.0,296.4756685892741
ROSE PARK,2020-05-19,0.6004581451416016,1.9757107893625896,0.004553258419036865,293.5166130065918
ROSE PARK,2020-05-20,1.311897913614909,0.7915450731913248,0.002545037865559152,285.91205406188965
ROSE PARK,2020-05-21,1.1465498606363933,-0.10999917984008789,0.0020827651023864746,285.2046038309733
ROSE PARK,2020-05-22,-0.025080362955729168,0.3930925130844116,6.598234176635742e-05,288.34614117940265
ROSE PARK,2020-05-23,2.220378875732422,-1.135710875193278,0.009106233716011047,281.7141450246175
ROSE PARK,2020-05-24,0.5914077758789062,-1.1261213223139446,0.00021010439656521385,283.6731484731038
ROSE PARK,2020-05-25,0.23281224568684897,-0.7473716735839844,2.403557300567627e-05,285.5458564758301
ROSE PARK,2020-05-26,-0.13686307271321616,0.18723630905151367,1.7267087741856812e-06,288.60388882954913
ROSE PARK,2020-05-27,0.15847396850585938,-0.6930936972300211,5.6135654403988156e-05,293.01080830891925
ROSE PARK,2020-05-28,-0.2347590128580729,-0.18244783083597818,8.600190142260544e-07,293.2412052154541
ROSE PARK,2020-05-29,-0.6858978271484375,0.4637906551361084,1.8984079360961914e-05,295.794287999471
ROSE PARK,2020-05-30,-2.0257142384847007,1.3545640309651692,0.0020765542982985608,297.53168805440265
ROSE PARK,2020-05-31,-0.5816733042399088,0.6876436471939087,0.0004703342914531561,295.6421426137288
ROSE PARK,2020-06-01,0.10135841369628906,1.8442190090815227,0.0,296.7198289235433
ROSE PARK,2020-06-02,0.7910359700520834,-0.36092384656270343,3.9979275925361435e-06,296.5418135325114
ROSE PARK,2020-06-03,0.1689453125,-0.1919699509938558,0.000676083564712826,295.4179458618164
ROSE PARK,2020-06-04,-0.05632781982421875,0.7305177052815756,8.249282831940263e-06,296.21459770202637
ROSE PARK,2020-06-05,-0.9893639882405599,1.5180845260620117,6.288290023803711e-06,297.24404271443683
ROSE PARK,2020-06-06,-1.6968994140625,3.4656396309534707,0.0016765349203637925,296.8663082122803
ROSE PARK,2020-06-07,1.0469954411188762,0.3792680899302165,0.01949658989906311,285.77298227945965
ROSE PARK,2020-06-08,2.3037732442220054,-1.0622079769770305,0.0046006739139556885,281.47384389241535
ROSE PARK,2020-06-09,0.8397261301676432,-0.21782763799031576,0.00048385858525534786,285.0070546468099
ROSE PARK,2020-06-10,-0.36661656697591144,0.33898107210795086,8.6235999958717e-05,287.9832197825114
ROSE PARK,2020-06-11,-1.4470844268798828,0.7889962196350098,4.0590763092041016e-05,291.66458384195965
ROSE PARK,2020-06-12,-1.800497055053711,1.775482177734375,8.569718374928925e-07,295.6186345418294
ROSE PARK,2020-06-13,0.016605377197265625,1.6015928188959758,0.0,295.51745160420734
ROSE PARK,2020-06-14,1.9498907725016277,-1.2267398834228516,8.523463748133508e-07,290.7580623626709
ROSE PARK,2020-06-15,0.008075714111328125,0.2762492497762044,1.7107572034547047e-06,291.9275296529134
ROSE PARK,2020-06-16,0.8995793660481771,-0.6994253794352213,0.0010761930721514545,292.7148602803548
ROSE PARK,2020-06-17,1.7349999745686848,-1.4022502899169922,0.008182300149201183,286.82587305704754
ROSE PARK,2020-06-18,0.6163736979166666,-1.221212387084961,2.1748514654973405e-05,287.2330862681071
ROSE PARK,2020-06-19,0.7731291453043619,-0.45829375584920246,4.8708318445278564e-06,289.2677815755208
ROSE PARK,2020-06-20,-0.04704093933105469,-0.11342251300811768,1.3665157894138247e-10,291.2605514526367
ROSE PARK,2020-06-21,-0.01826159159342448,0.143890380859375,6.421149294055795e-06,294.3250592549642
ROSE PARK,2020-06-22,0.7274958292643229,-0.7990550994873047,0.0,296.3828010559082
ROSE PARK,2020-06-23,0.2034454345703125,-0.4487622578938802,0.0,294.97010739644367
ROSE PARK,2020-06-24,-0.07359123229980469,-0.13924702008565268,0.0,296.6394526163737
ROSE PARK,2020-06-25,0.026120503743489582,-0.17470006148020426,0.0022680425602743526,296.85538991292316
ROSE PARK,2020-06-26,0.14246749877929688,-0.6694068908691406,3.641247749186505e-05,295.86035537719727
ROSE PARK,2020-06-27,-0.2716986338297526,0.4648265838623047,0.0,296.3616142272949
ROSE PARK,2020-06-28,0.4024804433186849,1.0442969004313152,8.531485786988924e-05,299.0464496612549
ROSE PARK,2020-06-29,2.124408721923828,-0.9865691264470419,0.013000046758520512,285.2389195760091
ROSE PARK,2020-06-30,1.0341657002766926,0.7928604682286581,0.005498781800270081,286.30847040812176
ROSE PARK,2020-07-01,-0.5638872782389323,1.122762680053711,5.2899630833991296e-05,290.2179470062256
ROSE PARK,2020-07-02,0.16610590616861978,0.7687311967213949,8.844344904446189e-06,295.62358474731445
ROSE PARK,2020-07-03,-0.5556156635284424,1.2469178835550945,6.56545159927191e-06,296.53967603047687
ROSE PARK,2020-07-04,-0.45720966657002765,0.9632491668065389,9.86456768714561e-07,298.4071922302246
ROSE PARK,2020-07-05,0.09423891703287761,-0.26183128356933594,1.7097818556521815e-05,297.32954597473145
ROSE PARK,2020-07-06,-0.17425851027170816,-0.14436848958333334,1.7106532936850272e-06,297.43195660909015
ROSE PARK,2020-07-07,0.45085922876993817,0.3325618902842204,1.1324882507324219e-06,299.127623240153
ROSE PARK,2020-07-08,0.5474465688069662,-0.7068173090616862,6.556510925292969e-06,296.86988004048663
ROSE PARK,2020-07-09,0.025238672892252605,-0.0013349056243896484,2.562910594861023e-06,296.31161308288574
ROSE PARK,2020-07-10,0.2401142120361328,-0.10765318075815837,2.980414137709886e-09,298.54284540812176
ROSE PARK,2020-07-11,-0.1758575439453125,-0.04508546988169352,8.52346317969932e-07,298.9654261271159
ROSE PARK,2020-07-12,0.25231679280598956,0.06177846590677897,6.470084144893917e-06,300.2069498697917
ROSE PARK,2020-07-13,0.3343499501546224,-0.2002582550048828,8.702277796146518e-07,299.086633682251
ROSE PARK,2020-07-14,0.8561058044433594,-1.176162838935852,2.191662789385873e-05,298.22518730163574
ROSE PARK,2020-07-15,0.5272356669108073,-0.8792805671691895,1.3027214436078793e-06,297.183053334554
ROSE PARK,2020-07-16,0.13766606648763022,-0.0848390261332194,4.58359717825374e-06,298.0008252461751
ROSE PARK,2020-07-17,-0.04541142781575521,1.0047162373860676,1.7049908535682334e-05,300.3480402628581
ROSE PARK,2020-07-18,0.4686686197916667,0.13795185089111328,3.580749034881592e-05,301.1774374643962
ROSE PARK,2020-07-19,0.21286519368489584,-0.6613648732503256,4.591047763824463e-05,299.7302824656169
ROSE PARK,2020-07-20,0.33777570724487305,-0.6149191856384277,3.428810657624126e-06,299.8713029225667
ROSE PARK,2020-07-21,0.06646347045898438,-0.2280203104019165,1.7374753902288376e-06,299.15488560994464
ROSE PARK,2020-07-22,-0.7640902201334635,0.6724729537963867,0.0010812431573867798,298.2564868927002
ROSE PARK,2020-07-23,-0.8750527699788412,1.4184884230295818,0.0012845098972320557,297.06979688008624
ROSE PARK,2020-07-24,-0.23886998494466147,1.4539934794108074,1.3405084605011552e-05,298.01614634195965
ROSE PARK,2020-07-25,-0.1788005828857422,0.20202318827311197,1.3470649719238281e-05,297.7479960123698
ROSE PARK,2020-07-26,-0.25675201416015625,-0.5331870714823405,0.0,298.64623133341473
ROSE PARK,2020-07-27,-0.3728472391764323,-0.15441997845967612,3.361701960358232e-06,299.53502527872723
ROSE PARK,2020-07-28,0.6835212707519531,-0.06534846623738606,0.0003787800367831551,298.8300615946452
ROSE PARK,2020-07-29,0.5012585322062174,-0.39223647117614746,0.00034098777200597397,298.8362674713135
ROSE PARK,2020-07-30,-0.25335125128428143,-0.4756892919540405,1.7136334236056427e-06,299.417937596639
ROSE PARK,2020-07-31,-0.7242666880289713,-0.017647306124369305,4.297233431316272e-07,300.9894797007243
ROSE PARK,2020-08-01,-0.20650672912597656,0.15562542279561362,8.702277796146518e-07,301.85185559590656
ROSE PARK,2020-08-02,-0.4217621882756551,-0.21406777699788412,0.0,302.01221656799316
ROSE PARK,2020-08-03,0.19795099894205728,0.3759167989095052,0.0,301.6138114929199
ROSE PARK,2020-08-04,0.7501112620035807,-0.9346688588460287,4.971799967279367e-06,301.0026327768962
ROSE PARK,2020-08-05,-0.35535303751627606,0.6398986180623373,4.559755325317383e-06,299.69349034627277
ROSE PARK,2020-08-06,-0.3584766387939453,2.255164305369059,2.9467072010902484e-05,300.3117090861003
ROSE PARK,2020-08-07,0.1846135457356771,1.4337007602055867,1.8477439880371094e-06,299.09100341796875
ROSE PARK,2020-08-08,0.1927820841471354,0.4338139295578003,3.159046173095703e-06,297.6460253397624
ROSE PARK,2020-08-09,0.15427652994791666,0.051142374674479164,1.7172386037600518e-06,297.99461301167804
ROSE PARK,2020-08-10,0.20943260192871094,0.027010877927144367,1.2780176575688529e-05,298.3570664723714
ROSE PARK,2020-08-11,-0.009737014770507812,0.5026945273081461,3.0094385142120927e-05,298.41696612040204
ROSE PARK,2020-08-12,0.3036181131998698,0.43534231185913086,5.7536363499366416e-05,297.6265405019124
ROSE PARK,2020-08-13,-0.14874585469563803,0.1510262886683146,1.7163153529509145e-06,297.72934277852374
ROSE PARK,2020-08-14,0.37101133664449054,-0.5448404947916666,8.553265047339664e-07,300.03696314493817
ROSE PARK,2020-08-15,-0.060352166493733726,-0.3002101580301921,0.0,297.8237139383952
ROSE PARK,2020-08-16,-0.037769317626953125,-0.5594480435053507,0.0,299.12477175394696
ROSE PARK,2020-08-17,-0.15500768025716147,-0.5791341463724772,0.0,300.5415891011556
ROSE PARK,2020-08-18,-0.017471949259440105,-0.3813968896865845,0.00011678934096792659,300.8450171152751
ROSE PARK,2020-08-19,0.11894543965657552,-0.26843464374542236,0.0002982645284141938,301.09629503885907
ROSE PARK,2020-08-20,-0.5434398651123047,-0.3760487635930379,0.00027953883477493946,300.50041580200195
ROSE PARK,2020-08-21,-0.15482330322265625,-0.18792001406351724,7.150085536977713e-06,299.8244463602702
ROSE PARK,2020-08-22,-0.1902592976888021,-0.029814481735229492,3.7227168512288245e-06,300.0411834716797
ROSE PARK,2020-08-23,-0.8964576721191406,0.646514892578125,0.0002365855743029499,300.1317653656006
ROSE PARK,2020-08-24,-0.2683881123860677,0.6088622013727824,5.549192428588867e-05,300.05207379659015
ROSE PARK,2020-08-25,-0.18524805704752603,0.22741409142812094,0.0005772411823272705,300.4646848042806
ROSE PARK,2020-08-26,-0.0846875508626302,0.4002861976623535,4.5853853123389854e-05,299.9303283691406
ROSE PARK,2020-08-27,0.10115444660186768,0.6004122893015543,0.0,300.51964632670087
ROSE PARK,2020-08-28,0.39757299423217773,-0.8325875202814738,3.2621621983253135e-05,298.3874963124593
ROSE PARK,2020-08-29,0.27540143330891925,0.3551785945892334,0.0003881990909526678,297.9439392089844
ROSE PARK,2020-08-30,0.23478317260742188,0.48127301534016925,1.2296438114844932e-05,296.9700978597005
ROSE PARK,2020-08-31,1.5188916524251301,-0.9710683027903239,1.0567903416358604e-05,294.5495249430339
ROSE PARK,2020-09-01,1.1127649943033855,-1.6140541632970173,1.7017126083374023e-05,289.579408009847
ROSE PARK,2020-09-02,0.30105845133463544,-0.2427588701248169,0.0,291.70453389485675
ROSE PARK,2020-09-03,-0.12723986307779947,-0.010489265124003092,0.0,294.57576243082684
ROSE PARK,2020-09-04,-0.17598724365234375,-0.0816412369410197,8.570413569941593e-07,296.40211804707843
ROSE PARK,2020-09-05,-0.3259207407633464,0.04376220703125,1.698198502708692e-06,297.71777216593426
ROSE PARK,2020-09-06,-0.2496515909830729,-0.2035456895828247,1.2858401419180154e-06,298.75756581624347
ROSE PARK,2020-09-07,0.9002609252929688,0.2896844546000163,8.583068833445395e-07,300.4615058898926
ROSE PARK,2020-09-08,-1.3549315134684246,-3.2333806355794272,0.005123141407864296,286.97105089823407
ROSE PARK,2020-09-09,-2.1949170430501304,-1.9850114583969116,1.220107060362352e-05,281.6430524190267
ROSE PARK,2020-09-10,-0.7074381510416666,-0.9695978959401449,8.642672355563263e-07,285.31098556518555
ROSE PARK,2020-09-11,-0.1648871103922526,0.4949699242909749,0.0,288.11806297302246
ROSE PARK,2020-09-12,-0.48498280843098956,0.1926709016164144,0.0,291.02388827006024
ROSE PARK,2020-09-13,-0.5486876169840494,0.20107134183247885,0.0,292.4066104888916
ROSE PARK,2020-09-14,-0.7354965209960938,0.4925251007080078,8.52346317969932e-07,294.5311965942383
ROSE PARK,2020-09-15,-0.4947274525960286,-0.09653600056966145,8.52346317969932e-07,294.50110880533856
ROSE PARK,2020-09-16,-0.4034589131673177,-0.052385965983072914,0.0,294.02427673339844
ROSE PARK,2020-09-17,-0.4773114522298177,0.16983604431152344,4.351138045421976e-07,294.50790723164874
ROSE PARK,2020-09-18,-1.0929311116536458,1.1054693857828777,3.0024913826309785e-06,295.20564969380695
ROSE PARK,2020-09-19,0.2613029479980469,0.49369990825653076,0.0015961706638449868,293.82340812683105
ROSE PARK,2020-09-20,0.08797073364257812,-0.6664714813232422,6.843665573796898e-06,290.48180834452313
ROSE PARK,2020-09-21,-0.15458234151204428,-0.07081639766693115,4.2319288695580326e-07,291.6680374145508
ROSE PARK,2020-09-22,-0.8501682281494141,1.488600492477417,3.128647803762874e-05,294.9968325297038
ROSE PARK,2020-09-23,-0.2592671712239583,0.3355995814005534,4.4792890548706055e-05,293.9587999979655
ROSE PARK,2020-09-24,-0.41160329182942706,0.8593077659606934,0.0,294.42790095011395
ROSE PARK,2020-09-25,0.30227025349934894,0.0457007090250651,4.351138045421976e-07,295.14439392089844
ROSE PARK,2020-09-26,0.7657521565755209,-0.45453862349192303,0.0,293.81771596272785
ROSE PARK,2020-09-27,1.8005212148030598,-1.9531112909317017,4.351138045421976e-07,287.29483731587726
ROSE PARK,2020-09-28,0.41503270467122394,-1.1067536274592082,0.0,286.65171813964844
ROSE PARK,2020-09-29,0.08413887023925781,-0.1285883585611979,1.2809094300791912e-06,287.17994117736816
ROSE PARK,2020-09-30,-0.07604662577311198,-0.3115011850992839,1.0210275604549679e-05,288.78335825602215
ROSE PARK,2020-10-01,-0.30070050557454425,-0.4232871929804484,0.0,289.63489723205566
ROSE PARK,2020-10-02,-0.29801368713378906,0.0585866371790568,0.0,289.67358843485516
ROSE PARK,2020-10-03,-0.1793842315673828,-0.14934857686360678,1.2934207802572928e-06,289.76781527201337
ROSE PARK,2020-10-04,-0.34369659423828125,0.30026038487752277,0.0,289.8445479075114
ROSE PARK,2020-10-05,-0.49178504943847656,0.17058181762695312,0.0,290.6123402913411
ROSE PARK,2020-10-06,-0.5253931681315104,0.06883152325948079,8.52346317969932e-07,289.91603406270343
ROSE PARK,2020-10-07,-0.8017838795979818,0.1430504322052002,0.0,289.7407913208008
ROSE PARK,2020-10-08,-0.7174943288167318,0.627281387646993,2.5722607119860186e-06,290.9889094034831
ROSE PARK,2020-10-09,-0.38140869140625,0.3378620147705078,7.212161676761752e-07,291.82728004455566
ROSE PARK,2020-10-10,-0.4517332712809245,1.575242002805074,0.0,291.0316689809163
ROSE PARK,2020-10-11,2.411008834838867,-1.3403515418370564,0.007727527618406782,287.08743540445965
ROSE PARK,2020-10-12,-0.044185638427734375,1.3725797335306804,3.0141636671032757e-06,283.9829044342041
ROSE PARK,2020-10-13,-0.31293074289957684,0.7753565708796183,4.3580138253673795e-07,288.5133921305339
ROSE PARK,2020-10-14,1.3095143636067708,-0.5192654927571615,0.00012353062629699707,289.57780838012695
ROSE PARK,2020-10-15,1.5271127621332805,-1.056548039118449,0.0,282.5158182779948
ROSE PARK,2020-10-16,0.025209824244181316,0.37263643741607666,8.380974350075121e-07,282.0615126291911
ROSE PARK,2020-10-17,0.17861175537109375,0.9594476222991943,1.2834256608584838e-06,285.2458438873291
ROSE PARK,2020-10-18,0.1876354217529297,0.5343814293543497,5.960430371487746e-09,288.24085489908856
ROSE PARK,2020-10-19,0.14943949381510416,0.5066180229187012,1.2872200727542804e-06,288.8052241007487
ROSE PARK,2020-10-20,0.08262888590494792,0.395630677541097,0.0,287.6687768300374
ROSE PARK,2020-10-21,-0.2493292490641276,0.5143460830052694,4.351138045421976e-07,287.6426035563151
ROSE PARK,2020-10-22,1.4655952453613281,-1.0382624864578247,4.261732087229575e-07,282.62585576375324
ROSE PARK,2020-10-23,0.30838032563527423,-0.12438511848449707,8.70227722771233e-07,278.90516471862793
ROSE PARK,2020-10-24,-0.18454678853352866,0.628969152768453,0.0,281.1111691792806
ROSE PARK,2020-10-25,1.3017000357309978,-1.7017820676167805,0.0032242428543440838,278.1693572998047
ROSE PARK,2020-10-26,-0.4113146464029948,-2.382265090942383,3.297670957636001e-05,269.76921463012695
ROSE PARK,2020-10-27,0.3717765808105469,-0.7476345300674438,-3.1539570954919327e-09,273.4831123352051
ROSE PARK,2020-10-28,-0.2748126983642578,-0.15338770548502603,0.0,275.2991994222005
ROSE PARK,2020-10-29,-0.7335968017578125,0.18514108657836914,8.583068797918258e-07,277.60830243428546
ROSE PARK,2020-10-30,-0.972731868426005,0.7243976990381876,3.4405547921778634e-06,279.575480779012
ROSE PARK,2020-10-31,-0.3935801188151042,0.7599531809488932,8.52346317969932e-07,283.2538922627767
ROSE PARK,2020-11-01,-0.6829935709635416,0.022836049397786457,0.0,280.922545115153
ROSE PARK,2020-11-02,-0.8245938618977865,0.05170122782389323,4.351138613856165e-07,281.64836565653485
ROSE PARK,2020-11-03,-0.782768448193868,0.11520576477050781,8.6921453373634e-05,283.3142484029134
ROSE PARK,2020-11-04,-0.7792658011118571,0.39621686935424805,1.7106532368416083e-06,284.6158955891927
ROSE PARK,2020-11-05,-1.045644481976827,0.5094896952311198,1.78813479578821e-08,284.30787022908527
ROSE PARK,2020-11-06,-2.0172813733418784,1.7633012135823567,3.4433696782798506e-06,286.5396219889323
ROSE PARK,2020-11-07,-2.1933415730794272,2.0234574476877847,0.0033399164676097826,287.99696095784503
ROSE PARK,2020-11-08,-0.009967803955078125,2.5159430503845215,0.010677725076675415,277.334228515625
ROSE PARK,2020-11-09,0.4424184163411458,-0.5105157693227133,0.0026771366595426116,272.38431040445965
ROSE PARK,2020-11-10,-0.1863123575846354,1.6933475732803345,0.0013397857731547447,270.2665786743164
ROSE PARK,2020-11-11,-0.5261707305908203,1.5465317169825237,0.0013700635977329512,270.8363787333171
ROSE PARK,2020-11-12,-0.6185455322265625,1.023175875345866,0.002059000730412208,270.76995213826496
ROSE PARK,2020-11-13,-1.9375629425048828,1.7783908049265544,9.073615069610241e-05,269.91727447509766
ROSE PARK,2020-11-14,2.4429969787597656,0.25154932339986164,0.009332972764923397,275.04519844055176
ROSE PARK,2020-11-15,-1.5504703521728516,1.7879717747370403,0.00019725269129367007,273.8268903096517
ROSE PARK,2020-11-16,-1.3673108418782551,0.7822383642196655,0.00011172385552526976,277.9461269378662
ROSE PARK,2020-11-17,-2.630746046702067,1.5226943095525105,3.8575223584302876e-06,278.07870928446454
ROSE PARK,2020-11-18,-1.3611380259195964,2.5875357389450073,0.00037990808482391003,284.60669072469074
ROSE PARK,2020-11-19,0.005841573079427083,-0.3105157216389974,0.0016868114471435547,279.53477986653644
ROSE PARK,2020-11-20,-0.9375108083089193,-0.22281479835510254,1.1920928955078125e-07,273.8742135365804
ROSE PARK,2020-11-21,-0.6287835439046224,-0.24081695079803467,5.486607449256553e-06,272.4051507314046
ROSE PARK,2020-11-22,-1.0928090413411458,0.05832191308339437,2.384185791015625e-07,270.8742078145345
ROSE PARK,2020-11-23,-0.663214365641276,-0.09588007132212321,0.00020195543766021729,272.0789337158203
ROSE PARK,2020-11-24,0.2816480000813802,-0.2838220198949178,0.00034428834914024264,273.045108795166
ROSE PARK,2020-11-25,-1.037570317586263,0.8193356990814209,2.3280773575606872e-06,272.21605555216473
ROSE PARK,2020-11-26,1.036793311436971,-1.2618905703226726,0.0009109824895858765,272.83937390645343
ROSE PARK,2020-11-27,-0.4042364756266276,-0.35014088948567706,1.8477439880371094e-06,269.69619369506836
ROSE PARK,2020-11-28,-0.5908412138621012,0.0867616335550944,3.9041032096065464e-07,270.2810649871826
ROSE PARK,2020-11-29,-0.6869118213653564,-0.10620156923929851,5.960464477539062e-07,270.8224391937256
ROSE PARK,2020-11-30,-1.2188504536946614,0.5917848745981852,4.351138045421976e-07,270.9367841084798
ROSE PARK,2020-12-01,0.7593921422958374,-0.7335432370503744,0.00017523765563964844,273.7511240641276
ROSE PARK,2020-12-02,-0.9622473319371542,-0.3813934326171875,3.170966920151841e-06,269.77508481343585
ROSE PARK,2020-12-03,-0.9451255798339844,-0.17000961303710938,-2.3842403606977314e-08,268.45169830322266
ROSE PARK,2020-12-04,-0.6711098353068033,-0.2034419377644857,1.2427567526174244e-06,268.54801114400226
ROSE PARK,2020-12-05,-0.7847067515055338,-0.10169589519500732,5.684341886080802e-14,269.3375727335612
ROSE PARK,2020-12-06,-1.0769386291503906,0.07344170411427815,1.2993811537853617e-06,270.4831091562907
ROSE PARK,2020-12-07,-0.8544883728027344,-0.1597346862157186,0.0,270.4414183298747
ROSE PARK,2020-12-08,-0.9499600728352865,-0.027018229166666668,0.0,270.61356925964355
ROSE PARK,2020-12-09,-1.1580518086751301,0.19394445419311523,8.583068833445395e-07,270.3817602793376
ROSE PARK,2020-12-10,-0.4240989685058594,-0.03000942866007487,0.0,271.33499844868976
ROSE PARK,2020-12-11,-0.3809967041015625,0.37615398565928143,0.0014014482498119207,269.0974038441976
ROSE PARK,2020-12-12,-0.4771474202473958,-0.24365059534708658,0.0025947391986846924,268.96157773335773
ROSE PARK,2020-12-13,-1.3145144780476887,0.7576539119084676,4.6032667114559445e-05,266.23194630940753
ROSE PARK,2020-12-14,0.051073273022969566,-0.09870890776316325,0.0022384554146697155,270.604679107666
ROSE PARK,2020-12-15,0.20746990044911703,0.32968095938364667,0.0004874765872955322,268.7322228749593
ROSE PARK,2020-12-16,-0.9987742106119791,1.2098588943481445,0.0005570471285523126,270.8897844950358
ROSE PARK,2020-12-17,-1.6829465230305989,1.2197881539662678,0.0034789174794127575,270.8728396097819
ROSE PARK,2020-12-18,0.9415620962778727,-0.2353429396947225,0.006171348690884315,271.72968165079754
ROSE PARK,2020-12-19,-1.3992970784505208,1.1822429498036702,8.195638656616211e-06,267.402156829834
ROSE PARK,2020-12-20,-1.5862866640090942,1.4761028289794922,5.021095275381526e-05,269.4186096191406
ROSE PARK,2020-12-21,-1.3122859795888264,1.459510048230489,3.2305967579304706e-05,275.79297574361163
ROSE PARK,2020-12-22,-0.40071741739908856,0.8512001832326254,0.0013639596581924707,272.3891518910726
ROSE PARK,2020-12-23,1.6089820861816406,-0.5960896412531534,0.0016529142855574719,268.27445793151855
ROSE PARK,2020-12-24,-1.2776738007863362,0.5774846076965332,4.351138045421976e-07,263.58314259847003
ROSE PARK,2020-12-25,-1.3034177621205647,0.2786693572998047,1.2845866876887158e-06,265.2080930074056
ROSE PARK,2020-12-26,-1.4355379740397136,0.6591771443684896,0.0016617684488551276,269.17676162719727
ROSE PARK,2020-12-27,-0.2429351806640625,0.6235847473144531,0.0014556229114077723,272.73144721984863
ROSE PARK,2020-12-28,-1.829924503962199,-0.15539105733235678,0.0015325576065947644,266.02277247111004
ROSE PARK,2020-12-29,-0.49392445882161456,-0.3765087127685547,0.0016130626567019135,267.57813390096027
ROSE PARK,2020-12-30,-1.2127756675084431,0.9153500398000082,1.3056397335731162e-05,265.1482461293538
ROSE PARK,2020-12-31,-0.86558997631073,0.36269283294677734,0.0006387894081854029,268.5023536682129
ROSE PARK,2021-01-01,-0.44126911958058673,0.112945556640625,8.296966552734375e-05,267.61021677652997
ROSE PARK,2021-01-02,-1.0570191939671834,0.8894521792729696,0.00010183453559875488,266.94285583496094
ROSE PARK,2021-01-03,-1.5426222880681355,1.4714101155598958,0.002552175521845612,269.1870702107747
ROSE PARK,2021-01-04,-1.8180980682373047,1.273569107055664,0.0002015858887602917,270.52109209696454
ROSE PARK,2021-01-05,0.2400824228922526,0.5448782046635946,0.0038233280180861584,274.23358154296875
ROSE PARK,2021-01-06,-1.449310541152954,0.7584577798843384,3.1679868683909262e-06,267.69814999898273
ROSE PARK,2021-01-07,-0.9785670042037964,0.4149641990661621,0.0,270.24538803100586
ROSE PARK,2021-01-08,-1.3432622750600178,0.5315361022949219,8.583068797918258e-07,268.38944307963055
ROSE PARK,2021-01-09,-0.3441482384999593,-0.24079402287801108,5.1412421612440085e-05,270.6287733713786
ROSE PARK,2021-01-10,-0.7364292144775391,0.4492897192637126,1.9602835209298064e-05,267.22047996520996
ROSE PARK,2021-01-11,-0.9611682891845703,0.4724998474121094,1.9907951127606793e-06,265.88317680358887
ROSE PARK,2021-01-12,-1.1068355242411296,0.5603753328323364,2.572633036379557e-06,267.1128508249919
ROSE PARK,2021-01-13,-1.0930061340332031,1.1416738828023274,0.0008125782011916272,274.0673185984294
ROSE PARK,2021-01-14,0.19153849283854166,0.2405590613683065,0.0011836618184020153,273.57541910807294
ROSE PARK,2021-01-15,-1.3282140096028645,0.7714229822158813,0.0,268.5712585449219
ROSE PARK,2021-01-16,-0.2924276987711589,0.2347492774327596,0.0002008378505706787,274.35920270284015
ROSE PARK,2021-01-17,-1.024300257364909,0.9409325917561849,0.0,271.5085868835449
ROSE PARK,2021-01-18,0.3357117970784505,-0.030814766883850098,0.0008666247128417126,273.8642298380534
ROSE PARK,2021-01-19,-1.340736746788025,-0.4473522901535034,0.00025494396686553955,267.3609759012858
ROSE PARK,2021-01-20,-1.125989278157552,0.6429950396219889,0.0,269.6897735595703
ROSE PARK,2021-01-21,-1.1953055063883464,0.9729066292444865,6.22868537902832e-06,272.00251452128094
ROSE PARK,2021-01-22,-1.3928680817286174,1.3384123245875041,0.0001563429832458496,274.43877029418945
ROSE PARK,2021-01-23,-0.30579598744710285,1.363357384999593,0.010402861237423622,273.990577061971
ROSE PARK,2021-01-24,0.4787712097167969,-0.04676504929860433,0.0038982629776000977,271.21123695373535
ROSE PARK,2021-01-25,-0.9870204925537109,0.39337460199991864,0.00012499094009399414,267.68896929423016
ROSE PARK,2021-01-26,-0.9953467051188151,0.03716723124186198,0.002005520462887489,266.3544527689616
ROSE PARK,2021-01-27,-1.5554949442545574,1.9705829620361328,0.0005078792570998303,266.698200861613
ROSE PARK,2021-01-28,-2.2917781670888266,1.643574317296346,0.0010453760622795016,273.0544770558675
ROSE PARK,2021-01-29,-2.004274368286133,1.2746708790461223,0.0001333974634576407,273.73709042867023
ROSE PARK,2021-01-30,0.3439502716064453,0.8101425170898438,0.006816702184607948,273.18237050374347
ROSE PARK,2021-01-31,-1.426168441772461,0.6352545420328776,7.915496723853721e-06,267.95324961344403
ROSE PARK,2021-02-01,-1.6920960744222004,0.632472554842631,1.2818524055546732e-06,269.34791564941406
ROSE PARK,2021-02-02,-1.6505546569824219,1.319653590520223,1.2814997489840607e-06,272.33691724141437
ROSE PARK,2021-02-03,-0.15807406107584634,1.2114691336949666,0.006538516755369983,275.32255427042645
ROSE PARK,2021-02-04,1.0405928293863933,0.03173510233561198,0.0020671039819148973,271.3039658864339
ROSE PARK,2021-02-05,-0.5778948465983073,1.621547818183899,0.003477659821442103,270.1249287923177
ROSE PARK,2021-02-06,-0.12121899922688802,1.7361700137456257,0.0017487781080944842,272.1364549001058
ROSE PARK,2021-02-07,0.22778828938802084,1.4766217867533367,1.6510736600139353e-06,275.3831151326497
ROSE PARK,2021-02-08,-0.2158819834391276,1.1889406840006511,8.485461080454115e-07,276.00997734069824
ROSE PARK,2021-02-09,-0.5157616933186849,1.1767038504282634,0.0003509759902726728,276.02914746602374
ROSE PARK,2021-02-10,-0.4109306335449219,1.328748067220052,0.0008133649826049805,274.3964246114095
ROSE PARK,2021-02-11,-0.19954363505045572,1.2012214660644531,0.00023517906665659893,276.2070509592692
ROSE PARK,2021-02-12,-0.1935723622639974,1.4104162851969402,0.008324417471783363,275.5546010335286
ROSE PARK,2021-02-13,-0.2762457529703776,0.7843647797902426,0.011284220218556129,274.4789644877116
ROSE PARK,2021-02-14,0.4556371768315633,-0.9533414045969645,0.007351534120061842,269.30866050720215
ROSE PARK,2021-02-15,-1.2320044040679932,1.6970054308573406,0.003664314023581028,267.91687329610187
ROSE PARK,2021-02-16,0.38966814676920575,0.8069947560628256,0.013382571935551368,270.92209307352704
ROSE PARK,2021-02-17,1.9181500673294067,-0.2973212003707886,0.00749754011621917,269.1391518910726
ROSE PARK,2021-02-18,-0.2631340026855469,0.8460264603296915,0.00022223889817496456,266.8969904581706
ROSE PARK,2021-02-19,-1.3936152060826619,1.6797311305999756,0.0021974295377731323,269.0827070871989
ROSE PARK,2021-02-20,-0.43328265349070233,0.46457401911417645,0.005501493811607361,272.95437876383465
ROSE PARK,2021-02-21,1.143353780110677,0.16451199849446616,0.0006511807441711426,270.49619483947754
ROSE PARK,2021-02-22,-0.9344132741292318,1.3129026889801025,8.480426345158776e-06,270.4235553741455
ROSE PARK,2021-02-23,-0.2947216033935547,0.4861612717310588,7.274745826180151e-06,272.12163670857746
ROSE PARK,2021-02-24,-0.3914470672607422,-0.2427224318186442,0.00016720890988608517,270.63622728983563
ROSE PARK,2021-02-25,0.048240224520365395,-0.2765965461730957,0.00013643503189086914,268.39072545369464
ROSE PARK,2021-02-26,-0.47676344712575275,1.9152962764104207,0.00030662417401572384,269.60562960306805
ROSE PARK,2021-02-27,1.1083202362060547,0.24158386389414468,0.00299658580297546,269.086430867513
ROSE PARK,2021-02-28,0.17989730834960938,0.22415796915690103,0.000493472814468987,268.28830973307294
ROSE PARK,2021-03-01,-0.9492791493733724,0.7881341775258383,4.351138045421976e-07,267.67964426676434
ROSE PARK,2021-03-02,-1.4540297190348308,1.0087072451909382,0.0,270.13254992167157
ROSE PARK,2021-03-03,-1.608285903930664,0.689193328221639,0.0,272.7909984588623
ROSE PARK,2021-03-04,-1.3222249348958333,0.8246898651123047,0.0009757310151030651,274.7277463277181
ROSE PARK,2021-03-05,-1.3252906799316406,0.9001973470052084,1.2904405366498395e-06,275.02399253845215
ROSE PARK,2021-03-06,-2.1255855560302734,1.758379379908244,0.0,276.1825803120931
ROSE PARK,2021-03-07,-0.27241961161295575,0.07467313607533772,1.2874602361989673e-06,278.09144910176593
ROSE PARK,2021-03-08,-1.529849370320638,1.8675738175710042,1.186132429609188e-06,278.6839892069499
ROSE PARK,2021-03-09,0.7802829742431641,-0.2624609073003133,0.00017699599266052246,276.98147265116376
ROSE PARK,2021-03-10,0.5427989959716797,0.8416529099146525,0.0016293048858528891,273.29619789123535
ROSE PARK,2021-03-11,-0.846825917561849,0.13205357392628989,0.0018324166535990116,273.43104616800946
ROSE PARK,2021-03-12,-1.386800765991211,-0.9109370708465576,0.00034530460834503174,271.2100296020508
ROSE PARK,2021-03-13,-0.7813955942789713,-1.0501944224039714,0.0024667905827300274,272.4690748850505
ROSE PARK,2021-03-14,0.34112803141276044,-0.7940934896469116,0.0007020428067789908,276.8164831797282
ROSE PARK,2021-03-15,-1.0174967447916667,1.8892873128255208,5.403091449807107e-07,278.0120271046956
ROSE PARK,2021-03-16,-0.5833706061045328,-0.040724992752075195,0.0007093250751495361,277.86962000528973
ROSE PARK,2021-03-17,-0.3294740915298462,0.6488884687423706,0.0006120830773852504,277.6275469462077
ROSE PARK,2021-03-18,-1.1586755116780598,1.508219321568807,8.6903571059338e-06,278.8359794616699
ROSE PARK,2021-03-19,-1.491280237833659,2.140387694040934,3.1972149372450076e-06,280.7934449513753
ROSE PARK,2021-03-20,0.0073045094807942705,1.1951853434244792,0.009676414728119198,279.9723014831543
ROSE PARK,2021-03-21,1.185768763224284,-0.5052234729131063,0.002697592973618157,274.84017690022785
ROSE PARK,2021-03-22,0.013370513916015625,0.3626060485839844,0.000505790114402771,273.10652351379395
ROSE PARK,2021-03-23,-0.12377611796061198,-0.8549029032389323,0.0016506642102172009,274.13719240824383
ROSE PARK,2021-03-24,-0.11383120218912761,-1.3939412434895833,0.00010270178307791866,273.715617497762
ROSE PARK,2021-03-25,-0.5486367543538412,1.359479824701945,0.0009661227463766409,274.956989924113
ROSE PARK,2021-03-26,1.5394776662190754,-0.9025466442108154,0.007279777526850495,274.89310518900555
ROSE PARK,2021-03-27,0.5204753875732422,0.13216590881347656,5.657709436945879e-05,277.2364501953125
ROSE PARK,2021-03-28,-0.8580474853515625,1.7309729258219402,1.2806219729100121e-06,278.1982962290446
ROSE PARK,2021-03-29,0.16980552673339844,0.8340962727864584,0.00019748071332514883,278.97118186950684
ROSE PARK,2021-03-30,1.6595910390218098,-1.6010417938232422,5.79386948516003e-05,272.81818771362305
ROSE PARK,2021-03-31,-0.5010185241699219,0.6458212534586588,2.571995025846263e-06,273.74875195821124
ROSE PARK,2021-04-01,-0.8872025807698568,0.36949841181437176,1.7010105466397363e-06,277.24370829264325
ROSE PARK,2021-04-02,-1.1880919138590496,1.004562497138977,8.753334554967296e-07,281.65269724527997
ROSE PARK,2021-04-03,-1.153088887532552,1.0029626687367756,1.4533433500218962e-05,284.2174752553304
ROSE PARK,2021-04-04,-0.9718825022379557,1.0263557434082031,5.881900335680257e-06,286.4999300638835
ROSE PARK,2021-04-05,-0.4812761942545573,0.4397042592366536,0.00032887411242654707,285.0632184346517
ROSE PARK,2021-04-06,2.7486542463302612,-0.6115074157714844,0.011678674817083845,277.63486353556317
ROSE PARK,2021-04-07,-0.8889058828353882,0.996252695719401,3.3676624298095703e-06,278.07351811726886
ROSE PARK,2021-04-08,-0.24378140767415366,-0.10739771525065105,0.0,281.17127164204913
ROSE PARK,2021-04-09,1.562945048014323,-1.344096302986145,0.0,279.82942962646484
ROSE PARK,2021-04-10,-0.3791389465332031,0.3497613271077474,0.0,279.9045861562093
ROSE PARK,2021-04-11,1.5691331227620442,-1.2420870463053386,4.351138613856165e-07,280.5562203725179
ROSE PARK,2021-04-12,0.29571568965911865,-0.5772991180419922,1.29405162851981e-06,278.6699746449788
ROSE PARK,2021-04-13,-1.5945943196614583,-0.4321500062942505,0.0002991527561171381,278.21781094868976
ROSE PARK,2021-04-14,-1.739053726196289,-0.45895524819691974,0.012126672267868344,277.7348753611247
ROSE PARK,2021-04-15,0.24131139119466147,-0.7656869490941366,0.0034221590060496965,276.9605884552002
ROSE PARK,2021-04-16,-0.044910430908203125,-0.3011614481608073,0.0015377850059508091,278.0455678304036
ROSE PARK,2021-04-17,-1.5694783528645833,-1.4911657174428303,1.4090538019928545e-05,277.027873357137
ROSE PARK,2021-04-18,-0.485110600789388,-0.49433008829752606,4.351138045421976e-07,279.1105416615804
ROSE PARK,2021-04-19,0.5660317738850912,0.524222215016683,0.00038549304008483887,281.6419150034587
ROSE PARK,2021-04-20,0.06083552042643229,-1.0202598571777344,5.662441253662109e-06,278.7588818868001
ROSE PARK,2021-04-21,-1.4962647755940754,-0.7119239568710327,0.0013114959001541138,278.7635803222656
ROSE PARK,2021-04-22,-0.4313353697458903,-0.5369949340820312,3.27564881104081e-05,279.59540430704754
ROSE PARK,2021-04-23,-0.06404558817545573,0.10365875562032063,0.0006968368355160237,281.1412296295166
ROSE PARK,2021-04-24,-0.9389870961507162,1.6012847423553467,0.00019655227657722207,282.87638028462726
ROSE PARK,2021-04-25,0.07657814025878906,-0.2808292309443156,9.474816414467568e-05,282.6787045796712
ROSE PARK,2021-04-26,0.7310428619384766,-0.19951220353444418,0.013480514287948608,279.65014839172363
ROSE PARK,2021-04-27,0.6775398254394531,-1.2313613891601562,0.001526012357203399,278.8326899210612
ROSE PARK,2021-04-28,0.4393582344055176,-1.1729675928751628,1.4501809971534385e-05,281.6961320241292
ROSE PARK,2021-04-29,-0.15908614794413248,-0.3029572566350301,1.6182661006780563e-06,283.17216936747235
ROSE PARK,2021-04-30,-0.6348565419514974,0.33547929922739667,4.351138045421976e-07,286.8408508300781
ROSE PARK,2021-05-01,-0.7885265350341797,0.7372464338938395,8.594989776611328e-05,290.05580647786456
ROSE PARK,2021-05-02,1.9120502471923828,-1.3428125381469727,0.0023245960474014282,286.44865862528485
ROSE PARK,2021-05-03,0.5544389088948568,-1.6995032628377278,0.0009313464164684149,283.6554260253906
ROSE PARK,2021-05-04,0.6037693023681641,-0.031870404879252114,0.00011051595210531673,283.8226089477539
ROSE PARK,2021-05-05,0.1280511220296224,-0.3806525468826294,8.52346317969932e-07,286.45344161987305
ROSE PARK,2021-05-06,-1.1089751720428467,0.7237344980239868,8.52346317969932e-07,287.21540514628094
ROSE PARK,2021-05-07,-0.6257356007893881,1.5931984583536785,0.00032251477241018733,291.3677501678467
ROSE PARK,2021-05-08,2.190782388051351,-1.776318629582723,0.0016602277755737305,284.815377553304
ROSE PARK,2021-05-09,1.563852310180664,-0.7506109873453776,9.471238797686965e-05,282.4721819559733
ROSE PARK,2021-05-10,1.2685591379801433,-0.512571374575297,0.001989937940436448,282.3808078765869
ROSE PARK,2021-05-11,1.302167256673177,-0.5342973073323568,6.666183469405951e-05,283.3047014872233
ROSE PARK,2021-05-12,-0.11580594380696614,0.2257161537806193,1.7195939676639682e-06,284.56024742126465
ROSE PARK,2021-05-13,-0.32184410095214844,-0.0043299198150634766,0.00012134758952697666,288.33441734313965
ROSE PARK,2021-05-14,-0.33134905497233075,-0.15588637193044028,3.1723678773687425e-05,290.71798578898114
ROSE PARK,2021-05-15,-0.5427850087483724,-0.5224936405817667,0.0005301208693708759,290.74293581644696
ROSE PARK,2021-05-16,-0.8718401590983073,-0.7313334147135416,0.0058981986910566775,289.443359375
ROSE PARK,2021-05-17,-0.1580969492594401,-0.37173016866048175,0.0008069753645827404,287.259708404541
ROSE PARK,2021-05-18,-0.22562726338704428,-0.17400884628295898,0.00010048747067870067,289.81843757629395
ROSE PARK,2021-05-19,-0.12377357482910156,0.8833297491073608,8.43048095653387e-05,291.4264024098714
ROSE PARK,2021-05-20,0.9779891967773438,-0.36105871200561523,0.000119435787155453,290.4822425842285
ROSE PARK,2021-05-21,1.6521294911702473,-0.5224194129308065,0.005241811275482178,286.1091016133626
ROSE PARK,2021-05-22,0.33651479085286456,0.4456907908121745,0.0004894435405731201,284.4437115987142
ROSE PARK,2021-05-23,1.0554358164469402,1.141665776570638,0.008815467357635498,283.2304973602295
ROSE PARK,2021-05-24,0.7051823933919271,0.957542896270752,0.003637949106281013,282.94988950093585
ROSE PARK,2021-05-25,-0.5824324289957682,0.3975321451822917,0.00014260411262512207,286.96606826782227
ROSE PARK,2021-05-26,0.7194690704345703,-1.3933614095052083,0.00045217716632350857,288.4944674173991
ROSE PARK,2021-05-27,-0.3155078887939453,-0.04385821024576823,0.0,287.7384147644043
ROSE PARK,2021-05-28,-0.008465449015299479,-0.3781134287516276,2.1129846572875977e-05,290.6101786295573
ROSE PARK,2021-05-29,0.7695871988932291,-1.3908805847167969,7.0035457611083984e-06,291.53752009073895
ROSE PARK,2021-05-30,0.28129005432128906,-0.9349416097005209,2.0909309341732296e-05,291.1101729075114
ROSE PARK,2021-05-31,-0.05799738566080729,-0.8673350016276041,2.518296241760254e-05,292.04208056132
ROSE PARK,2021-06-01,0.12936663627624512,-0.5867065191268921,1.2713479122794524e-06,293.3483530680339
ROSE PARK,2021-06-02,-0.2433235247929891,-0.4710235595703125,5.692243576049805e-06,294.4685064951579
ROSE PARK,2021-06-03,-0.20822525024414062,-0.3609090248743693,1.8732157514023129e-06,296.67932319641113
ROSE PARK,2021-06-04,-0.03896458943684896,-0.1683375040690104,6.854534149169922e-06,298.1818084716797
ROSE PARK,2021-06-05,0.27491692701975506,0.1590703328450521,5.7259201998505205e-05,299.31213569641113
ROSE PARK,2021-06-06,1.0833231608072917,-0.5622634092966715,2.2649765050175574e-06,297.4104684193929
ROSE PARK,2021-06-07,0.783087412516276,0.6281073888142904,5.125999450683594e-06,298.74996757507324
ROSE PARK,2021-06-08,0.11135037740071614,3.038846969604492,0.00015782117833396114,298.121519724528
ROSE PARK,2021-06-09,-0.146262526512146,3.525611956914266,0.0,298.07025655110675
ROSE PARK,2021-06-10,2.1763102213541665,1.0992995500564575,2.3990869522094727e-05,294.5398343404134
ROSE PARK,2021-06-11,0.7558860778808594,-1.0354984601338704,0.0,288.75436846415204
ROSE PARK,2021-06-12,0.016686121622721355,-0.46670103073120117,3.2186508178710938e-06,292.7255096435547
ROSE PARK,2021-06-13,-0.4380791982014974,0.16156605879465738,8.52346317969932e-07,296.9875119527181
ROSE PARK,2021-06-14,-0.5079097747802734,1.6673847039540608,0.0,300.32505989074707
ROSE PARK,2021-06-15,-0.3821570078531901,2.5139691829681396,8.467811198897834e-07,302.02917035420734
ROSE PARK,2021-06-16,1.0913798014322917,-0.3401155074437459,3.515481938620724e-05,302.29869651794434
ROSE PARK,2021-06-17,0.4032173156738281,-0.6226955652236938,2.142786968306609e-06,299.8092098236084
ROSE PARK,2021-06-18,-0.012685139973958334,-0.013241887092590332,1.4036893844604492e-05,300.3758913675944
ROSE PARK,2021-06-19,0.7924556732177734,-0.41675059000651044,2.5200342747666582e-05,301.2070306142171
ROSE PARK,2021-06-20,1.3978989919026692,-0.5148092905680338,1.722058641462354e-06,301.0791206359863
ROSE PARK,2021-06-21,0.4629020690917969,-0.5298755566279093,0.0,299.19832611083984
ROSE PARK,2021-06-22,-0.08403396606445312,1.0779201189676921,0.0,299.5912729899089
ROSE PARK,2021-06-23,0.9277025858561198,0.781536857287089,0.00028357280683621866,300.5518805185954
ROSE PARK,2021-06-24,0.372646967569987,0.824819286664327,0.005357658863033521,295.8932189941406
ROSE PARK,2021-06-25,0.3766714731852214,0.2564811706542969,0.0004080448008494386,293.9639752705892
ROSE PARK,2021-06-26,0.09978739420572917,-1.1348527272542317,3.091990947723389e-05,295.31841977437335
ROSE PARK,2021-06-27,-0.1841271718343099,-0.6227951049804688,0.0,296.1397190093994
ROSE PARK,2021-06-28,-0.784338633219401,-0.6906865437825521,0.0001142203806807629,297.34038670857746
ROSE PARK,2021-06-29,-1.3695557912190754,-0.36382579803466797,1.1736154551300615e-05,297.72892506917316
ROSE PARK,2021-06-30,-1.1805264552434285,0.6432843605677286,0.0005782872437407605,297.4475854237874
ROSE PARK,2021-07-01,-0.7856133778889974,0.4072407086690267,0.000799715518951416,297.33502769470215
ROSE PARK,2021-07-02,-0.07420539855957031,-0.2299781640370687,8.291006088256836e-05,298.5559088389079
ROSE PARK,2021-07-03,-0.11023712158203125,0.10821624596913655,0.00025134682647376394,299.4194615681966
ROSE PARK,2021-07-04,0.12607955932617188,-0.03740628560384115,5.818068399321419e-05,300.59786287943524
ROSE PARK,2021-07-05,1.2971720695495605,-0.43581585089365643,7.709911812980863e-05,300.79807980855304
ROSE PARK,2021-07-06,0.03329594930013021,-0.7139379580815634,0.0,300.1199785868327
ROSE PARK,2021-07-07,-0.05640538533528646,0.2976965506871541,1.9907951305242477e-06,301.37024815877277
ROSE PARK,2021-07-08,0.13527488708496094,-0.12675845623016357,5.444351813821413e-07,302.0888277689616
ROSE PARK,2021-07-09,0.4414685567220052,-0.40004293123881024,1.2814997489840607e-06,303.18332926432294
ROSE PARK,2021-07-10,0.4935111999511719,-0.48734283447265625,8.52346317969932e-07,301.64694849650067
ROSE PARK,2021-07-11,-0.0049559275309244795,-0.14041288693745932,8.52346317969932e-07,301.53107198079425
ROSE PARK,2021-07-12,0.08057212829589844,-0.10925428072611491,0.0010074436663671804,302.4457543690999
ROSE PARK,2021-07-13,0.06274350484212239,1.3270680109659831,0.0007099685516891441,303.2051995595296
ROSE PARK,2021-07-14,0.7676105499267578,0.8252244393030802,0.000495738044566707,302.7242151896159
ROSE PARK,2021-07-15,0.37758636474609375,1.297317902247111,0.00012967288483878292,300.7608922322591
ROSE PARK,2021-07-16,0.44127972920735675,0.5988216400146484,4.7594308853149414e-05,300.6195494333903
ROSE PARK,2021-07-17,0.4393927256266276,0.024874369303385418,2.1636485030285257e-06,301.1234607696533
ROSE PARK,2021-07-18,-0.07047462463378906,-0.41296108563741046,1.7106532368416083e-06,302.1325740814209
ROSE PARK,2021-07-19,0.28163592020670575,-0.09453435738881429,0.0012569129467010498,302.2090193430583
ROSE PARK,2021-07-20,0.2737038930257161,0.2700461149215698,0.0008074194192886353,299.7015844980876
ROSE PARK,2021-07-21,0.1930993398030599,0.16742579142252603,0.0005883574485778809,300.1460596720378
ROSE PARK,2021-07-22,0.15163675944010416,0.9860413869222006,0.0001291036605834961,301.70374552408856
ROSE PARK,2021-07-23,0.21254920959472656,-0.04167433579762777,0.0005817353725419139,300.79176839192706
ROSE PARK,2021-07-24,0.6169389088948568,-1.5662863651911418,2.0319223398956865e-05,300.7885030110677
ROSE PARK,2021-07-25,0.6569385528564453,-0.5066962242126465,8.60500051658164e-07,300.6786416371663
ROSE PARK,2021-07-26,-0.15119298299153647,0.2526086171468099,5.275905131796321e-05,300.2582079569499
ROSE PARK,2021-07-27,0.029409408569335938,1.8010985056559246,0.00030362606048583984,301.52181752522785
ROSE PARK,2021-07-28,-0.19522857666015625,0.1830911636352539,0.0025121599434783093,300.52355702718097
ROSE PARK,2021-07-29,0.55926513671875,-0.8839589357376099,0.001498568542558587,299.12008730570477
ROSE PARK,2021-07-30,0.0747820536295573,0.12808442115783691,0.001554602384562287,298.5738124847412
ROSE PARK,2021-07-31,0.00989532470703125,-0.123260498046875,0.002867088784174854,298.69733301798504
ROSE PARK,2021-08-01,-0.2790457407633464,0.13559512297312418,0.0023831754922412074,297.48795954386395
ROSE PARK,2021-08-02,0.5121466318766276,-0.18184451262156168,0.007366651339328456,296.26774978637695
ROSE PARK,2021-08-03,1.062466303507487,-0.8748674392700195,2.7854079803546483e-05,297.0450789133708
ROSE PARK,2021-08-04,0.15218607584635416,-0.4093634287516276,0.0,297.7347520192464
ROSE PARK,2021-08-05,-0.41822242736816406,0.9694668849309286,2.516806125640869e-05,299.5943832397461
ROSE PARK,2021-08-06,1.6233450571695964,0.21906554698944092,0.00010105073448585244,300.2780755360921
ROSE PARK,2021-08-07,0.9167677561442057,-0.09520872433980306,4.351138045421976e-07,296.5128231048584
ROSE PARK,2021-08-08,-0.2209650675455729,0.946157693862915,1.2945832281729963e-06,297.32058652242023
ROSE PARK,2021-08-09,1.1637369791666667,-1.0295461018880208,6.268433935474604e-06,299.4046567281087
ROSE PARK,2021-08-10,0.37960561116536456,-0.5004463990529379,0.0,296.92524846394855
ROSE PARK,2021-08-11,0.1779022216796875,-0.07529966036478679,1.707026910935383e-06,296.6704959869385
ROSE PARK,2021-08-12,0.11932309468587239,-0.2526536782582601,1.309018387019023e-06,298.110652923584
ROSE PARK,2021-08-13,-0.012416839599609375,-0.49374548594156903,1.281411890374784e-06,299.8208827972412
ROSE PARK,2021-08-14,0.07822163899739583,-0.18577726682027182,0.0005521047611409813,300.3065490722656
ROSE PARK,2021-08-15,0.314334233601888,-0.23875276247660318,8.538365364074707e-06,299.6814727783203
ROSE PARK,2021-08-16,0.2012170155843099,-0.2646336555480957,1.7195939108205494e-06,299.5792128245036
ROSE PARK,2021-08-17,-0.42896143595377606,1.5386665264765422,0.00028202235688468136,299.7255490620931
ROSE PARK,2021-08-18,0.35602760314941406,1.4027714729309082,0.016474124789169764,294.26710828145343
ROSE PARK,2021-08-19,1.165140151977539,-0.22255659103393555,0.01855726558403603,287.1773058573405
ROSE PARK,2021-08-20,-0.013352711995442709,1.1673373778661091,2.120205232358785e-05,288.91995938618976
ROSE PARK,2021-08-21,-1.018531044324239,1.864418903986613,0.00047444105138083614,291.9080289204915
ROSE PARK,2021-08-22,-0.3199339310328166,0.937010645866394,0.006671392917628083,291.8252747853597
ROSE PARK,2021-08-23,-0.8566023906071981,2.237164855003357,4.351138045421976e-07,295.22524134318036
ROSE PARK,2021-08-24,-0.8781471252441406,2.6035022338231406,1.7090805499719863e-06,295.85321617126465
ROSE PARK,2021-08-25,-0.8513444264729818,2.3774248361587524,1.9108143703761016e-05,296.43249638875324
ROSE PARK,2021-08-26,-0.15847396850585938,0.564535935719808,5.604028700645358e-05,296.0597089131673
ROSE PARK,2021-08-27,-0.12349192301432292,-0.07754282156626384,1.7217039953720814e-06,293.8915259043376
ROSE PARK,2021-08-28,0.1261742909749349,-0.6281384627024332,4.261732051702438e-07,294.09592310587567
ROSE PARK,2021-08-29,-0.06435839335123698,-0.09696980317433675,6.678345016553067e-06,293.5975564320882
ROSE PARK,2021-08-30,-0.3023846944173177,0.18448173999786377,7.092952678533493e-07,295.48042424519855
ROSE PARK,2021-08-31,-0.6753559112548828,0.9949774742126465,6.84261311789669e-06,297.00661214192706
ROSE PARK,2021-09-01,-0.7213160196940104,1.4890795946121216,5.9518217938148155e-05,296.92157554626465
ROSE PARK,2021-09-02,-0.4157784779866536,1.3692574103673298,0.0014689619108594343,295.3622220357259
ROSE PARK,2021-09-03,-0.03423436482747396,0.2107264200846354,0.0016999505623971345,293.412441889445
ROSE PARK,2021-09-04,-0.2542584737141927,0.038953145345052086,-1.446096575818956e-10,292.8372802734375
ROSE PARK,2021-09-05,-0.48239390055338544,0.025370279947916668,0.0,294.32432047526044
ROSE PARK,2021-09-06,-0.45856666564941406,0.2676319678624471,1.7201011246470443e-06,295.5028476715088
ROSE PARK,2021-09-07,-0.5772781372070312,-0.16196107864379883,0.0,295.492088953654
ROSE PARK,2021-09-08,-0.47487958272298175,0.08113638559977214,4.351138045421976e-07,295.335485458374
ROSE PARK,2021-09-09,-0.759955088297526,0.5992046594619751,8.468390433336026e-07,296.1603832244873
ROSE PARK,2021-09-10,-0.7414321899414062,1.315834403038025,0.0006023710321869657,298.3290252685547
ROSE PARK,2021-09-11,0.18869781494140625,0.887237548828125,0.00033858418464660645,296.9229736328125
ROSE PARK,2021-09-12,-0.1232744852701823,0.39417846997578937,1.570582389831543e-05,294.36574999491376
ROSE PARK,2021-09-13,0.1563440958658854,-0.4960538148880005,0.00022228658195899698,295.1308422088623
ROSE PARK,2021-09-14,0.24852561950683594,-0.4413849512736003,8.52346317969932e-07,293.7090498606364
ROSE PARK,2021-09-15,-0.19924481709798178,0.48565514882405597,1.7225742112714215e-06,293.3440570831299
ROSE PARK,2021-09-16,0.0074100494384765625,0.3076306978861491,1.8247961975248472e-05,293.89765485127765
ROSE PARK,2021-09-17,0.019747416178385418,0.3035732905069987,8.595241638431617e-07,293.3943627675374
ROSE PARK,2021-09-18,-1.2023518880208333,2.515762130419413,0.0007803738117218018,293.586856842041
ROSE PARK,2021-09-19,0.3378111521402995,2.304561654726664,0.00041983795398436996,293.03453254699707
ROSE PARK,2021-09-20,1.6443958282470703,-1.880404790242513,0.0004573017358779907,285.7161324818929
ROSE PARK,2021-09-21,-0.006939212481180827,-0.33821360270182294,8.52346317969932e-07,286.142853418986
ROSE PARK,2021-09-22,-0.2718340555826823,0.2828896840413411,8.52346317969932e-07,288.6172955830892
ROSE PARK,2021-09-23,-0.3064034779866536,-0.38732020060221356,0.00020405650133170639,290.2630093892415
ROSE PARK,2021-09-24,0.10084291299184163,-0.22820091247558594,5.904496447328711e-09,290.07223892211914
ROSE PARK,2021-09-25,-0.2222417195638021,0.3106178442637126,1.2841062471125042e-06,290.939240137736
ROSE PARK,2021-09-26,-0.5106219450632731,0.07124845186869304,4.2319288695580326e-07,292.39668464660645
ROSE PARK,2021-09-27,-0.5326970418294271,0.1381092071533203,0.0,292.858336130778
ROSE PARK,2021-09-28,0.32331275939941406,-0.25570933024088544,0.0012058198450972668,291.2041708628337
ROSE PARK,2021-09-29,1.8945293426513672,-1.7366944551467896,0.00014380593353280346,284.4513130187988
ROSE PARK,2021-09-30,0.418484369913737,-0.7149930795033773,0.00011352002610465206,285.2347304026286
ROSE PARK,2021-10-01,0.15366554260253906,-0.17620197931925455,2.4974345933514996e-06,285.96389134724933
ROSE PARK,2021-10-02,0.012755076090494791,-0.05321311950683594,8.584406785416832e-07,287.4044946034749
ROSE PARK,2021-10-03,-0.2657988468805949,0.09840174516042073,1.4867254094497184e-09,287.8942159016927
ROSE PARK,2021-10-04,-0.7664445241292318,0.7693694829940796,0.0,288.9011427561442
ROSE PARK,2021-10-05,-1.3067334493001301,1.031396786371867,0.00016282796849509396,290.6840292612712
ROSE PARK,2021-10-06,-0.9192784627278646,1.6519664923350017,0.005184006690985399,288.2237663269043
ROSE PARK,2021-10-07,-0.37450726826985675,1.3016058603922527,0.0009934306144714355,288.09352111816406
ROSE PARK,2021-10-08,-1.0629685719807942,1.8420197168986003,0.0026072412729263306,286.72241401672363
ROSE PARK,2021-10-09,1.5029659271240234,0.7127628326416016,0.02279612421989441,282.3544292449951
ROSE PARK,2021-10-10,0.8087870279947916,0.1827179193496704,0.00045925378799438477,282.5172284444173
ROSE PARK,2021-10-11,-0.3342355092366536,0.666636069615682,0.0008366707064055845,281.7420342763265
ROSE PARK,2021-10-12,1.6273085276285808,-1.391122857729594,0.009239795803921425,278.5365842183431
ROSE PARK,2021-10-13,1.4668515920639038,0.38138794898986816,0.0037293285131454468,276.9962463378906
ROSE PARK,2021-10-14,1.4554150899251301,-0.05903446674346924,0.0030845093555171843,277.2764975229899
ROSE PARK,2021-10-15,-0.3457438151041667,0.463639775911967,0.00014683902253409542,276.41607729593915
ROSE PARK,2021-10-16,-0.871636708577474,-0.07187052567799886,0.0,278.4546298980713
ROSE PARK,2021-10-17,-1.4561659495035808,1.2014593680699666,1.7106532936850272e-06,281.54400126139325
ROSE PARK,2021-10-18,-1.6276690165201824,1.3152179320653279,0.0014755189418451664,283.7128442128499
ROSE PARK,2021-10-19,-0.2916558583577474,1.6666571696599324,0.017298716306640927,277.9522196451823
ROSE PARK,2021-10-20,-1.5315252939860027,1.1365331808725994,0.0,278.3478597005208
ROSE PARK,2021-10-21,-1.350333531697591,0.7523769537607828,0.0,281.46582158406574
ROSE PARK,2021-10-22,-1.7322940826416016,1.2902377446492512,1.7195939108205494e-06,282.823429107666
ROSE PARK,2021-10-23,0.09936714172363281,0.39922070503234863,0.003393688797945771,282.60192998250324
ROSE PARK,2021-10-24,-1.535104751586914,1.0410668849945068,0.0010714083909988403,279.76906458536786
ROSE PARK,2021-10-25,-1.6770693461100261,3.5928942362467446,0.0005417478924414354,286.8134136199951
ROSE PARK,2021-10-26,2.5053698221842446,-0.47017912069956463,0.025236788391964637,278.68575223286945
ROSE PARK,2021-10-27,0.4934654235839844,0.9807771046956381,0.0007746845482756726,279.0859069824219
ROSE PARK,2021-10-28,-0.2902990976969401,0.543877919514974,6.718933582305908e-05,281.19359461466473
ROSE PARK,2021-10-29,-1.0975596110026042,0.4221736987431844,0.0,280.0305067698161
ROSE PARK,2021-10-30,-1.206594467163086,0.3700815836588542,8.52346317969932e-07,281.4018548329671
ROSE PARK,2021-10-31,-1.0178091526031494,0.6571329434712728,4.839897155761719e-05,282.82826868693036
ROSE PARK,2021-11-01,-0.9398801724116007,0.5546048482259115,0.0006288588047027588,282.28960673014325
ROSE PARK,2021-11-02,0.1017290751139323,-0.04702631632486979,0.007638052117499683,283.11855061848956
ROSE PARK,2021-11-03,-0.6595802307128906,0.12065414587656657,2.8682032677807e-05,279.928679784139
ROSE PARK,2021-11-04,-0.9936974843343099,0.8246719837188721,2.5622088060117676e-06,280.86989339192706
ROSE PARK,2021-11-05,-0.5157674153645834,0.3762827714284261,8.523463748133508e-07,284.2254632314046
ROSE PARK,2021-11-06,-1.5085029602050781,1.8121140003204346,4.261732051702438e-07,283.4099515279134
ROSE PARK,2021-11-07,0.7373218536376953,-0.1707173983256022,5.862893090124999e-06,282.8778127034505
ROSE PARK,2021-11-08,0.23691066106160483,-0.5412546793619791,0.0007180677434348581,279.09610239664715
ROSE PARK,2021-11-09,-1.0972270965576172,0.9066314697265625,0.0027070127540014255,278.5071938832601
ROSE PARK,2021-11-10,0.34130223592122394,0.5063877105712891,0.00472035962445716,279.50607109069824
ROSE PARK,2021-11-11,-0.20722071329752603,0.901008407274882,0.00011910448847629596,278.7580025990804
ROSE PARK,2021-11-12,-0.5395634969075521,0.9955992301305135,0.00016083954818668644,280.69034131368
ROSE PARK,2021-11-13,-0.7795422871907552,0.46985936164855957,1.7136334804490616e-06,280.3918164571126
ROSE PARK,2021-11-14,-0.8700103759765625,1.1384900410970051,1.284479992591514e-06,281.4086119333903
ROSE PARK,2021-11-15,-1.412515640258789,1.476620356241862,4.351138045421976e-07,282.364221572876
ROSE PARK,2021-11-16,0.2803357442220052,0.521508534749349,0.004261040687538298,282.55144119262695
ROSE PARK,2021-11-17,1.453664779663086,-1.1131846110026042,2.743601788779415e-05,274.366600672404
ROSE PARK,2021-11-18,-0.3539727528889974,0.2835350036621094,8.583068797918258e-07,274.9471912384033
ROSE PARK,2021-11-19,-0.7204386393229166,0.1124872366587321,0.00037941634650451306,278.2966423034668
ROSE PARK,2021-11-20,0.040926615397135414,-0.15444564819335938,0.0032628715038072187,277.65846570332843
ROSE PARK,2021-11-21,-0.24647299448649088,0.1560389200846354,1.48843893157391e-05,275.1287218729655
ROSE PARK,2021-11-22,-0.6263999938964844,-0.09622748692830403,1.0788440647502284e-05,274.7187048594157
ROSE PARK,2021-11-23,-0.8589795430501302,0.498562494913737,8.553266184208042e-07,275.80015246073407
ROSE PARK,2021-11-24,1.8581097920735676,-1.4838451544443767,0.0018944740294273288,273.97959391276044
ROSE PARK,2021-11-25,-0.21555336316426596,0.08926033973693848,3.895163501965726e-06,273.69074694315594
ROSE PARK,2021-11-26,-0.8038644790649414,0.044640819231669106,0.0,274.0950291951497
ROSE PARK,2021-11-27,-0.6722598473230997,-0.0729217529296875,8.553266184208042e-07,275.63742510477704
ROSE PARK,2021-11-28,-1.0683671236038208,0.22568170229593912,4.368416739453096e-10,275.7232748667399
ROSE PARK,2021-11-29,-1.1330581506093342,0.2532379627227783,4.351138045421976e-07,276.241055170695
ROSE PARK,2021-11-30,-0.65745476881663,0.11980132261912028,1.7195939676639682e-06,278.310261408488
ROSE PARK,2021-12-01,-0.9230709075927734,0.11187012990315755,2.002715973503655e-06,276.30244636535645
ROSE PARK,2021-12-02,-0.9711983998616537,0.20824774106343588,1.707672993234155e-06,276.3406562805176
ROSE PARK,2021-12-03,-0.8011824289957682,0.001000801722208659,8.52346317969932e-07,277.0588906606038
ROSE PARK,2021-12-04,-1.0173333485921223,0.4765189091364543,4.291533514333423e-06,276.4642041524251
ROSE PARK,2021-12-05,-0.1626440684000651,0.38502931594848633,-5.170477379579097e-09,278.81684430440265
ROSE PARK,2021-12-06,-0.25158246358235675,0.7154324054718018,5.6356666732426675e-05,276.7081864674886
ROSE PARK,2021-12-07,-0.4913209279378255,0.493317445119222,1.2661341997954878e-05,276.9028485616048
ROSE PARK,2021-12-08,-0.8983573913574219,1.3102553288141887,0.0,275.77227274576825
ROSE PARK,2021-12-09,0.49465688069661456,0.7102339665095011,0.011545087323497683,275.8055502573649
ROSE PARK,2021-12-10,2.1722759008407593,-0.642499049504598,0.006052780151264869,269.2753378550212
ROSE PARK,2021-12-11,-1.5126421451568604,1.8142781654993694,3.044903274940225e-05,265.6373208363851
ROSE PARK,2021-12-12,-1.8010711669921875,1.9324096043904622,3.039836883544922e-06,270.7199001312256
ROSE PARK,2021-12-13,-2.244874954223633,1.938841740290324,2.0623206751224643e-06,272.7315553029378
ROSE PARK,2021-12-14,-2.3961639404296875,2.906696319580078,1.1387467338863644e-05,277.3509521484375
ROSE PARK,2021-12-15,1.858242670694987,0.12950034936269125,0.01258117854594687,271.8855609893799
ROSE PARK,2021-12-16,-1.4103107452392578,1.4486911296844482,0.001969963312149048,266.7434317270915
ROSE PARK,2021-12-17,0.10342915852864583,1.0134811401367188,0.0025169134138991467,269.50438181559247
ROSE PARK,2021-12-18,-1.215121587117513,0.8084131876627604,0.00023220479488372803,266.2137972513835
ROSE PARK,2021-12-19,-1.6435585021972656,0.6614863077799479,3.1888484954833984e-06,265.0853983561198
ROSE PARK,2021-12-20,-1.724538803100586,0.8015106121699015,1.2934207802572928e-06,267.7052586873372
ROSE PARK,2021-12-21,-1.6954021453857422,0.6907081604003906,8.583068833445395e-07,268.4518102010091
ROSE PARK,2021-12-22,-1.7208061218261719,0.60772705078125,5.343854417105831e-05,267.2738399505615
ROSE PARK,2021-12-23,-1.4170275926589966,2.4975998401641846,0.0025270283222198486,273.9817924499512
ROSE PARK,2021-12-24,-0.2754230499267578,2.3573290506998696,0.013937133550541603,275.68661880493164
ROSE PARK,2021-12-25,0.09275257587432861,2.8238436381022134,0.005463302135467529,273.9013328552246
ROSE PARK,2021-12-26,1.3165270884831746,2.9594082832336426,0.006331500086673714,274.1970742543538
ROSE PARK,2021-12-27,-0.5496997833251953,2.9410177071889243,0.0011141273641896987,269.28030586242676
ROSE PARK,2021-12-28,0.6039057572682699,0.02349702517191569,0.008146518468851838,267.40568860371906
ROSE PARK,2021-12-29,-0.7874681949615479,1.05007537206014,0.0013319302196173055,265.7049039204915
ROSE PARK,2021-12-30,-0.012090722719828287,2.5723592042922974,0.003932268941014172,270.5968310038249
ROSE PARK,2021-12-31,1.0285227696100872,0.2652425765991211,0.01356579661359092,270.7927824656169
ROSE PARK,2022-01-01,0.9584140777587891,-0.7926870981852213,0.0005646735428967986,264.4744052886963
ROSE PARK,2022-01-02,-1.2661895751953125,0.8165003458658854,1.284480094909668e-05,261.68872769673663
ROSE PARK,2022-01-03,-1.8327364921569824,0.990240732828776,1.6901151980164286e-06,263.6251341501872
ROSE PARK,2022-01-04,-1.0467363993326824,1.9980252583821614,0.000854983925819397,269.7165241241455
ROSE PARK,2022-01-05,-0.8247865041097006,2.0810858408610025,0.008927702903747559,272.578556060791
ROSE PARK,2022-01-06,-0.5701986948649088,1.6867992480595906,0.00885586738576194,275.7483393351237
ROSE PARK,2022-01-07,-1.4076582590738933,2.1181131998697915,0.00010387897481223263,274.61257044474286
ROSE PARK,2022-01-08,0.6238803863525391,0.09309128920237224,0.002206742763519287,275.3486557006836
ROSE PARK,2022-01-09,-0.8865458170572916,0.34006675084431964,7.992982830273831e-06,270.4515743255615
ROSE PARK,2022-01-10,-1.0259193579355876,0.1921710968017578,1.2858445188612677e-06,267.7712968190511
ROSE PARK,2022-01-11,-0.7628344297409058,0.061239401499430336,1.2904404798064206e-06,269.36104583740234
ROSE PARK,2022-01-12,-1.053740421930949,0.3476495345433553,0.0,270.82855733235675
ROSE PARK,2022-01-13,-1.402383804321289,0.519006093343099,1.285171833842469e-06,271.2750638326009
ROSE PARK,2022-01-14,0.06107330322265625,-0.23847572008768717,3.355443476493747e-05,273.94541931152344
ROSE PARK,2022-01-15,-0.6441249847412109,0.30421193440755206,5.718618467653869e-09,270.0327320098877
ROSE PARK,2022-01-16,-0.8503595987955729,-0.029431660970052082,0.0,270.14932441711426
ROSE PARK,2022-01-17,-0.6660963694254557,-0.10764217376708984,2.430683707643766e-06,270.6950963338216
ROSE PARK,2022-01-18,-0.4675573507944743,-0.06818453470865886,1.2878651318715129e-06,272.093074798584
ROSE PARK,2022-01-19,-0.1282049814860026,-0.10629292329152425,7.899105548858643e-05,272.2268880208333
ROSE PARK,2022-01-20,0.0066331227620442705,0.5901018778483073,0.00015605390071371517,270.75527572631836
ROSE PARK,2022-01-21,-0.03514226277669271,-0.031017303466796875,0.0026677852977741168,272.6548309326172
ROSE PARK,2022-01-22,-0.08653322855631511,-0.4449920654296875,5.956888196578802e-05,269.7139383951823
ROSE PARK,2022-01-23,-0.060924530029296875,-0.20404370625813803,4.470348358154297e-07,269.1376584370931
ROSE PARK,2022-01-24,-0.5762577454249064,0.3417167663574219,1.8090007642967976e-06,270.1556701660156
ROSE PARK,2022-01-25,0.4018000364303589,-0.6068763335545858,0.001589614152806007,271.63464546203613
ROSE PARK,2022-01-26,-0.34284170468648273,0.2876710096995036,1.4901161193847656e-07,269.4568398793538
ROSE PARK,2022-01-27,-0.1744556427001953,-0.3072988986968994,2.607173485102976e-06,270.05738830566406
ROSE PARK,2022-01-28,-0.6324850718180338,-0.02863279978434245,4.3671061078498496e-07,267.4466037750244
ROSE PARK,2022-01-29,-0.9537016550699869,-0.12876546382904053,1.2814998058274796e-06,267.43924649556476
ROSE PARK,2022-01-30,-0.6365534464518229,-0.12095705668131511,4.351138045421976e-07,268.72617022196454
ROSE PARK,2022-01-31,-0.6141339937845866,0.31118667125701904,2.622602551127784e-06,270.4473412831624
ROSE PARK,2022-02-01,0.618442972501119,-0.5415900548299154,4.2098760502540244e-05,269.44017791748047
ROSE PARK,2022-02-02,1.0019073486328125,-0.8272788127263387,0.0008377581834793091,266.818598429362
ROSE PARK,2022-02-03,0.16193958123524985,-0.07489458719889323,0.00021388530730703792,265.75025177001953
ROSE PARK,2022-02-04,-0.23978424072265625,0.05713450908660889,1.3828277474203787e-06,266.7048403422038
ROSE PARK,2022-02-05,-0.6989765167236328,0.35730433464050293,8.52346317969932e-07,268.84879875183105
ROSE PARK,2022-02-06,-0.41100184122721356,-0.07642197608947754,3.300022399344016e-06,270.32732518513996
ROSE PARK,2022-02-07,-0.6196282704671224,0.20366223653157553,8.434732876594353e-07,270.2664540608724
ROSE PARK,2022-02-08,-0.6976299285888672,0.2754987080891927,4.351138613856165e-07,272.78659375508624
ROSE PARK,2022-02-09,-0.4681084950764974,0.11022122701009114,2.8792678676836658e-05,273.52928098042804
ROSE PARK,2022-02-10,-0.39901097615559894,0.13183911641438803,4.291536193079537e-07,273.87075424194336
ROSE PARK,2022-02-11,-0.4436810811360677,0.45309893290201825,0.0,275.32847658793133
ROSE PARK,2022-02-12,-0.5426235198974609,0.18060755729675293,0.0,272.78884824117023
ROSE PARK,2022-02-13,-0.9740206400553385,0.5286279519399008,2.573267693151138e-06,273.0555960337321
ROSE PARK,2022-02-14,-1.3639157613118489,1.3663575649261475,2.570480319263879e-06,275.0417245229085
ROSE PARK,2022-02-15,-0.7297687530517578,1.2297064463297527,1.0125090739165898e-06,275.72731653849286
ROSE PARK,2022-02-16,1.4963003794352214,-0.3488125801086426,0.002713337540626526,271.93591054280597
ROSE PARK,2022-02-17,0.5178985595703125,-0.06392161051432292,0.000147208571434021,271.2415428161621
ROSE PARK,2022-02-18,-0.6781876881917318,0.5903099775314331,3.5762786865234375e-07,271.49282519022626
ROSE PARK,2022-02-19,-1.0320930480957031,1.2246102889378865,8.615441338122309e-07,274.5438645680745
ROSE PARK,2022-02-20,-1.0482336680094402,2.229710896809896,4.351138045421976e-07,276.28654861450195
ROSE PARK,2022-02-21,1.1441548665364583,-0.1807104746500651,0.001797005534172058,274.51054255167645
ROSE PARK,2022-02-22,-0.6088205973307291,0.589592695236206,0.0010840257733093495,270.8272457122803
ROSE PARK,2022-02-23,-1.3571077982584636,-1.1490682363510132,0.002915045618919976,265.20296986897785
ROSE PARK,2022-02-24,0.403415044148763,0.8306657075881958,0.0007568299770355225,265.5656967163086
ROSE PARK,2022-02-25,0.5658671061197916,0.3755238850911458,0.0017333656548430554,266.50004895528156
ROSE PARK,2022-02-26,-0.4535910288492839,0.3192494710286458,8.183717625342979e-06,264.5826530456543
ROSE PARK,2022-02-27,-0.8260752360026041,0.3216904004414876,8.52346317969932e-07,265.34313710530597
ROSE PARK,2022-02-28,-0.9298733472824097,0.32786818345387775,8.702277796146518e-07,270.26190249125165
ROSE PARK,2022-03-01,-1.0629558563232422,0.4858551025390625,0.0,275.24379285176593
ROSE PARK,2022-03-02,-1.0673255920410156,0.7648156483968099,8.612870487922919e-07,278.3222846984863
ROSE PARK,2022-03-03,-1.5290133158365886,1.3535921573638916,1.7225727333425311e-06,279.7542559305827
ROSE PARK,2022-03-04,-1.7172857920328777,1.9015098015467327,0.0016108065843241093,279.8588403065999
ROSE PARK,2022-03-05,-0.12287012736002605,1.6556929349899292,0.001935431361175688,277.26135953267413
ROSE PARK,2022-03-06,1.2358233133951824,0.6968483130137125,0.0114231824863964,272.3964926401774
ROSE PARK,2022-03-07,-0.39301490783691406,0.5431118806203207,2.485215657088702e-05,267.0963897705078
ROSE PARK,2022-03-08,-1.071407953898112,1.5314565102259319,0.0007175207138061523,266.01356442769367
ROSE PARK,2022-03-09,0.7694454193115234,0.9252467552820841,0.008813834805835086,271.8706118265788
ROSE PARK,2022-03-10,0.7075837453206381,-0.7119375864664713,0.0002101540564467541,267.58253479003906
ROSE PARK,2022-03-11,-0.7065766652425131,1.0500984986623128,8.583068833445395e-07,265.15297826131183
ROSE PARK,2022-03-12,-1.4620139996210735,1.805847406387329,8.665701329846343e-07,269.6670564015706
ROSE PARK,2022-03-13,-1.1354166666666667,1.5595722993214924,0.0016568034886290661,273.4009888966878
ROSE PARK,2022-03-14,0.1861445109049479,0.49102528889973956,0.0010003120508486063,274.3972981770833
ROSE PARK,2022-03-15,-1.2107226053873699,1.223232666651408,1.1622905731201172e-06,274.8583119710286
ROSE PARK,2022-03-16,0.2112585703531901,-0.6430179278055826,0.0018137425183226696,276.67465591430664
ROSE PARK,2022-03-17,0.5641613006591797,-0.3493953545888265,6.569623940322344e-05,275.4946975708008
ROSE PARK,2022-03-18,-0.12751134236653647,0.10099220275878906,1.589953899383545e-05,276.2880516052246
ROSE PARK,2022-03-19,-1.538088043530782,1.7620590130488079,1.0460614134899515e-06,277.97596168518066
ROSE PARK,2022-03-20,0.04234894116719564,0.467118501663208,0.004398853266138758,277.74593925476074
ROSE PARK,2022-03-21,1.0809129079182942,-0.7441855669021606,6.338558017660034e-05,273.69432703653973
ROSE PARK,2022-03-22,0.3282581567764282,-0.6981848478317261,9.167194264136924e-06,274.86262130737305
ROSE PARK,2022-03-23,-0.19635514418284097,0.18332306543986002,1.868605522759026e-06,276.0107892354329
ROSE PARK,2022-03-24,-0.5624852577845255,0.6385842561721802,1.7252261841349537e-06,279.6480261484782
ROSE PARK,2022-03-25,-0.944128672281901,1.2871222893397014,4.4574452999768255e-06,282.387388865153
ROSE PARK,2022-03-26,-1.2350578308105469,1.5297126770019531,0.0,285.41272354125977
ROSE PARK,2022-03-27,-1.5349966684977214,2.015198985735575,2.1338461806408304e-06,287.031400680542
ROSE PARK,2022-03-28,-1.7113901774088542,2.6382840474446616,4.9501657485961914e-05,286.8221238454183
ROSE PARK,2022-03-29,-0.3779888153076172,0.6123998165130615,0.00184499621390799,281.7053737640381
ROSE PARK,2022-03-30,1.1632620493570964,-0.6351868311564127,0.0007084310054779053,281.22438621520996
ROSE PARK,2022-03-31,0.5224157969156901,-0.06892367204030354,0.002446189522743225,278.696746190389
ROSE PARK,2022-04-01,0.5715923309326172,0.1144696871439616,4.0077063090393494e-06,279.28617095947266
ROSE PARK,2022-04-02,-0.30544471740722656,0.15755343437194824,1.2965458040525846e-06,279.9820849100749
ROSE PARK,2022-04-03,0.7485227982203165,-0.8252277374267578,8.52346317969932e-07,281.57460594177246
ROSE PARK,2022-04-04,-0.3540624777475993,1.0062877337137859,0.0005526840668608202,280.0692189534505
ROSE PARK,2022-04-05,1.9687798817952473,-1.0866458415985107,0.008443146943989177,279.2768726348877
ROSE PARK,2022-04-06,1.4968312581380208,-2.0484874645868936,1.369694876984795e-05,275.49891408284503
ROSE PARK,2022-04-07,-0.3060067494710286,-0.26414791742960614,4.730148539522361e-07,276.6183331807454
ROSE PARK,2022-04-08,-0.8071950276692709,0.6100261608759562,0.0,280.943551381429
ROSE PARK,2022-04-09,0.49821726481119794,-0.15687914689381918,0.0001389831304550171,283.14016342163086
ROSE PARK,2022-04-10,2.4909489949544272,-1.7145307064056396,0.00018030405044555664,276.99439938863117
ROSE PARK,2022-04-11,-0.7201969623565674,1.4982877572377522,0.0008065283298037684,278.7170295715332
ROSE PARK,2022-04-12,3.214687784512838,-0.8478984038035074,0.009981055641560488,273.74441782633465
ROSE PARK,2022-04-13,2.07990038394928,0.5255651076634725,0.0016634166240692139,271.6356366475423
ROSE PARK,2022-04-14,-0.3972127040227254,1.3062866926193237,0.0008747130632400513,275.4859078725179
ROSE PARK,2022-04-15,-0.03781346480051676,0.18631609280904135,0.006562195687649819,279.12850189208984
ROSE PARK,2022-04-16,-0.8001822630564371,0.5466010173161825,0.001333004236130364,279.83729616800946
ROSE PARK,2022-04-17,0.45270411173502606,-0.3663276433944702,0.0026701271532942883,280.71424929300946
ROSE PARK,2022-04-18,-1.0635096232096355,0.24589447180430093,5.69522370597042e-06,281.47578557332355
ROSE PARK,2022-04-19,-0.3448038101196289,0.12081313133239746,4.5001496573604527e-07,286.05217997233075
ROSE PARK,2022-04-20,0.1035931905110677,0.26186490058898926,0.0010431438684008754,281.3867829640706
ROSE PARK,2022-04-21,-0.7467873891194662,2.086044748624166,8.643726232548943e-07,285.9907709757487
ROSE PARK,2022-04-22,1.6223557790120442,-0.5633870363235474,0.008792276666266474,282.03750228881836
ROSE PARK,2022-04-23,2.5965011517206826,-0.8982272942860922,0.007949280738728248,278.54618644714355
ROSE PARK,2022-04-24,1.2492866516113281,-0.8879000345865885,0.000358819961604695,280.24341519673663
ROSE PARK,2022-04-25,-0.5502904256184896,0.46684900919596356,2.1833181278907432e-05,280.2107276916504
ROSE PARK,2022-04-26,-1.1891009012858074,1.3670669794082642,2.5581157387932763e-06,283.62933349609375
ROSE PARK,2022-04-27,-0.3685862223307292,-0.2511625687281291,4.983544346259805e-05,285.9449742635091
ROSE PARK,2022-04-28,-0.5137252807617188,0.3941131830215454,0.0005610734224319458,285.31771024068195
ROSE PARK,2022-04-29,2.510379155476888,-1.4615770975748699,0.0025447934864928357,281.4385681152344
ROSE PARK,2022-04-30,-0.7251951297124227,0.7206130425135294,8.52346317969932e-07,280.9949588775635
ROSE PARK,2022-05-01,0.3045482635498047,-0.7649858395258585,0.0037021070718878946,283.0309092203776
ROSE PARK,2022-05-02,0.2313054402669271,1.4490121205647786,0.0036771297454833984,283.3117097218831
ROSE PARK,2022-05-03,1.9673779805501301,-0.639090895652771,0.0064820051193237305,281.64081954956055
ROSE PARK,2022-05-04,0.7776877085367838,-0.24389278888702393,0.005092855026123999,279.5456778208415
ROSE PARK,2022-05-05,-0.9970741271972656,1.5769707759221394,2.8729438099617255e-06,283.12879880269367
ROSE PARK,2022-05-06,-0.19293594360351562,0.5455053249994913,0.0,289.6957867940267
ROSE PARK,2022-05-07,0.5953871409098307,-0.6163641611735026,0.0006330758333206177,288.74341074625653
ROSE PARK,2022-05-08,1.0040728251139324,-0.8023316860198975,0.0010490238666420737,284.296682993571
ROSE PARK,2022-05-09,2.469999313354492,-0.8188222249348959,0.0057016193865706555,278.9491322835286
ROSE PARK,2022-05-10,-0.08731651306152344,-0.6041630903879801,0.00030607879161337337,279.0323912302653
ROSE PARK,2022-05-11,-0.0062160491943359375,-0.5083085298538208,0.00010843873019439343,282.2410952250163
ROSE PARK,2022-05-12,2.8568503061930337,-0.8115986585617065,0.0036840736865997314,282.0287799835205
ROSE PARK,2022-05-13,0.133941650390625,0.2796179453531901,8.52346317969932e-07,282.6974506378174
ROSE PARK,2022-05-14,-0.205841064453125,0.11493555704752605,1.7195939108205494e-06,286.06187502543133
ROSE PARK,2022-05-15,-0.40912818908691406,-0.2626791795094808,8.10921187621716e-06,290.24978828430176
ROSE PARK,2022-05-16,-0.5433489481608073,-0.06815564632415771,0.00010391473762183523,291.3614864349365
ROSE PARK,2022-05-17,0.22030957539876303,-1.1767508188883464,0.0001496821641921997,291.5361150105794
ROSE PARK,2022-05-18,0.24280293782552084,-0.22576749324798584,2.0444392134777445e-06,289.97437858581543
ROSE PARK,2022-05-19,1.4784024556477864,-0.4361236095428467,0.0001849532127380371,290.8947950998942
ROSE PARK,2022-05-20,1.6295255025227864,-2.8312801520029702,0.0006116479635238647,281.5143451690674
ROSE PARK,2022-05-21,-0.6798216501871744,-0.33475999037424725,0.0009706884621891732,281.75768852233887
ROSE PARK,2022-05-22,0.12166150410970052,-0.6899927854537964,3.892183201514854e-06,284.86304473876953
ROSE PARK,2022-05-23,1.3234303792317708,-1.6178991794586182,1.7136334804490616e-06,284.3860149383545
ROSE PARK,2022-05-24,0.6489156087239584,-0.2689138650894165,1.2597441184425406e-05,284.73650042215985
ROSE PARK,2022-05-25,0.07945760091145833,0.018366575241088867,1.284479992591514e-06,288.09227244059247
ROSE PARK,2022-05-26,-0.7971407572428385,0.9040176073710123,4.410743663640915e-07,291.6925131479899
ROSE PARK,2022-05-27,0.44725608825683594,0.41579461097717285,4.334747791290283e-05,295.98455810546875
ROSE PARK,2022-05-28,0.5349241892496744,-1.2700131734212239,0.004230010509388649,289.7262649536133
ROSE PARK,2022-05-29,0.9564469655354818,-0.5295522212982178,0.012200602043833442,284.25596300760907
ROSE PARK,2022-05-30,1.787514368693034,0.3220113118489583,0.02219120860303292,280.01052220662433
ROSE PARK,2022-05-31,0.2187678019205729,-0.39358361562093097,0.00040152268775273114,281.3533312479655
ROSE PARK,2022-06-01,-0.3838265736897786,-0.5511817137400309,0.0007357299327850342,284.2716916402181
ROSE PARK,2022-06-02,-0.14069048563639322,-0.2796716292699178,8.583068797918258e-07,288.28245608011883
ROSE PARK,2022-06-03,-0.6133035024007162,-0.12273375193277995,7.965564727285823e-05,291.0178216298421
ROSE PARK,2022-06-04,-0.32704416910807294,0.32220665613810223,9.833181286467152e-05,292.0739466349284
ROSE PARK,2022-06-05,0.29854075113932294,-0.5726051330566406,0.0006229907273791468,291.5667495727539
ROSE PARK,2022-06-06,0.3422088623046875,-0.8719196319580078,0.00047050714482566036,290.7191562652588
ROSE PARK,2022-06-07,0.18562952677408853,-0.5041916370391846,4.351138045421976e-07,290.7837365468343
ROSE PARK,2022-06-08,-0.5539207458496094,-0.0773861010869344,8.523463748133508e-07,292.1199868520101
ROSE PARK,2022-06-09,0.19667689005533853,-0.7179906765619913,3.991578978457255e-06,294.9495309193929
ROSE PARK,2022-06-10,0.03363037109375,-0.240020751953125,8.631237733425223e-07,296.038631439209
ROSE PARK,2022-06-11,-0.08534495035807292,-0.07570902506510417,5.0923089247589814e-06,297.4676984151204
ROSE PARK,2022-06-12,0.3769480387369792,0.7058302561442057,1.1980527006016928e-06,299.56942558288574
ROSE PARK,2022-06-13,0.8579667409261068,-1.5996166865030925,0.007543990015978608,291.55639521280926
ROSE PARK,2022-06-14,2.3982054392496743,-1.0989327828089397,0.0024083912371679617,284.93525950113934
ROSE PARK,2022-06-15,0.9655647277832031,-0.5766996542612711,4.351138613856165e-07,286.94628143310547
ROSE PARK,2022-06-16,-0.6972433725992838,0.6782766183217367,7.599592208862305e-07,292.10804557800293
ROSE PARK,2022-06-17,-1.075948715209961,2.212112863858541,3.833174702094766e-05,297.78598086039227
ROSE PARK,2022-06-18,0.48759714762369794,3.9747277895609536,2.8682648803624033e-05,299.0061728159587
ROSE PARK,2022-06-19,0.2797864278157552,1.9409433205922444,0.002304515667560736,294.0691515604655
ROSE PARK,2022-06-20,1.728579839070638,-0.6419751246770223,0.0020386576652526855,287.41637229919434
ROSE PARK,2022-06-21,-0.2577330271402995,-0.726065476735433,0.0,289.7190113067627
ROSE PARK,2022-06-22,0.3081309000651042,-0.64501953125,4.261732051702438e-07,293.5467955271403
ROSE PARK,2022-06-23,0.03490257263183594,0.9697462320327759,0.0004537940025279852,296.441437403361
ROSE PARK,2022-06-24,0.14473597208658853,0.27401113510131836,0.0014121271494786924,295.37484614054364
ROSE PARK,2022-06-25,0.6837355295817057,-1.0292036533355713,4.220604893134805e-05,295.94249598185223
ROSE PARK,2022-06-26,0.18439483642578125,-0.5950025717417399,5.4210424309530936e-05,295.8339036305745
ROSE PARK,2022-06-27,-0.047373453776041664,-0.04288808504740397,1.1414289424749313e-06,297.1761016845703
ROSE PARK,2022-06-28,-0.4111406405766805,0.7504583994547526,0.00024129748339873913,298.7337023417155
ROSE PARK,2022-06-29,0.2696037292480469,0.4935675859451294,0.002155920863060601,300.04124450683594
ROSE PARK,2022-06-30,0.10532188415527344,-0.20465147495269775,0.0005932748317718506,298.0018997192383
ROSE PARK,2022-07-01,-0.3807423909505208,1.3378745714823406,0.0002624917785283287,298.45520718892413
ROSE PARK,2022-07-02,-0.3050702412923177,1.057295600573222,0.00021287798881530762,298.8875198364258
ROSE PARK,2022-07-03,0.026071548461914062,2.6667683919270835,6.139277388683695e-07,300.3214645385742
ROSE PARK,2022-07-04,0.7312889099121094,3.2860382397969565,8.583068797918258e-07,300.84633763631183
ROSE PARK,2022-07-05,0.043355305989583336,1.8646163940429688,2.1661336973011203e-06,299.10894838968915
ROSE PARK,2022-07-06,-0.3454718589782715,1.6203296979268391,2.844929684897579e-05,299.28528022766113
ROSE PARK,2022-07-07,-0.17735445499420166,1.7513062556584675,4.425709789757093e-07,299.66826184590656
ROSE PARK,2022-07-08,-0.4524834950764974,1.7869843641916912,1.2889569021012903e-06,300.08691279093426
ROSE PARK,2022-07-09,-0.03963597615559896,2.0351964235305786,3.011132434949104e-06,301.65904426574707
ROSE PARK,2022-07-10,0.7055397033691406,-0.12120743592580159,0.00024152217719120017,302.6489626566569
ROSE PARK,2022-07-11,0.7755388021469116,-0.7224888404210409,5.811452865600586e-07,300.0075798034668
ROSE PARK,2022-07-12,0.15026982625325522,-0.1462885538736979,1.8626450923875382e-06,299.96720123291016
ROSE PARK,2022-07-13,-0.25953102111816406,0.9237360159556071,0.00022851263241818742,302.1914259592692
ROSE PARK,2022-07-14,0.008656183878580729,0.8861826260884603,0.00015676915645457257,302.6245988210042
ROSE PARK,2022-07-15,-0.5031159718831381,1.1151224772135417,0.004280678937615079,299.25945981343585
ROSE PARK,2022-07-16,-0.4861998160680135,0.4543391863505046,9.315311905311319e-05,299.22380447387695
ROSE PARK,2022-07-17,-0.5225484768549601,0.5338937838872274,1.7225742112714215e-06,301.6276060740153
ROSE PARK,2022-07-18,0.7623904546101888,0.3540842930475871,0.0004666447639465332,302.4156888326009
ROSE PARK,2022-07-19,0.23704910278320312,0.5522715250651041,0.0034368336199577243,300.1174030303955
ROSE PARK,2022-07-20,0.21747779846191406,-0.02379576365152995,2.3889773331120523e-05,299.85171063741046
ROSE PARK,2022-07-21,-0.02753448486328125,-0.06394791603088379,3.804441979582407e-05,300.4211889902751
ROSE PARK,2022-07-22,0.09753092130025227,0.41733479499816895,3.919596349533094e-05,301.5740286509196
ROSE PARK,2022-07-23,0.461428960164388,-0.23624853293100992,7.215077090449995e-05,301.5117384592692
ROSE PARK,2022-07-24,-0.11529731750488281,1.5553220510482788,0.0003424015616246834,300.3841190338135
ROSE PARK,2022-07-25,0.09353065490722656,0.7948229312896729,9.477138505076255e-07,298.715825398763
ROSE PARK,2022-07-26,0.2512378692626953,-0.010190327962239584,8.581418455833045e-07,299.7261536916097
ROSE PARK,2022-07-27,0.0632781982421875,-0.17203585306803384,1.2755393754559918e-06,299.968755086263
ROSE PARK,2022-07-28,0.021167755126953125,-0.48847726980845135,0.00044102072695295647,300.57001368204754
ROSE PARK,2022-07-29,-0.3804066975911458,-0.13273274898529053,6.032585952198133e-05,300.1094093322754
ROSE PARK,2022-07-30,-0.31626001993815106,0.10832842191060384,0.0016306018390537247,299.9383888244629
ROSE PARK,2022-07-31,-0.5880228678385416,0.6918500264485677,0.00043689608573416194,300.1433162689209
ROSE PARK,2022-08-01,-0.19849014282226562,0.6247520049413046,0.0012821614018889704,300.17113494873047
ROSE PARK,2022-08-02,0.14439964294433594,0.4341306686401367,0.01654642820352592,296.1144262949626
ROSE PARK,2022-08-03,0.42566680908203125,-0.2495295206705729,5.8078765864166826e-05,297.6460475921631
ROSE PARK,2022-08-04,-0.4561634063720703,0.33128102620442706,2.178948420805682e-05,298.59741020202637
ROSE PARK,2022-08-05,-0.049084981282552086,0.6714058717091879,0.0010431468486444828,299.58207575480145
ROSE PARK,2022-08-06,0.571282426516215,0.3263307015101115,0.018725222349132764,294.8398551940918
ROSE PARK,2022-08-07,0.44342486063639325,-0.4151980479558309,0.0017088384526573464,293.57711092631024
ROSE PARK,2022-08-08,0.21516100565592447,-0.40887896219889325,0.0,295.7144006093343
ROSE PARK,2022-08-09,-0.10573450724283855,-0.19827584425608316,3.7541251458605984e-06,296.77696800231934
ROSE PARK,2022-08-10,0.1439965565999349,0.053679704666137695,0.0008911132812450262,298.4782606760661
ROSE PARK,2022-08-11,0.2898731231689453,-0.264562726020813,0.0027824133634517523,297.26684125264484
ROSE PARK,2022-08-12,-0.0066191355387369795,0.3017369906107585,0.00052815178964849,297.90449651082355
ROSE PARK,2022-08-13,-0.4107596079508464,0.8883976538976034,0.003780432431046421,298.1627254486084
ROSE PARK,2022-08-14,-0.7375151316324869,0.4053352276484172,0.005391997098854517,296.4662291208903
ROSE PARK,2022-08-15,-0.3661855061848958,-0.6660486459732056,0.00011807343283365412,297.6188055674235
ROSE PARK,2022-08-16,-0.8786195119222006,-0.41778568426767987,1.2537836937553948e-05,298.1630210876465
ROSE PARK,2022-08-17,-0.6280771891276041,-0.558390220006307,0.0,298.8504288991292
ROSE PARK,2022-08-18,-0.5806070963541666,-0.008236209551493326,8.52346317969932e-07,299.01637840270996
ROSE PARK,2022-08-19,0.8612098693847656,0.07570926348368327,0.00292955157601682,298.61291694641113
ROSE PARK,2022-08-20,0.20442771911621094,0.510577122370402,0.0033451229333536503,294.39711888631183
ROSE PARK,2022-08-21,-0.1966533660888672,0.06649116675059001,0.0022160659414680595,294.62953122456867
ROSE PARK,2022-08-22,0.03942235310872396,-0.30701037247975665,5.577802659217923e-05,296.4289722442627
ROSE PARK,2022-08-23,-0.4295806884765625,0.1759111483891805,4.845857517921104e-06,297.39170773824054
ROSE PARK,2022-08-24,-0.6644439697265625,0.34646105766296387,1.9404292061153683e-05,298.5531768798828
ROSE PARK,2022-08-25,-0.07467460632324219,0.415511687596639,0.00026314854621389827,297.3914203643799
ROSE PARK,2022-08-26,0.2164745330810547,0.8214206695556641,7.039308547973633e-05,297.6105136871338
ROSE PARK,2022-08-27,-0.1952387491861979,1.149867574373881,1.424551010131836e-05,297.06652386983234
ROSE PARK,2022-08-28,0.42455101013183594,-0.14678668975830078,4.419684405121416e-06,298.20427958170575
ROSE PARK,2022-08-29,-0.22327550252278647,-0.1950312852859497,0.0,296.6091302235921
ROSE PARK,2022-08-30,-0.5156466166178385,-0.3708651065826416,4.351138045421976e-07,297.94977951049805
ROSE PARK,2022-08-31,-0.6969719330469767,-0.3095211585362752,4.467869594293461e-07,299.20691108703613
ROSE PARK,2022-09-01,-0.2764931122461955,0.013392130533854166,8.612871056357108e-07,299.4176565806071
ROSE PARK,2022-09-02,-0.03907203674316406,-0.2675805886586507,8.540495741726772e-07,299.3553822835286
ROSE PARK,2022-09-03,-0.4252484639485677,-0.043949643770853676,4.351138613856165e-07,298.48989995320636
ROSE PARK,2022-09-04,-0.4059799114863078,-0.037729461987813316,8.511478313266707e-07,299.9869391123454
ROSE PARK,2022-09-05,-0.24946645895640054,-0.19758450984954834,1.28501659446556e-06,299.8763567606608
ROSE PARK,2022-09-06,-0.7044041951497396,-0.3175048828125,2.1372263745433884e-06,300.45876630147296
ROSE PARK,2022-09-07,-0.2560405731201172,-0.027655283610026043,4.466088689980552e-07,300.8702875773112
ROSE PARK,2022-09-08,0.21311314900716147,-0.2764328320821126,8.643471340974429e-05,300.904598236084
ROSE PARK,2022-09-09,1.6123161315917969,-0.8542845646540324,1.2993812106287805e-06,296.1865685780843
ROSE PARK,2022-09-10,-0.006549835205078125,-0.5930779377619425,8.583068833445395e-07,292.2084045410156
ROSE PARK,2022-09-11,-0.14299583435058594,-0.13933817545572916,8.600094822952542e-07,293.30302174886066
ROSE PARK,2022-09-12,-0.33618609110514325,-0.0069065093994140625,0.0,294.40939203898114
ROSE PARK,2022-09-13,-0.3155295054117839,1.427182634671529,0.0018779784439857394,295.4722817738851
ROSE PARK,2022-09-14,0.2634143829345703,0.9900779724121094,0.011558431386845314,290.4969539642334
ROSE PARK,2022-09-15,-0.2613213857014974,1.2128531138102214,0.0008869001642892727,289.9460226694743
ROSE PARK,2022-09-16,0.05245208740234375,0.624878724416097,0.013667759122654388,289.4536730448405
ROSE PARK,2022-09-17,-0.4698200225830078,0.44965799649556476,0.0003134558127158016,289.3201382954915
ROSE PARK,2022-09-18,-1.1699282328287761,1.6199207305908203,0.00013718903064230403,291.490784962972
ROSE PARK,2022-09-19,-0.8042227427164713,2.013189196586609,3.001513505296316e-06,292.78049341837567
ROSE PARK,2022-09-20,-0.9140879313151041,1.6819361448287964,0.00013142824172973633,293.65589904785156
ROSE PARK,2022-09-21,-1.652016321818034,1.4179157813390095,0.002583235502243042,293.4435863494873
ROSE PARK,2022-09-22,-0.05165799458821615,0.6337254444758097,0.005865249037640297,289.97457631429035
ROSE PARK,2022-09-23,0.4080365498860677,-0.263499657313029,7.134330246572063e-06,289.25406583150226
ROSE PARK,2022-09-24,-0.21054522196451822,-0.17158063252766928,4.741115390061168e-06,288.61084938049316
ROSE PARK,2022-09-25,-0.340359369913737,-0.20081265767415366,4.351138045421976e-07,289.31997871398926
ROSE PARK,2022-09-26,-0.323550542195638,0.001616676648457845,1.6689299400240998e-06,290.613494237264
ROSE PARK,2022-09-27,-0.6741587320963541,0.20231946309407553,4.261732051702438e-07,291.2418562571208
ROSE PARK,2022-09-28,-1.3050003051757812,1.086684028307597,0.00013178884976738914,292.86456807454425
ROSE PARK,2022-09-29,-0.7577603658040365,1.6746323903401692,0.001659858226673805,293.36889839172363
ROSE PARK,2022-09-30,0.6136620839436849,-0.3794889450073242,0.004607543349266052,289.17099444071454
ROSE PARK,2022-10-01,0.5792814890543619,-0.18704656759897867,0.000766804814304578,286.9719886779785
ROSE PARK,2022-10-02,-0.17372004191080728,-0.08700029055277507,0.00011037290096282959,286.89465522766113
ROSE PARK,2022-10-03,-0.24070866902669272,-0.22263971964518228,4.636645309119558e-05,287.4671808878581
ROSE PARK,2022-10-04,-0.12109120686848958,-0.3413880666097005,1.7269108525397314e-06,288.1077054341634
ROSE PARK,2022-10-05,-0.340731938680013,-0.22279520829518637,2.86264662463509e-06,288.45227940877277
ROSE PARK,2022-10-06,-0.44852638244628906,-0.18939105669657388,8.574562784247064e-07,288.29480743408203
ROSE PARK,2022-10-07,-0.4207293192545573,-0.0628427267074585,2.47955322265625e-05,288.5659484863281
ROSE PARK,2022-10-08,-0.4867655436197917,-0.06912477811177571,5.811452865600586e-07,288.78839047749835
ROSE PARK,2022-10-09,-0.5792665878931681,0.07118542989095052,5.263090031348838e-06,288.6224199930827
ROSE PARK,2022-10-10,-0.3207913239796956,0.03970797856648763,8.583068051848386e-07,288.55474789937335
ROSE PARK,2022-10-11,0.3337217966715495,0.4081699053446452,0.0,288.9626344045003
ROSE PARK,2022-10-12,-0.12470563252766927,0.18015170097351074,8.583068797918258e-07,287.70846303304035
ROSE PARK,2022-10-13,-0.19727452596028647,-0.40616993109385174,3.173947277446132e-06,286.47562980651855
ROSE PARK,2022-10-14,-0.4044030507405599,0.027529239654541016,8.010864252838701e-06,286.27269617716473
ROSE PARK,2022-10-15,-0.49323590596516925,-0.19267829259236655,7.853983372996254e-06,286.2653344472249
ROSE PARK,2022-10-16,-1.306640625,-0.43124616146087646,8.616761419943941e-07,286.0738156636556
ROSE PARK,2022-10-17,-0.773932139078776,-0.1910680135091146,1.2904405366498395e-06,285.65289942423504
ROSE PARK,2022-10-18,-0.42682965596516925,-0.12342262268066406,2.789497330013546e-06,286.07958666483563
ROSE PARK,2022-10-19,-0.38611237208048504,-0.126615842183431,1.7195939676639682e-06,286.48566309611004
ROSE PARK,2022-10-20,-0.48538780212402344,0.13221355279286703,1.7043551565620874e-06,286.2374610900879
ROSE PARK,2022-10-21,-0.4575182596842448,1.2335528930028279,0.0,287.0433527628581
ROSE PARK,2022-10-22,-0.23428853352864584,2.9573392073313394,0.005811929702758789,286.2674166361491
ROSE PARK,2022-10-23,1.651681900024414,-0.4691946506500244,0.0175947040319393,276.7753734588623
ROSE PARK,2022-10-24,1.7292149861653645,-0.3414417505264282,0.0027861446142196655,275.6651039123535
ROSE PARK,2022-10-25,-0.3717638651529948,1.415937066078186,0.0032866298476506017,277.76916122436523
ROSE PARK,2022-10-26,-0.6543585459391276,0.6378750801086426,0.004963219165802002,276.42801094055176
ROSE PARK,2022-10-27,0.0542755126953125,-0.02556312084197998,0.0017815300247434607,274.56294441223145
ROSE PARK,2022-10-28,-1.0238946278889973,0.49532532691955566,6.708502667152061e-06,273.6078650156657
ROSE PARK,2022-10-29,-0.7744397322336832,-0.12054820855458577,1.4719260377660248e-05,276.147258122762
ROSE PARK,2022-10-30,-0.5953165690104166,-0.016988436381022137,3.6746262708220456e-06,276.8918628692627
ROSE PARK,2022-10-31,-1.147817611694336,0.5160422325134277,8.583068797918258e-07,277.7152671813965
ROSE PARK,2022-11-01,-2.0456727345784507,1.7710940043131511,1.2814998058274796e-06,281.21359888712567
ROSE PARK,2022-11-02,-0.24413824081420898,1.3040817975997925,0.008008277416138299,279.55677159627277
ROSE PARK,2022-11-03,0.3815997044245402,-1.563172737757365,0.0015031933784435125,274.07944170633954
ROSE PARK,2022-11-04,0.13343481222788492,0.5952858527501425,0.00012227892869987045,272.98098436991376
ROSE PARK,2022-11-05,-1.1968178351720173,2.6253198385238647,0.005497413222940395,276.1178290049235
ROSE PARK,2022-11-06,-0.5739382108052572,0.9072253306706747,0.004282077103823667,277.25904909769696
ROSE PARK,2022-11-07,-1.1916441917419434,3.036431074142456,0.0003457993267943493,282.5099747975667
ROSE PARK,2022-11-08,0.16449344158172607,1.1656482219696045,0.00766115188588401,280.26908111572266
ROSE PARK,2022-11-09,0.21982447306315103,1.432194709777832,0.015148512424104865,277.6118501027425
ROSE PARK,2022-11-10,2.1627941131591797,0.05857503414154053,0.006462618708610535,271.79701741536456
ROSE PARK,2022-11-11,-0.5595849355061849,-0.024923125902811687,6.375014777404431e-05,268.6717046101888
ROSE PARK,2022-11-12,-1.0533504486083984,0.13938232262929282,5.7876109167409595e-06,268.4020519256592
ROSE PARK,2022-11-13,-0.25357818603515625,-0.4697301387786865,7.647275822364463e-06,269.5941505432129
ROSE PARK,2022-11-14,0.5808823903401693,-0.34027103583017987,0.00013350248326560177,270.0593547821045
ROSE PARK,2022-11-15,-0.2530053456624349,-0.43009241422017414,2.8148293495178223e-05,268.44271914164227
ROSE PARK,2022-11-16,-0.2721014817555745,-0.28831664721171063,7.1306569111584395e-06,268.7388776143392
ROSE PARK,2022-11-17,-0.6936009724934896,0.43717773755391437,4.6193599700927734e-07,270.2171548207601
ROSE PARK,2022-11-18,-0.2574548323949178,-0.7239863077799479,0.0002724766731212469,270.6172612508138
ROSE PARK,2022-11-19,-0.1959857940673828,-0.15197181701660156,2.600550641673749e-05,267.61299959818524
ROSE PARK,2022-11-20,-0.6993370056152344,-0.10396329561869304,1.7881393432617188e-06,267.42934799194336
ROSE PARK,2022-11-21,-0.794091542561849,-0.13437541325887045,5.841254164806742e-07,268.9632517496745
ROSE PARK,2022-11-22,-0.8388220469156901,-0.024760206540425617,6.556510925292969e-07,269.95296414693195
ROSE PARK,2022-11-23,-0.1807842254638672,0.02283779780069987,0.0009284198283125988,272.2812951405843
ROSE PARK,2022-11-24,-0.24806547164916992,-0.4875935713450114,4.439055919647217e-05,271.5983778635661
ROSE PARK,2022-11-25,-0.7349749406178793,0.1112425724665324,1.7097644331443007e-06,270.94984499613446
ROSE PARK,2022-11-26,-0.5945588747660319,-0.05650202433268229,0.00048593602008395465,272.17056210835773
ROSE PARK,2022-11-27,0.08779525756835938,1.0001471042633057,0.0007786631583144299,273.3643964131673
ROSE PARK,2022-11-28,-0.31925419966379803,1.4704227447509766,0.004065954685206208,273.693998336792
ROSE PARK,2022-11-29,1.7957526842753093,0.11917249361673991,0.008513358412926664,268.0262794494629
ROSE PARK,2022-11-30,-1.8555971781412761,1.1782023111979167,4.351138045421976e-07,265.5837484995524
ROSE PARK,2022-12-01,-2.1943047841389975,2.408271153767904,5.418938314960542e-06,271.2959493001302
ROSE PARK,2022-12-02,0.9542255401611328,1.3680660327275593,0.00846114158630229,273.36357561747235
ROSE PARK,2022-12-03,-1.903727134068807,0.3512936035792033,6.854534149169922e-06,263.02956517537433
ROSE PARK,2022-12-04,-1.5904603401819866,0.4618430932362874,0.000693097710609436,270.3556162516276
ROSE PARK,2022-12-05,-0.27371267477671307,0.07323233286539714,0.005385166406558284,274.86873626708984
ROSE PARK,2022-12-06,-0.9851259787877401,0.3169063727060954,6.380677217521225e-05,269.8417371114095
ROSE PARK,2022-12-07,-0.8909933169682821,-0.12363604704538982,3.288686275482178e-05,266.02746200561523
ROSE PARK,2022-12-08,-0.5791897376378378,0.7674184242884318,0.0020815461872984997,268.1968301137288
ROSE PARK,2022-12-09,-1.3493309020996094,0.9845084349314371,0.0005356073379516602,267.5645383199056
ROSE PARK,2022-12-10,-2.2986106872558594,1.155988335609436,0.00010367333885596963,268.0417989095052
ROSE PARK,2022-12-11,-2.6052258809407554,1.9254029989242554,0.0002623260020300222,274.0260175069173
ROSE PARK,2022-12-12,-0.14482617378234863,0.5808004140853882,0.00644578337596613,272.7617079416911
ROSE PARK,2022-12-13,0.45603171984354657,0.4577901363372803,0.004988843203136639,269.91609891255695
ROSE PARK,2022-12-14,1.1533578236897786,-0.2420635223388672,0.004424783929437126,269.84412956237793
ROSE PARK,2022-12-15,0.5528348286946615,-0.08439441521962483,0.004310388600003989,268.6273562113444
ROSE PARK,2022-12-16,-0.03809372584025065,0.20839548110961914,0.00033966302862609155,265.3116207122803
ROSE PARK,2022-12-17,-1.307584007581075,0.6052843729654948,2.559157923087696e-05,261.942689259847
ROSE PARK,2022-12-18,-1.6060015360514324,0.3128278652826945,2.2947779143578373e-06,260.59842681884766
ROSE PARK,2022-12-19,-1.5909974575042725,0.6563910643259684,4.261732051702438e-07,264.62546094258624
ROSE PARK,2022-12-20,-1.8257079521814983,0.894474188486735,2.2479891697457788e-05,265.9061698913574
ROSE PARK,2022-12-21,-0.6309318542480469,1.7644847631454468,0.011171271526279725,271.40790430704754
ROSE PARK,2022-12-22,0.7456417083740234,-0.5831215778986613,0.005920141935291667,268.37821706136066
ROSE PARK,2022-12-23,-0.7554155985514323,0.07193358739217122,0.0007686465978054002,266.9512570699056
ROSE PARK,2022-12-24,-0.3761253356933594,0.06545193990071614,0.0006913959979328865,272.81508509318036
ROSE PARK,2022-12-25,-0.8819770812988281,0.5896426836649576,4.611414391320068e-05,273.50108528137207
ROSE PARK,2022-12-26,-1.4154624938964844,0.9903550545374552,3.892183258358273e-06,274.2717736562093
ROSE PARK,2022-12-27,-1.9239667256673176,2.5787081718444824,0.007364782690899574,274.8802083333333
ROSE PARK,2022-12-28,0.16464932759602866,0.9785969654719034,0.010083705186900715,274.6063092549642
ROSE PARK,2022-12-29,-0.5788148244222006,1.2349692980448406,0.0005266815423965454,270.16658210754395
ROSE PARK,2022-12-30,-1.396276871363322,1.6459427674611409,0.003987210988896095,270.6089668273926
ROSE PARK,2022-12-31,-0.7766554752985636,1.952426274617513,0.022255864739349818,275.51831436157227
ROSE PARK,2023-01-01,-0.05085627237955729,-0.23585637410481772,0.021682071685688697,273.73602930704754
ROSE PARK,2023-01-02,1.2304674784342449,0.04058138529459635,0.011395382881062233,270.6774711608887
ROSE PARK,2023-01-03,0.055702924728393555,0.5850404103597006,0.0019074258282785195,269.5333836873372
ROSE PARK,2023-01-04,-1.2333911657333374,1.1615105867385864,0.000271387175757809,267.3448028564453
ROSE PARK,2023-01-05,-2.1861884196599326,1.2093716065088909,0.0008435666561013022,269.56585184733075
ROSE PARK,2023-01-06,-0.7056132555007935,1.1633803844451904,0.008914211392266225,272.9328969319661
ROSE PARK,2023-01-07,-1.03632386525472,1.0457961956659954,0.0006946930870981305,272.3187503814697
ROSE PARK,2023-01-08,-1.9097296396891277,1.3644095659255981,3.8117170333862305e-05,270.2422529856364
ROSE PARK,2023-01-09,-2.030730446179708,1.5540977716445923,0.002854833006779245,271.5566596984863
ROSE PARK,2023-01-10,-1.410666545232137,2.2712312936782837,0.02158116102208396,275.78072357177734
ROSE PARK,2023-01-11,0.6646542549133301,1.1639912923177083,0.01135590672492981,274.3291130065918
ROSE PARK,2023-01-12,-1.4486815134684246,0.6633045673370361,5.8710575103759766e-06,271.2697868347168
ROSE PARK,2023-01-13,-1.5860806306203206,0.5689943234125773,1.7046928064701206e-06,271.35634930928546
ROSE PARK,2023-01-14,-1.6040027936299641,1.2808653116226196,0.00013794004917144775,273.56055704752606
ROSE PARK,2023-01-15,-0.6527462005615234,1.2181589603424072,0.01768259071985767,273.9185848236084
ROSE PARK,2023-01-16,-0.8588184912999471,0.7784361441930135,0.0028894922170366044,272.8531576792399
ROSE PARK,2023-01-17,-0.3356436888376872,-0.13441729545593262,0.007144513726132118,271.70973269144696
ROSE PARK,2023-01-18,1.1580044031143188,-0.1257000764211019,0.003692412376398835,269.62789789835614
ROSE PARK,2023-01-19,-0.9294857978820801,0.7804543177286783,0.0012068420647892708,268.1254965464274
ROSE PARK,2023-01-20,0.25991249084472656,-0.9390812714894613,0.0013258245576253103,269.06978543599445
ROSE PARK,2023-01-21,0.4584999084472656,0.06319745381673177,0.00012718439091941036,267.00842730204266
ROSE PARK,2023-01-22,0.18281936645507812,-0.3630440632502238,0.0016812831163406372,265.42538134257
ROSE PARK,2023-01-23,0.19409497578938803,-0.8831726710001627,0.0003347963094597617,264.95590019226074
ROSE PARK,2023-01-24,0.352386474609375,0.23212369283040366,0.0003907859324385754,267.01624870300293
ROSE PARK,2023-01-25,0.4055976867675781,0.3502126137415568,0.002911540865795814,268.1637274424235
ROSE PARK,2023-01-26,0.05054473876953125,0.34176286061604816,0.0006788713878336239,267.93270746866864
ROSE PARK,2023-01-27,-1.0955568949381511,1.9956309000651042,0.002753055095581658,269.91598383585614
ROSE PARK,2023-01-28,0.4151452382405599,1.171788215637207,0.00434140861028709,271.49390920003253
ROSE PARK,2023-01-29,-0.3750317891438802,0.7202434539794922,0.00354762834496114,269.84759012858075
ROSE PARK,2023-01-30,1.4440137545267742,-0.5078741709391276,0.0013146250911972857,261.5485045115153
ROSE PARK,2023-01-31,-0.39615853627522785,-0.07418159643809001,9.980849654311896e-06,257.9465109507243
ROSE PARK,2023-02-01,-0.9838110605875651,0.07309722900390625,1.278441686736187e-06,260.9281457265218
ROSE PARK,2023-02-02,-1.1269912719726562,0.08669432004292806,1.7106532936850272e-06,264.7136535644531
ROSE PARK,2023-02-03,-1.5495262145996094,0.2740056912104289,0.0,265.5477867126465
ROSE PARK,2023-02-04,-1.1513080596923828,0.18383916219075522,0.0,270.13123003641766
ROSE PARK,2023-02-05,-1.5364916721979778,0.6787505944569906,0.002818093975406555,269.82489077250165
ROSE PARK,2023-02-06,-0.06073745091756185,0.5724080403645834,0.004300120472805702,270.9949181874593
ROSE PARK,2023-02-07,-0.21274828910827637,0.13427607218424478,0.00018733441828544528,270.3610642751058
ROSE PARK,2023-02-08,-0.4669611056645711,0.5306262969970703,0.00017915070056417903,270.1502876281738
ROSE PARK,2023-02-09,-0.2059546709060669,0.34069379170735675,0.0002834498881156833,268.6571439107259
ROSE PARK,2023-02-10,-1.0398006439208984,0.5456161499023438,8.52346317969932e-07,267.4792060852051
ROSE PARK,2023-02-11,-1.4615052541097004,0.2644793192545573,8.548760206394945e-07,268.08836428324383
ROSE PARK,2023-02-12,-0.384609858194987,-0.25827590624491376,0.0,270.97935740152997
ROSE PARK,2023-02-13,-0.6856346130371094,0.23067931334177652,0.0,269.77627245585126
ROSE PARK,2023-02-14,0.7458997567494711,-0.19498821099599203,0.0012535270756188766,269.65836906433105
ROSE PARK,2023-02-15,0.4087168375651042,-2.2342527707417807,4.697427385735864e-05,265.1091486612956
ROSE PARK,2023-02-16,-0.2943840026855469,0.2763020992279053,3.162767825415358e-08,265.8008721669515
ROSE PARK,2023-02-17,-1.0470987955729167,0.4784368673960368,0.0,265.85425249735516
ROSE PARK,2023-02-18,-0.8292198181152344,0.3715381622314453,2.1583064722108247e-06,267.30906105041504
ROSE PARK,2023-02-19,-0.08963457743326823,0.48084771633148193,0.0008522293659325442,272.3868974049886
ROSE PARK,2023-02-20,-0.6366926829020182,1.2958552440007527,0.00048467516899108887,273.2118949890137
ROSE PARK,2023-02-21,-1.0214869181315105,2.2420228719711304,0.004293964840712761,273.7168534596761
ROSE PARK,2023-02-22,1.5820096333821614,-1.023521622021993,0.023845160007397226,269.7694231669108
ROSE PARK,2023-02-23,-0.7395051320393881,2.1957248051961265,0.0015658020972182385,265.96784591674805
ROSE PARK,2023-02-24,-1.4234625498453777,1.64130437374115,0.0007673829793475306,266.44874572753906
ROSE PARK,2023-02-25,-1.8287843465805054,0.7050861517588297,2.1461837604874745e-06,268.2288227081299
ROSE PARK,2023-02-26,-1.3910291989644368,1.2845112482706706,0.0006791532038619152,270.890188852946
ROSE PARK,2023-02-27,-0.5615386962890625,3.5885613361994424,0.007398313283829339,272.56065368652344
ROSE PARK,2023-02-28,0.7479972839355469,2.4105048179626465,0.005776200607158444,271.51476097106934
ROSE PARK,2023-03-01,-1.3299657901128132,1.146386742591858,0.0030642539262544233,270.2560125986735
ROSE PARK,2023-03-02,1.0108193556467693,-0.2621636390686035,0.00029624998569488525,269.45895258585614
ROSE PARK,2023-03-03,-0.16636276245117188,0.4599100351333618,0.001722145080464088,270.1399148305257
ROSE PARK,2023-03-04,-1.53515625,1.2926088968912761,0.00016618072976370968,268.8344529469808
ROSE PARK,2023-03-05,-0.5311171213785807,1.6397122939427693,0.006394851207630836,271.70927174886066
ROSE PARK,2023-03-06,0.2813606262207031,-0.1542881727218628,0.005065122867620175,271.4092375437419
ROSE PARK,2023-03-07,-0.6397374471028646,-0.1053381363550822,0.00036468312470105957,268.84877077738446
ROSE PARK,2023-03-08,-1.0375328063964844,0.2815808852513631,0.0003688959934038394,269.2350279490153
ROSE PARK,2023-03-09,-0.43254343668619794,1.274649937947591,0.00445099236196711,271.1383997599284
ROSE PARK,2023-03-10,-1.829904556274414,3.4386143684387207,0.006544771790402137,275.2069714864095
ROSE PARK,2023-03-11,0.020554860432942707,0.6420649687449137,0.00786750405774228,274.18322881062824
ROSE PARK,2023-03-12,-0.31438636779785156,0.3641422192255656,0.002470260858444817,274.3637777964274
ROSE PARK,2023-03-13,-0.9638239542643229,1.226219932238261,0.00025314490147820834,274.3881543477376
ROSE PARK,2023-03-14,-1.4271146059036255,2.329288442929586,3.5542249577247276e-05,276.46301714579266
ROSE PARK,2023-03-15,-0.12285168965657552,2.178947846094767,0.011845431440576704,277.51223309834796
ROSE PARK,2023-03-16,0.8259783983230591,-1.1158713102340698,1.85161828945013e-05,272.77644030253094
ROSE PARK,2023-03-17,-0.28070799509684247,-0.42226092020670575,1.290691045596759e-06,270.7434329986572
ROSE PARK,2023-03-18,-0.9273524681727091,0.2828804651896159,-9.191296612698352e-09,270.4949429829915
ROSE PARK,2023-03-19,-1.7636744181315105,1.569277008374532,2.6106833956873743e-06,272.2975273132324
ROSE PARK,2023-03-20,-0.5236848195393881,1.7698705196380615,0.007541619483163231,275.0230820973714
ROSE PARK,2023-03-21,-0.5602321624755859,0.698486328125,0.0015871946937018322,273.39978408813477
ROSE PARK,2023-03-22,-0.7548160552978516,1.4305320580800374,0.007861177488621252,274.669225692749
ROSE PARK,2023-03-23,-0.01789116859436035,1.4979275067647297,0.005390948057083733,273.8209114074707
ROSE PARK,2023-03-24,0.8213253021240234,0.37984569867451984,0.009781321816262789,272.4439169565837
ROSE PARK,2023-03-25,2.3686326344807944,0.03974473476409912,0.0024380088194106975,269.18242263793945
ROSE PARK,2023-03-26,0.35513051350911456,0.37252477804819745,0.002081039547817909,268.2684809366862
ROSE PARK,2023-03-27,0.2982177734375,1.177600661913554,0.002741783857345581,268.7645460764567
ROSE PARK,2023-03-28,-1.6843827565511067,1.3725133736928303,4.708766937255859e-06,269.1965560913086
ROSE PARK,2023-03-29,-2.2545248667399087,1.9342316786448162,1.3563036816321983e-05,275.3117535909017
ROSE PARK,2023-03-30,0.7732734680175781,0.054248412450154625,0.014923050999641418,274.3629442850749
ROSE PARK,2023-03-31,0.6435648600260416,1.4459791978200276,0.007623583078384399,273.04705746968585
ROSE PARK,2023-04-01,-1.3669630686442058,2.2691479921340942,3.593710683702511e-05,274.3782736460368
ROSE PARK,2023-04-02,0.299530029296875,0.5948927799860636,0.0011724314173129358,278.1759490966797
ROSE PARK,2023-04-03,1.0092169443766277,-1.0082354545593262,0.012765233200923376,274.0537401835124
ROSE PARK,2023-04-04,3.0087903340657554,-0.6722033023834229,0.011523157358169556,270.0397179921468
ROSE PARK,2023-04-05,1.450143814086914,0.8427332242329916,0.004369586706161499,270.30923398335773
ROSE PARK,2023-04-06,-1.0068098704020183,0.7401835123697916,2.5212763716808695e-06,269.2280190785726
ROSE PARK,2023-04-07,-1.5913770993550618,0.8838440577189127,8.573618401896965e-07,271.4636478424072
ROSE PARK,2023-04-08,-0.7569942474365234,1.0693724552790325,0.0007323008498474337,279.1543896993001
ROSE PARK,2023-04-09,-0.8987000783284506,0.3889114061991374,1.2814997489840607e-06,279.7185592651367
ROSE PARK,2023-04-10,-1.4286149342854817,1.010111967722575,8.52346317969932e-07,279.593931833903
ROSE PARK,2023-04-11,-2.052405675252279,2.1755040486653647,3.004073732881807e-06,280.6931622823079
ROSE PARK,2023-04-12,-0.7375825246175131,1.7676523526509602,4.791021274286322e-05,283.76752789815265
ROSE PARK,2023-04-13,1.517901102701823,-0.8510286013285319,0.002565741539001465,278.6404800415039
ROSE PARK,2023-04-14,0.41955840587615967,-0.413751482963562,0.000884491205113136,275.42844518025714
ROSE PARK,2023-04-15,-0.20743687947591147,0.4314440091451009,2.2167858219290792e-05,276.828337987264
ROSE PARK,2023-04-16,-1.382168451944987,1.640995462735494,8.574158982810332e-07,278.0666033426921
ROSE PARK,2023-04-17,-0.7014656066894531,2.1182499726613364,0.00015789219679618327,281.0953451792399
ROSE PARK,2023-04-18,0.4955310821533203,-0.2429523468017578,0.006942251156772272,281.6269022623698
ROSE PARK,2023-04-19,2.244521458943685,-1.990527868270874,0.0002772065594740525,274.08280245463055
ROSE PARK,2023-04-20,1.6027247111002605,-0.6470439036687216,0.0029229819774627686,275.4502436319987
ROSE PARK,2023-04-21,-0.6255264282226562,1.1286457379659016,0.0031114965677261353,275.19311205546063
ROSE PARK,2023-04-22,1.139413833618164,-0.27698556582132977,0.0046707093715667725,277.75193468729657
ROSE PARK,2023-04-23,-0.31134287516276044,0.397243857383728,6.750226020812988e-06,278.3295593261719
ROSE PARK,2023-04-24,-0.507531483968099,0.9660994609196981,0.0019949883220533593,279.74011103312176
ROSE PARK,2023-04-25,1.7632694244384766,-1.125666856765747,0.009877802478570175,277.2676595052083
ROSE PARK,2023-04-26,-0.1268641153971354,-0.19463666280110678,2.5719404220581055e-05,278.89998054504395
ROSE PARK,2023-04-27,0.08630879720052083,0.22886129220326742,0.0,281.8258228302002
ROSE PARK,2023-04-28,-0.1854419708251953,-0.9500429232915243,3.1322239806286234e-06,282.0637372334798
ROSE PARK,2023-04-29,-0.8625475565592448,0.5099178155263265,2.568959644122515e-06,283.9844665527344
ROSE PARK,2023-04-30,-1.4578965504964192,1.1199055115381877,6.21974464820596e-06,286.20788383483887
ROSE PARK,2023-05-01,-2.338474909464518,1.6899312337239583,8.604752679275407e-07,285.03344281514484
ROSE PARK,2023-05-02,-1.9469617207845051,1.4071176846822102,3.236532165828976e-06,285.4599240620931
ROSE PARK,2023-05-03,-1.8378829956054688,0.9161669413248698,6.92903995513916e-06,286.1366024017334
ROSE PARK,2023-05-04,-1.3658069372177124,1.5082334280014038,0.0008318364620159002,286.3513660430908
ROSE PARK,2023-05-05,-0.2660045623779297,3.0531016190846763,0.0009113130470268516,283.20337931315106
ROSE PARK,2023-05-06,-0.39876747131347656,2.3638782501220703,0.0015444695949504705,282.46313603719074
ROSE PARK,2023-05-07,0.08124732971191406,1.0821441014607747,0.0012051999568924998,282.8448715209961
ROSE PARK,2023-05-08,-0.7899996439615885,0.8412118752797445,0.0010315716266582342,283.3816725413005
ROSE PARK,2023-05-09,-0.22929763793945312,-0.4196847279866536,0.0016157869494684007,282.93115933736163
ROSE PARK,2023-05-10,0.16287612915039062,-0.6009962558746338,0.00035378634919425167,284.4186242421468
ROSE PARK,2023-05-11,0.8713111877441406,-1.0446810722351074,4.351138045421976e-07,286.2821865081787
ROSE PARK,2023-05-12,0.1513824462890625,-0.7436579863230387,5.427002861324581e-06,286.09431076049805
ROSE PARK,2023-05-13,-1.1670182545979817,-0.8102628787358602,0.003035861253710692,285.9445406595866
ROSE PARK,2023-05-14,-1.9853280385335286,0.48199617862701416,0.004879772663116455,285.8625946044922
ROSE PARK,2023-05-15,-0.9666627248128256,0.8382193247477213,0.00013429522505248315,288.56307729085285
ROSE PARK,2023-05-16,-0.24347877502441406,0.11445693174997966,0.0004232019186360958,289.72853088378906
ROSE PARK,2023-05-17,0.1855627695719401,-0.06284586588541667,7.923841462798009e-05,291.00111134847003
ROSE PARK,2023-05-18,0.5003687540690104,-0.607170303662618,0.0002342313528060913,290.68883895874023
ROSE PARK,2023-05-19,-0.6916713714599609,-0.6297459602355957,0.00011388957500457764,289.6957753499349
ROSE PARK,2023-05-20,-0.6155490875244141,-0.13494300842285156,5.0574541091918945e-05,291.0481472015381
ROSE PARK,2023-05-21,-0.47885894775390625,-0.02240753173828125,2.0205974578857422e-05,292.31499099731445
ROSE PARK,2023-05-22,-0.3666852315266927,0.6443878014882406,0.00024735331534841976,292.2446225484212
ROSE PARK,2023-05-23,-0.5058345794677734,1.2384742498397827,0.0013270109891436732,292.360055287679
ROSE PARK,2023-05-24,-0.322573979695638,0.8900896708170573,0.0008706043695951848,291.8689505259196
ROSE PARK,2023-05-25,-0.09039751688639323,0.6896816492080688,0.0004864335060119629,291.3477414449056
ROSE PARK,2023-05-26,-0.816209077835083,0.4123559792836507,0.00061341226080458,290.4744466145833
ROSE PARK,2023-05-27,0.22545814514160156,-0.17152833938598633,0.002958655357247153,288.9004027048747
ROSE PARK,2023-05-28,0.1042645772298177,0.20017878214518228,0.0017018581281149636,289.33322779337567
ROSE PARK,2023-05-29,0.06376902262369792,0.26922794183095294,0.0002664327621459961,291.082124710083
ROSE PARK,2023-05-30,-0.343891978263855,0.7966371377309164,5.648732178542559e-05,291.9177932739258
ROSE PARK,2023-05-31,-0.2782020568847656,-0.31626856327056885,0.001820296049118042,292.01598739624023
ROSE PARK,2023-06-01,-0.25870196024576825,-0.2035746177037557,0.0026997566223094793,290.9577871958415
ROSE PARK,2023-06-02,0.3191121816635132,0.12434327602386475,0.004518030341557733,290.0475648244222
ROSE PARK,2023-06-03,0.48753611246744794,-0.1416167418162028,0.0013152837752272717,289.8698844909668
ROSE PARK,2023-06-04,-0.15769481658935547,0.4956379731496175,0.0011655241250423387,289.9102363586426
ROSE PARK,2023-06-05,-0.5802542368570963,-0.09693817297617595,0.00013505220402976192,291.2085208892822
ROSE PARK,2023-06-06,-1.2829303741455078,0.42644691467285156,0.0009412284111256497,292.6928342183431
ROSE PARK,2023-06-07,-0.8488750457763672,0.8119341532389323,0.004797849059002601,292.8160317738851
ROSE PARK,2023-06-08,-0.7078170776367188,0.516876220703125,0.002100694179432594,291.51547559102374
ROSE PARK,2023-06-09,-0.6362845102945963,0.5694862206776937,0.0005266487597737068,291.1790021260579
ROSE PARK,2023-06-10,0.12472343444824219,-0.07934184869130452,0.00035735627398025827,292.3505090077718
ROSE PARK,2023-06-11,-0.9053997993469238,-0.3184821605682373,0.0018035024404525757,291.8668855031331
ROSE PARK,2023-06-12,-0.19523938496907553,-0.040479461352030434,0.003824555873865876,290.67204093933105
ROSE PARK,2023-06-13,0.4633191426595052,0.5678577423095703,0.0003902138135849498,290.3276545206706
ROSE PARK,2023-06-14,0.4538256327311198,0.5928916136423746,0.001777864227392456,292.0805136362712
ROSE PARK,2023-06-15,0.4489301045735677,0.3385787010192871,0.00523612294131226,289.5168520609538
ROSE PARK,2023-06-16,0.5552946726481119,-0.02424633502960205,0.0004121616741485923,289.4998613993327
ROSE PARK,2023-06-17,0.34369468688964844,0.6673910220464071,3.722848396137124e-05,290.43908818562824
ROSE PARK,2023-06-18,-0.1099230448404948,2.2157161235809326,1.3679265975952148e-05,293.517120997111
ROSE PARK,2023-06-19,1.0138543446858723,1.304423729578654,0.0004944056272506714,295.04665819803876
ROSE PARK,2023-06-20,1.5936054388682048,-0.7711531718571981,0.007680281027546698,288.4016768137614
ROSE PARK,2023-06-21,0.5914866129557291,-0.4711087942123413,1.974701871176876e-05,288.8932851155599
ROSE PARK,2023-06-22,-0.25307273864746094,-0.3940272331237793,1.5254955485488608e-05,289.89387766520184
ROSE PARK,2023-06-23,-0.29026031494140625,0.8400507767995199,0.0006386532157307556,291.56592750549316
ROSE PARK,2023-06-24,-0.09532419840494792,0.2200767993927002,1.388192168860769e-05,291.7626158396403
ROSE PARK,2023-06-25,-0.4454809824625651,0.3305797576904297,1.0836773185474158e-05,293.77699597676593
ROSE PARK,2023-06-26,-0.10222117106119792,1.231790542602539,8.644618674225057e-07,294.62294006347656
ROSE PARK,2023-06-27,1.0826829274495442,-0.48521101474761963,0.0007005870342204901,294.5960273742676
ROSE PARK,2023-06-28,0.4460468292236328,-0.9079241355260214,0.0001383066177318426,293.5149262746175
ROSE PARK,2023-06-29,0.28180134296417236,-0.6349964141845703,0.0007911384105341313,293.44900067647296
ROSE PARK,2023-06-30,-0.061561385790506996,-0.640143354733785,0.00012910430638157777,293.5912278493245
ROSE PARK,2023-07-01,0.1161041259765625,-0.16224928696950278,8.517578926614533e-07,295.78284454345703
ROSE PARK,2023-07-02,-0.17417526245117188,-0.09146372477213542,0.0,297.3292802174886
ROSE PARK,2023-07-03,-0.1479212443033854,0.6244959831237793,0.0003192871808437303,298.9011001586914
ROSE PARK,2023-07-04,-0.09524917602539062,-0.9786006609598795,0.000163900852101051,297.2850812276204
ROSE PARK,2023-07-05,0.44211896260579425,-0.5145918528238932,1.0728835491136124e-06,296.5403486887614
ROSE PARK,2023-07-06,-0.1908797025680542,-0.3028558095296224,0.000544729828789059,296.3542143503825
ROSE PARK,2023-07-07,-0.37618176142374676,0.04204241434733073,4.0578842060767784e-05,297.45476086934406
ROSE PARK,2023-07-08,-0.09345118204752605,-0.4507427215576172,1.560054489146978e-06,296.9933204650879
ROSE PARK,2023-07-09,-0.3207753499348958,0.6274388631184896,8.534580864250074e-07,298.1773039499919
ROSE PARK,2023-07-10,-0.3216196695963542,2.241414507230123,2.563627845120209e-06,300.0713602701823
ROSE PARK,2023-07-11,0.08897145589192708,1.2583300272623699,2.1434707946355047e-06,299.0818119049072
ROSE PARK,2023-07-12,0.05162811279296875,0.10736533006032307,2.1461702317537856e-06,298.5343729654948
ROSE PARK,2023-07-13,0.3923199971516927,-0.17185640335083008,1.727760491121444e-06,298.50216484069824
ROSE PARK,2023-07-14,0.7502237955729166,-0.7301543951034546,8.583068797918258e-07,299.0299758911133
ROSE PARK,2023-07-15,0.331878662109375,-0.13397745291392008,0.0,297.7547601064046
ROSE PARK,2023-07-16,-0.31460316975911456,0.44444318612416583,0.0,299.83456103007
ROSE PARK,2023-07-17,-0.10687828063964844,0.4615699847539266,1.8048286335670127e-05,302.1726531982422
ROSE PARK,2023-07-18,-0.22000948588053384,0.3719690243403117,0.0003365453722494749,301.01912053426105
ROSE PARK,2023-07-19,0.2392876942952474,0.12184282143910725,0.0002970663974792842,300.7711410522461
ROSE PARK,2023-07-20,0.04813067118326823,-0.27102426687876385,0.0019996204621293145,298.0702673594157
ROSE PARK,2023-07-21,0.07300750414530437,-0.2384655475616455,1.7106532013144715e-06,299.58127212524414
ROSE PARK,2023-07-22,-0.18544896443684897,-0.00725547472635905,1.2874602930423862e-06,301.4041519165039
ROSE PARK,2023-07-23,-0.2582543690999349,0.5005674759546915,0.00015856325615004607,302.9128170013428
ROSE PARK,2023-07-24,-0.0027898152669270835,0.4740840991338094,0.0016163975000367259,302.90173530578613
ROSE PARK,2023-07-25,0.5257383982340494,0.1730364958445231,0.0006470749917752983,301.21666526794434
ROSE PARK,2023-07-26,-0.029329299926757812,0.5554108222325643,3.947327979858528e-05,300.99687512715656
ROSE PARK,2023-07-27,-0.021485169728597004,0.8483785390853882,0.0003220379352555369,301.56377029418945
ROSE PARK,2023-07-28,0.026240030924479168,-0.11555902163187663,0.00010877847671508789,301.5686028798421
ROSE PARK,2023-07-29,0.06159083048502604,0.23795672257741293,1.714587710921478e-06,301.6425666809082
ROSE PARK,2023-07-30,-0.12380282084147136,0.6310422817866007,1.1324882507324219e-06,302.369961420695
ROSE PARK,2023-07-31,-0.6882750193277994,1.35919189453125,0.0004303038119815028,301.65313657124835
ROSE PARK,2023-08-01,-0.2781562805175781,0.8828773498535156,0.001239531981525488,299.31443977355957
ROSE PARK,2023-08-02,-0.1937103271484375,0.7742007970809937,0.014347207546222762,294.6786397298177
ROSE PARK,2023-08-03,0.12959734598795572,1.4563611348470051,0.013816553354160988,293.322359085083
ROSE PARK,2023-08-04,0.5263830820719401,0.07015037536621094,0.0018222868442485662,295.0041567484538
ROSE PARK,2023-08-05,0.22695442040761313,-0.3755309184392293,2.022981643179378e-05,295.3170534769694
ROSE PARK,2023-08-06,0.29667409261067706,-0.4686245123545329,0.00032261013984680176,295.27477010091144
ROSE PARK,2023-08-07,0.5190558830897013,-0.21461435159047446,2.3734569538191863e-05,295.31746737162274
ROSE PARK,2023-08-08,0.9163309733072916,-0.9393908977508545,0.0010601968776313697,294.2515411376953
ROSE PARK,2023-08-09,-0.014654159545898438,-0.08934378623962402,2.151025000785012e-06,294.1155751546224
ROSE PARK,2023-08-10,0.0604254404703776,0.41833170255025226,8.741021133573668e-06,296.43209075927734
ROSE PARK,2023-08-11,-0.18699200948079428,0.7265753746032715,0.0012418270111069774,296.88000106811523
ROSE PARK,2023-08-12,0.015540440877278646,-0.05462527275085449,0.0011116355657527777,297.0903714497884
ROSE PARK,2023-08-13,0.06286497910817464,-0.19258244832356772,1.2814998058274796e-06,296.9592177073161
ROSE PARK,2023-08-14,-0.2550239562988281,-0.34950633843739826,0.0,297.2469367980957
ROSE PARK,2023-08-15,0.034912109375,-0.15500458081563315,4.2378902435302734e-05,299.1265328725179
ROSE PARK,2023-08-16,0.054906209309895836,0.12244796752929688,0.0003548264503479004,299.4730847676595
ROSE PARK,2023-08-17,-0.2845166524251302,0.6443271636962891,0.0011404454708099365,300.01521428426105
ROSE PARK,2023-08-18,-0.2987066904703776,1.2604071299235027,0.0009967237710952759,299.87896728515625
ROSE PARK,2023-08-19,-0.009145736694335938,1.7490133841832478,0.0012566298246383667,298.25971031188965
ROSE PARK,2023-08-20,-0.027327855428059895,-0.11855562527974446,3.311037971798214e-06,297.2434190114339
ROSE PARK,2023-08-21,-0.07336807250976562,1.4314983288447063,0.001955276727585442,296.14789326985675
ROSE PARK,2023-08-22,-1.068036397298177,0.8685359954833984,0.008938091993229591,293.4773139953613
ROSE PARK,2023-08-23,-0.6665573120117188,0.8060315450032552,0.0012285946178280938,293.75823911031085
ROSE PARK,2023-08-24,-0.6091531117757162,0.5366197029749552,0.002400250069172216,295.0383605957031
ROSE PARK,2023-08-25,-0.7390410105387369,0.45273470878601074,0.0010082870721817017,295.841272354126
ROSE PARK,2023-08-26,-0.7012201944986979,0.2645774682362874,0.0001432865857964316,296.9364655812581
ROSE PARK,2023-08-27,-0.5189914703369141,0.2062861124674479,4.1738152503967285e-05,297.63406499226886
ROSE PARK,2023-08-28,-0.12812423706054688,-0.34051255385080975,0.0,297.29041798909503
ROSE PARK,2023-08-29,-0.815802256266276,0.9977734883626302,2.5749206429281912e-06,298.21854909261066
ROSE PARK,2023-08-30,1.4760257005691528,-0.3266647259394328,8.350851317118213e-07,298.9706007639567
ROSE PARK,2023-08-31,0.06959915161132812,0.18545047442118326,4.351138045421976e-07,295.8756167093913
ROSE PARK,2023-09-01,-0.9346173604329427,3.594261328379313,0.00044651725329458714,299.05331802368164
ROSE PARK,2023-09-02,-0.6727148691813151,1.9406731128692627,0.001241988886818035,294.5503107706706
ROSE PARK,2023-09-03,-0.3675543467203776,2.1427427927652993,0.00017424225796958126,295.3728167215983
ROSE PARK,2023-09-04,1.7935784657796223,0.5480923255284628,0.028454092144954757,290.4804979960124
ROSE PARK,2023-09-05,-0.1568018595377604,0.4305032094319661,0.0003219693899154663,289.68453852335614
ROSE PARK,2023-09-06,-0.24593035380045572,0.3006940682729085,0.0,291.8534615834554
ROSE PARK,2023-09-07,-0.6007118225097656,0.7961936791737875,8.52346317969932e-07,293.2562847137451
ROSE PARK,2023-09-08,-0.6921761830647787,1.440042495727539,0.0,294.30510902404785
ROSE PARK,2023-09-09,-0.5024763743082682,0.3053929805755615,5.5351853347929136e-05,293.8421173095703
ROSE PARK,2023-09-10,-0.4290733337402344,0.3793421188990275,0.0004178738495284051,293.52207374572754
ROSE PARK,2023-09-11,-0.7317899068196615,-0.2335376739501953,0.00041900516424675516,292.7350044250488
ROSE PARK,2023-09-12,-0.22415542602539062,-0.06359481811523438,0.0003411322832107544,293.22419865926105
ROSE PARK,2023-09-13,-0.4416522979736328,0.36251648267110187,0.0003852874039580456,292.31558354695636
ROSE PARK,2023-09-14,0.08936500549316406,-0.8246040344238281,0.00010388493529944753,291.5963827768962
ROSE PARK,2023-09-15,-0.3197580973307292,-0.43273890018463135,1.707077026225079e-05,291.00744311014813
ROSE PARK,2023-09-16,-0.1008148193359375,-0.05776087443033854,0.0,291.8327465057373
ROSE PARK,2023-09-17,-0.25297800699869794,0.01831817626953125,8.52346317969932e-07,292.59427134195965
ROSE PARK,2023-09-18,-0.5744073788324991,0.4684499104817708,4.163384437561035e-05,293.0613307952881
ROSE PARK,2023-09-19,-0.23398971557617188,0.5197620391845703,5.7005882258209795e-05,292.91869990030926
ROSE PARK,2023-09-20,-0.2841504414876302,1.0220985412597656,0.00018702447414398193,292.502981821696
ROSE PARK,2023-09-21,0.2867857615152995,-0.02014346917470296,0.0075736522673537365,290.2862497965495
ROSE PARK,2023-09-22,1.3379751841227214,0.011311570803324381,0.009151989221550139,285.110200881958
ROSE PARK,2023-09-23,-0.36533164978027344,0.3708020846048991,0.00016891956329345703,284.53901799519855
ROSE PARK,2023-09-24,-0.5880699157714844,0.24949260552724203,0.0,287.3131809234619
ROSE PARK,2023-09-25,-1.0732943216959636,0.7581290404001871,8.641524118502275e-07,289.5770428975423
ROSE PARK,2023-09-26,-0.9005184173583984,0.8640412092208862,4.261732051702438e-07,291.25629170735675
ROSE PARK,2023-09-27,-0.5667451222737631,0.6050026019414266,0.0,291.55285263061523
ROSE PARK,2023-09-28,0.2621008555094401,-0.15019965171813965,0.0,290.7789497375488
ROSE PARK,2023-09-29,-0.29670695463816327,0.4022185405095418,7.40885730010632e-06,289.13482602437335
ROSE PARK,2023-09-30,-0.939208984375,1.8901218970616658,5.5207797799994296e-05,291.0644613901774
ROSE PARK,2023-10-01,0.4304351806640625,1.8280913432439168,0.0044615116954283,288.09190559387207
ROSE PARK,2023-10-02,-0.42073313395182294,0.7744785944620768,0.024207651615142822,283.64635912577313
ROSE PARK,2023-10-03,0.27982457478841144,0.8935320377349854,0.0028607904761202008,281.98191833496094
ROSE PARK,2023-10-04,0.384396235148112,0.05647250016530355,0.0005483776330947876,284.02358055114746
ROSE PARK,2023-10-05,-0.2518634796142578,-0.28515052795410156,4.929304111556121e-06,284.0919958750407
ROSE PARK,2023-10-06,-0.2799615462621053,-0.282687505086263,5.155801773071289e-06,285.36601638793945
ROSE PARK,2023-10-07,-0.4740848143895467,0.039610068003336586,0.0,286.2332706451416
ROSE PARK,2023-10-08,-0.5797786712646484,0.008693059285481771,8.584349870943697e-07,286.97705777486163
ROSE PARK,2023-10-09,-0.9752209981282552,0.3748645782470703,8.52346317969932e-07,287.73522822062176
ROSE PARK,2023-10-10,-0.74993896484375,1.0393892923990886,0.0001094046036769214,288.49009386698407
ROSE PARK,2023-10-11,0.9322993755340576,-0.9631998936335245,0.0093156099319458,285.57085037231445
ROSE PARK,2023-10-12,1.9983904361724854,-0.7087478637695312,0.0095995247363021,279.17283630371094
ROSE PARK,2023-10-13,-0.42177581787109375,0.6306616465250651,0.0001695907021144194,280.5909430185954
ROSE PARK,2023-10-14,-0.9915682474772135,0.39523760477701825,1.716613724056515e-06,282.4376271565755
ROSE PARK,2023-10-15,-0.7685502370198568,-0.05939638614654541,1.6629695664960309e-06,284.0756295522054
ROSE PARK,2023-10-16,-0.852689782778422,0.23984909057617188,8.606480470518818e-07,285.26791127522785
ROSE PARK,2023-10-17,-0.7079372406005859,0.10026546319325765,1.7225741544280027e-06,286.01672681172687
ROSE PARK,2023-10-18,-0.23850440979003906,-0.09025891621907552,2.562998815847095e-06,287.55642318725586
ROSE PARK,2023-10-19,-0.5747362772623698,0.03189245859781901,3.227591435006616e-06,285.6112200419108
ROSE PARK,2023-10-20,-0.7433846791585287,0.15136273701985678,1.7116729509325523e-06,286.15298652648926
ROSE PARK,2023-10-21,-0.6618359883626302,-0.03401374816894531,0.00014040330717079996,286.7893536885579
ROSE PARK,2023-10-22,-1.0357659657796223,0.8367971181869507,0.0,287.2427050272624
ROSE PARK,2023-10-23,-0.7343438466389974,0.4425496260325114,0.00036047697057028927,285.9120095570882
ROSE PARK,2023-10-24,0.4150206247965495,0.24494397640228271,5.972385473285158e-06,285.8964360555013
ROSE PARK,2023-10-25,-0.7740262349446615,2.120434323946635,4.351138613856165e-07,285.0778814951579
ROSE PARK,2023-10-26,1.6761760711669922,-0.42026833693186444,0.008806204795746453,281.84621302286786
ROSE PARK,2023-10-27,-0.4707590738932292,0.49094557762145996,1.7195939676639682e-06,276.9994144439697
ROSE PARK,2023-10-28,0.6613216400146484,-1.2251123189926147,4.355712752612817e-05,277.389986038208
ROSE PARK,2023-10-29,1.3991317749023438,-1.8101940949757893,3.787684630651711e-05,273.89960289001465
ROSE PARK,2023-10-30,0.289642333984375,-0.19004352887471518,1.716028918963275e-06,274.8502883911133
ROSE PARK,2023-10-31,-0.14887237548828125,-0.10931018988291423,1.2814997489840607e-06,275.59935633341473
ROSE PARK,2023-11-01,-0.7277488708496094,0.10542090733846028,3.327349986648187e-06,276.9371255238851
ROSE PARK,2023-11-02,-0.8818466265996298,0.40515339374542236,2.5716951199683535e-06,279.01641337076825
ROSE PARK,2023-11-03,-0.30148061116536456,0.34467005729675293,2.449995292863605e-06,284.2234255472819
ROSE PARK,2023-11-04,-1.0641409556070964,0.5132337411244711,3.4391878216410987e-06,281.80302747090656
ROSE PARK,2023-11-05,-1.1067059834798176,1.0138696034749348,0.00019798703578999266,283.74307505289715
ROSE PARK,2023-11-06,-1.1689351399739583,1.8231974442799885,1.7249962525056617e-06,284.6060098012288
ROSE PARK,2023-11-07,0.5328604380289713,-0.3108221689860026,0.0060370564460754395,281.61416753133136
ROSE PARK,2023-11-08,0.7977930704752604,-1.058624267578125,0.0032899917305257986,277.08836046854657
ROSE PARK,2023-11-09,-0.07265726725260417,-0.24768702189127603,1.132374279677606e-06,276.1131451924642
ROSE PARK,2023-11-10,-0.577171246210734,0.32849093278249103,1.2218952178955078e-06,275.3443152109782
ROSE PARK,2023-11-11,-0.6958945592244467,0.4671752452850342,3.010032742167823e-06,276.5687777201335
ROSE PARK,2023-11-12,-1.2838480869928997,0.569161613782247,0.0,277.8475824991862
ROSE PARK,2023-11-13,-1.771383285522461,1.2810558875401814,1.727127028061659e-06,278.8149719238281
ROSE PARK,2023-11-14,-1.1366780598958333,1.5086676279703777,0.0,280.3482602437337
ROSE PARK,2023-11-15,-1.3947877486546834,1.205399751663208,8.583068797918258e-07,280.51075108846027
ROSE PARK,2023-11-16,-0.7412885030110677,0.8491465250651041,0.010041056059378661,281.57820892333984
ROSE PARK,2023-11-17,-1.1006075541178386,0.3263263702392578,3.792345512465545e-05,278.00736236572266
ROSE PARK,2023-11-18,-1.0206432342529297,0.4564749002456665,0.0006873190401961438,277.6980228424072
ROSE PARK,2023-11-19,-0.25610331694285077,0.46269480387369794,0.011166014204718522,277.00090471903485
ROSE PARK,2023-11-20,1.8935330708821614,-1.2320730288823445,0.004592648148445733,274.887731552124
ROSE PARK,2023-11-21,-0.5783231655756632,0.1866291364034017,7.557868855201377e-06,272.5287399291992
ROSE PARK,2023-11-22,-0.8466446002324423,0.0633227030436198,2.7656554948407575e-06,273.0076847076416
ROSE PARK,2023-11-23,-0.6663360595703125,-0.14983177185058594,5.5545568461212724e-05,273.70674387613934
ROSE PARK,2023-11-24,-0.007067441940307617,-0.4969094594319661,0.009889322519256893,273.1429265340169
ROSE PARK,2023-11-25,-0.22812016805013022,-0.31335318088531494,0.00014486908912658691,269.0582021077474
ROSE PARK,2023-11-26,-0.6364988485972086,0.30324530601501465,4.387795922866644e-05,267.175017674764
ROSE PARK,2023-11-27,-0.9496650695800781,0.1649745305379232,7.098325681909046e-06,265.9813823699951
ROSE PARK,2023-11-28,-0.9747047424316406,0.031979878743489586,2.193450825416221e-06,266.8818556467692
ROSE PARK,2023-11-29,-0.9749666849772135,0.09686680634816487,5.236267952568596e-06,267.95057741800946
ROSE PARK,2023-11-30,-0.4731299082438151,0.09449279308319092,0.00011320412158966064,270.631898244222
ROSE PARK,2023-12-01,-0.5419495900472006,0.6942786773045858,0.004475688934121536,269.9046351114909
ROSE PARK,2023-12-02,-0.5653584798177084,1.9931834936141968,0.0049190521240234375,270.5453465779622
ROSE PARK,2023-12-03,-0.6563269297281901,2.0544035037358603,0.018586188554763794,273.97854741414386
ROSE PARK,2023-12-04,-0.9489587148030599,1.3703054189682007,0.0056581199169158936,275.99631118774414
ROSE PARK,2023-12-05,-1.5309219360351562,0.6521015167236328,4.351138045421976e-07,272.8781394958496
ROSE PARK,2023-12-06,-1.8929723103841145,0.8262977600097656,0.0,271.471892674764
ROSE PARK,2023-12-07,-0.3669579823811849,1.174460728963216,0.0011693239212036133,275.45429611206055
ROSE PARK,2023-12-08,0.9838358561197916,-0.20471318562825522,0.00871391038992897,270.82674344380695
ROSE PARK,2023-12-09,0.40479151407877606,0.23230584462483725,0.0021094530820846558,269.6646188100179
ROSE PARK,2023-12-10,-1.2772233883539836,1.102555791536967,3.897156659604661e-06,268.13483301798504
ROSE PARK,2023-12-11,-1.1347942352294922,0.18421204884847006,8.821486403576273e-07,271.74377123514813
ROSE PARK,2023-12-12,-1.0576712290445964,-0.20032755533854166,2.0980834278816474e-06,269.9573923746745
ROSE PARK,2023-12-13,-1.5088075002034504,-0.3409283955891927,9.715556075207132e-07,268.0334103902181
ROSE PARK,2023-12-14,-1.1841284434000652,0.14313697814941406,8.52346317969932e-07,269.41677538553876
ROSE PARK,2023-12-15,-1.1674811045328777,0.1671079397201538,1.7106532368416083e-06,269.7318305969238
ROSE PARK,2023-12-16,-1.2522342602411907,0.12530791759490967,8.52346317969932e-07,268.80328877766925
ROSE PARK,2023-12-17,-1.0282746156056721,-0.09135488669077556,1.7106532936850272e-06,271.3737850189209
ROSE PARK,2023-12-18,-1.4114265441894531,0.17966691652933756,1.7046928064701206e-06,268.9942092895508
ROSE PARK,2023-12-19,-1.785246769587199,0.7016309499740601,0.0007239729166030884,271.84413655598956
ROSE PARK,2023-12-20,-1.7958837747573853,0.8407027721405029,0.0006730645894954534,275.1069138844808
ROSE PARK,2023-12-21,-1.73073410987854,0.6630191802978516,0.0,272.5977261861165
ROSE PARK,2023-12-22,-1.8234539031982422,0.6185493469238281,8.52346317969932e-07,272.2055263519287
ROSE PARK,2023-12-23,0.2717603047688802,-0.0886065165201823,0.003739935159671859,273.2722880045573
ROSE PARK,2023-12-24,0.43612035115559894,-0.354300578435262,0.0006433965144765352,270.27525011698407
ROSE PARK,2023-12-25,-0.9320771296819051,0.19713322321573892,6.410479443275108e-06,264.35910415649414
ROSE PARK,2023-12-26,-1.0967433055241902,0.35378249486287433,2.7298926283947367e-06,263.83535130818683
ROSE PARK,2023-12-27,-1.0259400606155396,0.19821294148763022,4.0411948134533304e-06,267.4099407196045
ROSE PARK,2023-12-28,-0.9430103699366251,-0.01752026875813802,5.0067901611328125e-06,269.360741297404
ROSE PARK,2023-12-29,-1.210824966430664,0.1000226338704427,8.52346317969932e-07,269.8444023132324
ROSE PARK,2023-12-30,-1.7625643412272136,0.2820421854654948,7.18235969543457e-06,271.0660394032796
ROSE PARK,2023-12-31,-1.1937853495279949,0.22835890452067056,8.583068797918258e-07,270.8028049468994
