site,date,pm25,lat,lon
1007,2019-01-01,5.641667,40.712146,-112.111275
1007,2019-01-02,9.470833,40.712146,-112.111275
1007,2019-01-03,15.958333,40.712146,-112.111275
1007,2019-01-04,27.775,40.712146,-112.111275
1007,2019-01-05,30.0625,40.712146,-112.111275
1007,2019-01-06,6.366667,40.712146,-112.111275
1007,2019-01-07,0.691667,40.712146,-112.111275
1007,2019-01-08,13.3125,40.712146,-112.111275
1007,2019-01-09,16.7,40.712146,-112.111275
1007,2019-01-10,23.070833,40.712146,-112.111275
1007,2019-01-11,14.825,40.712146,-112.111275
1007,2019-01-12,14.404167,40.712146,-112.111275
1007,2019-01-13,11.825,40.712146,-112.111275
1007,2019-01-14,19.3,40.712146,-112.111275
1007,2019-01-15,17.815,40.712146,-112.111275
1007,2019-01-16,20.570833,40.712146,-112.111275
1007,2019-01-17,0.386957,40.712146,-112.111275
1007,2019-01-18,1.658333,40.712146,-112.111275
1007,2019-01-19,4.245833,40.712146,-112.111275
1007,2019-01-20,5.2375,40.712146,-112.111275
1007,2019-01-21,0.7125,40.712146,-112.111275
1007,2019-01-22,2.025,40.712146,-112.111275
1007,2019-01-23,6.291667,40.712146,-112.111275
1007,2019-01-24,6.570833,40.712146,-112.111275
1007,2019-01-25,3.975,40.712146,-112.111275
1007,2019-01-26,11.645833,40.712146,-112.111275
1007,2019-01-27,7.383333,40.712146,-112.111275
1007,2019-01-28,8.766667,40.712146,-112.111275
1007,2019-01-29,8.079167,40.712146,-112.111275
1007,2019-01-30,15.191667,40.712146,-112.111275
1007,2019-01-31,23.820833,40.712146,-112.111275
1007,2019-02-01,22.275,40.712146,-112.111275
1007,2019-02-02,1.733333,40.712146,-112.111275
1007,2019-02-03,0.345833,40.712146,-112.111275
1007,2019-02-04,0.4625,40.712146,-112.111275
1007,2019-02-05,0.5375,40.712146,-112.111275
1007,2019-02-06,0.345833,40.712146,-112.111275
1007,2019-02-07,1.134783,40.712146,-112.111275
1007,2019-02-08,7.520833,40.712146,-112.111275
1007,2019-02-09,8.391667,40.712146,-112.111275
1007,2019-02-10,0.6,40.712146,-112.111275
1007,2019-02-11,0.591667,40.712146,-112.111275
1007,2019-02-12,2.6375,40.712146,-112.111275
1007,2019-02-13,2.408333,40.712146,-112.111275
1007,2019-02-14,1.054167,40.712146,-112.111275
1007,2019-02-15,1.404167,40.712146,-112.111275
1007,2019-02-16,1.954167,40.712146,-112.111275
1007,2019-02-17,3.258333,40.712146,-112.111275
1007,2019-02-18,4.429167,40.712146,-112.111275
1007,2019-02-19,1.945833,40.712146,-112.111275
1007,2019-02-20,2.15,40.712146,-112.111275
1007,2019-02-21,4.308333,40.712146,-112.111275
1007,2019-02-22,5.516667,40.712146,-112.111275
1007,2019-02-23,4.458333,40.712146,-112.111275
1007,2019-02-24,0.9625,40.712146,-112.111275
1007,2019-02-25,0.991304,40.712146,-112.111275
1007,2019-02-26,2.066667,40.712146,-112.111275
1007,2019-02-27,3.170833,40.712146,-112.111275
1007,2019-02-28,2.866667,40.712146,-112.111275
1007,2019-03-01,1.308333,40.712146,-112.111275
1007,2019-03-02,1.7375,40.712146,-112.111275
1007,2019-03-03,3.879167,40.712146,-112.111275
1007,2019-03-04,3.5875,40.712146,-112.111275
1007,2019-03-05,4.304167,40.712146,-112.111275
1007,2019-03-06,0.670833,40.712146,-112.111275
1007,2019-03-07,1.008333,40.712146,-112.111275
1007,2019-03-08,1.7125,40.712146,-112.111275
1007,2019-03-09,4.4,40.712146,-112.111275
1007,2019-03-10,5.0,40.712146,-112.111275
1007,2019-03-11,4.3625,40.712146,-112.111275
1007,2019-03-12,6.754167,40.712146,-112.111275
1007,2019-03-13,0.275,40.712146,-112.111275
1007,2019-03-14,0.908333,40.712146,-112.111275
1007,2019-03-15,3.916667,40.712146,-112.111275
1007,2019-03-16,7.895833,40.712146,-112.111275
1007,2019-03-17,8.070833,40.712146,-112.111275
1007,2019-03-18,6.23913,40.712146,-112.111275
1007,2019-03-19,5.379167,40.712146,-112.111275
1007,2019-03-20,2.845833,40.712146,-112.111275
1007,2019-03-21,2.804348,40.712146,-112.111275
1007,2019-03-22,1.8625,40.712146,-112.111275
1007,2019-03-23,4.608333,40.712146,-112.111275
1007,2019-03-24,2.966667,40.712146,-112.111275
1007,2019-03-25,7.091667,40.712146,-112.111275
1007,2019-03-26,4.725,40.712146,-112.111275
1007,2019-03-27,5.558333,40.712146,-112.111275
1007,2019-03-28,1.891667,40.712146,-112.111275
1007,2019-03-29,2.583333,40.712146,-112.111275
1007,2019-03-30,4.291667,40.712146,-112.111275
1007,2019-03-31,2.833333,40.712146,-112.111275
1007,2019-04-01,4.669565,40.712146,-112.111275
1007,2019-04-02,2.445833,40.712146,-112.111275
1007,2019-04-03,2.395833,40.712146,-112.111275
1007,2019-04-04,3.7375,40.712146,-112.111275
1007,2019-04-05,2.4375,40.712146,-112.111275
1007,2019-04-06,2.154167,40.712146,-112.111275
1007,2019-04-07,3.108333,40.712146,-112.111275
1007,2019-04-08,4.85,40.712146,-112.111275
1007,2019-04-09,1.716667,40.712146,-112.111275
1007,2019-04-10,0.566667,40.712146,-112.111275
1007,2019-04-11,0.658333,40.712146,-112.111275
1007,2019-04-12,1.0625,40.712146,-112.111275
1007,2019-04-13,2.004167,40.712146,-112.111275
1007,2019-04-14,1.416667,40.712146,-112.111275
1007,2019-04-15,2.741667,40.712146,-112.111275
1007,2019-04-16,1.154167,40.712146,-112.111275
1007,2019-04-17,1.579167,40.712146,-112.111275
1007,2019-04-18,3.15,40.712146,-112.111275
1007,2019-04-19,6.175,40.712146,-112.111275
1007,2019-04-20,2.129167,40.712146,-112.111275
1007,2019-04-21,2.529167,40.712146,-112.111275
1007,2019-04-22,2.716667,40.712146,-112.111275
1007,2019-04-23,2.870833,40.712146,-112.111275
1007,2019-04-24,2.782609,40.712146,-112.111275
1007,2019-04-25,4.5875,40.712146,-112.111275
1007,2019-04-26,3.55,40.712146,-112.111275
1007,2019-04-27,5.0375,40.712146,-112.111275
1007,2019-04-28,4.3625,40.712146,-112.111275
1007,2019-04-29,5.495652,40.712146,-112.111275
1007,2019-04-30,1.975,40.712146,-112.111275
1007,2019-05-01,3.791667,40.712146,-112.111275
1007,2019-05-02,3.995833,40.712146,-112.111275
1007,2019-05-03,4.3875,40.712146,-112.111275
1007,2019-05-04,5.754167,40.712146,-112.111275
1007,2019-05-05,4.633333,40.712146,-112.111275
1007,2019-05-06,5.354167,40.712146,-112.111275
1007,2019-05-07,3.354167,40.712146,-112.111275
1007,2019-05-08,2.908333,40.712146,-112.111275
1007,2019-05-09,0.983333,40.712146,-112.111275
1007,2019-05-10,2.0125,40.712146,-112.111275
1007,2019-05-11,4.6125,40.712146,-112.111275
1007,2019-05-12,6.620833,40.712146,-112.111275
1007,2019-05-13,7.0625,40.712146,-112.111275
1007,2019-05-14,5.8375,40.712146,-112.111275
1007,2019-05-15,4.5,40.712146,-112.111275
1007,2019-05-16,3.370833,40.712146,-112.111275
1007,2019-05-17,1.075,40.712146,-112.111275
1007,2019-05-18,1.154167,40.712146,-112.111275
1007,2019-05-19,1.583333,40.712146,-112.111275
1007,2019-05-20,1.308333,40.712146,-112.111275
1007,2019-05-21,1.358333,40.712146,-112.111275
1007,2019-05-22,1.945833,40.712146,-112.111275
1007,2019-05-23,1.0375,40.712146,-112.111275
1007,2019-05-24,1.379167,40.712146,-112.111275
1007,2019-05-25,1.533333,40.712146,-112.111275
1007,2019-05-26,2.391667,40.712146,-112.111275
1007,2019-05-27,1.441667,40.712146,-112.111275
1007,2019-05-28,1.991667,40.712146,-112.111275
1007,2019-05-29,2.577273,40.712146,-112.111275
1007,2019-05-30,3.504167,40.712146,-112.111275
1007,2019-05-31,3.4625,40.712146,-112.111275
1007,2019-06-01,3.879167,40.712146,-112.111275
1007,2019-06-02,4.1625,40.712146,-112.111275
1007,2019-06-03,4.375,40.712146,-112.111275
1007,2019-06-04,5.471429,40.712146,-112.111275
1007,2019-06-05,4.7125,40.712146,-112.111275
1007,2019-06-06,4.254167,40.712146,-112.111275
1007,2019-06-07,7.4,40.712146,-112.111275
1007,2019-06-08,0.979167,40.712146,-112.111275
1007,2019-06-09,1.095833,40.712146,-112.111275
1007,2019-06-10,3.456522,40.712146,-112.111275
1007,2019-06-11,5.358333,40.712146,-112.111275
1007,2019-06-12,3.8,40.712146,-112.111275
1007,2019-06-13,4.366667,40.712146,-112.111275
1007,2019-06-14,4.254167,40.712146,-112.111275
1007,2019-06-15,6.454167,40.712146,-112.111275
1007,2019-06-16,5.520833,40.712146,-112.111275
1007,2019-06-17,4.904167,40.712146,-112.111275
1007,2019-06-18,3.964706,40.712146,-112.111275
1007,2019-06-19,4.633333,40.712146,-112.111275
1007,2019-06-20,4.529167,40.712146,-112.111275
1007,2019-06-21,1.708333,40.712146,-112.111275
1007,2019-06-22,2.433333,40.712146,-112.111275
1007,2019-06-23,4.404167,40.712146,-112.111275
1007,2019-06-24,3.991667,40.712146,-112.111275
1007,2019-06-25,4.825,40.712146,-112.111275
1007,2019-06-26,5.1875,40.712146,-112.111275
1007,2019-06-27,4.033333,40.712146,-112.111275
1007,2019-06-28,4.216667,40.712146,-112.111275
1007,2019-06-29,6.091667,40.712146,-112.111275
1007,2019-06-30,4.170833,40.712146,-112.111275
1007,2019-07-01,4.466667,40.712146,-112.111275
1007,2019-07-02,6.63913,40.712146,-112.111275
1007,2019-07-03,13.94,40.712146,-112.111275
1007,2019-07-04,16.341176,40.712146,-112.111275
1007,2019-07-05,13.816667,40.712146,-112.111275
1007,2019-07-06,6.245833,40.712146,-112.111275
1007,2019-07-07,4.145833,40.712146,-112.111275
1007,2019-07-08,9.529167,40.712146,-112.111275
1007,2019-07-09,7.270833,40.712146,-112.111275
1007,2019-07-10,5.345455,40.712146,-112.111275
1007,2019-07-11,4.179167,40.712146,-112.111275
1007,2019-07-12,4.275,40.712146,-112.111275
1007,2019-07-13,4.379167,40.712146,-112.111275
1007,2019-07-14,5.5375,40.712146,-112.111275
1007,2019-07-15,5.808333,40.712146,-112.111275
1007,2019-07-16,8.0375,40.712146,-112.111275
1007,2019-07-17,6.058333,40.712146,-112.111275
1007,2019-07-18,5.408333,40.712146,-112.111275
1007,2019-07-19,3.626087,40.712146,-112.111275
1007,2019-07-20,6.275,40.712146,-112.111275
1007,2019-07-21,7.195833,40.712146,-112.111275
1007,2019-07-22,7.279167,40.712146,-112.111275
1007,2019-07-23,7.604167,40.712146,-112.111275
1007,2019-07-24,6.7,40.712146,-112.111275
1007,2019-07-25,9.125,40.712146,-112.111275
1007,2019-07-26,7.558333,40.712146,-112.111275
1007,2019-07-27,5.104167,40.712146,-112.111275
1007,2019-07-28,7.283333,40.712146,-112.111275
1007,2019-07-29,6.233333,40.712146,-112.111275
1007,2019-07-30,5.425,40.712146,-112.111275
1007,2019-07-31,5.6625,40.712146,-112.111275
1007,2019-08-01,4.845455,40.712146,-112.111275
1007,2019-08-02,7.354167,40.712146,-112.111275
1007,2019-08-03,6.0,40.712146,-112.111275
1007,2019-08-04,5.258333,40.712146,-112.111275
1007,2019-08-05,7.433333,40.712146,-112.111275
1007,2019-08-06,6.156522,40.712146,-112.111275
1007,2019-08-07,5.3625,40.712146,-112.111275
1007,2019-08-08,5.291667,40.712146,-112.111275
1007,2019-08-09,5.570833,40.712146,-112.111275
1007,2019-08-10,4.675,40.712146,-112.111275
1007,2019-08-11,4.845833,40.712146,-112.111275
1007,2019-08-12,4.966667,40.712146,-112.111275
1007,2019-08-13,7.6875,40.712146,-112.111275
1007,2019-08-14,12.0,40.712146,-112.111275
1007,2019-08-15,8.0875,40.712146,-112.111275
1007,2019-08-16,4.8375,40.712146,-112.111275
1007,2019-08-17,4.379167,40.712146,-112.111275
1007,2019-08-18,6.154167,40.712146,-112.111275
1007,2019-08-19,3.566667,40.712146,-112.111275
1007,2019-08-20,4.731818,40.712146,-112.111275
1007,2019-08-21,5.620833,40.712146,-112.111275
1007,2019-08-22,7.570833,40.712146,-112.111275
1007,2019-08-23,5.583333,40.712146,-112.111275
1007,2019-08-24,5.3125,40.712146,-112.111275
1007,2019-08-25,6.0,40.712146,-112.111275
1007,2019-08-26,5.0625,40.712146,-112.111275
1007,2019-08-27,5.4375,40.712146,-112.111275
1007,2019-08-28,7.3125,40.712146,-112.111275
1007,2019-08-29,6.104167,40.712146,-112.111275
1007,2019-08-30,6.920833,40.712146,-112.111275
1007,2019-08-31,7.8,40.712146,-112.111275
1007,2019-09-01,7.2375,40.712146,-112.111275
1007,2019-09-02,4.895833,40.712146,-112.111275
1007,2019-09-03,5.7375,40.712146,-112.111275
1007,2019-09-04,8.5625,40.712146,-112.111275
1007,2019-09-05,5.95,40.712146,-112.111275
1007,2019-09-06,6.270833,40.712146,-112.111275
1007,2019-09-07,8.320833,40.712146,-112.111275
1007,2019-09-08,8.229167,40.712146,-112.111275
1007,2019-09-09,15.654167,40.712146,-112.111275
1007,2019-09-10,7.695833,40.712146,-112.111275
1007,2019-09-11,6.008333,40.712146,-112.111275
1007,2019-09-12,6.452174,40.712146,-112.111275
1007,2019-09-13,6.1375,40.712146,-112.111275
1007,2019-09-14,5.229167,40.712146,-112.111275
1007,2019-09-15,5.0875,40.712146,-112.111275
1007,2019-09-16,4.170833,40.712146,-112.111275
1007,2019-09-17,6.054167,40.712146,-112.111275
1007,2019-09-18,5.029167,40.712146,-112.111275
1007,2019-09-19,2.716667,40.712146,-112.111275
1007,2019-09-20,1.854167,40.712146,-112.111275
1007,2019-09-21,4.758333,40.712146,-112.111275
1007,2019-09-22,4.391667,40.712146,-112.111275
1007,2019-09-23,4.8625,40.712146,-112.111275
1007,2019-09-24,5.195833,40.712146,-112.111275
1007,2019-09-25,3.758333,40.712146,-112.111275
1007,2019-09-26,4.275,40.712146,-112.111275
1007,2019-09-27,4.129167,40.712146,-112.111275
1007,2019-09-28,2.433333,40.712146,-112.111275
1007,2019-09-29,1.341667,40.712146,-112.111275
1007,2019-09-30,2.720833,40.712146,-112.111275
1007,2019-10-01,2.979167,40.712146,-112.111275
1007,2019-10-02,3.6875,40.712146,-112.111275
1007,2019-10-03,6.382609,40.712146,-112.111275
1007,2019-10-04,4.1875,40.712146,-112.111275
1007,2019-10-05,3.1875,40.712146,-112.111275
1007,2019-10-06,3.133333,40.712146,-112.111275
1007,2019-10-07,6.545833,40.712146,-112.111275
1007,2019-10-08,7.108333,40.712146,-112.111275
1007,2019-10-09,2.470833,40.712146,-112.111275
1007,2019-10-10,1.166667,40.712146,-112.111275
1007,2019-10-11,4.704167,40.712146,-112.111275
1007,2019-10-12,7.7,40.712146,-112.111275
1007,2019-10-13,9.9875,40.712146,-112.111275
1007,2019-10-14,7.579167,40.712146,-112.111275
1007,2019-10-15,8.725,40.712146,-112.111275
1007,2019-10-16,8.004167,40.712146,-112.111275
1007,2019-10-17,5.3875,40.712146,-112.111275
1007,2019-10-18,2.0,40.712146,-112.111275
1007,2019-10-19,2.066667,40.712146,-112.111275
1007,2019-10-20,1.095833,40.712146,-112.111275
1007,2019-10-21,1.775,40.712146,-112.111275
1007,2019-10-22,3.954167,40.712146,-112.111275
1007,2019-10-23,2.179167,40.712146,-112.111275
1007,2019-10-24,2.933333,40.712146,-112.111275
1007,2019-10-25,6.704167,40.712146,-112.111275
1007,2019-10-26,5.195833,40.712146,-112.111275
1007,2019-10-27,1.154167,40.712146,-112.111275
1007,2019-10-28,1.675,40.712146,-112.111275
1007,2019-10-29,1.375,40.712146,-112.111275
1007,2019-10-30,4.679167,40.712146,-112.111275
1007,2019-10-31,5.5125,40.712146,-112.111275
1007,2019-11-01,8.879167,40.712146,-112.111275
1007,2019-11-02,8.395833,40.712146,-112.111275
1007,2019-11-03,11.779167,40.712146,-112.111275
1007,2019-11-04,8.175,40.712146,-112.111275
1007,2019-11-05,6.475,40.712146,-112.111275
1007,2019-11-06,5.279167,40.712146,-112.111275
1007,2019-11-07,9.340909,40.712146,-112.111275
1007,2019-11-08,9.304167,40.712146,-112.111275
1007,2019-11-09,11.816667,40.712146,-112.111275
1007,2019-11-10,13.529167,40.712146,-112.111275
1007,2019-11-11,3.704167,40.712146,-112.111275
1007,2019-11-12,5.820833,40.712146,-112.111275
1007,2019-11-13,10.686957,40.712146,-112.111275
1007,2019-11-14,8.908333,40.712146,-112.111275
1007,2019-11-15,10.191667,40.712146,-112.111275
1007,2019-11-16,6.4625,40.712146,-112.111275
1007,2019-11-17,6.4125,40.712146,-112.111275
1007,2019-11-18,9.420833,40.712146,-112.111275
1007,2019-11-19,12.941667,40.712146,-112.111275
1007,2019-11-20,6.320833,40.712146,-112.111275
1007,2019-11-21,1.7,40.712146,-112.111275
1007,2019-11-22,5.9875,40.712146,-112.111275
1007,2019-11-23,4.733333,40.712146,-112.111275
1007,2019-11-24,7.370833,40.712146,-112.111275
1007,2019-11-25,4.195833,40.712146,-112.111275
1007,2019-11-26,1.854167,40.712146,-112.111275
1007,2019-11-27,2.5125,40.712146,-112.111275
1007,2019-11-28,3.570833,40.712146,-112.111275
1007,2019-11-29,1.0,40.712146,-112.111275
1007,2019-11-30,3.591667,40.712146,-112.111275
1007,2019-12-01,10.2875,40.712146,-112.111275
1007,2019-12-02,17.333333,40.712146,-112.111275
1007,2019-12-03,25.9875,40.712146,-112.111275
1007,2019-12-04,32.866667,40.712146,-112.111275
1007,2019-12-05,24.504167,40.712146,-112.111275
1007,2019-12-06,17.075,40.712146,-112.111275
1007,2019-12-07,6.154167,40.712146,-112.111275
1007,2019-12-08,4.179167,40.712146,-112.111275
1007,2019-12-09,3.070833,40.712146,-112.111275
1007,2019-12-10,7.466667,40.712146,-112.111275
1007,2019-12-11,12.845833,40.712146,-112.111275
1007,2019-12-12,3.308333,40.712146,-112.111275
1007,2019-12-13,2.745833,40.712146,-112.111275
1007,2019-12-14,2.25,40.712146,-112.111275
1007,2019-12-15,2.325,40.712146,-112.111275
1007,2019-12-16,3.095833,40.712146,-112.111275
1007,2019-12-17,8.475,40.712146,-112.111275
1007,2019-12-18,13.879167,40.712146,-112.111275
1007,2019-12-19,24.5625,40.712146,-112.111275
1007,2019-12-20,20.108696,40.712146,-112.111275
1007,2019-12-21,28.270833,40.712146,-112.111275
1007,2019-12-22,6.15,40.712146,-112.111275
1007,2019-12-23,0.95,40.712146,-112.111275
1007,2019-12-24,0.625,40.712146,-112.111275
1007,2019-12-25,2.4125,40.712146,-112.111275
1007,2019-12-26,6.433333,40.712146,-112.111275
1007,2019-12-27,4.6625,40.712146,-112.111275
1007,2019-12-28,1.704167,40.712146,-112.111275
1007,2019-12-29,3.420833,40.712146,-112.111275
1007,2019-12-30,6.8125,40.712146,-112.111275
1007,2019-12-31,5.854167,40.712146,-112.111275
Copper View,2019-01-01,7.375,40.598056,-111.894167
Copper View,2019-01-02,11.983333,40.598056,-111.894167
Copper View,2019-01-03,20.470833,40.598056,-111.894167
Copper View,2019-01-04,31.1875,40.598056,-111.894167
Copper View,2019-01-05,42.816667,40.598056,-111.894167
Copper View,2019-01-06,1.766667,40.598056,-111.894167
Copper View,2019-01-07,3.504167,40.598056,-111.894167
Copper View,2019-01-08,17.991667,40.598056,-111.894167
Copper View,2019-01-09,13.0625,40.598056,-111.894167
Copper View,2019-01-10,28.729167,40.598056,-111.894167
Copper View,2019-01-11,23.475,40.598056,-111.894167
Copper View,2019-01-12,20.441667,40.598056,-111.894167
Copper View,2019-01-13,17.508333,40.598056,-111.894167
Copper View,2019-01-14,23.445833,40.598056,-111.894167
Copper View,2019-01-15,22.525,40.598056,-111.894167
Copper View,2019-01-16,12.4375,40.598056,-111.894167
Copper View,2019-01-17,0.5375,40.598056,-111.894167
Copper View,2019-01-18,3.845833,40.598056,-111.894167
Copper View,2019-01-19,3.995833,40.598056,-111.894167
Copper View,2019-01-20,2.6625,40.598056,-111.894167
Copper View,2019-01-21,2.179167,40.598056,-111.894167
Copper View,2019-01-22,6.9875,40.598056,-111.894167
Copper View,2019-01-23,8.095833,40.598056,-111.894167
Copper View,2019-01-24,9.779167,40.598056,-111.894167
Copper View,2019-01-25,6.516667,40.598056,-111.894167
Copper View,2019-01-26,12.554167,40.598056,-111.894167
Copper View,2019-01-27,10.975,40.598056,-111.894167
Copper View,2019-01-28,10.772727,40.598056,-111.894167
Copper View,2019-01-29,11.445833,40.598056,-111.894167
Copper View,2019-01-30,16.85,40.598056,-111.894167
Copper View,2019-01-31,21.207692,40.598056,-111.894167
Copper View,2019-02-01,14.3375,40.598056,-111.894167
Copper View,2019-02-02,2.195833,40.598056,-111.894167
Copper View,2019-02-03,0.658333,40.598056,-111.894167
Copper View,2019-02-04,0.791667,40.598056,-111.894167
Copper View,2019-02-05,1.2125,40.598056,-111.894167
Copper View,2019-02-06,2.479167,40.598056,-111.894167
Copper View,2019-02-07,6.420833,40.598056,-111.894167
Copper View,2019-02-08,8.629167,40.598056,-111.894167
Copper View,2019-02-09,5.254167,40.598056,-111.894167
Copper View,2019-02-10,1.108333,40.598056,-111.894167
Copper View,2019-02-11,4.104167,40.598056,-111.894167
Copper View,2019-02-12,5.5,40.598056,-111.894167
Copper View,2019-02-13,1.658333,40.598056,-111.894167
Copper View,2019-02-14,1.366667,40.598056,-111.894167
Copper View,2019-02-15,1.133333,40.598056,-111.894167
Copper View,2019-02-16,4.208333,40.598056,-111.894167
Copper View,2019-02-17,4.583333,40.598056,-111.894167
Copper View,2019-02-18,5.720833,40.598056,-111.894167
Copper View,2019-02-19,3.293333,40.598056,-111.894167
Copper View,2019-02-20,2.495833,40.598056,-111.894167
Copper View,2019-02-21,6.008333,40.598056,-111.894167
Copper View,2019-02-22,6.2,40.598056,-111.894167
Copper View,2019-02-23,6.566667,40.598056,-111.894167
Copper View,2019-02-24,1.666667,40.598056,-111.894167
Copper View,2019-02-25,1.366667,40.598056,-111.894167
Copper View,2019-02-26,1.843478,40.598056,-111.894167
Copper View,2019-02-27,2.870833,40.598056,-111.894167
Copper View,2019-02-28,2.041667,40.598056,-111.894167
Copper View,2019-03-01,2.579167,40.598056,-111.894167
Copper View,2019-03-02,3.758333,40.598056,-111.894167
Copper View,2019-03-03,5.083333,40.598056,-111.894167
Copper View,2019-03-04,5.529167,40.598056,-111.894167
Copper View,2019-03-05,5.179167,40.598056,-111.894167
Copper View,2019-03-06,1.0375,40.598056,-111.894167
Copper View,2019-03-07,2.091667,40.598056,-111.894167
Copper View,2019-03-08,3.3375,40.598056,-111.894167
Copper View,2019-03-09,6.2875,40.598056,-111.894167
Copper View,2019-03-10,4.495833,40.598056,-111.894167
Copper View,2019-03-11,8.733333,40.598056,-111.894167
Copper View,2019-03-12,9.566667,40.598056,-111.894167
Copper View,2019-03-13,1.4125,40.598056,-111.894167
Copper View,2019-03-14,3.483333,40.598056,-111.894167
Copper View,2019-03-15,8.066667,40.598056,-111.894167
Copper View,2019-03-16,11.620833,40.598056,-111.894167
Copper View,2019-03-17,10.066667,40.598056,-111.894167
Copper View,2019-03-18,8.166667,40.598056,-111.894167
Copper View,2019-03-19,5.354167,40.598056,-111.894167
Copper View,2019-03-20,5.213043,40.598056,-111.894167
Copper View,2019-03-21,3.65,40.598056,-111.894167
Copper View,2019-03-22,2.4125,40.598056,-111.894167
Copper View,2019-03-23,5.445833,40.598056,-111.894167
Copper View,2019-03-24,5.291667,40.598056,-111.894167
Copper View,2019-03-25,7.629167,40.598056,-111.894167
Copper View,2019-03-26,6.5375,40.598056,-111.894167
Copper View,2019-03-27,6.966667,40.598056,-111.894167
Copper View,2019-03-28,2.095833,40.598056,-111.894167
Copper View,2019-03-29,4.495833,40.598056,-111.894167
Copper View,2019-03-30,3.929167,40.598056,-111.894167
Copper View,2019-03-31,4.2,40.598056,-111.894167
Copper View,2019-04-01,4.870833,40.598056,-111.894167
Copper View,2019-04-02,3.7125,40.598056,-111.894167
Copper View,2019-04-03,5.15,40.598056,-111.894167
Copper View,2019-04-04,3.541176,40.598056,-111.894167
Copper View,2019-04-05,2.845833,40.598056,-111.894167
Copper View,2019-04-06,2.995833,40.598056,-111.894167
Copper View,2019-04-07,4.6625,40.598056,-111.894167
Copper View,2019-04-08,5.833333,40.598056,-111.894167
Copper View,2019-04-09,2.970833,40.598056,-111.894167
Copper View,2019-04-10,1.066667,40.598056,-111.894167
Copper View,2019-04-11,1.279167,40.598056,-111.894167
Copper View,2019-04-12,3.741667,40.598056,-111.894167
Copper View,2019-04-13,3.825,40.598056,-111.894167
Copper View,2019-04-14,2.170833,40.598056,-111.894167
Copper View,2019-04-15,5.0625,40.598056,-111.894167
Copper View,2019-04-16,2.625,40.598056,-111.894167
Copper View,2019-04-17,4.845833,40.598056,-111.894167
Copper View,2019-04-18,4.908333,40.598056,-111.894167
Copper View,2019-04-19,5.533333,40.598056,-111.894167
Copper View,2019-04-20,2.620833,40.598056,-111.894167
Copper View,2019-04-21,4.3875,40.598056,-111.894167
Copper View,2019-04-22,4.308333,40.598056,-111.894167
Copper View,2019-04-23,4.458333,40.598056,-111.894167
Copper View,2019-04-24,3.908333,40.598056,-111.894167
Copper View,2019-04-25,4.916667,40.598056,-111.894167
Copper View,2019-04-26,4.183333,40.598056,-111.894167
Copper View,2019-04-27,6.566667,40.598056,-111.894167
Copper View,2019-04-28,5.454167,40.598056,-111.894167
Copper View,2019-04-29,4.695833,40.598056,-111.894167
Copper View,2019-04-30,3.583333,40.598056,-111.894167
Copper View,2019-05-01,5.270833,40.598056,-111.894167
Copper View,2019-05-02,3.383333,40.598056,-111.894167
Copper View,2019-05-03,5.433333,40.598056,-111.894167
Copper View,2019-05-04,6.4125,40.598056,-111.894167
Copper View,2019-05-05,5.125,40.598056,-111.894167
Copper View,2019-05-06,6.120833,40.598056,-111.894167
Copper View,2019-05-07,4.7,40.598056,-111.894167
Copper View,2019-05-08,2.9,40.598056,-111.894167
Copper View,2019-05-09,3.508333,40.598056,-111.894167
Copper View,2019-05-10,4.216667,40.598056,-111.894167
Copper View,2019-05-11,6.333333,40.598056,-111.894167
Copper View,2019-05-12,6.5125,40.598056,-111.894167
Copper View,2019-05-13,7.65,40.598056,-111.894167
Copper View,2019-05-14,7.9125,40.598056,-111.894167
Copper View,2019-05-15,6.216667,40.598056,-111.894167
Copper View,2019-05-16,5.220833,40.598056,-111.894167
Copper View,2019-05-17,1.945833,40.598056,-111.894167
Copper View,2019-05-18,2.908333,40.598056,-111.894167
Copper View,2019-05-19,2.966667,40.598056,-111.894167
Copper View,2019-05-20,1.683333,40.598056,-111.894167
Copper View,2019-05-21,1.804167,40.598056,-111.894167
Copper View,2019-05-22,2.141667,40.598056,-111.894167
Copper View,2019-05-23,2.791667,40.598056,-111.894167
Copper View,2019-05-24,2.2125,40.598056,-111.894167
Copper View,2019-05-25,3.358333,40.598056,-111.894167
Copper View,2019-05-26,4.65,40.598056,-111.894167
Copper View,2019-05-27,2.466667,40.598056,-111.894167
Copper View,2019-05-28,2.970833,40.598056,-111.894167
Copper View,2019-05-29,5.652174,40.598056,-111.894167
Copper View,2019-05-30,4.191667,40.598056,-111.894167
Copper View,2019-05-31,4.508333,40.598056,-111.894167
Copper View,2019-06-01,5.170833,40.598056,-111.894167
Copper View,2019-06-02,5.3625,40.598056,-111.894167
Copper View,2019-06-03,5.954167,40.598056,-111.894167
Copper View,2019-06-04,7.433333,40.598056,-111.894167
Copper View,2019-06-05,7.720833,40.598056,-111.894167
Copper View,2019-06-06,7.341667,40.598056,-111.894167
Copper View,2019-06-07,9.133333,40.598056,-111.894167
Copper View,2019-06-08,2.295833,40.598056,-111.894167
Copper View,2019-06-09,3.995833,40.598056,-111.894167
Copper View,2019-06-10,6.754167,40.598056,-111.894167
Copper View,2019-06-11,8.125,40.598056,-111.894167
Copper View,2019-06-12,6.616667,40.598056,-111.894167
Copper View,2019-06-13,7.9875,40.598056,-111.894167
Copper View,2019-06-14,6.316667,40.598056,-111.894167
Copper View,2019-06-15,7.716667,40.598056,-111.894167
Copper View,2019-06-16,8.170833,40.598056,-111.894167
Copper View,2019-06-17,8.1875,40.598056,-111.894167
Copper View,2019-06-18,6.63913,40.598056,-111.894167
Copper View,2019-06-19,9.142857,40.598056,-111.894167
Copper View,2019-06-20,9.195833,40.598056,-111.894167
Copper View,2019-06-21,4.016667,40.598056,-111.894167
Copper View,2019-06-22,2.929167,40.598056,-111.894167
Copper View,2019-06-23,4.225,40.598056,-111.894167
Copper View,2019-06-24,6.158333,40.598056,-111.894167
Copper View,2019-06-25,9.2875,40.598056,-111.894167
Copper View,2019-06-26,7.391667,40.598056,-111.894167
Copper View,2019-06-27,6.504167,40.598056,-111.894167
Copper View,2019-06-28,6.204167,40.598056,-111.894167
Copper View,2019-06-29,7.620833,40.598056,-111.894167
Copper View,2019-06-30,5.504167,40.598056,-111.894167
Copper View,2019-07-01,6.945455,40.598056,-111.894167
Copper View,2019-07-02,4.686667,40.598056,-111.894167
Copper View,2019-07-03,10.820833,40.598056,-111.894167
Copper View,2019-07-04,25.329167,40.598056,-111.894167
Copper View,2019-07-05,33.954167,40.598056,-111.894167
Copper View,2019-07-06,12.145833,40.598056,-111.894167
Copper View,2019-07-07,5.379167,40.598056,-111.894167
Copper View,2019-07-08,9.515,40.598056,-111.894167
Copper View,2019-07-09,9.547826,40.598056,-111.894167
Copper View,2019-07-10,7.675,40.598056,-111.894167
Copper View,2019-07-11,5.975,40.598056,-111.894167
Copper View,2019-07-12,6.6875,40.598056,-111.894167
Copper View,2019-07-13,6.575,40.598056,-111.894167
Copper View,2019-07-14,5.391667,40.598056,-111.894167
Copper View,2019-07-15,5.627273,40.598056,-111.894167
Copper View,2019-07-16,8.095833,40.598056,-111.894167
Copper View,2019-07-17,8.929167,40.598056,-111.894167
Copper View,2019-07-18,5.958333,40.598056,-111.894167
Copper View,2019-07-19,5.3875,40.598056,-111.894167
Copper View,2019-07-20,10.283333,40.598056,-111.894167
Copper View,2019-07-21,9.3125,40.598056,-111.894167
Copper View,2019-07-22,9.179167,40.598056,-111.894167
Copper View,2019-07-23,7.983333,40.598056,-111.894167
Copper View,2019-07-24,17.5125,40.598056,-111.894167
Copper View,2019-07-25,14.795833,40.598056,-111.894167
Copper View,2019-07-26,10.543478,40.598056,-111.894167
Copper View,2019-07-27,6.8,40.598056,-111.894167
Copper View,2019-07-28,8.25,40.598056,-111.894167
Copper View,2019-07-29,8.291667,40.598056,-111.894167
Copper View,2019-07-30,5.6125,40.598056,-111.894167
Copper View,2019-07-31,9.529167,40.598056,-111.894167
Copper View,2019-08-01,7.154167,40.598056,-111.894167
Copper View,2019-08-02,7.204167,40.598056,-111.894167
Copper View,2019-08-03,7.4625,40.598056,-111.894167
Copper View,2019-08-04,5.7,40.598056,-111.894167
Copper View,2019-08-05,8.325,40.598056,-111.894167
Copper View,2019-08-06,8.345833,40.598056,-111.894167
Copper View,2019-08-07,8.6125,40.598056,-111.894167
Copper View,2019-08-08,8.05,40.598056,-111.894167
Copper View,2019-08-09,6.208696,40.598056,-111.894167
Copper View,2019-08-10,5.575,40.598056,-111.894167
Copper View,2019-08-11,5.6,40.598056,-111.894167
Copper View,2019-08-12,7.779167,40.598056,-111.894167
Copper View,2019-08-13,8.570833,40.598056,-111.894167
Copper View,2019-08-14,8.804167,40.598056,-111.894167
Copper View,2019-08-15,9.1875,40.598056,-111.894167
Copper View,2019-08-16,10.308333,40.598056,-111.894167
Copper View,2019-08-17,7.6375,40.598056,-111.894167
Copper View,2019-08-18,6.804167,40.598056,-111.894167
Copper View,2019-08-19,5.541667,40.598056,-111.894167
Copper View,2019-08-20,6.295833,40.598056,-111.894167
Copper View,2019-08-21,9.425,40.598056,-111.894167
Copper View,2019-08-22,14.308333,40.598056,-111.894167
Copper View,2019-08-23,8.079167,40.598056,-111.894167
Copper View,2019-08-24,8.154167,40.598056,-111.894167
Copper View,2019-08-25,6.795833,40.598056,-111.894167
Copper View,2019-08-26,7.170833,40.598056,-111.894167
Copper View,2019-08-27,8.045833,40.598056,-111.894167
Copper View,2019-08-28,9.721739,40.598056,-111.894167
Copper View,2019-08-29,5.745833,40.598056,-111.894167
Copper View,2019-08-30,12.3125,40.598056,-111.894167
Copper View,2019-08-31,9.766667,40.598056,-111.894167
Copper View,2019-09-01,7.729167,40.598056,-111.894167
Copper View,2019-09-02,6.45,40.598056,-111.894167
Copper View,2019-09-03,8.395833,40.598056,-111.894167
Copper View,2019-09-04,11.1625,40.598056,-111.894167
Copper View,2019-09-05,9.933333,40.598056,-111.894167
Copper View,2019-09-06,8.791667,40.598056,-111.894167
Copper View,2019-09-07,12.6875,40.598056,-111.894167
Copper View,2019-09-08,9.854167,40.598056,-111.894167
Copper View,2019-09-09,17.404167,40.598056,-111.894167
Copper View,2019-09-10,10.030435,40.598056,-111.894167
Copper View,2019-09-11,6.641667,40.598056,-111.894167
Copper View,2019-09-12,7.308333,40.598056,-111.894167
Copper View,2019-09-13,7.766667,40.598056,-111.894167
Copper View,2019-09-14,6.295833,40.598056,-111.894167
Copper View,2019-09-15,4.820833,40.598056,-111.894167
Copper View,2019-09-16,5.183333,40.598056,-111.894167
Copper View,2019-09-17,7.7625,40.598056,-111.894167
Copper View,2019-09-18,6.316667,40.598056,-111.894167
Copper View,2019-09-19,4.570833,40.598056,-111.894167
Copper View,2019-09-20,3.591667,40.598056,-111.894167
Copper View,2019-09-21,5.875,40.598056,-111.894167
Copper View,2019-09-22,4.920833,40.598056,-111.894167
Copper View,2019-09-23,5.745833,40.598056,-111.894167
Copper View,2019-09-24,6.613043,40.598056,-111.894167
Copper View,2019-09-25,6.954167,40.598056,-111.894167
Copper View,2019-09-26,6.708333,40.598056,-111.894167
Copper View,2019-09-27,5.345833,40.598056,-111.894167
Copper View,2019-09-28,3.604167,40.598056,-111.894167
Copper View,2019-09-29,3.158333,40.598056,-111.894167
Copper View,2019-09-30,5.7625,40.598056,-111.894167
Copper View,2019-10-01,6.041667,40.598056,-111.894167
Copper View,2019-10-02,6.008333,40.598056,-111.894167
Copper View,2019-10-03,7.3375,40.598056,-111.894167
Copper View,2019-10-04,5.070833,40.598056,-111.894167
Copper View,2019-10-05,6.0625,40.598056,-111.894167
Copper View,2019-10-06,4.758333,40.598056,-111.894167
Copper View,2019-10-07,8.375,40.598056,-111.894167
Copper View,2019-10-08,7.970833,40.598056,-111.894167
Copper View,2019-10-09,3.258333,40.598056,-111.894167
Copper View,2019-10-10,3.445833,40.598056,-111.894167
Copper View,2019-10-11,8.7375,40.598056,-111.894167
Copper View,2019-10-12,12.116667,40.598056,-111.894167
Copper View,2019-10-13,10.295833,40.598056,-111.894167
Copper View,2019-10-14,8.095833,40.598056,-111.894167
Copper View,2019-10-15,9.9125,40.598056,-111.894167
Copper View,2019-10-16,8.608333,40.598056,-111.894167
Copper View,2019-10-17,7.316667,40.598056,-111.894167
Copper View,2019-10-18,5.021739,40.598056,-111.894167
Copper View,2019-10-19,3.245833,40.598056,-111.894167
Copper View,2019-10-20,1.461905,40.598056,-111.894167
Copper View,2019-10-21,2.858333,40.598056,-111.894167
Copper View,2019-10-22,4.7375,40.598056,-111.894167
Copper View,2019-10-23,4.058333,40.598056,-111.894167
Copper View,2019-10-24,5.883333,40.598056,-111.894167
Copper View,2019-10-25,7.6375,40.598056,-111.894167
Copper View,2019-10-26,6.195833,40.598056,-111.894167
Copper View,2019-10-27,2.470833,40.598056,-111.894167
Copper View,2019-10-28,3.241667,40.598056,-111.894167
Copper View,2019-10-29,2.925,40.598056,-111.894167
Copper View,2019-10-30,6.7,40.598056,-111.894167
Copper View,2019-10-31,10.2625,40.598056,-111.894167
Copper View,2019-11-01,15.570833,40.598056,-111.894167
Copper View,2019-11-02,13.116667,40.598056,-111.894167
Copper View,2019-11-03,15.441667,40.598056,-111.894167
Copper View,2019-11-04,17.770833,40.598056,-111.894167
Copper View,2019-11-05,8.7625,40.598056,-111.894167
Copper View,2019-11-06,8.904167,40.598056,-111.894167
Copper View,2019-11-07,11.875,40.598056,-111.894167
Copper View,2019-11-08,15.658333,40.598056,-111.894167
Copper View,2019-11-09,15.720833,40.598056,-111.894167
Copper View,2019-11-10,15.595833,40.598056,-111.894167
Copper View,2019-11-11,8.883333,40.598056,-111.894167
Copper View,2019-11-12,8.595833,40.598056,-111.894167
Copper View,2019-11-13,11.95,40.598056,-111.894167
Copper View,2019-11-14,11.979167,40.598056,-111.894167
Copper View,2019-11-15,16.116667,40.598056,-111.894167
Copper View,2019-11-16,11.55,40.598056,-111.894167
Copper View,2019-11-17,7.783333,40.598056,-111.894167
Copper View,2019-11-18,9.870833,40.598056,-111.894167
Copper View,2019-11-19,16.141667,40.598056,-111.894167
Copper View,2019-11-20,13.85,40.598056,-111.894167
Copper View,2019-11-21,2.773913,40.598056,-111.894167
Copper View,2019-11-22,9.6125,40.598056,-111.894167
Copper View,2019-11-23,8.583333,40.598056,-111.894167
Copper View,2019-11-24,12.570833,40.598056,-111.894167
Copper View,2019-11-25,7.591667,40.598056,-111.894167
Copper View,2019-11-26,4.141667,40.598056,-111.894167
Copper View,2019-11-27,4.720833,40.598056,-111.894167
Copper View,2019-11-28,6.55,40.598056,-111.894167
Copper View,2019-11-29,3.195833,40.598056,-111.894167
Copper View,2019-11-30,7.2875,40.598056,-111.894167
Copper View,2019-12-01,8.4875,40.598056,-111.894167
Copper View,2019-12-02,23.866667,40.598056,-111.894167
Copper View,2019-12-03,37.445833,40.598056,-111.894167
Copper View,2019-12-04,49.720833,40.598056,-111.894167
Copper View,2019-12-05,33.46087,40.598056,-111.894167
Copper View,2019-12-06,26.2625,40.598056,-111.894167
Copper View,2019-12-07,5.9875,40.598056,-111.894167
Copper View,2019-12-08,3.970833,40.598056,-111.894167
Copper View,2019-12-09,4.4125,40.598056,-111.894167
Copper View,2019-12-10,9.566667,40.598056,-111.894167
Copper View,2019-12-11,12.175,40.598056,-111.894167
Copper View,2019-12-12,4.725,40.598056,-111.894167
Copper View,2019-12-13,2.033333,40.598056,-111.894167
Copper View,2019-12-14,3.3,40.598056,-111.894167
Copper View,2019-12-15,5.3875,40.598056,-111.894167
Copper View,2019-12-16,6.120833,40.598056,-111.894167
Copper View,2019-12-17,10.791667,40.598056,-111.894167
Copper View,2019-12-18,14.970833,40.598056,-111.894167
Copper View,2019-12-19,29.3625,40.598056,-111.894167
Copper View,2019-12-20,15.641667,40.598056,-111.894167
Copper View,2019-12-21,16.791667,40.598056,-111.894167
Copper View,2019-12-22,1.2125,40.598056,-111.894167
Copper View,2019-12-23,3.195833,40.598056,-111.894167
Copper View,2019-12-24,2.9625,40.598056,-111.894167
Copper View,2019-12-25,5.9875,40.598056,-111.894167
Copper View,2019-12-26,7.945833,40.598056,-111.894167
Copper View,2019-12-27,5.158333,40.598056,-111.894167
Copper View,2019-12-28,3.166667,40.598056,-111.894167
Copper View,2019-12-29,4.904167,40.598056,-111.894167
Copper View,2019-12-30,10.175,40.598056,-111.894167
Copper View,2019-12-31,9.170833,40.598056,-111.894167
Copper View,2020-01-01,5.333333,40.598056,-111.894167
Copper View,2020-01-02,2.2375,40.598056,-111.894167
Copper View,2020-01-03,5.558333,40.598056,-111.894167
Copper View,2020-01-04,8.391667,40.598056,-111.894167
Copper View,2020-01-05,8.641667,40.598056,-111.894167
Copper View,2020-01-06,4.629167,40.598056,-111.894167
Copper View,2020-01-07,3.779167,40.598056,-111.894167
Copper View,2020-01-08,4.941667,40.598056,-111.894167
Copper View,2020-01-09,7.518182,40.598056,-111.894167
Copper View,2020-01-10,1.7875,40.598056,-111.894167
Copper View,2020-01-11,4.404167,40.598056,-111.894167
Copper View,2020-01-12,2.241667,40.598056,-111.894167
Copper View,2020-01-13,2.304167,40.598056,-111.894167
Copper View,2020-01-14,3.041667,40.598056,-111.894167
Copper View,2020-01-15,7.86087,40.598056,-111.894167
Copper View,2020-01-16,4.7,40.598056,-111.894167
Copper View,2020-01-17,4.708333,40.598056,-111.894167
Copper View,2020-01-18,6.679167,40.598056,-111.894167
Copper View,2020-01-19,11.220833,40.598056,-111.894167
Copper View,2020-01-20,24.891667,40.598056,-111.894167
Copper View,2020-01-21,12.829167,40.598056,-111.894167
Copper View,2020-01-22,5.745833,40.598056,-111.894167
Copper View,2020-01-23,7.3625,40.598056,-111.894167
Copper View,2020-01-24,6.845833,40.598056,-111.894167
Copper View,2020-01-25,10.258333,40.598056,-111.894167
Copper View,2020-01-26,6.958333,40.598056,-111.894167
Copper View,2020-01-27,2.1125,40.598056,-111.894167
Copper View,2020-01-28,5.386957,40.598056,-111.894167
Copper View,2020-01-29,5.141667,40.598056,-111.894167
Copper View,2020-01-30,7.341667,40.598056,-111.894167
Copper View,2020-01-31,8.158333,40.598056,-111.894167
Copper View,2020-02-01,5.325,40.598056,-111.894167
Copper View,2020-02-02,2.478261,40.598056,-111.894167
Copper View,2020-02-03,1.529167,40.598056,-111.894167
Copper View,2020-02-04,7.1,40.598056,-111.894167
Copper View,2020-02-05,5.116667,40.598056,-111.894167
Copper View,2020-02-06,6.029167,40.598056,-111.894167
Copper View,2020-02-07,5.370833,40.598056,-111.894167
Copper View,2020-02-08,2.4875,40.598056,-111.894167
Copper View,2020-02-09,3.191667,40.598056,-111.894167
Copper View,2020-02-10,5.558333,40.598056,-111.894167
Copper View,2020-02-11,6.925,40.598056,-111.894167
Copper View,2020-02-12,6.9,40.598056,-111.894167
Copper View,2020-02-13,5.716667,40.598056,-111.894167
Copper View,2020-02-14,2.9625,40.598056,-111.894167
Copper View,2020-02-15,5.508333,40.598056,-111.894167
Copper View,2020-02-16,5.85,40.598056,-111.894167
Copper View,2020-02-17,1.679167,40.598056,-111.894167
Copper View,2020-02-18,5.6,40.598056,-111.894167
Copper View,2020-02-19,7.4375,40.598056,-111.894167
Copper View,2020-02-20,8.231818,40.598056,-111.894167
Copper View,2020-02-21,14.6625,40.598056,-111.894167
Copper View,2020-02-22,18.375,40.598056,-111.894167
Copper View,2020-02-23,7.0375,40.598056,-111.894167
Copper View,2020-02-24,1.375,40.598056,-111.894167
Copper View,2020-02-25,5.034783,40.598056,-111.894167
Copper View,2020-02-26,5.9875,40.598056,-111.894167
Copper View,2020-02-27,8.691667,40.598056,-111.894167
Copper View,2020-02-28,5.195833,40.598056,-111.894167
Copper View,2020-02-29,2.204348,40.598056,-111.894167
Copper View,2020-03-01,3.025,40.598056,-111.894167
Copper View,2020-03-02,4.165217,40.598056,-111.894167
Copper View,2020-03-03,6.525,40.598056,-111.894167
Copper View,2020-03-04,6.083333,40.598056,-111.894167
Copper View,2020-03-05,4.158333,40.598056,-111.894167
Copper View,2020-03-06,3.2375,40.598056,-111.894167
Copper View,2020-03-07,5.3,40.598056,-111.894167
Copper View,2020-03-08,3.391667,40.598056,-111.894167
Copper View,2020-03-09,4.1625,40.598056,-111.894167
Copper View,2020-03-10,4.966667,40.598056,-111.894167
Copper View,2020-03-11,5.0375,40.598056,-111.894167
Copper View,2020-03-12,5.35,40.598056,-111.894167
Copper View,2020-03-13,6.104167,40.598056,-111.894167
Copper View,2020-03-14,3.4,40.598056,-111.894167
Copper View,2020-03-15,3.320833,40.598056,-111.894167
Copper View,2020-03-16,4.595833,40.598056,-111.894167
Copper View,2020-03-17,4.866667,40.598056,-111.894167
Copper View,2020-03-18,3.508333,40.598056,-111.894167
Copper View,2020-03-19,4.33913,40.598056,-111.894167
Copper View,2020-03-20,2.108333,40.598056,-111.894167
Copper View,2020-03-21,3.978261,40.598056,-111.894167
Copper View,2020-03-22,4.254167,40.598056,-111.894167
Copper View,2020-03-23,2.670833,40.598056,-111.894167
Copper View,2020-03-24,1.395833,40.598056,-111.894167
Copper View,2020-03-25,3.170833,40.598056,-111.894167
Copper View,2020-03-26,2.5375,40.598056,-111.894167
Copper View,2020-03-27,3.2875,40.598056,-111.894167
Copper View,2020-03-28,5.308333,40.598056,-111.894167
Copper View,2020-03-29,4.191667,40.598056,-111.894167
Copper View,2020-03-30,3.841667,40.598056,-111.894167
Copper View,2020-03-31,1.579167,40.598056,-111.894167
Copper View,2020-04-01,2.308333,40.598056,-111.894167
Copper View,2020-04-02,2.491667,40.598056,-111.894167
Copper View,2020-04-03,3.241667,40.598056,-111.894167
Copper View,2020-04-04,3.558333,40.598056,-111.894167
Copper View,2020-04-05,5.095833,40.598056,-111.894167
Copper View,2020-04-06,4.6125,40.598056,-111.894167
Copper View,2020-04-07,5.236364,40.598056,-111.894167
Copper View,2020-04-08,6.454167,40.598056,-111.894167
Copper View,2020-04-09,5.4125,40.598056,-111.894167
Copper View,2020-04-10,3.983333,40.598056,-111.894167
Copper View,2020-04-11,4.345833,40.598056,-111.894167
Copper View,2020-04-12,2.5625,40.598056,-111.894167
Copper View,2020-04-13,4.654167,40.598056,-111.894167
Copper View,2020-04-14,7.083333,40.598056,-111.894167
Copper View,2020-04-16,4.354545,40.598056,-111.894167
Copper View,2020-04-17,4.8625,40.598056,-111.894167
Copper View,2020-04-18,6.875,40.598056,-111.894167
Copper View,2020-04-19,3.133333,40.598056,-111.894167
Copper View,2020-04-20,6.154167,40.598056,-111.894167
Copper View,2020-04-21,6.629167,40.598056,-111.894167
Copper View,2020-04-22,6.375,40.598056,-111.894167
Copper View,2020-04-23,3.220833,40.598056,-111.894167
Copper View,2020-04-24,4.041667,40.598056,-111.894167
Copper View,2020-04-25,6.158333,40.598056,-111.894167
Copper View,2020-04-26,4.629167,40.598056,-111.894167
Copper View,2020-04-27,6.945833,40.598056,-111.894167
Copper View,2020-04-28,5.120833,40.598056,-111.894167
Copper View,2020-04-29,5.420833,40.598056,-111.894167
Copper View,2020-04-30,5.254167,40.598056,-111.894167
Copper View,2020-05-01,7.8125,40.598056,-111.894167
Copper View,2020-05-02,7.720833,40.598056,-111.894167
Copper View,2020-05-03,5.429167,40.598056,-111.894167
Copper View,2020-05-04,4.5625,40.598056,-111.894167
Copper View,2020-05-05,6.608333,40.598056,-111.894167
Copper View,2020-05-06,11.65,40.598056,-111.894167
Copper View,2020-05-07,4.545455,40.598056,-111.894167
Copper View,2020-05-08,6.283333,40.598056,-111.894167
Copper View,2020-05-09,6.479167,40.598056,-111.894167
Copper View,2020-05-10,7.491667,40.598056,-111.894167
Copper View,2020-05-11,7.008333,40.598056,-111.894167
Copper View,2020-05-12,8.208333,40.598056,-111.894167
Copper View,2020-05-13,5.841667,40.598056,-111.894167
Copper View,2020-05-14,4.716667,40.598056,-111.894167
Copper View,2020-05-15,7.329167,40.598056,-111.894167
Copper View,2020-05-16,8.058333,40.598056,-111.894167
Copper View,2020-05-17,12.0125,40.598056,-111.894167
Copper View,2020-05-18,9.683333,40.598056,-111.894167
Copper View,2020-05-19,12.7625,40.598056,-111.894167
Copper View,2020-05-20,5.0375,40.598056,-111.894167
Copper View,2020-05-21,2.883333,40.598056,-111.894167
Copper View,2020-05-22,7.470833,40.598056,-111.894167
Copper View,2020-05-23,3.129167,40.598056,-111.894167
Copper View,2020-05-24,6.004167,40.598056,-111.894167
Copper View,2020-05-25,19.955,40.598056,-111.894167
Copper View,2020-05-26,7.004167,40.598056,-111.894167
Copper View,2020-05-27,12.95,40.598056,-111.894167
Copper View,2020-05-28,10.3625,40.598056,-111.894167
Copper View,2020-05-29,9.769565,40.598056,-111.894167
Copper View,2020-05-30,5.954167,40.598056,-111.894167
Copper View,2020-05-31,8.6125,40.598056,-111.894167
Copper View,2020-06-01,6.079167,40.598056,-111.894167
Copper View,2020-06-02,8.970833,40.598056,-111.894167
Copper View,2020-06-03,8.75,40.598056,-111.894167
Copper View,2020-06-04,9.825,40.598056,-111.894167
Copper View,2020-06-05,11.658333,40.598056,-111.894167
Copper View,2020-06-06,6.4125,40.598056,-111.894167
Copper View,2020-06-07,5.0875,40.598056,-111.894167
Copper View,2020-06-08,2.6875,40.598056,-111.894167
Copper View,2020-06-09,3.520833,40.598056,-111.894167
Copper View,2020-06-10,4.070833,40.598056,-111.894167
Copper View,2020-06-11,5.504167,40.598056,-111.894167
Copper View,2020-06-12,6.1,40.598056,-111.894167
Copper View,2020-06-13,6.904167,40.598056,-111.894167
Copper View,2020-06-14,5.191667,40.598056,-111.894167
Copper View,2020-06-15,5.979167,40.598056,-111.894167
Copper View,2020-06-16,3.720833,40.598056,-111.894167
Copper View,2020-06-17,2.204167,40.598056,-111.894167
Copper View,2020-06-18,4.445833,40.598056,-111.894167
Copper View,2020-06-19,5.454167,40.598056,-111.894167
Copper View,2020-06-20,6.145833,40.598056,-111.894167
Copper View,2020-06-21,6.579167,40.598056,-111.894167
Copper View,2020-06-22,6.608333,40.598056,-111.894167
Copper View,2020-06-23,6.765217,40.598056,-111.894167
Copper View,2020-06-24,7.633333,40.598056,-111.894167
Copper View,2020-06-25,8.1,40.598056,-111.894167
Copper View,2020-06-26,6.633333,40.598056,-111.894167
Copper View,2020-06-27,7.966667,40.598056,-111.894167
Copper View,2020-06-28,10.558333,40.598056,-111.894167
Copper View,2020-06-29,3.283333,40.598056,-111.894167
Copper View,2020-06-30,4.383333,40.598056,-111.894167
Copper View,2020-07-01,5.470833,40.598056,-111.894167
Copper View,2020-07-02,6.654167,40.598056,-111.894167
Copper View,2020-07-03,7.195833,40.598056,-111.894167
Copper View,2020-07-04,33.854167,40.598056,-111.894167
Copper View,2020-07-05,49.391667,40.598056,-111.894167
Copper View,2020-07-06,12.6625,40.598056,-111.894167
Copper View,2020-07-07,10.245833,40.598056,-111.894167
Copper View,2020-07-08,10.345833,40.598056,-111.894167
Copper View,2020-07-09,11.791667,40.598056,-111.894167
Copper View,2020-07-10,8.89,40.598056,-111.894167
Copper View,2020-07-11,9.604167,40.598056,-111.894167
Copper View,2020-07-12,7.925,40.598056,-111.894167
Copper View,2020-07-13,9.141667,40.598056,-111.894167
Copper View,2020-07-14,6.241667,40.598056,-111.894167
Copper View,2020-07-15,7.841667,40.598056,-111.894167
Copper View,2020-07-16,10.879167,40.598056,-111.894167
Copper View,2020-07-17,7.320833,40.598056,-111.894167
Copper View,2020-07-18,7.741667,40.598056,-111.894167
Copper View,2020-07-19,11.741667,40.598056,-111.894167
Copper View,2020-07-20,10.529167,40.598056,-111.894167
Copper View,2020-07-21,17.85,40.598056,-111.894167
Copper View,2020-07-22,9.6875,40.598056,-111.894167
Copper View,2020-07-23,5.9125,40.598056,-111.894167
Copper View,2020-07-24,18.079167,40.598056,-111.894167
Copper View,2020-07-25,18.608333,40.598056,-111.894167
Copper View,2020-07-26,9.2875,40.598056,-111.894167
Copper View,2020-07-27,10.116667,40.598056,-111.894167
Copper View,2020-07-28,7.8375,40.598056,-111.894167
Copper View,2020-07-29,10.016667,40.598056,-111.894167
Copper View,2020-07-30,11.5375,40.598056,-111.894167
Copper View,2020-07-31,10.016667,40.598056,-111.894167
Copper View,2020-08-01,8.016667,40.598056,-111.894167
Copper View,2020-08-02,7.141667,40.598056,-111.894167
Copper View,2020-08-03,12.720833,40.598056,-111.894167
Copper View,2020-08-04,19.208333,40.598056,-111.894167
Copper View,2020-08-05,15.675,40.598056,-111.894167
Copper View,2020-08-06,8.220833,40.598056,-111.894167
Copper View,2020-08-07,10.683333,40.598056,-111.894167
Copper View,2020-08-08,16.483333,40.598056,-111.894167
Copper View,2020-08-09,10.858333,40.598056,-111.894167
Copper View,2020-08-10,15.05,40.598056,-111.894167
Copper View,2020-08-11,10.358333,40.598056,-111.894167
Copper View,2020-08-12,15.745833,40.598056,-111.894167
Copper View,2020-08-13,23.583333,40.598056,-111.894167
Copper View,2020-08-14,26.756522,40.598056,-111.894167
Copper View,2020-08-15,15.391667,40.598056,-111.894167
Copper View,2020-08-16,8.845833,40.598056,-111.894167
Copper View,2020-08-17,12.025,40.598056,-111.894167
Copper View,2020-08-18,12.108333,40.598056,-111.894167
Copper View,2020-08-19,15.625,40.598056,-111.894167
Copper View,2020-08-20,19.479167,40.598056,-111.894167
Copper View,2020-08-21,44.172619,40.598056,-111.894167
Copper View,2020-08-22,36.925,40.598056,-111.894167
Copper View,2020-08-23,18.583333,40.598056,-111.894167
Copper View,2020-08-24,27.441667,40.598056,-111.894167
Copper View,2020-08-25,24.141667,40.598056,-111.894167
Copper View,2020-08-26,18.341667,40.598056,-111.894167
Copper View,2020-08-27,12.9625,40.598056,-111.894167
Copper View,2020-08-28,13.816667,40.598056,-111.894167
Copper View,2020-08-29,12.233333,40.598056,-111.894167
Copper View,2020-08-30,12.345833,40.598056,-111.894167
Copper View,2020-08-31,6.233333,40.598056,-111.894167
Copper View,2020-09-01,4.691667,40.598056,-111.894167
Copper View,2020-09-02,7.133333,40.598056,-111.894167
Copper View,2020-09-03,7.920833,40.598056,-111.894167
Copper View,2020-09-04,9.683333,40.598056,-111.894167
Copper View,2020-09-05,10.175,40.598056,-111.894167
Copper View,2020-09-06,26.8125,40.598056,-111.894167
Copper View,2020-09-07,40.65,40.598056,-111.894167
Copper View,2020-09-08,3.091667,40.598056,-111.894167
Copper View,2020-09-09,3.75,40.598056,-111.894167
Copper View,2020-09-10,9.2,40.598056,-111.894167
Copper View,2020-09-11,11.6125,40.598056,-111.894167
Copper View,2020-09-12,17.0375,40.598056,-111.894167
Copper View,2020-09-13,13.895833,40.598056,-111.894167
Copper View,2020-09-14,8.1375,40.598056,-111.894167
Copper View,2020-09-15,10.2125,40.598056,-111.894167
Copper View,2020-09-16,11.291667,40.598056,-111.894167
Copper View,2020-09-17,15.375,40.598056,-111.894167
Copper View,2020-09-18,15.366667,40.598056,-111.894167
Copper View,2020-09-19,21.775,40.598056,-111.894167
Copper View,2020-09-20,18.891667,40.598056,-111.894167
Copper View,2020-09-21,24.891667,40.598056,-111.894167
Copper View,2020-09-22,10.320833,40.598056,-111.894167
Copper View,2020-09-23,14.441667,40.598056,-111.894167
Copper View,2020-09-24,16.995833,40.598056,-111.894167
Copper View,2020-09-25,23.783333,40.598056,-111.894167
Copper View,2020-09-26,11.691667,40.598056,-111.894167
Copper View,2020-09-27,3.7625,40.598056,-111.894167
Copper View,2020-09-28,5.256522,40.598056,-111.894167
Copper View,2020-09-29,7.729167,40.598056,-111.894167
Copper View,2020-09-30,8.5,40.598056,-111.894167
Copper View,2020-10-01,8.7375,40.598056,-111.894167
Copper View,2020-10-02,12.883333,40.598056,-111.894167
Copper View,2020-10-03,19.295833,40.598056,-111.894167
Copper View,2020-10-04,27.95,40.598056,-111.894167
Copper View,2020-10-05,22.908333,40.598056,-111.894167
Copper View,2020-10-06,30.4375,40.598056,-111.894167
Copper View,2020-10-07,33.8,40.598056,-111.894167
Copper View,2020-10-08,18.504167,40.598056,-111.894167
Copper View,2020-10-09,11.841667,40.598056,-111.894167
Copper View,2020-10-10,9.1375,40.598056,-111.894167
Copper View,2020-10-11,3.6,40.598056,-111.894167
Copper View,2020-10-12,5.770833,40.598056,-111.894167
Copper View,2020-10-13,7.075,40.598056,-111.894167
Copper View,2020-10-14,5.016667,40.598056,-111.894167
Copper View,2020-10-15,5.170833,40.598056,-111.894167
Copper View,2020-10-16,6.366667,40.598056,-111.894167
Copper View,2020-10-17,7.158333,40.598056,-111.894167
Copper View,2020-10-18,6.154167,40.598056,-111.894167
Copper View,2020-10-19,7.495833,40.598056,-111.894167
Copper View,2020-10-20,6.254167,40.598056,-111.894167
Copper View,2020-10-21,8.141667,40.598056,-111.894167
Copper View,2020-10-22,4.079167,40.598056,-111.894167
Copper View,2020-10-23,10.525,40.598056,-111.894167
Copper View,2020-10-24,11.6,40.598056,-111.894167
Copper View,2020-10-25,3.858333,40.598056,-111.894167
Copper View,2020-10-26,7.004167,40.598056,-111.894167
Copper View,2020-10-27,14.166667,40.598056,-111.894167
Copper View,2020-10-28,13.55,40.598056,-111.894167
Copper View,2020-10-29,14.320833,40.598056,-111.894167
Copper View,2020-10-30,7.354167,40.598056,-111.894167
Copper View,2020-10-31,10.829167,40.598056,-111.894167
Copper View,2020-11-01,13.366667,40.598056,-111.894167
Copper View,2020-11-02,14.0375,40.598056,-111.894167
Copper View,2020-11-03,16.8375,40.598056,-111.894167
Copper View,2020-11-04,11.004167,40.598056,-111.894167
Copper View,2020-11-05,10.845833,40.598056,-111.894167
Copper View,2020-11-06,7.7875,40.598056,-111.894167
Copper View,2020-11-07,5.170833,40.598056,-111.894167
Copper View,2020-11-08,4.229167,40.598056,-111.894167
Copper View,2020-11-09,6.308333,40.598056,-111.894167
Copper View,2020-11-10,4.533333,40.598056,-111.894167
Copper View,2020-11-11,3.479167,40.598056,-111.894167
Copper View,2020-11-12,5.829167,40.598056,-111.894167
Copper View,2020-11-13,5.179167,40.598056,-111.894167
Copper View,2020-11-14,2.3625,40.598056,-111.894167
Copper View,2020-11-15,4.2625,40.598056,-111.894167
Copper View,2020-11-16,11.956522,40.598056,-111.894167
Copper View,2020-11-17,3.578261,40.598056,-111.894167
Copper View,2020-11-18,7.425,40.598056,-111.894167
Copper View,2020-11-19,6.0125,40.598056,-111.894167
Copper View,2020-11-20,8.358333,40.598056,-111.894167
Copper View,2020-11-21,11.579167,40.598056,-111.894167
Copper View,2020-11-22,10.9875,40.598056,-111.894167
Copper View,2020-11-23,16.6125,40.598056,-111.894167
Copper View,2020-11-24,6.941667,40.598056,-111.894167
Copper View,2020-11-25,6.8125,40.598056,-111.894167
Copper View,2020-11-26,4.245833,40.598056,-111.894167
Copper View,2020-11-27,7.425,40.598056,-111.894167
Copper View,2020-11-28,11.858333,40.598056,-111.894167
Copper View,2020-11-29,17.2,40.598056,-111.894167
Copper View,2020-11-30,17.8625,40.598056,-111.894167
Copper View,2020-12-01,6.066667,40.598056,-111.894167
Copper View,2020-12-02,6.55,40.598056,-111.894167
Copper View,2020-12-03,9.7625,40.598056,-111.894167
Copper View,2020-12-04,14.804167,40.598056,-111.894167
Copper View,2020-12-05,23.466667,40.598056,-111.894167
Copper View,2020-12-06,29.275,40.598056,-111.894167
Copper View,2020-12-07,29.716667,40.598056,-111.894167
Copper View,2020-12-08,30.6625,40.598056,-111.894167
Copper View,2020-12-09,31.779167,40.598056,-111.894167
Copper View,2020-12-10,31.2625,40.598056,-111.894167
Copper View,2020-12-11,15.945833,40.598056,-111.894167
Copper View,2020-12-12,8.241667,40.598056,-111.894167
Copper View,2020-12-13,6.304167,40.598056,-111.894167
Copper View,2020-12-14,9.975,40.598056,-111.894167
Copper View,2020-12-15,7.095455,40.598056,-111.894167
Copper View,2020-12-16,6.533333,40.598056,-111.894167
Copper View,2020-12-17,4.725,40.598056,-111.894167
Copper View,2020-12-18,6.408333,40.598056,-111.894167
Copper View,2020-12-19,8.7125,40.598056,-111.894167
Copper View,2020-12-20,7.008333,40.598056,-111.894167
Copper View,2020-12-21,8.070833,40.598056,-111.894167
Copper View,2020-12-22,2.6,40.598056,-111.894167
Copper View,2020-12-23,4.779167,40.598056,-111.894167
Copper View,2020-12-24,9.0,40.598056,-111.894167
Copper View,2020-12-25,15.754167,40.598056,-111.894167
Copper View,2020-12-26,20.8125,40.598056,-111.894167
Copper View,2020-12-27,10.945833,40.598056,-111.894167
Copper View,2020-12-28,8.425,40.598056,-111.894167
Copper View,2020-12-29,9.6,40.598056,-111.894167
Copper View,2020-12-30,14.420833,40.598056,-111.894167
Copper View,2020-12-31,16.241667,40.598056,-111.894167
Copper View,2021-01-01,16.433333,40.598056,-111.894167
Copper View,2021-01-02,8.670833,40.598056,-111.894167
Copper View,2021-01-03,8.045833,40.598056,-111.894167
Copper View,2021-01-04,8.208333,40.598056,-111.894167
Copper View,2021-01-05,3.858333,40.598056,-111.894167
Copper View,2021-01-06,6.070833,40.598056,-111.894167
Copper View,2021-01-07,12.854167,40.598056,-111.894167
Copper View,2021-01-08,14.233333,40.598056,-111.894167
Copper View,2021-01-09,11.525,40.598056,-111.894167
Copper View,2021-01-10,9.183333,40.598056,-111.894167
Copper View,2021-01-11,20.969565,40.598056,-111.894167
Copper View,2021-01-12,25.408333,40.598056,-111.894167
Copper View,2021-01-13,17.429167,40.598056,-111.894167
Copper View,2021-01-14,3.929167,40.598056,-111.894167
Copper View,2021-01-15,5.945833,40.598056,-111.894167
Copper View,2021-01-16,15.233333,40.598056,-111.894167
Copper View,2021-01-17,10.758333,40.598056,-111.894167
Copper View,2021-01-18,6.470833,40.598056,-111.894167
Copper View,2021-01-19,4.875,40.598056,-111.894167
Copper View,2021-01-20,10.291667,40.598056,-111.894167
Copper View,2021-01-21,17.466667,40.598056,-111.894167
Copper View,2021-01-22,9.304167,40.598056,-111.894167
Copper View,2021-01-23,4.345833,40.598056,-111.894167
Copper View,2021-01-24,5.891667,40.598056,-111.894167
Copper View,2021-01-25,12.295833,40.598056,-111.894167
Copper View,2021-01-26,7.625,40.598056,-111.894167
Copper View,2021-01-27,1.804167,40.598056,-111.894167
Copper View,2021-01-28,2.695833,40.598056,-111.894167
Copper View,2021-01-29,2.170833,40.598056,-111.894167
Copper View,2021-01-30,4.25,40.598056,-111.894167
Copper View,2021-01-31,8.120833,40.598056,-111.894167
Copper View,2021-02-01,9.804167,40.598056,-111.894167
Copper View,2021-02-02,8.6375,40.598056,-111.894167
Copper View,2021-02-03,2.4375,40.598056,-111.894167
Copper View,2021-02-04,3.583333,40.598056,-111.894167
Copper View,2021-02-05,11.170833,40.598056,-111.894167
Copper View,2021-02-06,6.8625,40.598056,-111.894167
Copper View,2021-02-07,7.327273,40.598056,-111.894167
Copper View,2021-02-09,5.053846,40.598056,-111.894167
Copper View,2021-02-10,7.316667,40.598056,-111.894167
Copper View,2021-02-11,3.533333,40.598056,-111.894167
Copper View,2021-02-12,2.575,40.598056,-111.894167
Copper View,2021-02-13,3.8125,40.598056,-111.894167
Copper View,2021-02-14,5.220833,40.598056,-111.894167
Copper View,2021-02-15,3.0625,40.598056,-111.894167
Copper View,2021-02-16,1.8125,40.598056,-111.894167
Copper View,2021-02-17,3.370833,40.598056,-111.894167
Copper View,2021-02-18,6.6,40.598056,-111.894167
Copper View,2021-02-19,3.420833,40.598056,-111.894167
Copper View,2021-02-20,1.870833,40.598056,-111.894167
Copper View,2021-02-21,2.3625,40.598056,-111.894167
Copper View,2021-02-22,6.091667,40.598056,-111.894167
Copper View,2021-02-23,4.008333,40.598056,-111.894167
Copper View,2021-02-24,4.3625,40.598056,-111.894167
Copper View,2021-02-25,3.291667,40.598056,-111.894167
Copper View,2021-02-26,3.075,40.598056,-111.894167
Copper View,2021-02-27,2.708333,40.598056,-111.894167
Copper View,2021-02-28,6.745833,40.598056,-111.894167
Copper View,2021-03-01,8.595833,40.598056,-111.894167
Copper View,2021-03-02,10.8625,40.598056,-111.894167
Copper View,2021-03-03,7.2125,40.598056,-111.894167
Copper View,2021-03-04,5.7625,40.598056,-111.894167
Copper View,2021-03-05,7.5875,40.598056,-111.894167
Copper View,2021-03-06,8.279167,40.598056,-111.894167
Copper View,2021-03-07,9.025,40.598056,-111.894167
Copper View,2021-03-08,9.452174,40.598056,-111.894167
Copper View,2021-03-09,7.0875,40.598056,-111.894167
Copper View,2021-03-10,5.804167,40.598056,-111.894167
Copper View,2021-03-11,6.033333,40.598056,-111.894167
Copper View,2021-03-12,8.595833,40.598056,-111.894167
Copper View,2021-03-13,5.258333,40.598056,-111.894167
Copper View,2021-03-14,4.833333,40.598056,-111.894167
Copper View,2021-03-15,3.4375,40.598056,-111.894167
Copper View,2021-03-16,5.208333,40.598056,-111.894167
Copper View,2021-03-17,9.545833,40.598056,-111.894167
Copper View,2021-03-18,5.054167,40.598056,-111.894167
Copper View,2021-03-19,4.033333,40.598056,-111.894167
Copper View,2021-03-20,4.570833,40.598056,-111.894167
Copper View,2021-03-21,2.991667,40.598056,-111.894167
Copper View,2021-03-22,6.470833,40.598056,-111.894167
Copper View,2021-03-23,8.533333,40.598056,-111.894167
Copper View,2021-03-24,1.758333,40.598056,-111.894167
Copper View,2021-03-25,3.758333,40.598056,-111.894167
Copper View,2021-03-26,4.095833,40.598056,-111.894167
Copper View,2021-03-27,6.095833,40.598056,-111.894167
Copper View,2021-03-28,4.566667,40.598056,-111.894167
Copper View,2021-03-29,8.020833,40.598056,-111.894167
Copper View,2021-03-30,4.783333,40.598056,-111.894167
Copper View,2021-03-31,6.754167,40.598056,-111.894167
Copper View,2021-04-01,9.4875,40.598056,-111.894167
Copper View,2021-04-02,8.8125,40.598056,-111.894167
Copper View,2021-04-03,9.508333,40.598056,-111.894167
Copper View,2021-04-04,6.6375,40.598056,-111.894167
Copper View,2021-04-05,12.817391,40.598056,-111.894167
Copper View,2021-04-06,3.8375,40.598056,-111.894167
Copper View,2021-04-07,6.225,40.598056,-111.894167
Copper View,2021-04-08,7.379167,40.598056,-111.894167
Copper View,2021-04-09,3.870833,40.598056,-111.894167
Copper View,2021-04-10,5.729167,40.598056,-111.894167
Copper View,2021-04-11,5.120833,40.598056,-111.894167
Copper View,2021-04-12,5.545833,40.598056,-111.894167
Copper View,2021-04-13,5.820833,40.598056,-111.894167
Copper View,2021-04-14,4.091667,40.598056,-111.894167
Copper View,2021-04-15,4.65,40.598056,-111.894167
Copper View,2021-04-16,3.458333,40.598056,-111.894167
Copper View,2021-04-17,3.408333,40.598056,-111.894167
Copper View,2021-04-18,5.233333,40.598056,-111.894167
Copper View,2021-04-19,6.125,40.598056,-111.894167
Copper View,2021-04-20,5.104167,40.598056,-111.894167
Copper View,2021-04-21,4.516667,40.598056,-111.894167
Copper View,2021-04-22,6.283333,40.598056,-111.894167
Copper View,2021-04-23,6.9375,40.598056,-111.894167
Copper View,2021-04-24,6.9,40.598056,-111.894167
Copper View,2021-04-26,2.373333,40.598056,-111.894167
Copper View,2021-04-27,4.6375,40.598056,-111.894167
Copper View,2021-04-28,5.416667,40.598056,-111.894167
Copper View,2021-04-29,6.783333,40.598056,-111.894167
Copper View,2021-04-30,7.1875,40.598056,-111.894167
Copper View,2021-05-01,5.504167,40.598056,-111.894167
Copper View,2021-05-02,3.683333,40.598056,-111.894167
Copper View,2021-05-03,3.520833,40.598056,-111.894167
Copper View,2021-05-04,4.883333,40.598056,-111.894167
Copper View,2021-05-05,6.8625,40.598056,-111.894167
Copper View,2021-05-06,7.4125,40.598056,-111.894167
Copper View,2021-05-07,8.216667,40.598056,-111.894167
Copper View,2021-05-08,3.195833,40.598056,-111.894167
Copper View,2021-05-09,3.525,40.598056,-111.894167
Copper View,2021-05-10,2.8,40.598056,-111.894167
Copper View,2021-05-11,4.782609,40.598056,-111.894167
Copper View,2021-05-12,5.208333,40.598056,-111.894167
Copper View,2021-05-13,7.170833,40.598056,-111.894167
Copper View,2021-05-14,9.2125,40.598056,-111.894167
Copper View,2021-05-15,8.045833,40.598056,-111.894167
Copper View,2021-05-16,6.416667,40.598056,-111.894167
Copper View,2021-05-17,6.433333,40.598056,-111.894167
Copper View,2021-05-18,8.083333,40.598056,-111.894167
Copper View,2021-05-19,9.570833,40.598056,-111.894167
Copper View,2021-05-20,7.791667,40.598056,-111.894167
Copper View,2021-05-21,11.583333,40.598056,-111.894167
Copper View,2021-05-22,8.825,40.598056,-111.894167
Copper View,2021-05-23,3.85,40.598056,-111.894167
Copper View,2021-05-24,3.791667,40.598056,-111.894167
Copper View,2021-05-25,5.066667,40.598056,-111.894167
Copper View,2021-05-26,3.579167,40.598056,-111.894167
Copper View,2021-05-27,4.866667,40.598056,-111.894167
Copper View,2021-05-28,6.85,40.598056,-111.894167
Copper View,2021-05-29,3.1,40.598056,-111.894167
Copper View,2021-05-30,5.9625,40.598056,-111.894167
Copper View,2021-05-31,8.075,40.598056,-111.894167
Copper View,2021-06-01,8.054167,40.598056,-111.894167
Copper View,2021-06-02,8.945833,40.598056,-111.894167
Copper View,2021-06-03,11.1875,40.598056,-111.894167
Copper View,2021-06-04,10.4125,40.598056,-111.894167
Copper View,2021-06-05,9.529167,40.598056,-111.894167
Copper View,2021-06-06,15.6875,40.598056,-111.894167
Copper View,2021-06-07,13.233333,40.598056,-111.894167
Copper View,2021-06-08,8.0,40.598056,-111.894167
Copper View,2021-06-09,7.4875,40.598056,-111.894167
Copper View,2021-06-10,14.8875,40.598056,-111.894167
Copper View,2021-06-11,7.1375,40.598056,-111.894167
Copper View,2021-06-12,12.558333,40.598056,-111.894167
Copper View,2021-06-13,14.270833,40.598056,-111.894167
Copper View,2021-06-14,5.525,40.598056,-111.894167
Copper View,2021-06-15,13.304167,40.598056,-111.894167
Copper View,2021-06-16,10.179167,40.598056,-111.894167
Copper View,2021-06-17,13.225,40.598056,-111.894167
Copper View,2021-06-18,13.695833,40.598056,-111.894167
Copper View,2021-06-19,11.366667,40.598056,-111.894167
Copper View,2021-06-20,7.7125,40.598056,-111.894167
Copper View,2021-06-21,8.7625,40.598056,-111.894167
Copper View,2021-06-22,10.275,40.598056,-111.894167
Copper View,2021-06-23,8.491667,40.598056,-111.894167
Copper View,2021-06-24,7.454167,40.598056,-111.894167
Copper View,2021-06-25,6.7875,40.598056,-111.894167
Copper View,2021-06-26,5.308333,40.598056,-111.894167
Copper View,2021-06-27,5.9875,40.598056,-111.894167
Copper View,2021-06-28,5.704167,40.598056,-111.894167
Copper View,2021-06-29,6.395833,40.598056,-111.894167
Copper View,2021-06-30,4.075,40.598056,-111.894167
Copper View,2021-07-01,5.141667,40.598056,-111.894167
Copper View,2021-07-02,9.566667,40.598056,-111.894167
Copper View,2021-07-03,12.020833,40.598056,-111.894167
Copper View,2021-07-04,15.804167,40.598056,-111.894167
Copper View,2021-07-05,8.941667,40.598056,-111.894167
Copper View,2021-07-06,10.329167,40.598056,-111.894167
Copper View,2021-07-07,9.9375,40.598056,-111.894167
Copper View,2021-07-08,11.4125,40.598056,-111.894167
Copper View,2021-07-09,16.6625,40.598056,-111.894167
Copper View,2021-07-10,19.908333,40.598056,-111.894167
Copper View,2021-07-11,31.066667,40.598056,-111.894167
Copper View,2021-07-12,27.433333,40.598056,-111.894167
Copper View,2021-07-13,12.775,40.598056,-111.894167
Copper View,2021-07-14,7.2,40.598056,-111.894167
Copper View,2021-07-15,10.516667,40.598056,-111.894167
Copper View,2021-07-16,10.354167,40.598056,-111.894167
Copper View,2021-07-17,12.1375,40.598056,-111.894167
Copper View,2021-07-18,11.616667,40.598056,-111.894167
Copper View,2021-07-19,10.045833,40.598056,-111.894167
Copper View,2021-07-20,6.179167,40.598056,-111.894167
Copper View,2021-07-21,7.4625,40.598056,-111.894167
Copper View,2021-07-22,6.883333,40.598056,-111.894167
Copper View,2021-07-23,9.316667,40.598056,-111.894167
Copper View,2021-07-24,26.25,40.598056,-111.894167
Copper View,2021-07-25,43.104167,40.598056,-111.894167
Copper View,2021-07-26,25.058333,40.598056,-111.894167
Copper View,2021-07-27,5.425,40.598056,-111.894167
Copper View,2021-07-28,6.204167,40.598056,-111.894167
Copper View,2021-07-29,8.066667,40.598056,-111.894167
Copper View,2021-07-30,5.466667,40.598056,-111.894167
Copper View,2021-07-31,6.725,40.598056,-111.894167
Copper View,2021-08-01,5.870833,40.598056,-111.894167
Copper View,2021-08-02,5.741667,40.598056,-111.894167
Copper View,2021-08-03,13.220833,40.598056,-111.894167
Copper View,2021-08-04,22.475,40.598056,-111.894167
Copper View,2021-08-05,14.8875,40.598056,-111.894167
Copper View,2021-08-06,51.870833,40.598056,-111.894167
Copper View,2021-08-07,49.629167,40.598056,-111.894167
Copper View,2021-08-08,42.941667,40.598056,-111.894167
Copper View,2021-08-09,25.8375,40.598056,-111.894167
Copper View,2021-08-10,26.952174,40.598056,-111.894167
Copper View,2021-08-11,15.6625,40.598056,-111.894167
Copper View,2021-08-12,10.004167,40.598056,-111.894167
Copper View,2021-08-13,12.504167,40.598056,-111.894167
Copper View,2021-08-14,15.095833,40.598056,-111.894167
Copper View,2021-08-15,42.908333,40.598056,-111.894167
Copper View,2021-08-16,48.5,40.598056,-111.894167
Copper View,2021-08-17,28.329167,40.598056,-111.894167
Copper View,2021-08-18,26.630769,40.598056,-111.894167
Copper View,2021-08-19,46.363636,40.598056,-111.894167
Copper View,2021-08-20,17.745833,40.598056,-111.894167
Copper View,2021-08-21,12.4875,40.598056,-111.894167
Copper View,2021-08-22,10.275,40.598056,-111.894167
Copper View,2021-08-23,5.082609,40.598056,-111.894167
Copper View,2021-08-24,9.429167,40.598056,-111.894167
Copper View,2021-08-25,10.220833,40.598056,-111.894167
Copper View,2021-08-26,21.295833,40.598056,-111.894167
Copper View,2021-08-27,34.741667,40.598056,-111.894167
Copper View,2021-08-28,23.579167,40.598056,-111.894167
Copper View,2021-08-29,24.4625,40.598056,-111.894167
Copper View,2021-08-30,21.604167,40.598056,-111.894167
Copper View,2021-08-31,12.7625,40.598056,-111.894167
Copper View,2021-09-01,10.370833,40.598056,-111.894167
Copper View,2021-09-02,11.645833,40.598056,-111.894167
Copper View,2021-09-03,17.383333,40.598056,-111.894167
Copper View,2021-09-04,19.445833,40.598056,-111.894167
Copper View,2021-09-05,15.345833,40.598056,-111.894167
Copper View,2021-09-06,14.004167,40.598056,-111.894167
Copper View,2021-09-07,26.316667,40.598056,-111.894167
Copper View,2021-09-08,23.5125,40.598056,-111.894167
Copper View,2021-09-09,17.729167,40.598056,-111.894167
Copper View,2021-09-10,11.666667,40.598056,-111.894167
Copper View,2021-09-11,12.158333,40.598056,-111.894167
Copper View,2021-09-12,6.05,40.598056,-111.894167
Copper View,2021-09-13,7.316667,40.598056,-111.894167
Copper View,2021-09-14,15.091667,40.598056,-111.894167
Copper View,2021-09-15,12.745833,40.598056,-111.894167
Copper View,2021-09-16,11.020833,40.598056,-111.894167
Copper View,2021-09-17,12.675,40.598056,-111.894167
Copper View,2021-09-18,4.354167,40.598056,-111.894167
Copper View,2021-09-19,4.920833,40.598056,-111.894167
Copper View,2021-09-20,3.15,40.598056,-111.894167
Copper View,2021-09-21,4.945833,40.598056,-111.894167
Copper View,2021-09-22,7.904167,40.598056,-111.894167
Copper View,2021-09-23,9.4125,40.598056,-111.894167
Copper View,2021-09-24,10.608333,40.598056,-111.894167
Copper View,2021-09-25,9.929167,40.598056,-111.894167
Copper View,2021-09-26,8.0625,40.598056,-111.894167
Copper View,2021-09-27,11.2,40.598056,-111.894167
Copper View,2021-09-28,10.391667,40.598056,-111.894167
Copper View,2021-09-29,3.2625,40.598056,-111.894167
Copper View,2021-09-30,6.6125,40.598056,-111.894167
Copper View,2021-10-01,8.179167,40.598056,-111.894167
Copper View,2021-10-02,9.070833,40.598056,-111.894167
Copper View,2021-10-03,7.225,40.598056,-111.894167
Copper View,2021-10-04,7.5375,40.598056,-111.894167
Copper View,2021-10-05,6.326087,40.598056,-111.894167
Copper View,2021-10-06,2.825,40.598056,-111.894167
Copper View,2021-10-07,5.529167,40.598056,-111.894167
Copper View,2021-10-08,3.05,40.598056,-111.894167
Copper View,2021-10-09,3.183333,40.598056,-111.894167
Copper View,2021-10-10,9.4,40.598056,-111.894167
Copper View,2021-10-11,4.35,40.598056,-111.894167
Copper View,2021-10-12,1.454167,40.598056,-111.894167
Copper View,2021-10-13,3.25,40.598056,-111.894167
Copper View,2021-10-14,3.041667,40.598056,-111.894167
Copper View,2021-10-15,5.629167,40.598056,-111.894167
Copper View,2021-10-16,8.620833,40.598056,-111.894167
Copper View,2021-10-17,4.4125,40.598056,-111.894167
Copper View,2021-10-18,3.820833,40.598056,-111.894167
Copper View,2021-10-19,2.9375,40.598056,-111.894167
Copper View,2021-10-20,4.641667,40.598056,-111.894167
Copper View,2021-10-21,8.941667,40.598056,-111.894167
Copper View,2021-10-22,4.175,40.598056,-111.894167
Copper View,2021-10-23,4.866667,40.598056,-111.894167
Copper View,2021-10-24,5.020833,40.598056,-111.894167
Copper View,2021-10-25,2.75,40.598056,-111.894167
Copper View,2021-10-26,2.6,40.598056,-111.894167
Copper View,2021-10-27,4.633333,40.598056,-111.894167
Copper View,2021-10-28,6.325,40.598056,-111.894167
Copper View,2021-10-29,7.233333,40.598056,-111.894167
Copper View,2021-10-30,9.854167,40.598056,-111.894167
Copper View,2021-10-31,9.729167,40.598056,-111.894167
Copper View,2021-11-01,9.445833,40.598056,-111.894167
Copper View,2021-11-02,6.454167,40.598056,-111.894167
Copper View,2021-11-03,4.220833,40.598056,-111.894167
Copper View,2021-11-04,6.483333,40.598056,-111.894167
Copper View,2021-11-05,9.816667,40.598056,-111.894167
Copper View,2021-11-06,2.329167,40.598056,-111.894167
Copper View,2021-11-07,1.966667,40.598056,-111.894167
Copper View,2021-11-08,7.666667,40.598056,-111.894167
Copper View,2021-11-09,6.833333,40.598056,-111.894167
Copper View,2021-11-10,4.004348,40.598056,-111.894167
Copper View,2021-11-11,7.7375,40.598056,-111.894167
Copper View,2021-11-12,6.85,40.598056,-111.894167
Copper View,2021-11-13,5.675,40.598056,-111.894167
Copper View,2021-11-14,5.245833,40.598056,-111.894167
Copper View,2021-11-15,3.5625,40.598056,-111.894167
Copper View,2021-11-16,1.454167,40.598056,-111.894167
Copper View,2021-11-17,3.454167,40.598056,-111.894167
Copper View,2021-11-18,8.470833,40.598056,-111.894167
Copper View,2021-11-19,12.820833,40.598056,-111.894167
Copper View,2021-11-20,8.458333,40.598056,-111.894167
Copper View,2021-11-21,5.975,40.598056,-111.894167
Copper View,2021-11-22,12.666667,40.598056,-111.894167
Copper View,2021-11-23,14.445833,40.598056,-111.894167
Copper View,2021-11-24,2.179167,40.598056,-111.894167
Copper View,2021-11-25,7.758333,40.598056,-111.894167
Copper View,2021-11-26,12.466667,40.598056,-111.894167
Copper View,2021-11-27,18.904167,40.598056,-111.894167
Copper View,2021-11-28,16.8125,40.598056,-111.894167
Copper View,2021-11-29,16.333333,40.598056,-111.894167
Copper View,2021-11-30,22.933333,40.598056,-111.894167
Copper View,2021-12-01,17.054167,40.598056,-111.894167
Copper View,2021-12-02,17.383333,40.598056,-111.894167
Copper View,2021-12-03,24.483333,40.598056,-111.894167
Copper View,2021-12-04,15.945833,40.598056,-111.894167
Copper View,2021-12-05,6.420833,40.598056,-111.894167
Copper View,2021-12-06,8.495833,40.598056,-111.894167
Copper View,2021-12-07,13.491667,40.598056,-111.894167
Copper View,2021-12-08,4.179167,40.598056,-111.894167
Copper View,2021-12-09,2.345833,40.598056,-111.894167
Copper View,2021-12-10,2.379167,40.598056,-111.894167
Copper View,2021-12-11,3.595833,40.598056,-111.894167
Copper View,2021-12-12,1.9875,40.598056,-111.894167
Copper View,2021-12-13,2.8625,40.598056,-111.894167
Copper View,2021-12-14,1.954167,40.598056,-111.894167
Copper View,2021-12-15,1.641667,40.598056,-111.894167
Copper View,2021-12-16,3.745833,40.598056,-111.894167
Copper View,2021-12-17,5.408333,40.598056,-111.894167
Copper View,2021-12-18,7.220833,40.598056,-111.894167
Copper View,2021-12-19,21.633333,40.598056,-111.894167
Copper View,2021-12-20,38.204167,40.598056,-111.894167
Copper View,2021-12-21,35.058333,40.598056,-111.894167
Copper View,2021-12-22,46.820833,40.598056,-111.894167
Copper View,2021-12-23,4.7625,40.598056,-111.894167
Copper View,2021-12-24,0.2875,40.598056,-111.894167
Copper View,2021-12-25,0.541667,40.598056,-111.894167
Copper View,2021-12-26,0.658333,40.598056,-111.894167
Copper View,2021-12-27,0.854167,40.598056,-111.894167
Copper View,2021-12-28,1.879167,40.598056,-111.894167
Copper View,2021-12-29,8.3125,40.598056,-111.894167
Copper View,2021-12-30,1.133333,40.598056,-111.894167
Copper View,2021-12-31,1.8875,40.598056,-111.894167
Copper View,2022-01-01,4.829167,40.598056,-111.894167
Copper View,2022-01-02,8.129167,40.598056,-111.894167
Copper View,2022-01-03,14.258333,40.598056,-111.894167
Copper View,2022-01-04,4.45,40.598056,-111.894167
Copper View,2022-01-05,6.1125,40.598056,-111.894167
Copper View,2022-01-06,6.5625,40.598056,-111.894167
Copper View,2022-01-07,2.383333,40.598056,-111.894167
Copper View,2022-01-08,2.229167,40.598056,-111.894167
Copper View,2022-01-09,6.275,40.598056,-111.894167
Copper View,2022-01-10,14.291667,40.598056,-111.894167
Copper View,2022-01-11,26.358333,40.598056,-111.894167
Copper View,2022-01-12,22.754167,40.598056,-111.894167
Copper View,2022-01-13,24.133333,40.598056,-111.894167
Copper View,2022-01-14,23.925,40.598056,-111.894167
Copper View,2022-01-15,21.475,40.598056,-111.894167
Copper View,2022-01-16,25.1,40.598056,-111.894167
Copper View,2022-01-17,30.720833,40.598056,-111.894167
Copper View,2022-01-18,40.908333,40.598056,-111.894167
Copper View,2022-01-19,37.008333,40.598056,-111.894167
Copper View,2022-01-20,17.775,40.598056,-111.894167
Copper View,2022-01-21,7.7375,40.598056,-111.894167
Copper View,2022-01-22,5.8625,40.598056,-111.894167
Copper View,2022-01-23,10.225,40.598056,-111.894167
Copper View,2022-01-24,15.15,40.598056,-111.894167
Copper View,2022-01-25,8.725,40.598056,-111.894167
Copper View,2022-01-26,6.625,40.598056,-111.894167
Copper View,2022-01-27,9.716667,40.598056,-111.894167
Copper View,2022-01-28,14.769565,40.598056,-111.894167
Copper View,2022-01-29,20.491667,40.598056,-111.894167
Copper View,2022-01-30,30.366667,40.598056,-111.894167
Copper View,2022-01-31,14.845833,40.598056,-111.894167
Copper View,2022-02-01,1.2625,40.598056,-111.894167
Copper View,2022-02-02,3.029167,40.598056,-111.894167
Copper View,2022-02-03,7.666667,40.598056,-111.894167
Copper View,2022-02-04,15.129167,40.598056,-111.894167
Copper View,2022-02-05,11.895833,40.598056,-111.894167
Copper View,2022-02-06,11.483333,40.598056,-111.894167
Copper View,2022-02-07,10.025,40.598056,-111.894167
Copper View,2022-02-08,13.5875,40.598056,-111.894167
Copper View,2022-02-09,14.9875,40.598056,-111.894167
Copper View,2022-02-10,8.3375,40.598056,-111.894167
Copper View,2022-02-11,8.0125,40.598056,-111.894167
Copper View,2022-02-12,8.325,40.598056,-111.894167
Copper View,2022-02-13,8.1375,40.598056,-111.894167
Copper View,2022-02-14,5.582609,40.598056,-111.894167
Copper View,2022-02-15,4.083333,40.598056,-111.894167
Copper View,2022-02-16,2.791667,40.598056,-111.894167
Copper View,2022-02-17,5.541667,40.598056,-111.894167
Copper View,2022-02-18,6.1375,40.598056,-111.894167
Copper View,2022-02-19,4.383333,40.598056,-111.894167
Copper View,2022-02-20,1.8375,40.598056,-111.894167
Copper View,2022-02-21,1.504167,40.598056,-111.894167
Copper View,2022-02-22,3.233333,40.598056,-111.894167
Copper View,2022-02-23,4.391667,40.598056,-111.894167
Copper View,2022-02-24,8.016667,40.598056,-111.894167
Copper View,2022-02-25,3.520833,40.598056,-111.894167
Copper View,2022-02-26,6.833333,40.598056,-111.894167
Copper View,2022-02-27,10.408333,40.598056,-111.894167
Copper View,2022-02-28,13.558333,40.598056,-111.894167
Copper View,2022-03-01,14.0875,40.598056,-111.894167
Copper View,2022-03-02,11.870833,40.598056,-111.894167
Copper View,2022-03-03,2.808333,40.598056,-111.894167
Copper View,2022-03-04,3.05,40.598056,-111.894167
Copper View,2022-03-05,2.395833,40.598056,-111.894167
Copper View,2022-03-06,2.354167,40.598056,-111.894167
Copper View,2022-03-07,4.816667,40.598056,-111.894167
Copper View,2022-03-08,3.5,40.598056,-111.894167
Copper View,2022-03-09,1.820833,40.598056,-111.894167
Copper View,2022-03-10,3.225,40.598056,-111.894167
Copper View,2022-03-11,4.195833,40.598056,-111.894167
Copper View,2022-03-12,3.0375,40.598056,-111.894167
Copper View,2022-03-13,2.620833,40.598056,-111.894167
Copper View,2022-03-14,6.066667,40.598056,-111.894167
Copper View,2022-03-15,2.458333,40.598056,-111.894167
Copper View,2022-03-16,4.3125,40.598056,-111.894167
Copper View,2022-03-17,2.533333,40.598056,-111.894167
Copper View,2022-03-18,5.3875,40.598056,-111.894167
Copper View,2022-03-19,4.179167,40.598056,-111.894167
Copper View,2022-03-20,3.420833,40.598056,-111.894167
Copper View,2022-03-21,4.13913,40.598056,-111.894167
Copper View,2022-03-22,4.629167,40.598056,-111.894167
Copper View,2022-03-23,5.5375,40.598056,-111.894167
Copper View,2022-03-24,5.604167,40.598056,-111.894167
Copper View,2022-03-25,5.9125,40.598056,-111.894167
Copper View,2022-03-26,6.279167,40.598056,-111.894167
Copper View,2022-03-27,4.05,40.598056,-111.894167
Copper View,2022-03-28,2.883333,40.598056,-111.894167
Copper View,2022-03-29,7.783333,40.598056,-111.894167
Copper View,2022-03-30,5.241667,40.598056,-111.894167
Copper View,2022-03-31,5.0375,40.598056,-111.894167
Copper View,2022-04-01,5.566667,40.598056,-111.894167
Copper View,2022-04-02,4.5,40.598056,-111.894167
Copper View,2022-04-03,4.875,40.598056,-111.894167
Copper View,2022-04-04,5.941667,40.598056,-111.894167
Copper View,2022-04-05,4.033333,40.598056,-111.894167
Copper View,2022-04-06,4.033333,40.598056,-111.894167
Copper View,2022-04-07,7.0375,40.598056,-111.894167
Copper View,2022-04-08,7.345833,40.598056,-111.894167
Copper View,2022-04-09,6.7625,40.598056,-111.894167
Copper View,2022-04-10,2.0625,40.598056,-111.894167
Copper View,2022-04-11,5.083333,40.598056,-111.894167
Copper View,2022-04-12,2.795833,40.598056,-111.894167
Copper View,2022-04-13,2.820833,40.598056,-111.894167
Copper View,2022-04-14,3.554167,40.598056,-111.894167
Copper View,2022-04-15,3.666667,40.598056,-111.894167
Copper View,2022-04-16,6.558333,40.598056,-111.894167
Copper View,2022-04-17,4.620833,40.598056,-111.894167
Copper View,2022-04-18,9.03913,40.598056,-111.894167
Copper View,2022-04-19,15.395833,40.598056,-111.894167
Copper View,2022-04-20,4.679167,40.598056,-111.894167
Copper View,2022-04-21,21.970833,40.598056,-111.894167
Copper View,2022-04-22,4.529167,40.598056,-111.894167
Copper View,2022-04-23,2.95,40.598056,-111.894167
Copper View,2022-04-24,3.25,40.598056,-111.894167
Copper View,2022-04-25,4.354167,40.598056,-111.894167
Copper View,2022-04-26,8.7,40.598056,-111.894167
Copper View,2022-04-27,10.279167,40.598056,-111.894167
Copper View,2022-04-28,10.4,40.598056,-111.894167
Copper View,2022-04-29,4.7875,40.598056,-111.894167
Copper View,2022-04-30,5.45,40.598056,-111.894167
Copper View,2022-05-01,2.741667,40.598056,-111.894167
Copper View,2022-05-02,3.85,40.598056,-111.894167
Copper View,2022-05-03,1.704167,40.598056,-111.894167
Copper View,2022-05-04,4.3125,40.598056,-111.894167
Copper View,2022-05-05,4.245833,40.598056,-111.894167
Copper View,2022-05-06,9.904167,40.598056,-111.894167
Copper View,2022-05-07,16.120833,40.598056,-111.894167
Copper View,2022-05-08,5.604167,40.598056,-111.894167
Copper View,2022-05-09,4.129167,40.598056,-111.894167
Copper View,2022-05-10,4.870833,40.598056,-111.894167
Copper View,2022-05-11,5.095833,40.598056,-111.894167
Copper View,2022-05-12,2.691667,40.598056,-111.894167
Copper View,2022-05-13,4.604348,40.598056,-111.894167
Copper View,2022-05-14,5.1,40.598056,-111.894167
Copper View,2022-05-15,4.579167,40.598056,-111.894167
Copper View,2022-05-16,6.125,40.598056,-111.894167
Copper View,2022-05-17,5.341667,40.598056,-111.894167
Copper View,2022-05-18,6.445833,40.598056,-111.894167
Copper View,2022-05-19,7.725,40.598056,-111.894167
Copper View,2022-05-20,2.820833,40.598056,-111.894167
Copper View,2022-05-21,4.225,40.598056,-111.894167
Copper View,2022-05-22,5.883333,40.598056,-111.894167
Copper View,2022-05-23,5.370833,40.598056,-111.894167
Copper View,2022-05-24,5.683333,40.598056,-111.894167
Copper View,2022-05-25,5.775,40.598056,-111.894167
Copper View,2022-05-26,5.929167,40.598056,-111.894167
Copper View,2022-05-27,9.775,40.598056,-111.894167
Copper View,2022-05-28,7.816667,40.598056,-111.894167
Copper View,2022-05-29,1.925,40.598056,-111.894167
Copper View,2022-05-30,0.920833,40.598056,-111.894167
Copper View,2022-05-31,2.679167,40.598056,-111.894167
Copper View,2022-06-01,4.379167,40.598056,-111.894167
Copper View,2022-06-02,5.708696,40.598056,-111.894167
Copper View,2022-06-03,6.0125,40.598056,-111.894167
Copper View,2022-06-04,6.695833,40.598056,-111.894167
Copper View,2022-06-05,4.658333,40.598056,-111.894167
Copper View,2022-06-06,4.958333,40.598056,-111.894167
Copper View,2022-06-07,6.008333,40.598056,-111.894167
Copper View,2022-06-08,5.795833,40.598056,-111.894167
Copper View,2022-06-09,9.245833,40.598056,-111.894167
Copper View,2022-06-10,10.1125,40.598056,-111.894167
Copper View,2022-06-11,11.095833,40.598056,-111.894167
Copper View,2022-06-12,19.3375,40.598056,-111.894167
Copper View,2022-06-13,5.141667,40.598056,-111.894167
Copper View,2022-06-14,5.141667,40.598056,-111.894167
Copper View,2022-06-15,6.758333,40.598056,-111.894167
Copper View,2022-06-16,5.920833,40.598056,-111.894167
Copper View,2022-06-17,20.325,40.598056,-111.894167
Copper View,2022-06-18,23.4,40.598056,-111.894167
Copper View,2022-06-19,13.0625,40.598056,-111.894167
Copper View,2022-06-20,6.0,40.598056,-111.894167
Copper View,2022-06-21,5.05,40.598056,-111.894167
Copper View,2022-06-22,7.079167,40.598056,-111.894167
Copper View,2022-06-23,12.495833,40.598056,-111.894167
Copper View,2022-06-24,21.458333,40.598056,-111.894167
Copper View,2022-06-25,5.595833,40.598056,-111.894167
Copper View,2022-06-26,8.3375,40.598056,-111.894167
Copper View,2022-06-27,18.3375,40.598056,-111.894167
Copper View,2022-06-28,7.6625,40.598056,-111.894167
Copper View,2022-06-29,13.620833,40.598056,-111.894167
Copper View,2022-06-30,11.15,40.598056,-111.894167
Copper View,2022-07-01,5.645833,40.598056,-111.894167
Copper View,2022-07-02,6.845833,40.598056,-111.894167
Copper View,2022-07-03,10.433333,40.598056,-111.894167
Copper View,2022-07-04,8.420833,40.598056,-111.894167
Copper View,2022-07-05,6.954167,40.598056,-111.894167
Copper View,2022-07-06,5.341667,40.598056,-111.894167
Copper View,2022-07-07,5.345833,40.598056,-111.894167
Copper View,2022-07-08,6.616667,40.598056,-111.894167
Copper View,2022-07-09,8.204167,40.598056,-111.894167
Copper View,2022-07-10,10.333333,40.598056,-111.894167
Copper View,2022-07-11,9.604167,40.598056,-111.894167
Copper View,2022-07-12,10.704545,40.598056,-111.894167
Copper View,2022-07-13,6.7125,40.598056,-111.894167
Copper View,2022-07-14,6.029167,40.598056,-111.894167
Copper View,2022-07-15,7.6625,40.598056,-111.894167
Copper View,2022-07-16,6.758333,40.598056,-111.894167
Copper View,2022-07-17,11.025,40.598056,-111.894167
Copper View,2022-07-18,7.2375,40.598056,-111.894167
Copper View,2022-07-19,10.216667,40.598056,-111.894167
Copper View,2022-07-20,8.583333,40.598056,-111.894167
Copper View,2022-07-21,7.3,40.598056,-111.894167
Copper View,2022-07-22,7.791667,40.598056,-111.894167
Copper View,2022-07-23,10.345833,40.598056,-111.894167
Copper View,2022-07-24,9.379167,40.598056,-111.894167
Copper View,2022-07-25,9.195833,40.598056,-111.894167
Copper View,2022-07-26,8.808333,40.598056,-111.894167
Copper View,2022-07-27,8.3125,40.598056,-111.894167
Copper View,2022-07-28,8.533333,40.598056,-111.894167
Copper View,2022-07-29,7.829167,40.598056,-111.894167
Copper View,2022-07-30,7.3625,40.598056,-111.894167
Copper View,2022-07-31,6.383333,40.598056,-111.894167
Copper View,2022-08-01,5.279167,40.598056,-111.894167
Copper View,2022-08-02,7.45,40.598056,-111.894167
Copper View,2022-08-03,11.933333,40.598056,-111.894167
Copper View,2022-08-04,11.204167,40.598056,-111.894167
Copper View,2022-08-05,8.325,40.598056,-111.894167
Copper View,2022-08-06,5.1,40.598056,-111.894167
Copper View,2022-08-07,6.854167,40.598056,-111.894167
Copper View,2022-08-08,8.0625,40.598056,-111.894167
Copper View,2022-08-09,7.6375,40.598056,-111.894167
Copper View,2022-08-10,5.408333,40.598056,-111.894167
Copper View,2022-08-11,5.775,40.598056,-111.894167
Copper View,2022-08-12,6.841667,40.598056,-111.894167
Copper View,2022-08-13,4.625,40.598056,-111.894167
Copper View,2022-08-14,3.208333,40.598056,-111.894167
Copper View,2022-08-15,5.941667,40.598056,-111.894167
Copper View,2022-08-16,5.9125,40.598056,-111.894167
Copper View,2022-08-17,5.691667,40.598056,-111.894167
Copper View,2022-08-18,7.325,40.598056,-111.894167
Copper View,2022-08-19,4.975,40.598056,-111.894167
Copper View,2022-08-20,6.404167,40.598056,-111.894167
Copper View,2022-08-21,4.766667,40.598056,-111.894167
Copper View,2022-08-22,6.35,40.598056,-111.894167
Copper View,2022-08-23,6.354167,40.598056,-111.894167
Copper View,2022-08-24,6.895833,40.598056,-111.894167
Copper View,2022-08-25,5.079167,40.598056,-111.894167
Copper View,2022-08-26,3.804167,40.598056,-111.894167
Copper View,2022-08-27,3.966667,40.598056,-111.894167
Copper View,2022-08-28,6.979167,40.598056,-111.894167
Copper View,2022-08-29,9.870833,40.598056,-111.894167
Copper View,2022-08-30,7.966667,40.598056,-111.894167
Copper View,2022-08-31,7.4625,40.598056,-111.894167
Copper View,2022-09-01,7.8,40.598056,-111.894167
Copper View,2022-09-02,9.977273,40.598056,-111.894167
Copper View,2022-09-03,6.9125,40.598056,-111.894167
Copper View,2022-09-04,7.070833,40.598056,-111.894167
Copper View,2022-09-05,7.9875,40.598056,-111.894167
Copper View,2022-09-06,9.879167,40.598056,-111.894167
Copper View,2022-09-07,9.7375,40.598056,-111.894167
Copper View,2022-09-08,15.2625,40.598056,-111.894167
Copper View,2022-09-09,26.4625,40.598056,-111.894167
Copper View,2022-09-10,36.725,40.598056,-111.894167
Copper View,2022-09-11,26.2375,40.598056,-111.894167
Copper View,2022-09-12,20.479167,40.598056,-111.894167
Copper View,2022-09-13,2.733333,40.598056,-111.894167
Copper View,2022-09-14,5.108333,40.598056,-111.894167
Copper View,2022-09-15,4.220833,40.598056,-111.894167
Copper View,2022-09-16,4.808333,40.598056,-111.894167
Copper View,2022-09-17,11.1,40.598056,-111.894167
Copper View,2022-09-18,4.795833,40.598056,-111.894167
Copper View,2022-09-19,3.275,40.598056,-111.894167
Copper View,2022-09-20,4.545833,40.598056,-111.894167
Copper View,2022-09-21,4.05,40.598056,-111.894167
Copper View,2022-09-22,5.195833,40.598056,-111.894167
Copper View,2022-09-23,5.958333,40.598056,-111.894167
Copper View,2022-09-24,7.220833,40.598056,-111.894167
Copper View,2022-09-25,6.6375,40.598056,-111.894167
Copper View,2022-09-26,7.079167,40.598056,-111.894167
Copper View,2022-09-27,6.5,40.598056,-111.894167
Copper View,2022-09-28,5.7875,40.598056,-111.894167
Copper View,2022-09-29,4.975,40.598056,-111.894167
Copper View,2022-09-30,4.541667,40.598056,-111.894167
Copper View,2022-10-01,5.583333,40.598056,-111.894167
Copper View,2022-10-02,6.229167,40.598056,-111.894167
Copper View,2022-10-03,5.933333,40.598056,-111.894167
Copper View,2022-10-04,6.025,40.598056,-111.894167
Copper View,2022-10-05,6.425,40.598056,-111.894167
Copper View,2022-10-06,6.258333,40.598056,-111.894167
Copper View,2022-10-07,7.525,40.598056,-111.894167
Copper View,2022-10-08,7.791667,40.598056,-111.894167
Copper View,2022-10-09,6.920833,40.598056,-111.894167
Copper View,2022-10-10,8.529167,40.598056,-111.894167
Copper View,2022-10-11,10.520833,40.598056,-111.894167
Copper View,2022-10-12,10.016667,40.598056,-111.894167
Copper View,2022-10-13,8.704167,40.598056,-111.894167
Copper View,2022-10-14,7.608333,40.598056,-111.894167
Copper View,2022-10-15,7.379167,40.598056,-111.894167
Copper View,2022-10-16,6.7375,40.598056,-111.894167
Copper View,2022-10-17,5.575,40.598056,-111.894167
Copper View,2022-10-18,7.545833,40.598056,-111.894167
Copper View,2022-10-19,8.391667,40.598056,-111.894167
Copper View,2022-10-20,9.383333,40.598056,-111.894167
Copper View,2022-10-21,7.075,40.598056,-111.894167
Copper View,2022-10-22,5.858333,40.598056,-111.894167
Copper View,2022-10-23,2.9,40.598056,-111.894167
Copper View,2022-10-24,4.85,40.598056,-111.894167
Copper View,2022-10-25,4.479167,40.598056,-111.894167
Copper View,2022-10-26,2.816667,40.598056,-111.894167
Copper View,2022-10-27,5.533333,40.598056,-111.894167
Copper View,2022-10-28,10.433333,40.598056,-111.894167
Copper View,2022-10-29,12.145833,40.598056,-111.894167
Copper View,2022-10-30,11.1375,40.598056,-111.894167
Copper View,2022-10-31,7.841667,40.598056,-111.894167
Copper View,2022-11-01,2.8625,40.598056,-111.894167
Copper View,2022-11-02,4.595833,40.598056,-111.894167
Copper View,2022-11-03,5.620833,40.598056,-111.894167
Copper View,2022-11-04,3.75,40.598056,-111.894167
Copper View,2022-11-05,1.85,40.598056,-111.894167
Copper View,2022-11-06,2.829167,40.598056,-111.894167
Copper View,2022-11-07,2.670833,40.598056,-111.894167
Copper View,2022-11-08,6.416667,40.598056,-111.894167
Copper View,2022-11-09,1.070833,40.598056,-111.894167
Copper View,2022-11-10,4.408333,40.598056,-111.894167
Copper View,2022-11-11,8.658333,40.598056,-111.894167
Copper View,2022-11-12,12.95,40.598056,-111.894167
Copper View,2022-11-13,12.5,40.598056,-111.894167
Copper View,2022-11-14,6.675,40.598056,-111.894167
Copper View,2022-11-15,7.179167,40.598056,-111.894167
Copper View,2022-11-16,12.225,40.598056,-111.894167
Copper View,2022-11-17,11.158333,40.598056,-111.894167
Copper View,2022-11-18,10.191667,40.598056,-111.894167
Copper View,2022-11-19,11.245833,40.598056,-111.894167
Copper View,2022-11-20,22.85,40.598056,-111.894167
Copper View,2022-11-21,28.816667,40.598056,-111.894167
Copper View,2022-11-22,29.604167,40.598056,-111.894167
Copper View,2022-11-23,20.041667,40.598056,-111.894167
Copper View,2022-11-24,9.408333,40.598056,-111.894167
Copper View,2022-11-25,12.233333,40.598056,-111.894167
Copper View,2022-11-26,15.983333,40.598056,-111.894167
Copper View,2022-11-27,8.808333,40.598056,-111.894167
Copper View,2022-11-28,2.304167,40.598056,-111.894167
Copper View,2022-11-29,2.1625,40.598056,-111.894167
Copper View,2022-11-30,4.104167,40.598056,-111.894167
Copper View,2022-12-01,5.345833,40.598056,-111.894167
Copper View,2022-12-02,5.547619,40.598056,-111.894167
Copper View,2022-12-03,11.308333,40.598056,-111.894167
Copper View,2022-12-04,19.358333,40.598056,-111.894167
Copper View,2022-12-05,4.558333,40.598056,-111.894167
Copper View,2022-12-06,17.1875,40.598056,-111.894167
Copper View,2022-12-07,23.625,40.598056,-111.894167
Copper View,2022-12-08,17.475,40.598056,-111.894167
Copper View,2022-12-09,6.054167,40.598056,-111.894167
Copper View,2022-12-10,3.2625,40.598056,-111.894167
Copper View,2022-12-11,1.383333,40.598056,-111.894167
Copper View,2022-12-12,2.475,40.598056,-111.894167
Copper View,2022-12-13,4.354167,40.598056,-111.894167
Copper View,2022-12-14,6.279167,40.598056,-111.894167
Copper View,2022-12-15,8.941667,40.598056,-111.894167
Copper View,2022-12-16,12.254167,40.598056,-111.894167
Copper View,2022-12-17,15.766667,40.598056,-111.894167
Copper View,2022-12-18,25.0125,40.598056,-111.894167
Copper View,2022-12-19,30.75,40.598056,-111.894167
Copper View,2022-12-20,27.995833,40.598056,-111.894167
Copper View,2022-12-21,8.1125,40.598056,-111.894167
Copper View,2022-12-22,3.2625,40.598056,-111.894167
Copper View,2022-12-23,22.554167,40.598056,-111.894167
Copper View,2022-12-24,41.725,40.598056,-111.894167
Copper View,2022-12-25,41.475,40.598056,-111.894167
Copper View,2022-12-26,20.825,40.598056,-111.894167
Copper View,2022-12-27,1.941667,40.598056,-111.894167
Copper View,2022-12-28,2.3375,40.598056,-111.894167
Copper View,2022-12-29,3.3,40.598056,-111.894167
Copper View,2022-12-30,1.6625,40.598056,-111.894167
Copper View,2022-12-31,3.858333,40.598056,-111.894167
Copper View,2023-01-01,5.391667,40.598056,-111.894167
Copper View,2023-01-02,4.15,40.598056,-111.894167
Copper View,2023-01-03,13.479167,40.598056,-111.894167
Copper View,2023-01-04,8.829167,40.598056,-111.894167
Copper View,2023-01-05,2.241667,40.598056,-111.894167
Copper View,2023-01-06,6.5375,40.598056,-111.894167
Copper View,2023-01-07,8.6625,40.598056,-111.894167
Copper View,2023-01-08,2.058333,40.598056,-111.894167
Copper View,2023-01-09,2.054167,40.598056,-111.894167
Copper View,2023-01-10,1.05,40.598056,-111.894167
Copper View,2023-01-11,3.958333,40.598056,-111.894167
Copper View,2023-01-12,5.829167,40.598056,-111.894167
Copper View,2023-01-13,5.920833,40.598056,-111.894167
Copper View,2023-01-14,2.566667,40.598056,-111.894167
Copper View,2023-01-15,3.566667,40.598056,-111.894167
Copper View,2023-01-16,5.0,40.598056,-111.894167
Copper View,2023-01-17,6.970833,40.598056,-111.894167
Copper View,2023-01-18,3.9125,40.598056,-111.894167
Copper View,2023-01-19,6.441667,40.598056,-111.894167
Copper View,2023-01-20,6.254167,40.598056,-111.894167
Copper View,2023-01-21,6.495833,40.598056,-111.894167
Copper View,2023-01-22,9.795833,40.598056,-111.894167
Copper View,2023-01-23,7.433333,40.598056,-111.894167
Copper View,2023-01-24,9.608333,40.598056,-111.894167
Copper View,2023-01-25,17.870833,40.598056,-111.894167
Copper View,2023-01-26,17.7125,40.598056,-111.894167
Copper View,2023-01-27,4.8625,40.598056,-111.894167
Copper View,2023-01-28,1.395833,40.598056,-111.894167
Copper View,2023-01-29,3.775,40.598056,-111.894167
Copper View,2023-01-30,6.145833,40.598056,-111.894167
Copper View,2023-01-31,13.3875,40.598056,-111.894167
Copper View,2023-02-01,29.783333,40.598056,-111.894167
Copper View,2023-02-02,39.379167,40.598056,-111.894167
Copper View,2023-02-03,47.583333,40.598056,-111.894167
Copper View,2023-02-04,52.670833,40.598056,-111.894167
Copper View,2023-02-05,27.666667,40.598056,-111.894167
Copper View,2023-02-06,7.766667,40.598056,-111.894167
Copper View,2023-02-07,10.45,40.598056,-111.894167
Copper View,2023-02-08,11.5875,40.598056,-111.894167
Copper View,2023-02-09,5.225,40.598056,-111.894167
Copper View,2023-02-10,14.3,40.598056,-111.894167
Copper View,2023-02-11,29.808333,40.598056,-111.894167
Copper View,2023-02-12,27.483333,40.598056,-111.894167
Copper View,2023-02-13,28.1375,40.598056,-111.894167
Copper View,2023-02-14,0.96087,40.598056,-111.894167
Copper View,2023-02-15,4.766667,40.598056,-111.894167
Copper View,2023-02-16,6.9,40.598056,-111.894167
Copper View,2023-02-17,10.1875,40.598056,-111.894167
Copper View,2023-02-18,22.1,40.598056,-111.894167
Copper View,2023-02-19,10.525,40.598056,-111.894167
Copper View,2023-02-20,6.666667,40.598056,-111.894167
Copper View,2023-02-21,2.808333,40.598056,-111.894167
Copper View,2023-02-22,2.4125,40.598056,-111.894167
Copper View,2023-02-23,1.666667,40.598056,-111.894167
Copper View,2023-02-24,3.2875,40.598056,-111.894167
Copper View,2023-02-25,7.375,40.598056,-111.894167
Copper View,2023-02-26,6.629167,40.598056,-111.894167
Copper View,2023-02-27,0.779167,40.598056,-111.894167
Copper View,2023-02-28,0.995833,40.598056,-111.894167
Copper View,2023-03-01,3.770833,40.598056,-111.894167
Copper View,2023-03-02,4.320833,40.598056,-111.894167
Copper View,2023-03-03,5.75,40.598056,-111.894167
Copper View,2023-03-04,6.179167,40.598056,-111.894167
Copper View,2023-03-05,4.2875,40.598056,-111.894167
Copper View,2023-03-06,2.779167,40.598056,-111.894167
Copper View,2023-03-07,9.795833,40.598056,-111.894167
Copper View,2023-03-08,13.170833,40.598056,-111.894167
Copper View,2023-03-09,4.475,40.598056,-111.894167
Copper View,2023-03-10,2.7375,40.598056,-111.894167
Copper View,2023-03-11,4.029167,40.598056,-111.894167
Copper View,2023-03-12,11.516667,40.598056,-111.894167
Copper View,2023-03-13,4.1875,40.598056,-111.894167
Copper View,2023-03-14,1.670833,40.598056,-111.894167
Copper View,2023-03-15,2.158333,40.598056,-111.894167
Copper View,2023-03-16,3.7875,40.598056,-111.894167
Copper View,2023-03-17,6.791667,40.598056,-111.894167
Copper View,2023-03-18,6.2,40.598056,-111.894167
Copper View,2023-03-19,4.095833,40.598056,-111.894167
Copper View,2023-03-20,2.333333,40.598056,-111.894167
Copper View,2023-03-21,4.356522,40.598056,-111.894167
Copper View,2023-03-22,1.333333,40.598056,-111.894167
Copper View,2023-03-23,1.070833,40.598056,-111.894167
Copper View,2023-03-24,2.575,40.598056,-111.894167
Copper View,2023-03-25,1.441667,40.598056,-111.894167
Copper View,2023-03-26,2.658333,40.598056,-111.894167
Copper View,2023-03-27,3.379167,40.598056,-111.894167
Copper View,2023-03-28,4.870833,40.598056,-111.894167
Copper View,2023-03-29,4.554167,40.598056,-111.894167
Copper View,2023-03-30,2.85,40.598056,-111.894167
Copper View,2023-03-31,3.445833,40.598056,-111.894167
Copper View,2023-04-01,4.620833,40.598056,-111.894167
Copper View,2023-04-02,2.870833,40.598056,-111.894167
Copper View,2023-04-03,2.870833,40.598056,-111.894167
Copper View,2023-04-04,2.179167,40.598056,-111.894167
Copper View,2023-04-05,4.366667,40.598056,-111.894167
Copper View,2023-04-06,6.445833,40.598056,-111.894167
Copper View,2023-04-07,7.495833,40.598056,-111.894167
Copper View,2023-04-08,7.4875,40.598056,-111.894167
Copper View,2023-04-09,6.966667,40.598056,-111.894167
Copper View,2023-04-10,9.720833,40.598056,-111.894167
Copper View,2023-04-11,8.758333,40.598056,-111.894167
Copper View,2023-04-12,12.841667,40.598056,-111.894167
Copper View,2023-04-13,4.320833,40.598056,-111.894167
Copper View,2023-04-14,6.0,40.598056,-111.894167
Copper View,2023-04-15,7.875,40.598056,-111.894167
Copper View,2023-04-16,9.004167,40.598056,-111.894167
Copper View,2023-04-17,7.641667,40.598056,-111.894167
Copper View,2023-04-18,9.368182,40.598056,-111.894167
Copper View,2023-04-19,2.375,40.598056,-111.894167
Copper View,2023-04-20,3.775,40.598056,-111.894167
Copper View,2023-04-21,5.254167,40.598056,-111.894167
Copper View,2023-04-22,4.691667,40.598056,-111.894167
Copper View,2023-04-23,6.008333,40.598056,-111.894167
Copper View,2023-04-24,4.158333,40.598056,-111.894167
Copper View,2023-04-25,5.229167,40.598056,-111.894167
Copper View,2023-04-26,7.533333,40.598056,-111.894167
Copper View,2023-04-27,5.229167,40.598056,-111.894167
Copper View,2023-04-28,5.25,40.598056,-111.894167
Copper View,2023-04-29,9.845833,40.598056,-111.894167
Copper View,2023-04-30,6.804167,40.598056,-111.894167
Copper View,2023-05-01,8.525,40.598056,-111.894167
Copper View,2023-05-02,9.063636,40.598056,-111.894167
Copper View,2023-05-03,9.935,40.598056,-111.894167
Copper View,2023-05-04,7.858333,40.598056,-111.894167
Copper View,2023-05-05,3.016667,40.598056,-111.894167
Copper View,2023-05-06,3.145833,40.598056,-111.894167
Copper View,2023-05-07,4.825,40.598056,-111.894167
Copper View,2023-05-08,6.7625,40.598056,-111.894167
Copper View,2023-05-09,8.316667,40.598056,-111.894167
Copper View,2023-05-10,7.708333,40.598056,-111.894167
Copper View,2023-05-11,8.591667,40.598056,-111.894167
Copper View,2023-05-12,7.8375,40.598056,-111.894167
Copper View,2023-05-13,5.341667,40.598056,-111.894167
Copper View,2023-05-14,4.258333,40.598056,-111.894167
Copper View,2023-05-15,6.204167,40.598056,-111.894167
Copper View,2023-05-16,7.925,40.598056,-111.894167
Copper View,2023-05-17,9.245833,40.598056,-111.894167
Copper View,2023-05-18,6.520833,40.598056,-111.894167
Copper View,2023-05-19,15.995833,40.598056,-111.894167
Copper View,2023-05-20,25.6,40.598056,-111.894167
Copper View,2023-05-21,17.9875,40.598056,-111.894167
Copper View,2023-05-22,9.133333,40.598056,-111.894167
Copper View,2023-05-23,4.866667,40.598056,-111.894167
Copper View,2023-05-24,8.008333,40.598056,-111.894167
Copper View,2023-05-25,6.85,40.598056,-111.894167
Copper View,2023-05-26,6.129167,40.598056,-111.894167
Copper View,2023-05-27,6.870833,40.598056,-111.894167
Copper View,2023-05-28,7.145833,40.598056,-111.894167
Copper View,2023-05-29,7.858333,40.598056,-111.894167
Copper View,2023-05-30,8.1625,40.598056,-111.894167
Copper View,2023-05-31,7.241667,40.598056,-111.894167
Copper View,2023-06-01,6.079167,40.598056,-111.894167
Copper View,2023-06-02,6.245833,40.598056,-111.894167
Copper View,2023-06-03,7.5875,40.598056,-111.894167
Copper View,2023-06-04,5.570833,40.598056,-111.894167
Copper View,2023-06-05,6.804762,40.598056,-111.894167
Copper View,2023-06-06,6.258333,40.598056,-111.894167
Copper View,2023-06-07,5.191667,40.598056,-111.894167
Copper View,2023-06-08,6.1875,40.598056,-111.894167
Copper View,2023-06-09,5.9875,40.598056,-111.894167
Copper View,2023-06-10,6.45,40.598056,-111.894167
Copper View,2023-06-11,4.95,40.598056,-111.894167
Copper View,2023-06-12,6.2625,40.598056,-111.894167
Copper View,2023-06-13,5.104348,40.598056,-111.894167
Copper View,2023-06-14,4.4375,40.598056,-111.894167
Copper View,2023-06-15,4.9375,40.598056,-111.894167
Copper View,2023-06-16,5.808333,40.598056,-111.894167
Copper View,2023-06-17,6.229167,40.598056,-111.894167
Copper View,2023-06-18,7.820833,40.598056,-111.894167
Copper View,2023-06-19,13.641667,40.598056,-111.894167
Copper View,2023-06-20,5.616667,40.598056,-111.894167
Copper View,2023-06-21,5.379167,40.598056,-111.894167
Copper View,2023-06-22,6.620833,40.598056,-111.894167
Copper View,2023-06-23,9.570833,40.598056,-111.894167
Copper View,2023-06-24,7.016667,40.598056,-111.894167
Copper View,2023-06-25,7.183333,40.598056,-111.894167
Copper View,2023-06-26,5.458333,40.598056,-111.894167
Copper View,2023-06-27,8.1375,40.598056,-111.894167
Copper View,2023-06-28,7.875,40.598056,-111.894167
Copper View,2023-06-29,7.158333,40.598056,-111.894167
Copper View,2023-06-30,8.545833,40.598056,-111.894167
Copper View,2023-07-01,8.108333,40.598056,-111.894167
Copper View,2023-07-02,8.979167,40.598056,-111.894167
Copper View,2023-07-03,12.154167,40.598056,-111.894167
Copper View,2023-07-04,20.7375,40.598056,-111.894167
Copper View,2023-07-05,24.995833,40.598056,-111.894167
Copper View,2023-07-06,9.975,40.598056,-111.894167
Copper View,2023-07-07,7.879167,40.598056,-111.894167
Copper View,2023-07-08,9.495833,40.598056,-111.894167
Copper View,2023-07-09,6.916667,40.598056,-111.894167
Copper View,2023-07-10,6.408333,40.598056,-111.894167
Copper View,2023-07-11,5.729167,40.598056,-111.894167
Copper View,2023-07-12,7.791667,40.598056,-111.894167
Copper View,2023-07-13,7.708333,40.598056,-111.894167
Copper View,2023-07-14,7.675,40.598056,-111.894167
Copper View,2023-07-15,7.55,40.598056,-111.894167
Copper View,2023-07-16,6.704167,40.598056,-111.894167
Copper View,2023-07-17,9.225,40.598056,-111.894167
Copper View,2023-07-18,11.304167,40.598056,-111.894167
Copper View,2023-07-19,5.6375,40.598056,-111.894167
Copper View,2023-07-20,7.670833,40.598056,-111.894167
Copper View,2023-07-21,7.795833,40.598056,-111.894167
Copper View,2023-07-22,9.641667,40.598056,-111.894167
Copper View,2023-07-23,7.870833,40.598056,-111.894167
Copper View,2023-07-24,11.370833,40.598056,-111.894167
Copper View,2023-07-25,10.25,40.598056,-111.894167
Copper View,2023-07-26,6.2,40.598056,-111.894167
Copper View,2023-07-27,7.125,40.598056,-111.894167
Copper View,2023-07-28,6.433333,40.598056,-111.894167
Copper View,2023-07-29,8.7625,40.598056,-111.894167
Copper View,2023-07-30,10.145833,40.598056,-111.894167
Copper View,2023-07-31,9.458333,40.598056,-111.894167
Copper View,2023-08-01,7.929167,40.598056,-111.894167
Copper View,2023-08-02,6.5,40.598056,-111.894167
Copper View,2023-08-03,6.356522,40.598056,-111.894167
Copper View,2023-08-04,5.275,40.598056,-111.894167
Copper View,2023-08-05,6.254167,40.598056,-111.894167
Copper View,2023-08-06,6.675,40.598056,-111.894167
Copper View,2023-08-07,7.433333,40.598056,-111.894167
Copper View,2023-08-08,9.9125,40.598056,-111.894167
Copper View,2023-08-09,9.370833,40.598056,-111.894167
Copper View,2023-08-10,6.525,40.598056,-111.894167
Copper View,2023-08-11,4.954167,40.598056,-111.894167
Copper View,2023-08-12,4.3125,40.598056,-111.894167
Copper View,2023-08-13,5.6,40.598056,-111.894167
Copper View,2023-08-14,8.1,40.598056,-111.894167
Copper View,2023-08-15,7.429167,40.598056,-111.894167
Copper View,2023-08-16,5.195833,40.598056,-111.894167
Copper View,2023-08-17,7.270833,40.598056,-111.894167
Copper View,2023-08-18,4.6,40.598056,-111.894167
Copper View,2023-08-19,4.808333,40.598056,-111.894167
Copper View,2023-08-20,5.733333,40.598056,-111.894167
Copper View,2023-08-21,5.433333,40.598056,-111.894167
Copper View,2023-08-22,4.2375,40.598056,-111.894167
Copper View,2023-08-23,7.041667,40.598056,-111.894167
Copper View,2023-08-24,9.641667,40.598056,-111.894167
Copper View,2023-08-25,7.216667,40.598056,-111.894167
Copper View,2023-08-26,7.183333,40.598056,-111.894167
Copper View,2023-08-27,5.766667,40.598056,-111.894167
Copper View,2023-08-28,6.320833,40.598056,-111.894167
Copper View,2023-08-29,5.095833,40.598056,-111.894167
Copper View,2023-08-30,29.008333,40.598056,-111.894167
Copper View,2023-08-31,11.116667,40.598056,-111.894167
Copper View,2023-09-01,2.429167,40.598056,-111.894167
Copper View,2023-09-02,5.966667,40.598056,-111.894167
Copper View,2023-09-03,6.204167,40.598056,-111.894167
Copper View,2023-09-04,3.304167,40.598056,-111.894167
Copper View,2023-09-05,7.652174,40.598056,-111.894167
Copper View,2023-09-06,6.495833,40.598056,-111.894167
Copper View,2023-09-07,4.025,40.598056,-111.894167
Copper View,2023-09-08,3.325,40.598056,-111.894167
Copper View,2023-09-09,6.991667,40.598056,-111.894167
Copper View,2023-09-10,6.3875,40.598056,-111.894167
Copper View,2023-09-11,6.345833,40.598056,-111.894167
Copper View,2023-09-12,6.6375,40.598056,-111.894167
Copper View,2023-09-13,6.579167,40.598056,-111.894167
Copper View,2023-09-14,7.775,40.598056,-111.894167
Copper View,2023-09-15,6.991667,40.598056,-111.894167
Copper View,2023-09-16,6.770833,40.598056,-111.894167
Copper View,2023-09-17,6.379167,40.598056,-111.894167
Copper View,2023-09-18,4.608333,40.598056,-111.894167
Copper View,2023-09-19,5.525,40.598056,-111.894167
Copper View,2023-09-20,4.6375,40.598056,-111.894167
Copper View,2023-09-21,4.895833,40.598056,-111.894167
Copper View,2023-09-22,6.554167,40.598056,-111.894167
Copper View,2023-09-23,6.666667,40.598056,-111.894167
Copper View,2023-09-24,8.15,40.598056,-111.894167
Copper View,2023-09-25,5.783333,40.598056,-111.894167
Copper View,2023-09-26,5.6375,40.598056,-111.894167
Copper View,2023-09-27,5.75,40.598056,-111.894167
Copper View,2023-09-28,6.770833,40.598056,-111.894167
Copper View,2023-09-29,6.308333,40.598056,-111.894167
Copper View,2023-09-30,4.670833,40.598056,-111.894167
Copper View,2023-10-01,3.604167,40.598056,-111.894167
Copper View,2023-10-02,4.054167,40.598056,-111.894167
Copper View,2023-10-03,6.441667,40.598056,-111.894167
Copper View,2023-10-04,6.620833,40.598056,-111.894167
Copper View,2023-10-05,6.0,40.598056,-111.894167
Copper View,2023-10-06,7.429167,40.598056,-111.894167
Copper View,2023-10-07,7.933333,40.598056,-111.894167
Copper View,2023-10-08,5.916667,40.598056,-111.894167
Copper View,2023-10-09,5.716667,40.598056,-111.894167
Copper View,2023-10-10,5.55,40.598056,-111.894167
Copper View,2023-10-11,3.05,40.598056,-111.894167
Copper View,2023-10-12,4.216667,40.598056,-111.894167
Copper View,2023-10-13,4.725,40.598056,-111.894167
Copper View,2023-10-14,6.541667,40.598056,-111.894167
Copper View,2023-10-15,7.0125,40.598056,-111.894167
Copper View,2023-10-16,8.291667,40.598056,-111.894167
Copper View,2023-10-17,8.291667,40.598056,-111.894167
Copper View,2023-10-18,6.629167,40.598056,-111.894167
Copper View,2023-10-19,7.441667,40.598056,-111.894167
Copper View,2023-10-20,9.316667,40.598056,-111.894167
Copper View,2023-10-21,9.0625,40.598056,-111.894167
Copper View,2023-10-22,7.804167,40.598056,-111.894167
Copper View,2023-10-23,5.5875,40.598056,-111.894167
Copper View,2023-10-24,9.975,40.598056,-111.894167
Copper View,2023-10-25,5.404167,40.598056,-111.894167
Copper View,2023-10-26,2.679167,40.598056,-111.894167
Copper View,2023-10-27,6.095833,40.598056,-111.894167
Copper View,2023-10-28,5.7875,40.598056,-111.894167
Copper View,2023-10-29,5.433333,40.598056,-111.894167
Copper View,2023-10-30,8.8125,40.598056,-111.894167
Copper View,2023-10-31,14.6875,40.598056,-111.894167
Copper View,2023-11-01,15.8,40.598056,-111.894167
Copper View,2023-11-02,13.445833,40.598056,-111.894167
Copper View,2023-11-03,12.008333,40.598056,-111.894167
Copper View,2023-11-04,8.333333,40.598056,-111.894167
Copper View,2023-11-05,6.304167,40.598056,-111.894167
Copper View,2023-11-06,5.145833,40.598056,-111.894167
Copper View,2023-11-07,3.125,40.598056,-111.894167
Copper View,2023-11-08,6.825,40.598056,-111.894167
Copper View,2023-11-09,7.9125,40.598056,-111.894167
Copper View,2023-11-10,10.820833,40.598056,-111.894167
Copper View,2023-11-11,11.541667,40.598056,-111.894167
Copper View,2023-11-12,8.683333,40.598056,-111.894167
Copper View,2023-11-13,7.113043,40.598056,-111.894167
Copper View,2023-11-14,7.941667,40.598056,-111.894167
Copper View,2023-11-15,5.966667,40.598056,-111.894167
Copper View,2023-11-16,6.6,40.598056,-111.894167
Copper View,2023-11-17,12.725,40.598056,-111.894167
Copper View,2023-11-18,9.820833,40.598056,-111.894167
Copper View,2023-11-19,2.308333,40.598056,-111.894167
Copper View,2023-11-20,4.333333,40.598056,-111.894167
Copper View,2023-11-21,10.5375,40.598056,-111.894167
Copper View,2023-11-22,15.841667,40.598056,-111.894167
Copper View,2023-11-23,19.929167,40.598056,-111.894167
Copper View,2023-11-24,4.879167,40.598056,-111.894167
Copper View,2023-11-25,3.366667,40.598056,-111.894167
Copper View,2023-11-26,7.404167,40.598056,-111.894167
Copper View,2023-11-27,16.120833,40.598056,-111.894167
Copper View,2023-11-28,26.904167,40.598056,-111.894167
Copper View,2023-11-29,32.645833,40.598056,-111.894167
Copper View,2023-11-30,31.529167,40.598056,-111.894167
Copper View,2023-12-01,19.5625,40.598056,-111.894167
Copper View,2023-12-02,0.9,40.598056,-111.894167
Copper View,2023-12-03,2.833333,40.598056,-111.894167
Copper View,2023-12-04,6.966667,40.598056,-111.894167
Copper View,2023-12-05,7.058333,40.598056,-111.894167
Copper View,2023-12-06,4.045833,40.598056,-111.894167
Copper View,2023-12-07,3.1125,40.598056,-111.894167
Copper View,2023-12-08,2.079167,40.598056,-111.894167
Copper View,2023-12-09,5.320833,40.598056,-111.894167
Copper View,2023-12-10,5.991667,40.598056,-111.894167
Copper View,2023-12-11,13.395833,40.598056,-111.894167
Copper View,2023-12-12,19.95,40.598056,-111.894167
Copper View,2023-12-13,10.2875,40.598056,-111.894167
Copper View,2023-12-14,12.9875,40.598056,-111.894167
Copper View,2023-12-15,22.483333,40.598056,-111.894167
Copper View,2023-12-16,26.633333,40.598056,-111.894167
Copper View,2023-12-17,32.658333,40.598056,-111.894167
Copper View,2023-12-18,31.645833,40.598056,-111.894167
Copper View,2023-12-19,26.116667,40.598056,-111.894167
Copper View,2023-12-20,16.2625,40.598056,-111.894167
Copper View,2023-12-21,14.1125,40.598056,-111.894167
Copper View,2023-12-22,10.483333,40.598056,-111.894167
Copper View,2023-12-23,7.733333,40.598056,-111.894167
Copper View,2023-12-24,4.079167,40.598056,-111.894167
Copper View,2023-12-25,8.308333,40.598056,-111.894167
Copper View,2023-12-26,11.533333,40.598056,-111.894167
Copper View,2023-12-27,18.9125,40.598056,-111.894167
Copper View,2023-12-28,26.825,40.598056,-111.894167
Copper View,2023-12-29,28.675,40.598056,-111.894167
Copper View,2023-12-30,29.183333,40.598056,-111.894167
Copper View,2023-12-31,30.270833,40.598056,-111.894167
Hawthorne,2019-01-01,3.5604165,40.736389,-111.872222
Hawthorne,2019-01-02,10.8625,40.736389,-111.872222
Hawthorne,2019-01-03,21.325000000000003,40.736389,-111.872222
Hawthorne,2019-01-04,33.641667,40.736389,-111.872222
Hawthorne,2019-01-05,40.7833335,40.736389,-111.872222
Hawthorne,2019-01-06,2.816667,40.736389,-111.872222
Hawthorne,2019-01-07,5.39625,40.736389,-111.872222
Hawthorne,2019-01-08,17.4604165,40.736389,-111.872222
Hawthorne,2019-01-09,17.68125,40.736389,-111.872222
Hawthorne,2019-01-10,31.435416500000002,40.736389,-111.872222
Hawthorne,2019-01-11,25.8210525,40.736389,-111.872222
Hawthorne,2019-01-12,17.275,40.736389,-111.872222
Hawthorne,2019-01-13,14.664583499999999,40.736389,-111.872222
Hawthorne,2019-01-14,17.44375,40.736389,-111.872222
Hawthorne,2019-01-15,17.05625,40.736389,-111.872222
Hawthorne,2019-01-16,11.604167,40.736389,-111.872222
Hawthorne,2019-01-17,3.6583335000000003,40.736389,-111.872222
Hawthorne,2019-01-18,4.333333,40.736389,-111.872222
Hawthorne,2019-01-19,5.3611415000000004,40.736389,-111.872222
Hawthorne,2019-01-20,9.2145835,40.736389,-111.872222
Hawthorne,2019-01-21,4.56875,40.736389,-111.872222
Hawthorne,2019-01-22,4.6625,40.736389,-111.872222
Hawthorne,2019-01-23,6.7229165,40.736389,-111.872222
Hawthorne,2019-01-24,10.033332999999999,40.736389,-111.872222
Hawthorne,2019-01-25,6.066667,40.736389,-111.872222
Hawthorne,2019-01-26,9.743749999999999,40.736389,-111.872222
Hawthorne,2019-01-27,9.087499999999999,40.736389,-111.872222
Hawthorne,2019-01-28,8.666667,40.736389,-111.872222
Hawthorne,2019-01-29,11.185416499999999,40.736389,-111.872222
Hawthorne,2019-01-30,16.625,40.736389,-111.872222
Hawthorne,2019-01-31,16.833333500000002,40.736389,-111.872222
Hawthorne,2019-02-01,15.483333,40.736389,-111.872222
Hawthorne,2019-02-02,3.147917,40.736389,-111.872222
Hawthorne,2019-02-03,1.220833,40.736389,-111.872222
Hawthorne,2019-02-04,1.225,40.736389,-111.872222
Hawthorne,2019-02-05,1.7854165,40.736389,-111.872222
Hawthorne,2019-02-06,2.6104165,40.736389,-111.872222
Hawthorne,2019-02-07,2.9541665000000004,40.736389,-111.872222
Hawthorne,2019-02-08,9.6104165,40.736389,-111.872222
Hawthorne,2019-02-09,4.2770835,40.736389,-111.872222
Hawthorne,2019-02-10,1.736051,40.736389,-111.872222
Hawthorne,2019-02-11,6.864962,40.736389,-111.872222
Hawthorne,2019-02-12,10.8,40.736389,-111.872222
Hawthorne,2019-02-13,2.68125,40.736389,-111.872222
Hawthorne,2019-02-14,1.5437500000000002,40.736389,-111.872222
Hawthorne,2019-02-15,1.7020835,40.736389,-111.872222
Hawthorne,2019-02-16,2.28125,40.736389,-111.872222
Hawthorne,2019-02-17,2.0375,40.736389,-111.872222
Hawthorne,2019-02-18,2.7208335000000003,40.736389,-111.872222
Hawthorne,2019-02-19,2.489583,40.736389,-111.872222
Hawthorne,2019-02-20,2.3979165,40.736389,-111.872222
Hawthorne,2019-02-21,3.010417,40.736389,-111.872222
Hawthorne,2019-02-22,5.35,40.736389,-111.872222
Hawthorne,2019-02-23,5.3,40.736389,-111.872222
Hawthorne,2019-02-24,2.3354165,40.736389,-111.872222
Hawthorne,2019-02-25,2.3395835,40.736389,-111.872222
Hawthorne,2019-02-26,2.3916665,40.736389,-111.872222
Hawthorne,2019-02-27,3.65625,40.736389,-111.872222
Hawthorne,2019-02-28,3.0875,40.736389,-111.872222
Hawthorne,2019-03-01,3.222917,40.736389,-111.872222
Hawthorne,2019-03-02,5.71875,40.736389,-111.872222
Hawthorne,2019-03-03,3.591667,40.736389,-111.872222
Hawthorne,2019-03-04,5.5625,40.736389,-111.872222
Hawthorne,2019-03-05,4.9941665,40.736389,-111.872222
Hawthorne,2019-03-06,3.0541665,40.736389,-111.872222
Hawthorne,2019-03-07,4.129167,40.736389,-111.872222
Hawthorne,2019-03-08,3.3291665,40.736389,-111.872222
Hawthorne,2019-03-09,5.78125,40.736389,-111.872222
Hawthorne,2019-03-10,5.435417,40.736389,-111.872222
Hawthorne,2019-03-11,6.2625,40.736389,-111.872222
Hawthorne,2019-03-12,10.345833500000001,40.736389,-111.872222
Hawthorne,2019-03-13,1.875,40.736389,-111.872222
Hawthorne,2019-03-14,2.5958335,40.736389,-111.872222
Hawthorne,2019-03-15,5.5375,40.736389,-111.872222
Hawthorne,2019-03-16,9.875,40.736389,-111.872222
Hawthorne,2019-03-17,10.09375,40.736389,-111.872222
Hawthorne,2019-03-18,7.5604165000000005,40.736389,-111.872222
Hawthorne,2019-03-19,4.6104164999999995,40.736389,-111.872222
Hawthorne,2019-03-20,2.6583335,40.736389,-111.872222
Hawthorne,2019-03-21,3.0541665,40.736389,-111.872222
Hawthorne,2019-03-22,2.522917,40.736389,-111.872222
Hawthorne,2019-03-23,4.6666665,40.736389,-111.872222
Hawthorne,2019-03-24,4.1333335,40.736389,-111.872222
Hawthorne,2019-03-25,5.35625,40.736389,-111.872222
Hawthorne,2019-03-26,6.0541665,40.736389,-111.872222
Hawthorne,2019-03-27,6.552083,40.736389,-111.872222
Hawthorne,2019-03-28,3.766667,40.736389,-111.872222
Hawthorne,2019-03-29,7.681579,40.736389,-111.872222
Hawthorne,2019-03-30,2.741667,40.736389,-111.872222
Hawthorne,2019-03-31,2.2625,40.736389,-111.872222
Hawthorne,2019-04-01,3.908333,40.736389,-111.872222
Hawthorne,2019-04-02,2.8595829999999998,40.736389,-111.872222
Hawthorne,2019-04-03,4.470833,40.736389,-111.872222
Hawthorne,2019-04-04,2.2833335,40.736389,-111.872222
Hawthorne,2019-04-05,3.4833335,40.736389,-111.872222
Hawthorne,2019-04-06,2.4124999999999996,40.736389,-111.872222
Hawthorne,2019-04-07,2.8104164999999997,40.736389,-111.872222
Hawthorne,2019-04-08,6.238163999999999,40.736389,-111.872222
Hawthorne,2019-04-09,3.40625,40.736389,-111.872222
Hawthorne,2019-04-10,1.4458335,40.736389,-111.872222
Hawthorne,2019-04-11,1.701721,40.736389,-111.872222
Hawthorne,2019-04-12,2.8416665,40.736389,-111.872222
Hawthorne,2019-04-13,2.9000000000000004,40.736389,-111.872222
Hawthorne,2019-04-14,1.870833,40.736389,-111.872222
Hawthorne,2019-04-15,4.9041665000000005,40.736389,-111.872222
Hawthorne,2019-04-16,2.895833,40.736389,-111.872222
Hawthorne,2019-04-17,2.2708335,40.736389,-111.872222
Hawthorne,2019-04-18,3.639583,40.736389,-111.872222
Hawthorne,2019-04-19,4.2416665,40.736389,-111.872222
Hawthorne,2019-04-20,2.8604165,40.736389,-111.872222
Hawthorne,2019-04-21,4.95,40.736389,-111.872222
Hawthorne,2019-04-22,2.964583,40.736389,-111.872222
Hawthorne,2019-04-23,4.1395835,40.736389,-111.872222
Hawthorne,2019-04-24,3.2895835,40.736389,-111.872222
Hawthorne,2019-04-25,3.9958335,40.736389,-111.872222
Hawthorne,2019-04-26,4.25,40.736389,-111.872222
Hawthorne,2019-04-27,5.454167,40.736389,-111.872222
Hawthorne,2019-04-28,4.49375,40.736389,-111.872222
Hawthorne,2019-04-29,3.3645835,40.736389,-111.872222
Hawthorne,2019-04-30,4.3479165,40.736389,-111.872222
Hawthorne,2019-05-01,4.4833335000000005,40.736389,-111.872222
Hawthorne,2019-05-02,4.106249999999999,40.736389,-111.872222
Hawthorne,2019-05-03,4.1447915,40.736389,-111.872222
Hawthorne,2019-05-04,4.6958335,40.736389,-111.872222
Hawthorne,2019-05-05,5.38125,40.736389,-111.872222
Hawthorne,2019-05-06,7.4642855,40.736389,-111.872222
Hawthorne,2019-05-07,4.133333,40.736389,-111.872222
Hawthorne,2019-05-08,3.3833335,40.736389,-111.872222
Hawthorne,2019-05-09,1.5416664999999998,40.736389,-111.872222
Hawthorne,2019-05-10,3.1979165,40.736389,-111.872222
Hawthorne,2019-05-11,4.78125,40.736389,-111.872222
Hawthorne,2019-05-12,4.8541665,40.736389,-111.872222
Hawthorne,2019-05-13,6.7833334999999995,40.736389,-111.872222
Hawthorne,2019-05-14,6.3895835,40.736389,-111.872222
Hawthorne,2019-05-15,6.520562,40.736389,-111.872222
Hawthorne,2019-05-16,4.69375,40.736389,-111.872222
Hawthorne,2019-05-17,2.4875,40.736389,-111.872222
Hawthorne,2019-05-18,2.152083,40.736389,-111.872222
Hawthorne,2019-05-19,2.2333335,40.736389,-111.872222
Hawthorne,2019-05-20,2.160417,40.736389,-111.872222
Hawthorne,2019-05-21,2.7520835,40.736389,-111.872222
Hawthorne,2019-05-22,2.6354165,40.736389,-111.872222
Hawthorne,2019-05-23,1.6041665,40.736389,-111.872222
Hawthorne,2019-05-24,2.7562499999999996,40.736389,-111.872222
Hawthorne,2019-05-25,2.483333,40.736389,-111.872222
Hawthorne,2019-05-26,4.175,40.736389,-111.872222
Hawthorne,2019-05-27,2.679167,40.736389,-111.872222
Hawthorne,2019-05-28,2.74221,40.736389,-111.872222
Hawthorne,2019-05-29,2.6854164999999997,40.736389,-111.872222
Hawthorne,2019-05-30,2.8708335,40.736389,-111.872222
Hawthorne,2019-05-31,3.464583,40.736389,-111.872222
Hawthorne,2019-06-01,4.56875,40.736389,-111.872222
Hawthorne,2019-06-02,4.7333335000000005,40.736389,-111.872222
Hawthorne,2019-06-03,4.066667,40.736389,-111.872222
Hawthorne,2019-06-04,5.5559785,40.736389,-111.872222
Hawthorne,2019-06-05,4.778472,40.736389,-111.872222
Hawthorne,2019-06-06,4.06875,40.736389,-111.872222
Hawthorne,2019-06-07,7.402083,40.736389,-111.872222
Hawthorne,2019-06-08,2.104167,40.736389,-111.872222
Hawthorne,2019-06-09,1.975,40.736389,-111.872222
Hawthorne,2019-06-10,3.9479165,40.736389,-111.872222
Hawthorne,2019-06-11,4.9516305,40.736389,-111.872222
Hawthorne,2019-06-12,4.1261365,40.736389,-111.872222
Hawthorne,2019-06-13,4.3166665,40.736389,-111.872222
Hawthorne,2019-06-14,4.14375,40.736389,-111.872222
Hawthorne,2019-06-15,4.510417,40.736389,-111.872222
Hawthorne,2019-06-16,4.816667000000001,40.736389,-111.872222
Hawthorne,2019-06-17,5.2854165,40.736389,-111.872222
Hawthorne,2019-06-18,3.8722825,40.736389,-111.872222
Hawthorne,2019-06-19,4.385417,40.736389,-111.872222
Hawthorne,2019-06-20,5.225,40.736389,-111.872222
Hawthorne,2019-06-21,2.58125,40.736389,-111.872222
Hawthorne,2019-06-22,2.4354164999999997,40.736389,-111.872222
Hawthorne,2019-06-23,3.3291665,40.736389,-111.872222
Hawthorne,2019-06-24,3.7249999999999996,40.736389,-111.872222
Hawthorne,2019-06-25,5.643750000000001,40.736389,-111.872222
Hawthorne,2019-06-26,5.620833,40.736389,-111.872222
Hawthorne,2019-06-27,4.4145835,40.736389,-111.872222
Hawthorne,2019-06-28,4.7458335,40.736389,-111.872222
Hawthorne,2019-06-29,7.362500000000001,40.736389,-111.872222
Hawthorne,2019-06-30,5.18125,40.736389,-111.872222
Hawthorne,2019-07-01,3.933333,40.736389,-111.872222
Hawthorne,2019-07-02,4.1333335,40.736389,-111.872222
Hawthorne,2019-07-03,7.2333335000000005,40.736389,-111.872222
Hawthorne,2019-07-04,12.7291665,40.736389,-111.872222
Hawthorne,2019-07-05,9.2645835,40.736389,-111.872222
Hawthorne,2019-07-06,6.75625,40.736389,-111.872222
Hawthorne,2019-07-07,4.4291665,40.736389,-111.872222
Hawthorne,2019-07-08,8.1416665,40.736389,-111.872222
Hawthorne,2019-07-09,8.6583335,40.736389,-111.872222
Hawthorne,2019-07-10,6.408333000000001,40.736389,-111.872222
Hawthorne,2019-07-11,5.360417,40.736389,-111.872222
Hawthorne,2019-07-12,5.7229165,40.736389,-111.872222
Hawthorne,2019-07-13,5.25625,40.736389,-111.872222
Hawthorne,2019-07-14,4.8333335,40.736389,-111.872222
Hawthorne,2019-07-15,4.887499999999999,40.736389,-111.872222
Hawthorne,2019-07-16,8.3544645,40.736389,-111.872222
Hawthorne,2019-07-17,7.097917,40.736389,-111.872222
Hawthorne,2019-07-18,6.1125,40.736389,-111.872222
Hawthorne,2019-07-19,4.983333,40.736389,-111.872222
Hawthorne,2019-07-20,6.7104165,40.736389,-111.872222
Hawthorne,2019-07-21,6.7208334999999995,40.736389,-111.872222
Hawthorne,2019-07-22,6.4662880000000005,40.736389,-111.872222
Hawthorne,2019-07-23,7.518750000000001,40.736389,-111.872222
Hawthorne,2019-07-24,8.00625,40.736389,-111.872222
Hawthorne,2019-07-25,8.4645835,40.736389,-111.872222
Hawthorne,2019-07-26,6.945833,40.736389,-111.872222
Hawthorne,2019-07-27,4.425,40.736389,-111.872222
Hawthorne,2019-07-28,6.145833,40.736389,-111.872222
Hawthorne,2019-07-29,5.179167,40.736389,-111.872222
Hawthorne,2019-07-30,4.485417,40.736389,-111.872222
Hawthorne,2019-07-31,5.6458335,40.736389,-111.872222
Hawthorne,2019-08-01,5.0520835,40.736389,-111.872222
Hawthorne,2019-08-02,6.7020835,40.736389,-111.872222
Hawthorne,2019-08-03,5.0354165,40.736389,-111.872222
Hawthorne,2019-08-04,4.15625,40.736389,-111.872222
Hawthorne,2019-08-05,4.820833,40.736389,-111.872222
Hawthorne,2019-08-06,6.125,40.736389,-111.872222
Hawthorne,2019-08-07,5.7666664999999995,40.736389,-111.872222
Hawthorne,2019-08-08,7.9495059999999995,40.736389,-111.872222
Hawthorne,2019-08-09,4.54375,40.736389,-111.872222
Hawthorne,2019-08-10,4.975,40.736389,-111.872222
Hawthorne,2019-08-11,5.2041664999999995,40.736389,-111.872222
Hawthorne,2019-08-12,5.8145834999999995,40.736389,-111.872222
Hawthorne,2019-08-13,6.127083000000001,40.736389,-111.872222
Hawthorne,2019-08-14,6.65625,40.736389,-111.872222
Hawthorne,2019-08-15,6.8958335,40.736389,-111.872222
Hawthorne,2019-08-16,5.73125,40.736389,-111.872222
Hawthorne,2019-08-17,5.1458335,40.736389,-111.872222
Hawthorne,2019-08-18,5.39375,40.736389,-111.872222
Hawthorne,2019-08-19,4.30625,40.736389,-111.872222
Hawthorne,2019-08-20,4.229167,40.736389,-111.872222
Hawthorne,2019-08-21,6.1395835000000005,40.736389,-111.872222
Hawthorne,2019-08-22,8.945833499999999,40.736389,-111.872222
Hawthorne,2019-08-23,6.3916664999999995,40.736389,-111.872222
Hawthorne,2019-08-24,5.449999999999999,40.736389,-111.872222
Hawthorne,2019-08-25,6.4125,40.736389,-111.872222
Hawthorne,2019-08-26,5.8666665,40.736389,-111.872222
Hawthorne,2019-08-27,5.6166665,40.736389,-111.872222
Hawthorne,2019-08-28,7.3958335,40.736389,-111.872222
Hawthorne,2019-08-29,6.425000000000001,40.736389,-111.872222
Hawthorne,2019-08-30,5.5229165,40.736389,-111.872222
Hawthorne,2019-08-31,7.6520835,40.736389,-111.872222
Hawthorne,2019-09-01,5.7375,40.736389,-111.872222
Hawthorne,2019-09-02,5.1270835,40.736389,-111.872222
Hawthorne,2019-09-03,5.293749999999999,40.736389,-111.872222
Hawthorne,2019-09-04,6.216666999999999,40.736389,-111.872222
Hawthorne,2019-09-05,7.4729165,40.736389,-111.872222
Hawthorne,2019-09-06,5.7770835,40.736389,-111.872222
Hawthorne,2019-09-07,5.9833335000000005,40.736389,-111.872222
Hawthorne,2019-09-08,7.452083,40.736389,-111.872222
Hawthorne,2019-09-09,17.687120999999998,40.736389,-111.872222
Hawthorne,2019-09-10,8.3770835,40.736389,-111.872222
Hawthorne,2019-09-11,6.19375,40.736389,-111.872222
Hawthorne,2019-09-12,5.3395835,40.736389,-111.872222
Hawthorne,2019-09-13,5.5604165000000005,40.736389,-111.872222
Hawthorne,2019-09-14,5.09375,40.736389,-111.872222
Hawthorne,2019-09-15,4.3479165,40.736389,-111.872222
Hawthorne,2019-09-16,4.09375,40.736389,-111.872222
Hawthorne,2019-09-17,6.1395835,40.736389,-111.872222
Hawthorne,2019-09-18,4.449999999999999,40.736389,-111.872222
Hawthorne,2019-09-19,4.6708335000000005,40.736389,-111.872222
Hawthorne,2019-09-20,3.016667,40.736389,-111.872222
Hawthorne,2019-09-21,3.314583,40.736389,-111.872222
Hawthorne,2019-09-22,2.935417,40.736389,-111.872222
Hawthorne,2019-09-23,3.5104165,40.736389,-111.872222
Hawthorne,2019-09-24,3.964583,40.736389,-111.872222
Hawthorne,2019-09-25,3.2729165,40.736389,-111.872222
Hawthorne,2019-09-26,4.2708335,40.736389,-111.872222
Hawthorne,2019-09-27,5.112500000000001,40.736389,-111.872222
Hawthorne,2019-09-28,3.0062499999999996,40.736389,-111.872222
Hawthorne,2019-09-29,3.445833,40.736389,-111.872222
Hawthorne,2019-09-30,4.71875,40.736389,-111.872222
Hawthorne,2019-10-01,4.96875,40.736389,-111.872222
Hawthorne,2019-10-02,4.470833,40.736389,-111.872222
Hawthorne,2019-10-03,6.13125,40.736389,-111.872222
Hawthorne,2019-10-04,5.1,40.736389,-111.872222
Hawthorne,2019-10-05,3.6229164999999997,40.736389,-111.872222
Hawthorne,2019-10-06,4.01875,40.736389,-111.872222
Hawthorne,2019-10-07,6.164402,40.736389,-111.872222
Hawthorne,2019-10-08,6.122916999999999,40.736389,-111.872222
Hawthorne,2019-10-09,3.4312500000000004,40.736389,-111.872222
Hawthorne,2019-10-10,3.179167,40.736389,-111.872222
Hawthorne,2019-10-11,4.9125,40.736389,-111.872222
Hawthorne,2019-10-12,7.1895834999999995,40.736389,-111.872222
Hawthorne,2019-10-13,6.40625,40.736389,-111.872222
Hawthorne,2019-10-14,6.7166665000000005,40.736389,-111.872222
Hawthorne,2019-10-15,7.80625,40.736389,-111.872222
Hawthorne,2019-10-16,7.6041665,40.736389,-111.872222
Hawthorne,2019-10-17,7.8375,40.736389,-111.872222
Hawthorne,2019-10-18,3.8979165,40.736389,-111.872222
Hawthorne,2019-10-19,2.6458335,40.736389,-111.872222
Hawthorne,2019-10-20,2.4041665,40.736389,-111.872222
Hawthorne,2019-10-21,2.691667,40.736389,-111.872222
Hawthorne,2019-10-22,3.14375,40.736389,-111.872222
Hawthorne,2019-10-23,3.0229165,40.736389,-111.872222
Hawthorne,2019-10-24,3.7958334999999996,40.736389,-111.872222
Hawthorne,2019-10-25,6.047917,40.736389,-111.872222
Hawthorne,2019-10-26,4.860417,40.736389,-111.872222
Hawthorne,2019-10-27,2.5520835,40.736389,-111.872222
Hawthorne,2019-10-28,2.3187499999999996,40.736389,-111.872222
Hawthorne,2019-10-29,2.1791665,40.736389,-111.872222
Hawthorne,2019-10-30,3.04375,40.736389,-111.872222
Hawthorne,2019-10-31,7.7708335,40.736389,-111.872222
Hawthorne,2019-11-01,11.3895835,40.736389,-111.872222
Hawthorne,2019-11-02,11.0583335,40.736389,-111.872222
Hawthorne,2019-11-03,16.627264500000003,40.736389,-111.872222
Hawthorne,2019-11-04,13.0791665,40.736389,-111.872222
Hawthorne,2019-11-05,8.7490945,40.736389,-111.872222
Hawthorne,2019-11-06,7.752174,40.736389,-111.872222
Hawthorne,2019-11-07,13.8652175,40.736389,-111.872222
Hawthorne,2019-11-08,18.006629,40.736389,-111.872222
Hawthorne,2019-11-09,11.872917000000001,40.736389,-111.872222
Hawthorne,2019-11-10,10.875,40.736389,-111.872222
Hawthorne,2019-11-11,5.160417,40.736389,-111.872222
Hawthorne,2019-11-12,8.0583335,40.736389,-111.872222
Hawthorne,2019-11-13,8.175,40.736389,-111.872222
Hawthorne,2019-11-14,9.075,40.736389,-111.872222
Hawthorne,2019-11-15,14.450189,40.736389,-111.872222
Hawthorne,2019-11-16,7.7770835,40.736389,-111.872222
Hawthorne,2019-11-17,5.9833335000000005,40.736389,-111.872222
Hawthorne,2019-11-18,7.95,40.736389,-111.872222
Hawthorne,2019-11-19,13.1125,40.736389,-111.872222
Hawthorne,2019-11-20,10.1395835,40.736389,-111.872222
Hawthorne,2019-11-21,1.3958335000000002,40.736389,-111.872222
Hawthorne,2019-11-22,8.3020835,40.736389,-111.872222
Hawthorne,2019-11-23,4.925,40.736389,-111.872222
Hawthorne,2019-11-24,10.533332999999999,40.736389,-111.872222
Hawthorne,2019-11-25,6.139583,40.736389,-111.872222
Hawthorne,2019-11-26,4.3145835,40.736389,-111.872222
Hawthorne,2019-11-27,4.5375,40.736389,-111.872222
Hawthorne,2019-11-28,6.2229165,40.736389,-111.872222
Hawthorne,2019-11-29,3.8041665,40.736389,-111.872222
Hawthorne,2019-11-30,4.38125,40.736389,-111.872222
Hawthorne,2019-12-01,7.9645835,40.736389,-111.872222
Hawthorne,2019-12-02,24.6260865,40.736389,-111.872222
Hawthorne,2019-12-03,34.3291665,40.736389,-111.872222
Hawthorne,2019-12-04,43.48125,40.736389,-111.872222
Hawthorne,2019-12-05,32.787499999999994,40.736389,-111.872222
Hawthorne,2019-12-06,21.74375,40.736389,-111.872222
Hawthorne,2019-12-07,8.585416500000001,40.736389,-111.872222
Hawthorne,2019-12-08,6.1916665,40.736389,-111.872222
Hawthorne,2019-12-09,5.566667,40.736389,-111.872222
Hawthorne,2019-12-10,8.072917,40.736389,-111.872222
Hawthorne,2019-12-11,11.477083499999999,40.736389,-111.872222
Hawthorne,2019-12-12,6.158333,40.736389,-111.872222
Hawthorne,2019-12-13,2.6312499999999996,40.736389,-111.872222
Hawthorne,2019-12-14,2.8520835,40.736389,-111.872222
Hawthorne,2019-12-15,3.6791665,40.736389,-111.872222
Hawthorne,2019-12-16,3.254167,40.736389,-111.872222
Hawthorne,2019-12-17,7.7125,40.736389,-111.872222
Hawthorne,2019-12-18,13.447916500000002,40.736389,-111.872222
Hawthorne,2019-12-19,27.6375,40.736389,-111.872222
Hawthorne,2019-12-20,18.15625,40.736389,-111.872222
Hawthorne,2019-12-21,24.347916499999997,40.736389,-111.872222
Hawthorne,2019-12-22,2.379167,40.736389,-111.872222
Hawthorne,2019-12-23,3.2479165,40.736389,-111.872222
Hawthorne,2019-12-24,3.1354165,40.736389,-111.872222
Hawthorne,2019-12-25,5.897917,40.736389,-111.872222
Hawthorne,2019-12-26,6.291667,40.736389,-111.872222
Hawthorne,2019-12-27,6.820833,40.736389,-111.872222
Hawthorne,2019-12-28,2.76875,40.736389,-111.872222
Hawthorne,2019-12-29,4.114583,40.736389,-111.872222
Hawthorne,2019-12-30,11.08125,40.736389,-111.872222
Hawthorne,2019-12-31,10.1354165,40.736389,-111.872222
Hawthorne,2020-01-01,8.425,40.736389,-111.872222
Hawthorne,2020-01-02,3.5375,40.736389,-111.872222
Hawthorne,2020-01-03,5.0583335,40.736389,-111.872222
Hawthorne,2020-01-04,8.0354165,40.736389,-111.872222
Hawthorne,2020-01-05,8.741666500000001,40.736389,-111.872222
Hawthorne,2020-01-06,4.8770834999999995,40.736389,-111.872222
Hawthorne,2020-01-07,5.333333,40.736389,-111.872222
Hawthorne,2020-01-08,5.7895835,40.736389,-111.872222
Hawthorne,2020-01-09,6.597917,40.736389,-111.872222
Hawthorne,2020-01-10,2.4291669999999996,40.736389,-111.872222
Hawthorne,2020-01-11,4.514583,40.736389,-111.872222
Hawthorne,2020-01-12,3.7875,40.736389,-111.872222
Hawthorne,2020-01-13,2.2270835,40.736389,-111.872222
Hawthorne,2020-01-14,2.370833,40.736389,-111.872222
Hawthorne,2020-01-15,5.427083,40.736389,-111.872222
Hawthorne,2020-01-16,4.9104165,40.736389,-111.872222
Hawthorne,2020-01-17,3.2645834999999996,40.736389,-111.872222
Hawthorne,2020-01-18,5.525,40.736389,-111.872222
Hawthorne,2020-01-19,9.0375,40.736389,-111.872222
Hawthorne,2020-01-20,27.685417,40.736389,-111.872222
Hawthorne,2020-01-21,16.5708335,40.736389,-111.872222
Hawthorne,2020-01-22,7.660417,40.736389,-111.872222
Hawthorne,2020-01-23,7.897917,40.736389,-111.872222
Hawthorne,2020-01-24,8.908333500000001,40.736389,-111.872222
Hawthorne,2020-01-25,16.5270835,40.736389,-111.872222
Hawthorne,2020-01-26,11.524999999999999,40.736389,-111.872222
Hawthorne,2020-01-27,2.825,40.736389,-111.872222
Hawthorne,2020-01-28,3.254167,40.736389,-111.872222
Hawthorne,2020-01-29,3.4541665000000004,40.736389,-111.872222
Hawthorne,2020-01-30,5.020833,40.736389,-111.872222
Hawthorne,2020-01-31,7.4,40.736389,-111.872222
Hawthorne,2020-02-01,8.1125,40.736389,-111.872222
Hawthorne,2020-02-02,4.0916665000000005,40.736389,-111.872222
Hawthorne,2020-02-03,1.983333,40.736389,-111.872222
Hawthorne,2020-02-04,2.6104165,40.736389,-111.872222
Hawthorne,2020-02-05,5.6708335000000005,40.736389,-111.872222
Hawthorne,2020-02-06,8.5916665,40.736389,-111.872222
Hawthorne,2020-02-07,7.30625,40.736389,-111.872222
Hawthorne,2020-02-08,3.0583335,40.736389,-111.872222
Hawthorne,2020-02-09,3.25,40.736389,-111.872222
Hawthorne,2020-02-10,4.5145835000000005,40.736389,-111.872222
Hawthorne,2020-02-11,5.0270835,40.736389,-111.872222
Hawthorne,2020-02-12,7.6520835,40.736389,-111.872222
Hawthorne,2020-02-13,5.8708335,40.736389,-111.872222
Hawthorne,2020-02-14,4.1,40.736389,-111.872222
Hawthorne,2020-02-15,5.4104165,40.736389,-111.872222
Hawthorne,2020-02-16,6.741667,40.736389,-111.872222
Hawthorne,2020-02-17,2.1645835,40.736389,-111.872222
Hawthorne,2020-02-18,3.9375,40.736389,-111.872222
Hawthorne,2020-02-19,6.4645835,40.736389,-111.872222
Hawthorne,2020-02-20,6.15625,40.736389,-111.872222
Hawthorne,2020-02-21,14.195833,40.736389,-111.872222
Hawthorne,2020-02-22,17.935417,40.736389,-111.872222
Hawthorne,2020-02-23,8.15625,40.736389,-111.872222
Hawthorne,2020-02-24,2.2625,40.736389,-111.872222
Hawthorne,2020-02-25,2.1375,40.736389,-111.872222
Hawthorne,2020-02-26,3.6895835000000003,40.736389,-111.872222
Hawthorne,2020-02-27,5.714582999999999,40.736389,-111.872222
Hawthorne,2020-02-28,5.05625,40.736389,-111.872222
Hawthorne,2020-02-29,2.479167,40.736389,-111.872222
Hawthorne,2020-03-01,3.8270835,40.736389,-111.872222
Hawthorne,2020-03-02,2.7916665,40.736389,-111.872222
Hawthorne,2020-03-03,4.3458334999999995,40.736389,-111.872222
Hawthorne,2020-03-04,4.858333,40.736389,-111.872222
Hawthorne,2020-03-05,3.225,40.736389,-111.872222
Hawthorne,2020-03-06,3.6041665000000003,40.736389,-111.872222
Hawthorne,2020-03-07,6.8916664999999995,40.736389,-111.872222
Hawthorne,2020-03-08,4.5958335,40.736389,-111.872222
Hawthorne,2020-03-09,3.70625,40.736389,-111.872222
Hawthorne,2020-03-10,4.5083335,40.736389,-111.872222
Hawthorne,2020-03-11,4.3854165,40.736389,-111.872222
Hawthorne,2020-03-12,5.6729164999999995,40.736389,-111.872222
Hawthorne,2020-03-13,5.1541665000000005,40.736389,-111.872222
Hawthorne,2020-03-14,1.65,40.736389,-111.872222
Hawthorne,2020-03-15,1.8916665,40.736389,-111.872222
Hawthorne,2020-03-16,2.4958335,40.736389,-111.872222
Hawthorne,2020-03-17,2.825,40.736389,-111.872222
Hawthorne,2020-03-18,3.2708335,40.736389,-111.872222
Hawthorne,2020-03-19,4.3125,40.736389,-111.872222
Hawthorne,2020-03-20,3.03125,40.736389,-111.872222
Hawthorne,2020-03-21,1.9145835,40.736389,-111.872222
Hawthorne,2020-03-22,2.6958330000000004,40.736389,-111.872222
Hawthorne,2020-03-23,2.29375,40.736389,-111.872222
Hawthorne,2020-03-24,1.8895835,40.736389,-111.872222
Hawthorne,2020-03-25,3.216667,40.736389,-111.872222
Hawthorne,2020-03-26,2.804167,40.736389,-111.872222
Hawthorne,2020-03-27,3.3770835,40.736389,-111.872222
Hawthorne,2020-03-28,4.3958335,40.736389,-111.872222
Hawthorne,2020-03-29,3.03125,40.736389,-111.872222
Hawthorne,2020-03-30,2.9208334999999996,40.736389,-111.872222
Hawthorne,2020-03-31,2.129167,40.736389,-111.872222
Hawthorne,2020-04-01,3.6479165,40.736389,-111.872222
Hawthorne,2020-04-02,1.93125,40.736389,-111.872222
Hawthorne,2020-04-03,2.05,40.736389,-111.872222
Hawthorne,2020-04-04,4.691667000000001,40.736389,-111.872222
Hawthorne,2020-04-05,4.78125,40.736389,-111.872222
Hawthorne,2020-04-06,4.53125,40.736389,-111.872222
Hawthorne,2020-04-07,4.1145835,40.736389,-111.872222
Hawthorne,2020-04-08,3.8708335000000003,40.736389,-111.872222
Hawthorne,2020-04-09,3.616667,40.736389,-111.872222
Hawthorne,2020-04-10,2.9708335,40.736389,-111.872222
Hawthorne,2020-04-11,3.122917,40.736389,-111.872222
Hawthorne,2020-04-12,2.316667,40.736389,-111.872222
Hawthorne,2020-04-13,3.4354169999999997,40.736389,-111.872222
Hawthorne,2020-04-14,3.9770835,40.736389,-111.872222
Hawthorne,2020-04-15,2.8333329999999997,40.736389,-111.872222
Hawthorne,2020-04-16,2.3812499999999996,40.736389,-111.872222
Hawthorne,2020-04-17,4.0541665,40.736389,-111.872222
Hawthorne,2020-04-18,6.0729165,40.736389,-111.872222
Hawthorne,2020-04-19,3.6937499999999996,40.736389,-111.872222
Hawthorne,2020-04-20,4.56875,40.736389,-111.872222
Hawthorne,2020-04-21,4.8604164999999995,40.736389,-111.872222
Hawthorne,2020-04-22,3.4666665,40.736389,-111.872222
Hawthorne,2020-04-23,2.5979165,40.736389,-111.872222
Hawthorne,2020-04-24,2.4125,40.736389,-111.872222
Hawthorne,2020-04-25,3.3375000000000004,40.736389,-111.872222
Hawthorne,2020-04-26,3.43125,40.736389,-111.872222
Hawthorne,2020-04-27,4.9729165,40.736389,-111.872222
Hawthorne,2020-04-28,4.2229165,40.736389,-111.872222
Hawthorne,2020-04-29,3.8625,40.736389,-111.872222
Hawthorne,2020-04-30,4.8645835,40.736389,-111.872222
Hawthorne,2020-05-01,7.1375,40.736389,-111.872222
Hawthorne,2020-05-02,5.225,40.736389,-111.872222
Hawthorne,2020-05-03,4.4479165,40.736389,-111.872222
Hawthorne,2020-05-04,3.075,40.736389,-111.872222
Hawthorne,2020-05-05,3.925,40.736389,-111.872222
Hawthorne,2020-05-06,7.45,40.736389,-111.872222
Hawthorne,2020-05-07,3.81875,40.736389,-111.872222
Hawthorne,2020-05-08,3.90625,40.736389,-111.872222
Hawthorne,2020-05-09,4.3625,40.736389,-111.872222
Hawthorne,2020-05-10,5.764583,40.736389,-111.872222
Hawthorne,2020-05-11,6.7895835,40.736389,-111.872222
Hawthorne,2020-05-12,6.8979165,40.736389,-111.872222
Hawthorne,2020-05-13,5.0791665,40.736389,-111.872222
Hawthorne,2020-05-14,4.1708335000000005,40.736389,-111.872222
Hawthorne,2020-05-15,2.98125,40.736389,-111.872222
Hawthorne,2020-05-16,4.0604165000000005,40.736389,-111.872222
Hawthorne,2020-05-17,6.947917,40.736389,-111.872222
Hawthorne,2020-05-18,7.5354165,40.736389,-111.872222
Hawthorne,2020-05-19,10.6625,40.736389,-111.872222
Hawthorne,2020-05-20,6.729167,40.736389,-111.872222
Hawthorne,2020-05-21,3.497917,40.736389,-111.872222
Hawthorne,2020-05-22,5.2935685,40.736389,-111.872222
Hawthorne,2020-05-23,3.0416665,40.736389,-111.872222
Hawthorne,2020-05-24,2.6624999999999996,40.736389,-111.872222
Hawthorne,2020-05-25,2.489583,40.736389,-111.872222
Hawthorne,2020-05-26,3.3333335,40.736389,-111.872222
Hawthorne,2020-05-27,4.3854165,40.736389,-111.872222
Hawthorne,2020-05-28,4.854167,40.736389,-111.872222
Hawthorne,2020-05-29,5.668749999999999,40.736389,-111.872222
Hawthorne,2020-05-30,5.439583000000001,40.736389,-111.872222
Hawthorne,2020-05-31,5.5166665,40.736389,-111.872222
Hawthorne,2020-06-01,4.8640155,40.736389,-111.872222
Hawthorne,2020-06-02,6.5,40.736389,-111.872222
Hawthorne,2020-06-03,5.4895835,40.736389,-111.872222
Hawthorne,2020-06-04,6.1666665,40.736389,-111.872222
Hawthorne,2020-06-05,7.231249999999999,40.736389,-111.872222
Hawthorne,2020-06-06,6.4791665,40.736389,-111.872222
Hawthorne,2020-06-07,5.2166665000000005,40.736389,-111.872222
Hawthorne,2020-06-08,3.11875,40.736389,-111.872222
Hawthorne,2020-06-09,3.1979165,40.736389,-111.872222
Hawthorne,2020-06-10,4.966667,40.736389,-111.872222
Hawthorne,2020-06-11,4.05625,40.736389,-111.872222
Hawthorne,2020-06-12,6.0416665,40.736389,-111.872222
Hawthorne,2020-06-13,6.324999999999999,40.736389,-111.872222
Hawthorne,2020-06-14,8.366666500000001,40.736389,-111.872222
Hawthorne,2020-06-15,6.325,40.736389,-111.872222
Hawthorne,2020-06-16,6.183332999999999,40.736389,-111.872222
Hawthorne,2020-06-17,3.03125,40.736389,-111.872222
Hawthorne,2020-06-18,2.6458335,40.736389,-111.872222
Hawthorne,2020-06-19,4.283333,40.736389,-111.872222
Hawthorne,2020-06-20,4.1854165000000005,40.736389,-111.872222
Hawthorne,2020-06-21,6.9854164999999995,40.736389,-111.872222
Hawthorne,2020-06-22,5.6625,40.736389,-111.872222
Hawthorne,2020-06-23,5.93125,40.736389,-111.872222
Hawthorne,2020-06-24,7.8229165,40.736389,-111.872222
Hawthorne,2020-06-25,7.7208334999999995,40.736389,-111.872222
Hawthorne,2020-06-26,8.917481500000001,40.736389,-111.872222
Hawthorne,2020-06-27,5.5041665,40.736389,-111.872222
Hawthorne,2020-06-28,9.4833335,40.736389,-111.872222
Hawthorne,2020-06-29,3.8354165,40.736389,-111.872222
Hawthorne,2020-06-30,4.3083335,40.736389,-111.872222
Hawthorne,2020-07-01,6.9875,40.736389,-111.872222
Hawthorne,2020-07-02,7.045833,40.736389,-111.872222
Hawthorne,2020-07-03,5.9625,40.736389,-111.872222
Hawthorne,2020-07-04,7.645833,40.736389,-111.872222
Hawthorne,2020-07-05,10.1,40.736389,-111.872222
Hawthorne,2020-07-06,7.870833,40.736389,-111.872222
Hawthorne,2020-07-07,8.166667,40.736389,-111.872222
Hawthorne,2020-07-08,9.929167,40.736389,-111.872222
Hawthorne,2020-07-09,10.091667,40.736389,-111.872222
Hawthorne,2020-07-10,7.908333,40.736389,-111.872222
Hawthorne,2020-07-11,9.029167,40.736389,-111.872222
Hawthorne,2020-07-12,6.720833,40.736389,-111.872222
Hawthorne,2020-07-13,7.75,40.736389,-111.872222
Hawthorne,2020-07-14,5.641176,40.736389,-111.872222
Hawthorne,2020-07-15,6.0875,40.736389,-111.872222
Hawthorne,2020-07-16,6.1625,40.736389,-111.872222
Hawthorne,2020-07-17,6.116667,40.736389,-111.872222
Hawthorne,2020-07-18,1.541667,40.736389,-111.872222
Hawthorne,2020-07-19,2.216667,40.736389,-111.872222
Hawthorne,2020-07-20,4.979167,40.736389,-111.872222
Hawthorne,2020-07-21,8.716667,40.736389,-111.872222
Hawthorne,2020-07-22,7.025,40.736389,-111.872222
Hawthorne,2020-07-23,5.270833,40.736389,-111.872222
Hawthorne,2020-07-24,10.125,40.736389,-111.872222
Hawthorne,2020-07-25,5.520833,40.736389,-111.872222
Hawthorne,2020-07-26,6.0,40.736389,-111.872222
Hawthorne,2020-07-27,7.7375,40.736389,-111.872222
Hawthorne,2020-07-28,5.983333,40.736389,-111.872222
Hawthorne,2020-07-29,7.979167,40.736389,-111.872222
Hawthorne,2020-07-30,7.55,40.736389,-111.872222
Hawthorne,2020-07-31,7.733333,40.736389,-111.872222
Hawthorne,2020-08-01,1.791667,40.736389,-111.872222
Hawthorne,2020-08-02,1.831818,40.736389,-111.872222
Hawthorne,2020-08-03,3.770833,40.736389,-111.872222
Hawthorne,2020-08-04,7.4263889999999995,40.736389,-111.872222
Hawthorne,2020-08-05,8.258333499999999,40.736389,-111.872222
Hawthorne,2020-08-06,7.012499999999999,40.736389,-111.872222
Hawthorne,2020-08-07,6.227083,40.736389,-111.872222
Hawthorne,2020-08-08,5.2208334999999995,40.736389,-111.872222
Hawthorne,2020-08-09,6.81875,40.736389,-111.872222
Hawthorne,2020-08-10,6.779166999999999,40.736389,-111.872222
Hawthorne,2020-08-11,7.358333,40.736389,-111.872222
Hawthorne,2020-08-12,9.733333,40.736389,-111.872222
Hawthorne,2020-08-13,12.358333,40.736389,-111.872222
Hawthorne,2020-08-14,9.585417,40.736389,-111.872222
Hawthorne,2020-08-15,7.4583335,40.736389,-111.872222
Hawthorne,2020-08-16,5.1458335,40.736389,-111.872222
Hawthorne,2020-08-17,8.75625,40.736389,-111.872222
Hawthorne,2020-08-18,8.2050725,40.736389,-111.872222
Hawthorne,2020-08-19,13.4375,40.736389,-111.872222
Hawthorne,2020-08-20,17.566667,40.736389,-111.872222
Hawthorne,2020-08-21,44.285417,40.736389,-111.872222
Hawthorne,2020-08-22,28.7354165,40.736389,-111.872222
Hawthorne,2020-08-23,16.16875,40.736389,-111.872222
Hawthorne,2020-08-24,16.61875,40.736389,-111.872222
Hawthorne,2020-08-25,13.7854165,40.736389,-111.872222
Hawthorne,2020-08-26,11.66875,40.736389,-111.872222
Hawthorne,2020-08-27,10.375,40.736389,-111.872222
Hawthorne,2020-08-28,11.7625,40.736389,-111.872222
Hawthorne,2020-08-29,10.9541665,40.736389,-111.872222
Hawthorne,2020-08-30,12.570833,40.736389,-111.872222
Hawthorne,2020-08-31,4.7895835,40.736389,-111.872222
Hawthorne,2020-09-01,3.1770835,40.736389,-111.872222
Hawthorne,2020-09-02,3.2562499999999996,40.736389,-111.872222
Hawthorne,2020-09-03,7.660417000000001,40.736389,-111.872222
Hawthorne,2020-09-04,8.2708335,40.736389,-111.872222
Hawthorne,2020-09-05,7.4708334999999995,40.736389,-111.872222
Hawthorne,2020-09-06,25.166666499999998,40.736389,-111.872222
Hawthorne,2020-09-07,28.11875,40.736389,-111.872222
Hawthorne,2020-09-08,1.3079835,40.736389,-111.872222
Hawthorne,2020-09-09,1.39375,40.736389,-111.872222
Hawthorne,2020-09-10,7.6666665,40.736389,-111.872222
Hawthorne,2020-09-11,8.741667,40.736389,-111.872222
Hawthorne,2020-09-12,15.0354165,40.736389,-111.872222
Hawthorne,2020-09-13,10.71875,40.736389,-111.872222
Hawthorne,2020-09-14,7.2354164999999995,40.736389,-111.872222
Hawthorne,2020-09-15,8.622916499999999,40.736389,-111.872222
Hawthorne,2020-09-16,9.7354165,40.736389,-111.872222
Hawthorne,2020-09-17,11.7645835,40.736389,-111.872222
Hawthorne,2020-09-18,16.075,40.736389,-111.872222
Hawthorne,2020-09-19,23.4416665,40.736389,-111.872222
Hawthorne,2020-09-20,18.0458335,40.736389,-111.872222
Hawthorne,2020-09-21,19.84375,40.736389,-111.872222
Hawthorne,2020-09-22,9.564583,40.736389,-111.872222
Hawthorne,2020-09-23,13.85,40.736389,-111.872222
Hawthorne,2020-09-24,16.720833499999998,40.736389,-111.872222
Hawthorne,2020-09-25,19.270833500000002,40.736389,-111.872222
Hawthorne,2020-09-26,9.225000000000001,40.736389,-111.872222
Hawthorne,2020-09-27,3.54375,40.736389,-111.872222
Hawthorne,2020-09-28,4.875,40.736389,-111.872222
Hawthorne,2020-09-29,4.839583,40.736389,-111.872222
Hawthorne,2020-09-30,6.30625,40.736389,-111.872222
Hawthorne,2020-10-01,6.88125,40.736389,-111.872222
Hawthorne,2020-10-02,9.464583000000001,40.736389,-111.872222
Hawthorne,2020-10-03,18.03125,40.736389,-111.872222
Hawthorne,2020-10-04,24.927083500000002,40.736389,-111.872222
Hawthorne,2020-10-05,18.325000000000003,40.736389,-111.872222
Hawthorne,2020-10-06,27.302083500000002,40.736389,-111.872222
Hawthorne,2020-10-07,28.1020835,40.736389,-111.872222
Hawthorne,2020-10-08,13.722916999999999,40.736389,-111.872222
Hawthorne,2020-10-09,9.8708335,40.736389,-111.872222
Hawthorne,2020-10-10,8.777083000000001,40.736389,-111.872222
Hawthorne,2020-10-11,3.360417,40.736389,-111.872222
Hawthorne,2020-10-12,3.5416670000000003,40.736389,-111.872222
Hawthorne,2020-10-13,5.3208335,40.736389,-111.872222
Hawthorne,2020-10-14,6.05625,40.736389,-111.872222
Hawthorne,2020-10-15,4.820833,40.736389,-111.872222
Hawthorne,2020-10-16,5.045833,40.736389,-111.872222
Hawthorne,2020-10-17,5.6854165000000005,40.736389,-111.872222
Hawthorne,2020-10-18,3.4583329999999997,40.736389,-111.872222
Hawthorne,2020-10-19,5.1520835,40.736389,-111.872222
Hawthorne,2020-10-20,3.6395835,40.736389,-111.872222
Hawthorne,2020-10-21,5.2333335000000005,40.736389,-111.872222
Hawthorne,2020-10-22,4.738315,40.736389,-111.872222
Hawthorne,2020-10-23,7.3625,40.736389,-111.872222
Hawthorne,2020-10-24,9.2645835,40.736389,-111.872222
Hawthorne,2020-10-25,4.272917,40.736389,-111.872222
Hawthorne,2020-10-26,6.5645834999999995,40.736389,-111.872222
Hawthorne,2020-10-27,11.6666665,40.736389,-111.872222
Hawthorne,2020-10-28,10.21875,40.736389,-111.872222
Hawthorne,2020-10-29,10.945833499999999,40.736389,-111.872222
Hawthorne,2020-10-30,6.0,40.736389,-111.872222
Hawthorne,2020-10-31,8.81875,40.736389,-111.872222
Hawthorne,2020-11-01,11.0625,40.736389,-111.872222
Hawthorne,2020-11-02,11.289583499999999,40.736389,-111.872222
Hawthorne,2020-11-03,14.8291665,40.736389,-111.872222
Hawthorne,2020-11-04,8.772916500000001,40.736389,-111.872222
Hawthorne,2020-11-05,10.502083500000001,40.736389,-111.872222
Hawthorne,2020-11-06,7.64375,40.736389,-111.872222
Hawthorne,2020-11-07,4.7625,40.736389,-111.872222
Hawthorne,2020-11-08,3.7395835,40.736389,-111.872222
Hawthorne,2020-11-09,4.7666665,40.736389,-111.872222
Hawthorne,2020-11-10,4.63125,40.736389,-111.872222
Hawthorne,2020-11-11,4.047917,40.736389,-111.872222
Hawthorne,2020-11-12,3.058333,40.736389,-111.872222
Hawthorne,2020-11-13,3.6770829999999997,40.736389,-111.872222
Hawthorne,2020-11-14,1.7208335,40.736389,-111.872222
Hawthorne,2020-11-15,4.8145834999999995,40.736389,-111.872222
Hawthorne,2020-11-16,9.639583,40.736389,-111.872222
Hawthorne,2020-11-17,2.411051,40.736389,-111.872222
Hawthorne,2020-11-18,6.895833,40.736389,-111.872222
Hawthorne,2020-11-19,3.3062500000000004,40.736389,-111.872222
Hawthorne,2020-11-20,6.1375,40.736389,-111.872222
Hawthorne,2020-11-21,7.0541665,40.736389,-111.872222
Hawthorne,2020-11-22,9.04375,40.736389,-111.872222
Hawthorne,2020-11-23,14.454167,40.736389,-111.872222
Hawthorne,2020-11-24,6.9583335,40.736389,-111.872222
Hawthorne,2020-11-25,5.3863225,40.736389,-111.872222
Hawthorne,2020-11-26,2.5208335,40.736389,-111.872222
Hawthorne,2020-11-27,4.972917,40.736389,-111.872222
Hawthorne,2020-11-28,10.102083499999999,40.736389,-111.872222
Hawthorne,2020-11-29,11.7625,40.736389,-111.872222
Hawthorne,2020-11-30,15.741369,40.736389,-111.872222
Hawthorne,2020-12-01,5.6,40.736389,-111.872222
Hawthorne,2020-12-02,2.7645835,40.736389,-111.872222
Hawthorne,2020-12-03,3.3791665,40.736389,-111.872222
Hawthorne,2020-12-04,15.610417000000002,40.736389,-111.872222
Hawthorne,2020-12-05,20.675,40.736389,-111.872222
Hawthorne,2020-12-06,21.760416499999998,40.736389,-111.872222
Hawthorne,2020-12-07,27.135416499999998,40.736389,-111.872222
Hawthorne,2020-12-08,24.2854165,40.736389,-111.872222
Hawthorne,2020-12-09,24.654167,40.736389,-111.872222
Hawthorne,2020-12-10,28.6104165,40.736389,-111.872222
Hawthorne,2020-12-11,13.693750000000001,40.736389,-111.872222
Hawthorne,2020-12-12,4.6645835,40.736389,-111.872222
Hawthorne,2020-12-13,4.8,40.736389,-111.872222
Hawthorne,2020-12-14,6.7166665000000005,40.736389,-111.872222
Hawthorne,2020-12-15,6.8563405,40.736389,-111.872222
Hawthorne,2020-12-16,7.31875,40.736389,-111.872222
Hawthorne,2020-12-17,3.6354170000000003,40.736389,-111.872222
Hawthorne,2020-12-18,6.291576,40.736389,-111.872222
Hawthorne,2020-12-19,6.575,40.736389,-111.872222
Hawthorne,2020-12-20,8.49375,40.736389,-111.872222
Hawthorne,2020-12-21,8.93125,40.736389,-111.872222
Hawthorne,2020-12-22,2.225,40.736389,-111.872222
Hawthorne,2020-12-23,1.6354170000000001,40.736389,-111.872222
Hawthorne,2020-12-24,5.79375,40.736389,-111.872222
Hawthorne,2020-12-25,14.002083500000001,40.736389,-111.872222
Hawthorne,2020-12-26,20.6729165,40.736389,-111.872222
Hawthorne,2020-12-27,11.4645835,40.736389,-111.872222
Hawthorne,2020-12-28,3.825,40.736389,-111.872222
Hawthorne,2020-12-29,6.9666665,40.736389,-111.872222
Hawthorne,2020-12-30,10.2,40.736389,-111.872222
Hawthorne,2020-12-31,13.98125,40.736389,-111.872222
Hawthorne,2021-01-01,15.4625,40.736389,-111.872222
Hawthorne,2021-01-02,8.241666500000001,40.736389,-111.872222
Hawthorne,2021-01-03,8.5270835,40.736389,-111.872222
Hawthorne,2021-01-04,9.635417,40.736389,-111.872222
Hawthorne,2021-01-05,3.14375,40.736389,-111.872222
Hawthorne,2021-01-06,5.2854165,40.736389,-111.872222
Hawthorne,2021-01-07,10.627082999999999,40.736389,-111.872222
Hawthorne,2021-01-08,12.847917,40.736389,-111.872222
Hawthorne,2021-01-09,11.977083499999999,40.736389,-111.872222
Hawthorne,2021-01-10,8.816666999999999,40.736389,-111.872222
Hawthorne,2021-01-11,16.5645835,40.736389,-111.872222
Hawthorne,2021-01-12,24.145833500000002,40.736389,-111.872222
Hawthorne,2021-01-13,17.9375,40.736389,-111.872222
Hawthorne,2021-01-14,2.5145834999999996,40.736389,-111.872222
Hawthorne,2021-01-15,5.870833,40.736389,-111.872222
Hawthorne,2021-01-16,12.670833,40.736389,-111.872222
Hawthorne,2021-01-17,13.00625,40.736389,-111.872222
Hawthorne,2021-01-18,9.2375,40.736389,-111.872222
Hawthorne,2021-01-19,2.1854164999999997,40.736389,-111.872222
Hawthorne,2021-01-20,8.412500000000001,40.736389,-111.872222
Hawthorne,2021-01-21,16.152082999999998,40.736389,-111.872222
Hawthorne,2021-01-22,11.381250000000001,40.736389,-111.872222
Hawthorne,2021-01-23,3.2729165,40.736389,-111.872222
Hawthorne,2021-01-24,5.320833,40.736389,-111.872222
Hawthorne,2021-01-25,9.36875,40.736389,-111.872222
Hawthorne,2021-01-26,5.1625,40.736389,-111.872222
Hawthorne,2021-01-27,1.29375,40.736389,-111.872222
Hawthorne,2021-01-28,1.7625000000000002,40.736389,-111.872222
Hawthorne,2021-01-29,2.2916665,40.736389,-111.872222
Hawthorne,2021-01-30,1.8979169999999999,40.736389,-111.872222
Hawthorne,2021-01-31,4.3958335,40.736389,-111.872222
Hawthorne,2021-02-01,11.475,40.736389,-111.872222
Hawthorne,2021-02-02,12.4125,40.736389,-111.872222
Hawthorne,2021-02-03,2.3854165,40.736389,-111.872222
Hawthorne,2021-02-04,4.56875,40.736389,-111.872222
Hawthorne,2021-02-05,7.760417,40.736389,-111.872222
Hawthorne,2021-02-06,7.85625,40.736389,-111.872222
Hawthorne,2021-02-07,7.1395835000000005,40.736389,-111.872222
Hawthorne,2021-02-08,6.1916665,40.736389,-111.872222
Hawthorne,2021-02-09,6.983333,40.736389,-111.872222
Hawthorne,2021-02-10,4.09375,40.736389,-111.872222
Hawthorne,2021-02-11,3.7354165,40.736389,-111.872222
Hawthorne,2021-02-12,1.9452655,40.736389,-111.872222
Hawthorne,2021-02-13,2.0354165,40.736389,-111.872222
Hawthorne,2021-02-14,4.2125,40.736389,-111.872222
Hawthorne,2021-02-15,2.552083,40.736389,-111.872222
Hawthorne,2021-02-16,1.1395835,40.736389,-111.872222
Hawthorne,2021-02-17,1.4104165,40.736389,-111.872222
Hawthorne,2021-02-18,2.8958335,40.736389,-111.872222
Hawthorne,2021-02-19,3.9875,40.736389,-111.872222
Hawthorne,2021-02-20,1.460417,40.736389,-111.872222
Hawthorne,2021-02-21,1.533333,40.736389,-111.872222
Hawthorne,2021-02-22,6.2683795,40.736389,-111.872222
Hawthorne,2021-02-23,4.8916664999999995,40.736389,-111.872222
Hawthorne,2021-02-24,3.3895835,40.736389,-111.872222
Hawthorne,2021-02-25,3.4729165,40.736389,-111.872222
Hawthorne,2021-02-26,2.627083,40.736389,-111.872222
Hawthorne,2021-02-27,2.14375,40.736389,-111.872222
Hawthorne,2021-02-28,3.425,40.736389,-111.872222
Hawthorne,2021-03-01,5.6458335,40.736389,-111.872222
Hawthorne,2021-03-02,8.775,40.736389,-111.872222
Hawthorne,2021-03-03,6.7416665,40.736389,-111.872222
Hawthorne,2021-03-04,5.897917,40.736389,-111.872222
Hawthorne,2021-03-05,5.1708335000000005,40.736389,-111.872222
Hawthorne,2021-03-06,8.00625,40.736389,-111.872222
Hawthorne,2021-03-07,9.2541665,40.736389,-111.872222
Hawthorne,2021-03-08,6.1833335,40.736389,-111.872222
Hawthorne,2021-03-09,6.052083,40.736389,-111.872222
Hawthorne,2021-03-10,4.9791665,40.736389,-111.872222
Hawthorne,2021-03-11,3.7874999999999996,40.736389,-111.872222
Hawthorne,2021-03-12,3.183333,40.736389,-111.872222
Hawthorne,2021-03-13,5.2020835000000005,40.736389,-111.872222
Hawthorne,2021-03-14,3.1875,40.736389,-111.872222
Hawthorne,2021-03-15,2.8770835,40.736389,-111.872222
Hawthorne,2021-03-16,4.01875,40.736389,-111.872222
Hawthorne,2021-03-17,6.425,40.736389,-111.872222
Hawthorne,2021-03-18,4.027082999999999,40.736389,-111.872222
Hawthorne,2021-03-19,3.1916665,40.736389,-111.872222
Hawthorne,2021-03-20,3.51875,40.736389,-111.872222
Hawthorne,2021-03-21,1.327083,40.736389,-111.872222
Hawthorne,2021-03-22,4.904167,40.736389,-111.872222
Hawthorne,2021-03-23,3.9354164999999997,40.736389,-111.872222
Hawthorne,2021-03-24,1.837047,40.736389,-111.872222
Hawthorne,2021-03-25,2.91875,40.736389,-111.872222
Hawthorne,2021-03-26,3.052083,40.736389,-111.872222
Hawthorne,2021-03-27,3.18125,40.736389,-111.872222
Hawthorne,2021-03-28,4.581250000000001,40.736389,-111.872222
Hawthorne,2021-03-29,8.5645835,40.736389,-111.872222
Hawthorne,2021-03-30,2.8062500000000004,40.736389,-111.872222
Hawthorne,2021-03-31,6.025,40.736389,-111.872222
Hawthorne,2021-04-01,9.556249999999999,40.736389,-111.872222
Hawthorne,2021-04-02,7.93125,40.736389,-111.872222
Hawthorne,2021-04-03,7.75,40.736389,-111.872222
Hawthorne,2021-04-04,5.2625,40.736389,-111.872222
Hawthorne,2021-04-05,7.920833,40.736389,-111.872222
Hawthorne,2021-04-06,2.6708335,40.736389,-111.872222
Hawthorne,2021-04-07,4.0125,40.736389,-111.872222
Hawthorne,2021-04-08,5.44375,40.736389,-111.872222
Hawthorne,2021-04-09,3.6875,40.736389,-111.872222
Hawthorne,2021-04-10,6.0354165,40.736389,-111.872222
Hawthorne,2021-04-11,5.8541665,40.736389,-111.872222
Hawthorne,2021-04-12,4.59375,40.736389,-111.872222
Hawthorne,2021-04-13,2.7875,40.736389,-111.872222
Hawthorne,2021-04-14,3.0250000000000004,40.736389,-111.872222
Hawthorne,2021-04-15,4.86875,40.736389,-111.872222
Hawthorne,2021-04-16,1.8083334999999998,40.736389,-111.872222
Hawthorne,2021-04-17,2.616667,40.736389,-111.872222
Hawthorne,2021-04-18,3.9166670000000003,40.736389,-111.872222
Hawthorne,2021-04-19,5.1708335,40.736389,-111.872222
Hawthorne,2021-04-20,3.9065214999999998,40.736389,-111.872222
Hawthorne,2021-04-21,3.0291665,40.736389,-111.872222
Hawthorne,2021-04-22,4.625,40.736389,-111.872222
Hawthorne,2021-04-23,4.9354165,40.736389,-111.872222
Hawthorne,2021-04-24,6.683332999999999,40.736389,-111.872222
Hawthorne,2021-04-25,5.0145835000000005,40.736389,-111.872222
Hawthorne,2021-04-26,1.839583,40.736389,-111.872222
Hawthorne,2021-04-27,3.1854165,40.736389,-111.872222
Hawthorne,2021-04-28,5.1,40.736389,-111.872222
Hawthorne,2021-04-29,5.0520835,40.736389,-111.872222
Hawthorne,2021-04-30,5.0520835,40.736389,-111.872222
Hawthorne,2021-05-01,4.7395835,40.736389,-111.872222
Hawthorne,2021-05-02,4.5104165,40.736389,-111.872222
Hawthorne,2021-05-03,1.4208335,40.736389,-111.872222
Hawthorne,2021-05-04,3.6833335,40.736389,-111.872222
Hawthorne,2021-05-05,4.75625,40.736389,-111.872222
Hawthorne,2021-05-06,6.558333,40.736389,-111.872222
Hawthorne,2021-05-07,8.0354165,40.736389,-111.872222
Hawthorne,2021-05-08,3.270833,40.736389,-111.872222
Hawthorne,2021-05-09,3.2541665,40.736389,-111.872222
Hawthorne,2021-05-10,3.910417,40.736389,-111.872222
Hawthorne,2021-05-11,3.0979165,40.736389,-111.872222
Hawthorne,2021-05-12,5.74375,40.736389,-111.872222
Hawthorne,2021-05-13,6.1208335,40.736389,-111.872222
Hawthorne,2021-05-14,6.927767,40.736389,-111.872222
Hawthorne,2021-05-15,6.824999999999999,40.736389,-111.872222
Hawthorne,2021-05-16,5.239583,40.736389,-111.872222
Hawthorne,2021-05-17,3.6583335,40.736389,-111.872222
Hawthorne,2021-05-18,5.59375,40.736389,-111.872222
Hawthorne,2021-05-19,8.3791665,40.736389,-111.872222
Hawthorne,2021-05-20,11.197917,40.736389,-111.872222
Hawthorne,2021-05-21,10.9020835,40.736389,-111.872222
Hawthorne,2021-05-22,8.1458335,40.736389,-111.872222
Hawthorne,2021-05-23,3.4375,40.736389,-111.872222
Hawthorne,2021-05-24,2.041667,40.736389,-111.872222
Hawthorne,2021-05-25,2.7458329999999997,40.736389,-111.872222
Hawthorne,2021-05-26,2.9166665,40.736389,-111.872222
Hawthorne,2021-05-27,3.8375,40.736389,-111.872222
Hawthorne,2021-05-28,6.275,40.736389,-111.872222
Hawthorne,2021-05-29,6.6958335,40.736389,-111.872222
Hawthorne,2021-05-30,4.1166665,40.736389,-111.872222
Hawthorne,2021-05-31,4.8041665,40.736389,-111.872222
Hawthorne,2021-06-01,5.8625,40.736389,-111.872222
Hawthorne,2021-06-02,6.0,40.736389,-111.872222
Hawthorne,2021-06-03,8.710416500000001,40.736389,-111.872222
Hawthorne,2021-06-04,8.8166665,40.736389,-111.872222
Hawthorne,2021-06-05,6.331250000000001,40.736389,-111.872222
Hawthorne,2021-06-06,14.6895835,40.736389,-111.872222
Hawthorne,2021-06-07,13.8854165,40.736389,-111.872222
Hawthorne,2021-06-08,7.6541665000000005,40.736389,-111.872222
Hawthorne,2021-06-09,6.643750000000001,40.736389,-111.872222
Hawthorne,2021-06-10,11.625,40.736389,-111.872222
Hawthorne,2021-06-11,4.60625,40.736389,-111.872222
Hawthorne,2021-06-12,8.3416665,40.736389,-111.872222
Hawthorne,2021-06-13,8.864583,40.736389,-111.872222
Hawthorne,2021-06-14,6.8529165,40.736389,-111.872222
Hawthorne,2021-06-15,12.602723999999998,40.736389,-111.872222
Hawthorne,2021-06-16,14.28125,40.736389,-111.872222
Hawthorne,2021-06-17,13.16875,40.736389,-111.872222
Hawthorne,2021-06-18,12.3645835,40.736389,-111.872222
Hawthorne,2021-06-19,11.7395835,40.736389,-111.872222
Hawthorne,2021-06-20,6.63125,40.736389,-111.872222
Hawthorne,2021-06-21,6.141667,40.736389,-111.872222
Hawthorne,2021-06-22,9.689583500000001,40.736389,-111.872222
Hawthorne,2021-06-23,9.904167000000001,40.736389,-111.872222
Hawthorne,2021-06-24,9.80625,40.736389,-111.872222
Hawthorne,2021-06-25,6.0,40.736389,-111.872222
Hawthorne,2021-06-26,2.125,40.736389,-111.872222
Hawthorne,2021-06-27,1.0291665,40.736389,-111.872222
Hawthorne,2021-06-28,3.1208335,40.736389,-111.872222
Hawthorne,2021-06-29,4.2020835000000005,40.736389,-111.872222
Hawthorne,2021-06-30,3.3270835,40.736389,-111.872222
Hawthorne,2021-07-01,5.616214,40.736389,-111.872222
Hawthorne,2021-07-02,6.81875,40.736389,-111.872222
Hawthorne,2021-07-03,8.477083499999999,40.736389,-111.872222
Hawthorne,2021-07-04,9.9125,40.736389,-111.872222
Hawthorne,2021-07-05,6.7395835,40.736389,-111.872222
Hawthorne,2021-07-06,8.8958335,40.736389,-111.872222
Hawthorne,2021-07-07,7.914583,40.736389,-111.872222
Hawthorne,2021-07-08,10.1395835,40.736389,-111.872222
Hawthorne,2021-07-09,14.55,40.736389,-111.872222
Hawthorne,2021-07-10,18.13125,40.736389,-111.872222
Hawthorne,2021-07-11,27.5229165,40.736389,-111.872222
Hawthorne,2021-07-12,23.5708335,40.736389,-111.872222
Hawthorne,2021-07-13,13.08125,40.736389,-111.872222
Hawthorne,2021-07-14,7.8166665,40.736389,-111.872222
Hawthorne,2021-07-15,10.3333335,40.736389,-111.872222
Hawthorne,2021-07-16,10.7833335,40.736389,-111.872222
Hawthorne,2021-07-17,10.00625,40.736389,-111.872222
Hawthorne,2021-07-18,10.7291665,40.736389,-111.872222
Hawthorne,2021-07-19,8.2875,40.736389,-111.872222
Hawthorne,2021-07-20,6.308332999999999,40.736389,-111.872222
Hawthorne,2021-07-21,8.841667000000001,40.736389,-111.872222
Hawthorne,2021-07-22,7.0852355,40.736389,-111.872222
Hawthorne,2021-07-23,8.082609,40.736389,-111.872222
Hawthorne,2021-07-24,22.737499999999997,40.736389,-111.872222
Hawthorne,2021-07-25,31.525,40.736389,-111.872222
Hawthorne,2021-07-26,21.0166665,40.736389,-111.872222
Hawthorne,2021-07-27,5.283333000000001,40.736389,-111.872222
Hawthorne,2021-07-28,5.418749999999999,40.736389,-111.872222
Hawthorne,2021-07-29,7.4375,40.736389,-111.872222
Hawthorne,2021-07-30,5.7020835000000005,40.736389,-111.872222
Hawthorne,2021-07-31,5.972917000000001,40.736389,-111.872222
Hawthorne,2021-08-01,5.566667,40.736389,-111.872222
Hawthorne,2021-08-02,5.71875,40.736389,-111.872222
Hawthorne,2021-08-03,12.725,40.736389,-111.872222
Hawthorne,2021-08-04,22.0479165,40.736389,-111.872222
Hawthorne,2021-08-05,14.654166499999999,40.736389,-111.872222
Hawthorne,2021-08-06,48.5145835,40.736389,-111.872222
Hawthorne,2021-08-07,44.79375,40.736389,-111.872222
Hawthorne,2021-08-08,42.685417,40.736389,-111.872222
Hawthorne,2021-08-09,30.525,40.736389,-111.872222
Hawthorne,2021-08-10,28.4604165,40.736389,-111.872222
Hawthorne,2021-08-11,9.806249999999999,40.736389,-111.872222
Hawthorne,2021-08-12,8.9,40.736389,-111.872222
Hawthorne,2021-08-13,9.522916500000001,40.736389,-111.872222
Hawthorne,2021-08-14,15.1729165,40.736389,-111.872222
Hawthorne,2021-08-15,46.349999999999994,40.736389,-111.872222
Hawthorne,2021-08-16,40.316667,40.736389,-111.872222
Hawthorne,2021-08-17,26.55625,40.736389,-111.872222
Hawthorne,2021-08-18,46.1875,40.736389,-111.872222
Hawthorne,2021-08-19,36.760417000000004,40.736389,-111.872222
Hawthorne,2021-08-20,18.034585,40.736389,-111.872222
Hawthorne,2021-08-21,11.458333499999998,40.736389,-111.872222
Hawthorne,2021-08-22,10.114583,40.736389,-111.872222
Hawthorne,2021-08-23,5.1583334999999995,40.736389,-111.872222
Hawthorne,2021-08-24,10.854167,40.736389,-111.872222
Hawthorne,2021-08-25,10.1833335,40.736389,-111.872222
Hawthorne,2021-08-26,20.479166499999998,40.736389,-111.872222
Hawthorne,2021-08-27,31.927083500000002,40.736389,-111.872222
Hawthorne,2021-08-28,25.1520835,40.736389,-111.872222
Hawthorne,2021-08-29,24.6583335,40.736389,-111.872222
Hawthorne,2021-08-30,22.7729165,40.736389,-111.872222
Hawthorne,2021-08-31,13.8,40.736389,-111.872222
Hawthorne,2021-09-01,9.9854165,40.736389,-111.872222
Hawthorne,2021-09-02,12.2958335,40.736389,-111.872222
Hawthorne,2021-09-03,17.591666500000002,40.736389,-111.872222
Hawthorne,2021-09-04,18.172916999999998,40.736389,-111.872222
Hawthorne,2021-09-05,9.8375,40.736389,-111.872222
Hawthorne,2021-09-06,13.278598500000001,40.736389,-111.872222
Hawthorne,2021-09-07,24.924999999999997,40.736389,-111.872222
Hawthorne,2021-09-08,21.302083500000002,40.736389,-111.872222
Hawthorne,2021-09-09,17.316667000000002,40.736389,-111.872222
Hawthorne,2021-09-10,10.73125,40.736389,-111.872222
Hawthorne,2021-09-11,12.056249999999999,40.736389,-111.872222
Hawthorne,2021-09-12,6.3020835,40.736389,-111.872222
Hawthorne,2021-09-13,6.33125,40.736389,-111.872222
Hawthorne,2021-09-14,14.568749999999998,40.736389,-111.872222
Hawthorne,2021-09-15,12.477083499999999,40.736389,-111.872222
Hawthorne,2021-09-16,11.7041665,40.736389,-111.872222
Hawthorne,2021-09-17,14.275,40.736389,-111.872222
Hawthorne,2021-09-18,4.9916665,40.736389,-111.872222
Hawthorne,2021-09-19,5.0541665,40.736389,-111.872222
Hawthorne,2021-09-20,3.17875,40.736389,-111.872222
Hawthorne,2021-09-21,3.5673915000000003,40.736389,-111.872222
Hawthorne,2021-09-22,6.3895835,40.736389,-111.872222
Hawthorne,2021-09-23,10.0729165,40.736389,-111.872222
Hawthorne,2021-09-24,10.942234500000001,40.736389,-111.872222
Hawthorne,2021-09-25,9.835416500000001,40.736389,-111.872222
Hawthorne,2021-09-26,8.439583500000001,40.736389,-111.872222
Hawthorne,2021-09-27,12.9333335,40.736389,-111.872222
Hawthorne,2021-09-28,8.5166665,40.736389,-111.872222
Hawthorne,2021-09-29,2.6312499999999996,40.736389,-111.872222
Hawthorne,2021-09-30,6.945833,40.736389,-111.872222
Hawthorne,2021-10-01,8.0125,40.736389,-111.872222
Hawthorne,2021-10-02,7.0645835,40.736389,-111.872222
Hawthorne,2021-10-03,7.475,40.736389,-111.872222
Hawthorne,2021-10-04,6.70625,40.736389,-111.872222
Hawthorne,2021-10-05,7.4083334999999995,40.736389,-111.872222
Hawthorne,2021-10-06,3.8583335,40.736389,-111.872222
Hawthorne,2021-10-07,7.141667,40.736389,-111.872222
Hawthorne,2021-10-08,5.160417000000001,40.736389,-111.872222
Hawthorne,2021-10-09,5.7958335,40.736389,-111.872222
Hawthorne,2021-10-10,9.41875,40.736389,-111.872222
Hawthorne,2021-10-11,5.164583,40.736389,-111.872222
Hawthorne,2021-10-12,1.5833335000000002,40.736389,-111.872222
Hawthorne,2021-10-13,4.472917,40.736389,-111.872222
Hawthorne,2021-10-14,3.4729165,40.736389,-111.872222
Hawthorne,2021-10-15,5.7583335,40.736389,-111.872222
Hawthorne,2021-10-16,8.80625,40.736389,-111.872222
Hawthorne,2021-10-17,4.1666665,40.736389,-111.872222
Hawthorne,2021-10-18,4.2625,40.736389,-111.872222
Hawthorne,2021-10-19,4.3291664999999995,40.736389,-111.872222
Hawthorne,2021-10-20,5.439583,40.736389,-111.872222
Hawthorne,2021-10-21,8.4057065,40.736389,-111.872222
Hawthorne,2021-10-22,4.820833,40.736389,-111.872222
Hawthorne,2021-10-23,5.4041665000000005,40.736389,-111.872222
Hawthorne,2021-10-24,7.49375,40.736389,-111.872222
Hawthorne,2021-10-25,2.8979169999999996,40.736389,-111.872222
Hawthorne,2021-10-26,3.04375,40.736389,-111.872222
Hawthorne,2021-10-27,4.55,40.736389,-111.872222
Hawthorne,2021-10-28,6.097917000000001,40.736389,-111.872222
Hawthorne,2021-10-29,7.8333335,40.736389,-111.872222
Hawthorne,2021-10-30,12.0,40.736389,-111.872222
Hawthorne,2021-10-31,13.2541665,40.736389,-111.872222
Hawthorne,2021-11-01,11.8270835,40.736389,-111.872222
Hawthorne,2021-11-02,5.4666665000000005,40.736389,-111.872222
Hawthorne,2021-11-03,4.8895835000000005,40.736389,-111.872222
Hawthorne,2021-11-04,8.175,40.736389,-111.872222
Hawthorne,2021-11-05,11.689582999999999,40.736389,-111.872222
Hawthorne,2021-11-06,3.98125,40.736389,-111.872222
Hawthorne,2021-11-07,3.3020835,40.736389,-111.872222
Hawthorne,2021-11-08,8.6586955,40.736389,-111.872222
Hawthorne,2021-11-09,9.3125,40.736389,-111.872222
Hawthorne,2021-11-10,6.0229165,40.736389,-111.872222
Hawthorne,2021-11-11,8.681249999999999,40.736389,-111.872222
Hawthorne,2021-11-12,7.66875,40.736389,-111.872222
Hawthorne,2021-11-13,6.2458335,40.736389,-111.872222
Hawthorne,2021-11-14,5.237500000000001,40.736389,-111.872222
Hawthorne,2021-11-15,5.3854165,40.736389,-111.872222
Hawthorne,2021-11-16,2.4833335,40.736389,-111.872222
Hawthorne,2021-11-17,2.966667,40.736389,-111.872222
Hawthorne,2021-11-18,7.233333,40.736389,-111.872222
Hawthorne,2021-11-19,16.14375,40.736389,-111.872222
Hawthorne,2021-11-20,11.579167,40.736389,-111.872222
Hawthorne,2021-11-21,5.8375,40.736389,-111.872222
Hawthorne,2021-11-22,11.9104165,40.736389,-111.872222
Hawthorne,2021-11-23,12.0791665,40.736389,-111.872222
Hawthorne,2021-11-24,2.2,40.736389,-111.872222
Hawthorne,2021-11-25,7.6520835,40.736389,-111.872222
Hawthorne,2021-11-26,11.25,40.736389,-111.872222
Hawthorne,2021-11-27,16.4208335,40.736389,-111.872222
Hawthorne,2021-11-28,14.735417000000002,40.736389,-111.872222
Hawthorne,2021-11-29,16.33125,40.736389,-111.872222
Hawthorne,2021-11-30,19.227083,40.736389,-111.872222
Hawthorne,2021-12-01,15.804166500000001,40.736389,-111.872222
Hawthorne,2021-12-02,15.506250000000001,40.736389,-111.872222
Hawthorne,2021-12-03,21.471739499999998,40.736389,-111.872222
Hawthorne,2021-12-04,14.3854165,40.736389,-111.872222
Hawthorne,2021-12-05,7.3958335,40.736389,-111.872222
Hawthorne,2021-12-06,9.818750000000001,40.736389,-111.872222
Hawthorne,2021-12-07,13.5979165,40.736389,-111.872222
Hawthorne,2021-12-08,4.5042575,40.736389,-111.872222
Hawthorne,2021-12-09,4.3625,40.736389,-111.872222
Hawthorne,2021-12-10,4.4729165,40.736389,-111.872222
Hawthorne,2021-12-11,5.0395835,40.736389,-111.872222
Hawthorne,2021-12-12,3.1854165,40.736389,-111.872222
Hawthorne,2021-12-13,2.9681819999999997,40.736389,-111.872222
Hawthorne,2021-12-14,2.5958335000000003,40.736389,-111.872222
Hawthorne,2021-12-15,2.5708335,40.736389,-111.872222
Hawthorne,2021-12-16,3.3666669999999996,40.736389,-111.872222
Hawthorne,2021-12-17,7.6020835,40.736389,-111.872222
Hawthorne,2021-12-18,6.85,40.736389,-111.872222
Hawthorne,2021-12-19,19.916666499999998,40.736389,-111.872222
Hawthorne,2021-12-20,38.9125,40.736389,-111.872222
Hawthorne,2021-12-21,39.0145835,40.736389,-111.872222
Hawthorne,2021-12-22,45.958332999999996,40.736389,-111.872222
Hawthorne,2021-12-23,7.1041665,40.736389,-111.872222
Hawthorne,2021-12-24,1.075,40.736389,-111.872222
Hawthorne,2021-12-25,1.0458335,40.736389,-111.872222
Hawthorne,2021-12-26,1.8062500000000001,40.736389,-111.872222
Hawthorne,2021-12-27,2.0604164999999997,40.736389,-111.872222
Hawthorne,2021-12-28,2.075,40.736389,-111.872222
Hawthorne,2021-12-29,6.025,40.736389,-111.872222
Hawthorne,2021-12-30,1.145833,40.736389,-111.872222
Hawthorne,2021-12-31,3.83125,40.736389,-111.872222
Hawthorne,2022-01-01,5.983333,40.736389,-111.872222
Hawthorne,2022-01-02,7.3604165,40.736389,-111.872222
Hawthorne,2022-01-03,14.61875,40.736389,-111.872222
Hawthorne,2022-01-04,6.3520835,40.736389,-111.872222
Hawthorne,2022-01-05,8.277083000000001,40.736389,-111.872222
Hawthorne,2022-01-06,8.647916500000001,40.736389,-111.872222
Hawthorne,2022-01-07,4.56875,40.736389,-111.872222
Hawthorne,2022-01-08,2.1937499999999996,40.736389,-111.872222
Hawthorne,2022-01-09,4.9854165,40.736389,-111.872222
Hawthorne,2022-01-10,11.90625,40.736389,-111.872222
Hawthorne,2022-01-11,27.857246500000002,40.736389,-111.872222
Hawthorne,2022-01-12,25.558333500000003,40.736389,-111.872222
Hawthorne,2022-01-13,29.94375,40.736389,-111.872222
Hawthorne,2022-01-14,26.520833500000002,40.736389,-111.872222
Hawthorne,2022-01-15,19.6708335,40.736389,-111.872222
Hawthorne,2022-01-16,22.94375,40.736389,-111.872222
Hawthorne,2022-01-17,30.9354165,40.736389,-111.872222
Hawthorne,2022-01-18,40.7854165,40.736389,-111.872222
Hawthorne,2022-01-19,31.18125,40.736389,-111.872222
Hawthorne,2022-01-20,16.4708335,40.736389,-111.872222
Hawthorne,2022-01-21,8.575,40.736389,-111.872222
Hawthorne,2022-01-22,7.4,40.736389,-111.872222
Hawthorne,2022-01-23,12.7229165,40.736389,-111.872222
Hawthorne,2022-01-24,17.764583000000002,40.736389,-111.872222
Hawthorne,2022-01-25,11.2375905,40.736389,-111.872222
Hawthorne,2022-01-26,5.6166665,40.736389,-111.872222
Hawthorne,2022-01-27,8.0333335,40.736389,-111.872222
Hawthorne,2022-01-28,13.3395835,40.736389,-111.872222
Hawthorne,2022-01-29,18.6104165,40.736389,-111.872222
Hawthorne,2022-01-30,24.731250000000003,40.736389,-111.872222
Hawthorne,2022-01-31,16.3833335,40.736389,-111.872222
Hawthorne,2022-02-01,1.88125,40.736389,-111.872222
Hawthorne,2022-02-02,2.964583,40.736389,-111.872222
Hawthorne,2022-02-03,6.1041665,40.736389,-111.872222
Hawthorne,2022-02-04,13.45,40.736389,-111.872222
Hawthorne,2022-02-05,10.816666999999999,40.736389,-111.872222
Hawthorne,2022-02-06,10.383333499999999,40.736389,-111.872222
Hawthorne,2022-02-07,11.182609,40.736389,-111.872222
Hawthorne,2022-02-08,15.654167000000001,40.736389,-111.872222
Hawthorne,2022-02-09,15.272916500000001,40.736389,-111.872222
Hawthorne,2022-02-10,9.5979165,40.736389,-111.872222
Hawthorne,2022-02-11,7.729167,40.736389,-111.872222
Hawthorne,2022-02-12,9.914583499999999,40.736389,-111.872222
Hawthorne,2022-02-13,9.164583499999999,40.736389,-111.872222
Hawthorne,2022-02-14,5.54375,40.736389,-111.872222
Hawthorne,2022-02-15,4.895833,40.736389,-111.872222
Hawthorne,2022-02-16,4.2875,40.736389,-111.872222
Hawthorne,2022-02-17,5.1895834999999995,40.736389,-111.872222
Hawthorne,2022-02-18,5.9708334999999995,40.736389,-111.872222
Hawthorne,2022-02-19,5.09375,40.736389,-111.872222
Hawthorne,2022-02-20,3.0062499999999996,40.736389,-111.872222
Hawthorne,2022-02-21,2.0375,40.736389,-111.872222
Hawthorne,2022-02-22,3.2354165000000004,40.736389,-111.872222
Hawthorne,2022-02-23,4.458144,40.736389,-111.872222
Hawthorne,2022-02-24,8.697917,40.736389,-111.872222
Hawthorne,2022-02-25,3.6625,40.736389,-111.872222
Hawthorne,2022-02-26,6.0,40.736389,-111.872222
Hawthorne,2022-02-27,11.783333,40.736389,-111.872222
Hawthorne,2022-02-28,15.289583499999999,40.736389,-111.872222
Hawthorne,2022-03-01,14.175,40.736389,-111.872222
Hawthorne,2022-03-02,14.025,40.736389,-111.872222
Hawthorne,2022-03-03,3.577083,40.736389,-111.872222
Hawthorne,2022-03-04,3.4208335,40.736389,-111.872222
Hawthorne,2022-03-05,5.5166664999999995,40.736389,-111.872222
Hawthorne,2022-03-06,4.2354164999999995,40.736389,-111.872222
Hawthorne,2022-03-07,4.704076,40.736389,-111.872222
Hawthorne,2022-03-08,4.052808,40.736389,-111.872222
Hawthorne,2022-03-09,4.0833335,40.736389,-111.872222
Hawthorne,2022-03-10,2.954167,40.736389,-111.872222
Hawthorne,2022-03-11,3.754167,40.736389,-111.872222
Hawthorne,2022-03-12,2.45,40.736389,-111.872222
Hawthorne,2022-03-13,2.7375,40.736389,-111.872222
Hawthorne,2022-03-14,4.69375,40.736389,-111.872222
Hawthorne,2022-03-15,4.8708335,40.736389,-111.872222
Hawthorne,2022-03-16,4.6833335,40.736389,-111.872222
Hawthorne,2022-03-17,4.6666665,40.736389,-111.872222
Hawthorne,2022-03-18,6.629167,40.736389,-111.872222
Hawthorne,2022-03-19,6.2625,40.736389,-111.872222
Hawthorne,2022-03-20,5.29375,40.736389,-111.872222
Hawthorne,2022-03-21,4.535417,40.736389,-111.872222
Hawthorne,2022-03-22,4.1333335,40.736389,-111.872222
Hawthorne,2022-03-23,4.1583335,40.736389,-111.872222
Hawthorne,2022-03-24,5.297917,40.736389,-111.872222
Hawthorne,2022-03-25,6.6875,40.736389,-111.872222
Hawthorne,2022-03-26,6.1104164999999995,40.736389,-111.872222
Hawthorne,2022-03-27,4.34375,40.736389,-111.872222
Hawthorne,2022-03-28,3.3166665,40.736389,-111.872222
Hawthorne,2022-03-29,7.6416665,40.736389,-111.872222
Hawthorne,2022-03-30,3.775,40.736389,-111.872222
Hawthorne,2022-03-31,4.1729164999999995,40.736389,-111.872222
Hawthorne,2022-04-01,5.393750000000001,40.736389,-111.872222
Hawthorne,2022-04-02,5.2875,40.736389,-111.872222
Hawthorne,2022-04-03,5.9583335,40.736389,-111.872222
Hawthorne,2022-04-04,5.5645835,40.736389,-111.872222
Hawthorne,2022-04-05,3.685417,40.736389,-111.872222
Hawthorne,2022-04-06,3.0125,40.736389,-111.872222
Hawthorne,2022-04-07,5.4979165000000005,40.736389,-111.872222
Hawthorne,2022-04-08,5.49375,40.736389,-111.872222
Hawthorne,2022-04-09,5.60625,40.736389,-111.872222
Hawthorne,2022-04-10,2.708333,40.736389,-111.872222
Hawthorne,2022-04-11,6.3913045,40.736389,-111.872222
Hawthorne,2022-04-12,2.8604165,40.736389,-111.872222
Hawthorne,2022-04-13,3.516667,40.736389,-111.872222
Hawthorne,2022-04-14,5.2333335000000005,40.736389,-111.872222
Hawthorne,2022-04-15,4.5333334999999995,40.736389,-111.872222
Hawthorne,2022-04-16,7.2041664999999995,40.736389,-111.872222
Hawthorne,2022-04-17,5.0770835,40.736389,-111.872222
Hawthorne,2022-04-18,9.616667,40.736389,-111.872222
Hawthorne,2022-04-19,12.93125,40.736389,-111.872222
Hawthorne,2022-04-20,4.5104165,40.736389,-111.872222
Hawthorne,2022-04-21,18.322917,40.736389,-111.872222
Hawthorne,2022-04-22,5.85,40.736389,-111.872222
Hawthorne,2022-04-23,3.8208335,40.736389,-111.872222
Hawthorne,2022-04-24,3.5229165,40.736389,-111.872222
Hawthorne,2022-04-25,4.5375,40.736389,-111.872222
Hawthorne,2022-04-26,8.435417000000001,40.736389,-111.872222
Hawthorne,2022-04-27,10.3229165,40.736389,-111.872222
Hawthorne,2022-04-28,10.04375,40.736389,-111.872222
Hawthorne,2022-04-29,4.3583335,40.736389,-111.872222
Hawthorne,2022-04-30,4.8395835,40.736389,-111.872222
Hawthorne,2022-05-01,4.2916665,40.736389,-111.872222
Hawthorne,2022-05-02,5.9125,40.736389,-111.872222
Hawthorne,2022-05-03,2.0855075,40.736389,-111.872222
Hawthorne,2022-05-04,4.48125,40.736389,-111.872222
Hawthorne,2022-05-05,4.729167,40.736389,-111.872222
Hawthorne,2022-05-06,11.69375,40.736389,-111.872222
Hawthorne,2022-05-07,20.5625,40.736389,-111.872222
Hawthorne,2022-05-08,5.3166665,40.736389,-111.872222
Hawthorne,2022-05-09,4.2333335000000005,40.736389,-111.872222
Hawthorne,2022-05-10,4.870833,40.736389,-111.872222
Hawthorne,2022-05-11,6.2916665,40.736389,-111.872222
Hawthorne,2022-05-12,3.035417,40.736389,-111.872222
Hawthorne,2022-05-13,4.1166665,40.736389,-111.872222
Hawthorne,2022-05-14,4.020833,40.736389,-111.872222
Hawthorne,2022-05-15,5.375,40.736389,-111.872222
Hawthorne,2022-05-16,5.502083000000001,40.736389,-111.872222
Hawthorne,2022-05-17,4.383333,40.736389,-111.872222
Hawthorne,2022-05-18,4.9,40.736389,-111.872222
Hawthorne,2022-05-19,8.0375,40.736389,-111.872222
Hawthorne,2022-05-20,2.2458335,40.736389,-111.872222
Hawthorne,2022-05-21,2.504167,40.736389,-111.872222
Hawthorne,2022-05-22,3.45,40.736389,-111.872222
Hawthorne,2022-05-23,2.15,40.736389,-111.872222
Hawthorne,2022-05-24,3.7020834999999996,40.736389,-111.872222
Hawthorne,2022-05-25,4.91875,40.736389,-111.872222
Hawthorne,2022-05-26,5.262499999999999,40.736389,-111.872222
Hawthorne,2022-05-27,10.131250000000001,40.736389,-111.872222
Hawthorne,2022-05-28,5.3833335,40.736389,-111.872222
Hawthorne,2022-05-29,1.852083,40.736389,-111.872222
Hawthorne,2022-05-30,1.1645835,40.736389,-111.872222
Hawthorne,2022-05-31,1.65625,40.736389,-111.872222
Hawthorne,2022-06-01,1.958333,40.736389,-111.872222
Hawthorne,2022-06-02,4.3104165000000005,40.736389,-111.872222
Hawthorne,2022-06-03,4.9291665,40.736389,-111.872222
Hawthorne,2022-06-04,7.2458335,40.736389,-111.872222
Hawthorne,2022-06-05,5.237500000000001,40.736389,-111.872222
Hawthorne,2022-06-06,4.9304345000000005,40.736389,-111.872222
Hawthorne,2022-06-07,4.508333,40.736389,-111.872222
Hawthorne,2022-06-08,6.481249999999999,40.736389,-111.872222
Hawthorne,2022-06-09,7.972917,40.736389,-111.872222
Hawthorne,2022-06-10,8.4875,40.736389,-111.872222
Hawthorne,2022-06-11,7.5291665000000005,40.736389,-111.872222
Hawthorne,2022-06-12,13.583333499999998,40.736389,-111.872222
Hawthorne,2022-06-13,5.53125,40.736389,-111.872222
Hawthorne,2022-06-14,5.6104164999999995,40.736389,-111.872222
Hawthorne,2022-06-15,6.4458335,40.736389,-111.872222
Hawthorne,2022-06-16,4.74375,40.736389,-111.872222
Hawthorne,2022-06-17,16.9645835,40.736389,-111.872222
Hawthorne,2022-06-18,23.19375,40.736389,-111.872222
Hawthorne,2022-06-19,12.602083,40.736389,-111.872222
Hawthorne,2022-06-20,2.5666665,40.736389,-111.872222
Hawthorne,2022-06-21,3.4083335000000003,40.736389,-111.872222
Hawthorne,2022-06-22,5.68125,40.736389,-111.872222
Hawthorne,2022-06-23,10.710416500000001,40.736389,-111.872222
Hawthorne,2022-06-24,7.702083,40.736389,-111.872222
Hawthorne,2022-06-25,4.51875,40.736389,-111.872222
Hawthorne,2022-06-26,4.285417,40.736389,-111.872222
Hawthorne,2022-06-27,7.01875,40.736389,-111.872222
Hawthorne,2022-06-28,6.7458335,40.736389,-111.872222
Hawthorne,2022-06-29,8.502083500000001,40.736389,-111.872222
Hawthorne,2022-06-30,7.8458335,40.736389,-111.872222
Hawthorne,2022-07-01,4.65625,40.736389,-111.872222
Hawthorne,2022-07-02,4.0,40.736389,-111.872222
Hawthorne,2022-07-03,6.4604165,40.736389,-111.872222
Hawthorne,2022-07-04,6.6916665,40.736389,-111.872222
Hawthorne,2022-07-05,5.05625,40.736389,-111.872222
Hawthorne,2022-07-06,4.43125,40.736389,-111.872222
Hawthorne,2022-07-07,5.1333335,40.736389,-111.872222
Hawthorne,2022-07-08,5.082618999999999,40.736389,-111.872222
Hawthorne,2022-07-09,11.216667,40.736389,-111.872222
Hawthorne,2022-07-10,9.716667,40.736389,-111.872222
Hawthorne,2022-07-11,10.066667,40.736389,-111.872222
Hawthorne,2022-07-12,9.091667,40.736389,-111.872222
Hawthorne,2022-07-13,7.329167,40.736389,-111.872222
Hawthorne,2022-07-14,3.3,40.736389,-111.872222
Hawthorne,2022-07-15,7.020833,40.736389,-111.872222
Hawthorne,2022-07-16,5.1125,40.736389,-111.872222
Hawthorne,2022-07-17,9.295833,40.736389,-111.872222
Hawthorne,2022-07-18,7.658333,40.736389,-111.872222
Hawthorne,2022-07-19,9.516667,40.736389,-111.872222
Hawthorne,2022-07-20,7.154167,40.736389,-111.872222
Hawthorne,2022-07-21,6.166667,40.736389,-111.872222
Hawthorne,2022-07-22,7.695833,40.736389,-111.872222
Hawthorne,2022-07-23,7.208333,40.736389,-111.872222
Hawthorne,2022-07-24,6.483333,40.736389,-111.872222
Hawthorne,2022-07-25,7.1875,40.736389,-111.872222
Hawthorne,2022-07-26,7.016667,40.736389,-111.872222
Hawthorne,2022-07-27,3.8125,40.736389,-111.872222
Hawthorne,2022-07-28,5.754167,40.736389,-111.872222
Hawthorne,2022-07-29,3.113988,40.736389,-111.872222
Hawthorne,2022-07-30,5.345833000000001,40.736389,-111.872222
Hawthorne,2022-07-31,7.1354165,40.736389,-111.872222
Hawthorne,2022-08-01,4.7375905,40.736389,-111.872222
Hawthorne,2022-08-02,7.9520835000000005,40.736389,-111.872222
Hawthorne,2022-08-03,10.779167000000001,40.736389,-111.872222
Hawthorne,2022-08-04,9.056249999999999,40.736389,-111.872222
Hawthorne,2022-08-05,8.3770835,40.736389,-111.872222
Hawthorne,2022-08-06,8.0104165,40.736389,-111.872222
Hawthorne,2022-08-07,5.775,40.736389,-111.872222
Hawthorne,2022-08-08,6.516667,40.736389,-111.872222
Hawthorne,2022-08-09,6.7708335,40.736389,-111.872222
Hawthorne,2022-08-10,6.0270835,40.736389,-111.872222
Hawthorne,2022-08-11,6.404167,40.736389,-111.872222
Hawthorne,2022-08-12,6.3050725,40.736389,-111.872222
Hawthorne,2022-08-13,5.1875,40.736389,-111.872222
Hawthorne,2022-08-14,4.1166665,40.736389,-111.872222
Hawthorne,2022-08-15,4.6354165,40.736389,-111.872222
Hawthorne,2022-08-16,3.8458335,40.736389,-111.872222
Hawthorne,2022-08-17,5.44375,40.736389,-111.872222
Hawthorne,2022-08-18,6.9458335,40.736389,-111.872222
Hawthorne,2022-08-19,5.2333335000000005,40.736389,-111.872222
Hawthorne,2022-08-20,5.03125,40.736389,-111.872222
Hawthorne,2022-08-21,4.49375,40.736389,-111.872222
Hawthorne,2022-08-22,5.09375,40.736389,-111.872222
Hawthorne,2022-08-23,5.96875,40.736389,-111.872222
Hawthorne,2022-08-24,5.585417,40.736389,-111.872222
Hawthorne,2022-08-25,5.214583,40.736389,-111.872222
Hawthorne,2022-08-26,5.0020834999999995,40.736389,-111.872222
Hawthorne,2022-08-27,3.847917,40.736389,-111.872222
Hawthorne,2022-08-28,5.88125,40.736389,-111.872222
Hawthorne,2022-08-29,7.895833,40.736389,-111.872222
Hawthorne,2022-08-30,6.752083000000001,40.736389,-111.872222
Hawthorne,2022-08-31,6.835417,40.736389,-111.872222
Hawthorne,2022-09-01,5.95,40.736389,-111.872222
Hawthorne,2022-09-02,7.883333499999999,40.736389,-111.872222
Hawthorne,2022-09-03,5.327083,40.736389,-111.872222
Hawthorne,2022-09-04,6.25625,40.736389,-111.872222
Hawthorne,2022-09-05,6.050000000000001,40.736389,-111.872222
Hawthorne,2022-09-06,7.0729165,40.736389,-111.872222
Hawthorne,2022-09-07,8.12029,40.736389,-111.872222
Hawthorne,2022-09-08,11.539583,40.736389,-111.872222
Hawthorne,2022-09-09,28.45625,40.736389,-111.872222
Hawthorne,2022-09-10,27.9375,40.736389,-111.872222
Hawthorne,2022-09-11,24.525,40.736389,-111.872222
Hawthorne,2022-09-12,20.25625,40.736389,-111.872222
Hawthorne,2022-09-13,4.9854164999999995,40.736389,-111.872222
Hawthorne,2022-09-14,5.40625,40.736389,-111.872222
Hawthorne,2022-09-15,3.9000000000000004,40.736389,-111.872222
Hawthorne,2022-09-16,4.4354165,40.736389,-111.872222
Hawthorne,2022-09-17,10.695833,40.736389,-111.872222
Hawthorne,2022-09-18,5.3729165000000005,40.736389,-111.872222
Hawthorne,2022-09-19,3.014583,40.736389,-111.872222
Hawthorne,2022-09-20,4.3708335,40.736389,-111.872222
Hawthorne,2022-09-21,4.8395835,40.736389,-111.872222
Hawthorne,2022-09-22,4.6645835,40.736389,-111.872222
Hawthorne,2022-09-23,3.295833,40.736389,-111.872222
Hawthorne,2022-09-24,5.114583,40.736389,-111.872222
Hawthorne,2022-09-25,5.56875,40.736389,-111.872222
Hawthorne,2022-09-26,5.3666665,40.736389,-111.872222
Hawthorne,2022-09-27,5.389583,40.736389,-111.872222
Hawthorne,2022-09-28,5.1729165,40.736389,-111.872222
Hawthorne,2022-09-29,5.2895835,40.736389,-111.872222
Hawthorne,2022-09-30,4.4770835,40.736389,-111.872222
Hawthorne,2022-10-01,4.21875,40.736389,-111.872222
Hawthorne,2022-10-02,6.1020835,40.736389,-111.872222
Hawthorne,2022-10-03,5.262499999999999,40.736389,-111.872222
Hawthorne,2022-10-04,5.2403984999999995,40.736389,-111.872222
Hawthorne,2022-10-05,5.029167,40.736389,-111.872222
Hawthorne,2022-10-06,5.3333335,40.736389,-111.872222
Hawthorne,2022-10-07,6.36875,40.736389,-111.872222
Hawthorne,2022-10-08,6.102083,40.736389,-111.872222
Hawthorne,2022-10-09,6.1854165,40.736389,-111.872222
Hawthorne,2022-10-10,8.3875,40.736389,-111.872222
Hawthorne,2022-10-11,8.28125,40.736389,-111.872222
Hawthorne,2022-10-12,8.4111255,40.736389,-111.872222
Hawthorne,2022-10-13,7.9071075,40.736389,-111.872222
Hawthorne,2022-10-14,6.2291665,40.736389,-111.872222
Hawthorne,2022-10-15,6.0916665000000005,40.736389,-111.872222
Hawthorne,2022-10-16,3.76875,40.736389,-111.872222
Hawthorne,2022-10-17,5.5479165,40.736389,-111.872222
Hawthorne,2022-10-18,7.1625000000000005,40.736389,-111.872222
Hawthorne,2022-10-19,9.552083,40.736389,-111.872222
Hawthorne,2022-10-20,7.65,40.736389,-111.872222
Hawthorne,2022-10-21,7.6041665,40.736389,-111.872222
Hawthorne,2022-10-22,7.0833335,40.736389,-111.872222
Hawthorne,2022-10-23,2.6,40.736389,-111.872222
Hawthorne,2022-10-24,5.362500000000001,40.736389,-111.872222
Hawthorne,2022-10-25,3.86875,40.736389,-111.872222
Hawthorne,2022-10-26,5.5979165,40.736389,-111.872222
Hawthorne,2022-10-27,6.143750000000001,40.736389,-111.872222
Hawthorne,2022-10-28,12.135417,40.736389,-111.872222
Hawthorne,2022-10-29,12.5375,40.736389,-111.872222
Hawthorne,2022-10-30,9.710416500000001,40.736389,-111.872222
Hawthorne,2022-10-31,6.425,40.736389,-111.872222
Hawthorne,2022-11-01,3.325,40.736389,-111.872222
Hawthorne,2022-11-02,4.525,40.736389,-111.872222
Hawthorne,2022-11-03,4.845833,40.736389,-111.872222
Hawthorne,2022-11-04,4.5333335,40.736389,-111.872222
Hawthorne,2022-11-05,2.029167,40.736389,-111.872222
Hawthorne,2022-11-06,3.2625,40.736389,-111.872222
Hawthorne,2022-11-07,2.008333,40.736389,-111.872222
Hawthorne,2022-11-08,5.8916664999999995,40.736389,-111.872222
Hawthorne,2022-11-09,1.1958335,40.736389,-111.872222
Hawthorne,2022-11-10,2.8041665,40.736389,-111.872222
Hawthorne,2022-11-11,5.1395835000000005,40.736389,-111.872222
Hawthorne,2022-11-12,10.872916499999999,40.736389,-111.872222
Hawthorne,2022-11-13,10.185416499999999,40.736389,-111.872222
Hawthorne,2022-11-14,7.7125,40.736389,-111.872222
Hawthorne,2022-11-15,6.3604164999999995,40.736389,-111.872222
Hawthorne,2022-11-16,6.8458334999999995,40.736389,-111.872222
Hawthorne,2022-11-17,11.14375,40.736389,-111.872222
Hawthorne,2022-11-18,9.039583499999999,40.736389,-111.872222
Hawthorne,2022-11-19,8.7625,40.736389,-111.872222
Hawthorne,2022-11-20,17.552083500000002,40.736389,-111.872222
Hawthorne,2022-11-21,20.7041665,40.736389,-111.872222
Hawthorne,2022-11-22,24.5791665,40.736389,-111.872222
Hawthorne,2022-11-23,18.825000000000003,40.736389,-111.872222
Hawthorne,2022-11-24,9.53125,40.736389,-111.872222
Hawthorne,2022-11-25,12.40625,40.736389,-111.872222
Hawthorne,2022-11-26,16.512500000000003,40.736389,-111.872222
Hawthorne,2022-11-27,9.3270835,40.736389,-111.872222
Hawthorne,2022-11-28,4.3604164999999995,40.736389,-111.872222
Hawthorne,2022-11-29,3.0166665000000004,40.736389,-111.872222
Hawthorne,2022-11-30,5.45,40.736389,-111.872222
Hawthorne,2022-12-01,3.689583,40.736389,-111.872222
Hawthorne,2022-12-02,5.414583,40.736389,-111.872222
Hawthorne,2022-12-03,11.264583,40.736389,-111.872222
Hawthorne,2022-12-04,18.164583,40.736389,-111.872222
Hawthorne,2022-12-05,7.31875,40.736389,-111.872222
Hawthorne,2022-12-06,16.3833335,40.736389,-111.872222
Hawthorne,2022-12-07,19.9,40.736389,-111.872222
Hawthorne,2022-12-08,15.19375,40.736389,-111.872222
Hawthorne,2022-12-09,5.375,40.736389,-111.872222
Hawthorne,2022-12-10,4.9625,40.736389,-111.872222
Hawthorne,2022-12-11,1.45625,40.736389,-111.872222
Hawthorne,2022-12-12,2.6413045,40.736389,-111.872222
Hawthorne,2022-12-13,4.539583,40.736389,-111.872222
Hawthorne,2022-12-14,5.025,40.736389,-111.872222
Hawthorne,2022-12-15,6.9916665,40.736389,-111.872222
Hawthorne,2022-12-16,8.9270835,40.736389,-111.872222
Hawthorne,2022-12-17,12.325,40.736389,-111.872222
Hawthorne,2022-12-18,17.766666999999998,40.736389,-111.872222
Hawthorne,2022-12-19,26.3520835,40.736389,-111.872222
Hawthorne,2022-12-20,29.125,40.736389,-111.872222
Hawthorne,2022-12-21,7.4312499999999995,40.736389,-111.872222
Hawthorne,2022-12-22,4.345833,40.736389,-111.872222
Hawthorne,2022-12-23,16.704166999999998,40.736389,-111.872222
Hawthorne,2022-12-24,38.4375,40.736389,-111.872222
Hawthorne,2022-12-25,44.1520835,40.736389,-111.872222
Hawthorne,2022-12-26,19.0125,40.736389,-111.872222
Hawthorne,2022-12-27,2.1083334999999996,40.736389,-111.872222
Hawthorne,2022-12-28,2.566667,40.736389,-111.872222
Hawthorne,2022-12-29,1.847917,40.736389,-111.872222
Hawthorne,2022-12-30,1.9104165,40.736389,-111.872222
Hawthorne,2022-12-31,2.689583,40.736389,-111.872222
Hawthorne,2023-01-01,5.554167,40.736389,-111.872222
Hawthorne,2023-01-02,3.14375,40.736389,-111.872222
Hawthorne,2023-01-03,11.675,40.736389,-111.872222
Hawthorne,2023-01-04,6.9458335,40.736389,-111.872222
Hawthorne,2023-01-05,3.695652,40.736389,-111.872222
Hawthorne,2023-01-06,6.3791665,40.736389,-111.872222
Hawthorne,2023-01-07,5.585417,40.736389,-111.872222
Hawthorne,2023-01-08,3.310417,40.736389,-111.872222
Hawthorne,2023-01-09,2.591667,40.736389,-111.872222
Hawthorne,2023-01-10,2.0208335,40.736389,-111.872222
Hawthorne,2023-01-11,3.9479165,40.736389,-111.872222
Hawthorne,2023-01-12,5.0666665,40.736389,-111.872222
Hawthorne,2023-01-13,9.3916665,40.736389,-111.872222
Hawthorne,2023-01-14,5.8708335,40.736389,-111.872222
Hawthorne,2023-01-15,3.708333,40.736389,-111.872222
Hawthorne,2023-01-16,5.041667,40.736389,-111.872222
Hawthorne,2023-01-17,8.2125,40.736389,-111.872222
Hawthorne,2023-01-18,4.0541665,40.736389,-111.872222
Hawthorne,2023-01-19,7.1104165,40.736389,-111.872222
Hawthorne,2023-01-20,5.4541664999999995,40.736389,-111.872222
Hawthorne,2023-01-21,5.4291665,40.736389,-111.872222
Hawthorne,2023-01-22,8.3229165,40.736389,-111.872222
Hawthorne,2023-01-23,5.0333334999999995,40.736389,-111.872222
Hawthorne,2023-01-24,5.5854165,40.736389,-111.872222
Hawthorne,2023-01-25,14.8395835,40.736389,-111.872222
Hawthorne,2023-01-26,18.15,40.736389,-111.872222
Hawthorne,2023-01-27,5.58125,40.736389,-111.872222
Hawthorne,2023-01-28,2.1604165,40.736389,-111.872222
Hawthorne,2023-01-29,4.489583,40.736389,-111.872222
Hawthorne,2023-01-30,5.5729165,40.736389,-111.872222
Hawthorne,2023-01-31,9.58125,40.736389,-111.872222
Hawthorne,2023-02-01,28.4916665,40.736389,-111.872222
Hawthorne,2023-02-02,34.68125,40.736389,-111.872222
Hawthorne,2023-02-03,46.6708335,40.736389,-111.872222
Hawthorne,2023-02-04,48.833333499999995,40.736389,-111.872222
Hawthorne,2023-02-05,31.960417,40.736389,-111.872222
Hawthorne,2023-02-06,7.50625,40.736389,-111.872222
Hawthorne,2023-02-07,7.7083335,40.736389,-111.872222
Hawthorne,2023-02-08,12.04375,40.736389,-111.872222
Hawthorne,2023-02-09,4.575,40.736389,-111.872222
Hawthorne,2023-02-10,15.2369565,40.736389,-111.872222
Hawthorne,2023-02-11,25.15,40.736389,-111.872222
Hawthorne,2023-02-12,25.539583,40.736389,-111.872222
Hawthorne,2023-02-13,26.939583499999998,40.736389,-111.872222
Hawthorne,2023-02-14,2.0604165,40.736389,-111.872222
Hawthorne,2023-02-15,3.5395835,40.736389,-111.872222
Hawthorne,2023-02-16,5.554167,40.736389,-111.872222
Hawthorne,2023-02-17,11.1729165,40.736389,-111.872222
Hawthorne,2023-02-18,19.0875,40.736389,-111.872222
Hawthorne,2023-02-19,10.910416999999999,40.736389,-111.872222
Hawthorne,2023-02-20,5.429167,40.736389,-111.872222
Hawthorne,2023-02-21,2.6916665,40.736389,-111.872222
Hawthorne,2023-02-22,3.8666669999999996,40.736389,-111.872222
Hawthorne,2023-02-23,2.391667,40.736389,-111.872222
Hawthorne,2023-02-24,2.2,40.736389,-111.872222
Hawthorne,2023-02-25,7.4041665000000005,40.736389,-111.872222
Hawthorne,2023-02-26,7.6833335,40.736389,-111.872222
Hawthorne,2023-02-27,1.28125,40.736389,-111.872222
Hawthorne,2023-02-28,1.020833,40.736389,-111.872222
Hawthorne,2023-03-01,2.7895835,40.736389,-111.872222
Hawthorne,2023-03-02,2.4333335,40.736389,-111.872222
Hawthorne,2023-03-03,4.654166999999999,40.736389,-111.872222
Hawthorne,2023-03-04,5.112500000000001,40.736389,-111.872222
Hawthorne,2023-03-05,3.9916665,40.736389,-111.872222
Hawthorne,2023-03-06,2.68125,40.736389,-111.872222
Hawthorne,2023-03-07,8.275,40.736389,-111.872222
Hawthorne,2023-03-08,8.435417000000001,40.736389,-111.872222
Hawthorne,2023-03-09,4.2152175,40.736389,-111.872222
Hawthorne,2023-03-10,2.3104165,40.736389,-111.872222
Hawthorne,2023-03-11,3.8291665,40.736389,-111.872222
Hawthorne,2023-03-12,8.358333,40.736389,-111.872222
Hawthorne,2023-03-13,3.69375,40.736389,-111.872222
Hawthorne,2023-03-14,2.102083,40.736389,-111.872222
Hawthorne,2023-03-15,3.402083,40.736389,-111.872222
Hawthorne,2023-03-16,3.9354164999999997,40.736389,-111.872222
Hawthorne,2023-03-17,3.2395835,40.736389,-111.872222
Hawthorne,2023-03-18,3.797917,40.736389,-111.872222
Hawthorne,2023-03-19,2.625,40.736389,-111.872222
Hawthorne,2023-03-20,2.25,40.736389,-111.872222
Hawthorne,2023-03-21,3.575634,40.736389,-111.872222
Hawthorne,2023-03-22,2.620833,40.736389,-111.872222
Hawthorne,2023-03-23,2.8229165,40.736389,-111.872222
Hawthorne,2023-03-24,2.1916665,40.736389,-111.872222
Hawthorne,2023-03-25,0.7791665,40.736389,-111.872222
Hawthorne,2023-03-26,1.95,40.736389,-111.872222
Hawthorne,2023-03-27,2.625,40.736389,-111.872222
Hawthorne,2023-03-28,3.3145835,40.736389,-111.872222
Hawthorne,2023-03-29,2.027083,40.736389,-111.872222
Hawthorne,2023-03-30,1.7312500000000002,40.736389,-111.872222
Hawthorne,2023-03-31,1.8416670000000002,40.736389,-111.872222
Hawthorne,2023-04-01,2.4666664999999997,40.736389,-111.872222
Hawthorne,2023-04-02,1.9375,40.736389,-111.872222
Hawthorne,2023-04-03,2.325,40.736389,-111.872222
Hawthorne,2023-04-04,1.3624999999999998,40.736389,-111.872222
Hawthorne,2023-04-05,1.83125,40.736389,-111.872222
Hawthorne,2023-04-06,1.789583,40.736389,-111.872222
Hawthorne,2023-04-07,4.5807065,40.736389,-111.872222
Hawthorne,2023-04-08,7.4395834999999995,40.736389,-111.872222
Hawthorne,2023-04-09,5.2041665,40.736389,-111.872222
Hawthorne,2023-04-10,5.94375,40.736389,-111.872222
Hawthorne,2023-04-11,6.629167000000001,40.736389,-111.872222
Hawthorne,2023-04-12,8.6895835,40.736389,-111.872222
Hawthorne,2023-04-13,4.970833000000001,40.736389,-111.872222
Hawthorne,2023-04-14,3.3395835,40.736389,-111.872222
Hawthorne,2023-04-15,5.74375,40.736389,-111.872222
Hawthorne,2023-04-16,7.9625,40.736389,-111.872222
Hawthorne,2023-04-17,7.0145835,40.736389,-111.872222
Hawthorne,2023-04-18,9.7854165,40.736389,-111.872222
Hawthorne,2023-04-19,2.2791669999999997,40.736389,-111.872222
Hawthorne,2023-04-20,3.3,40.736389,-111.872222
Hawthorne,2023-04-21,3.9583335,40.736389,-111.872222
Hawthorne,2023-04-22,3.929167,40.736389,-111.872222
Hawthorne,2023-04-23,3.6291670000000003,40.736389,-111.872222
Hawthorne,2023-04-24,2.8416665,40.736389,-111.872222
Hawthorne,2023-04-25,3.8062500000000004,40.736389,-111.872222
Hawthorne,2023-04-26,5.2333335000000005,40.736389,-111.872222
Hawthorne,2023-04-27,4.110417,40.736389,-111.872222
Hawthorne,2023-04-28,3.075,40.736389,-111.872222
Hawthorne,2023-04-29,5.4416665,40.736389,-111.872222
Hawthorne,2023-04-30,6.6875,40.736389,-111.872222
Hawthorne,2023-05-01,8.274999999999999,40.736389,-111.872222
Hawthorne,2023-05-02,7.395833,40.736389,-111.872222
Hawthorne,2023-05-03,7.6125,40.736389,-111.872222
Hawthorne,2023-05-04,6.792935,40.736389,-111.872222
Hawthorne,2023-05-05,3.8859845,40.736389,-111.872222
Hawthorne,2023-05-06,3.0520835,40.736389,-111.872222
Hawthorne,2023-05-07,3.2041665000000004,40.736389,-111.872222
Hawthorne,2023-05-08,5.1453805,40.736389,-111.872222
Hawthorne,2023-05-09,6.589348,40.736389,-111.872222
Hawthorne,2023-05-10,6.1875,40.736389,-111.872222
Hawthorne,2023-05-11,7.0375,40.736389,-111.872222
Hawthorne,2023-05-12,5.730263,40.736389,-111.872222
Hawthorne,2023-05-13,3.0379164999999997,40.736389,-111.872222
Hawthorne,2023-05-14,3.194318,40.736389,-111.872222
Hawthorne,2023-05-15,4.8458334999999995,40.736389,-111.872222
Hawthorne,2023-05-16,6.1854165,40.736389,-111.872222
Hawthorne,2023-05-17,6.788315000000001,40.736389,-111.872222
Hawthorne,2023-05-18,5.222464,40.736389,-111.872222
Hawthorne,2023-05-19,14.9479165,40.736389,-111.872222
Hawthorne,2023-05-20,23.8233695,40.736389,-111.872222
Hawthorne,2023-05-21,16.4916665,40.736389,-111.872222
Hawthorne,2023-05-22,9.958928499999999,40.736389,-111.872222
Hawthorne,2023-05-23,6.646739,40.736389,-111.872222
Hawthorne,2023-05-24,4.932971,40.736389,-111.872222
Hawthorne,2023-05-25,7.13125,40.736389,-111.872222
Hawthorne,2023-05-26,5.0895835,40.736389,-111.872222
Hawthorne,2023-05-27,4.807639,40.736389,-111.872222
Hawthorne,2023-05-28,6.1720235,40.736389,-111.872222
Hawthorne,2023-05-29,7.209239,40.736389,-111.872222
Hawthorne,2023-05-30,7.99625,40.736389,-111.872222
Hawthorne,2023-05-31,8.96,40.736389,-111.872222
Hawthorne,2023-06-01,5.995832999999999,40.736389,-111.872222
Hawthorne,2023-06-02,4.4666665000000005,40.736389,-111.872222
Hawthorne,2023-06-03,5.7145835,40.736389,-111.872222
Hawthorne,2023-06-04,2.75625,40.736389,-111.872222
Hawthorne,2023-06-05,4.695833,40.736389,-111.872222
Hawthorne,2023-06-06,4.39375,40.736389,-111.872222
Hawthorne,2023-06-07,4.897917,40.736389,-111.872222
Hawthorne,2023-06-08,5.7464015,40.736389,-111.872222
Hawthorne,2023-06-09,7.128442,40.736389,-111.872222
Hawthorne,2023-06-10,5.768750000000001,40.736389,-111.872222
Hawthorne,2023-06-11,4.66404,40.736389,-111.872222
Hawthorne,2023-06-12,5.7604165,40.736389,-111.872222
Hawthorne,2023-06-13,4.58125,40.736389,-111.872222
Hawthorne,2023-06-14,3.7791665,40.736389,-111.872222
Hawthorne,2023-06-15,2.5041665,40.736389,-111.872222
Hawthorne,2023-06-16,4.4645835,40.736389,-111.872222
Hawthorne,2023-06-17,5.245833,40.736389,-111.872222
Hawthorne,2023-06-18,7.529166999999999,40.736389,-111.872222
Hawthorne,2023-06-19,13.375,40.736389,-111.872222
Hawthorne,2023-06-20,7.0416665,40.736389,-111.872222
Hawthorne,2023-06-21,5.3416665000000005,40.736389,-111.872222
Hawthorne,2023-06-22,5.7395835,40.736389,-111.872222
Hawthorne,2023-06-23,7.745833,40.736389,-111.872222
Hawthorne,2023-06-24,8.039583,40.736389,-111.872222
Hawthorne,2023-06-25,8.160416999999999,40.736389,-111.872222
Hawthorne,2023-06-26,5.0625,40.736389,-111.872222
Hawthorne,2023-06-27,7.8270835,40.736389,-111.872222
Hawthorne,2023-06-28,6.970833,40.736389,-111.872222
Hawthorne,2023-06-29,5.391667,40.736389,-111.872222
Hawthorne,2023-06-30,4.8122025,40.736389,-111.872222
Hawthorne,2023-07-01,5.9416665,40.736389,-111.872222
Hawthorne,2023-07-02,6.0041665,40.736389,-111.872222
Hawthorne,2023-07-03,8.1416665,40.736389,-111.872222
Hawthorne,2023-07-04,7.54375,40.736389,-111.872222
Hawthorne,2023-07-05,10.0136365,40.736389,-111.872222
Hawthorne,2023-07-06,7.65,40.736389,-111.872222
Hawthorne,2023-07-07,5.6791665,40.736389,-111.872222
Hawthorne,2023-07-08,6.074999999999999,40.736389,-111.872222
Hawthorne,2023-07-09,4.891667,40.736389,-111.872222
Hawthorne,2023-07-10,4.824999999999999,40.736389,-111.872222
Hawthorne,2023-07-11,5.30625,40.736389,-111.872222
Hawthorne,2023-07-12,6.90625,40.736389,-111.872222
Hawthorne,2023-07-13,6.6538045,40.736389,-111.872222
Hawthorne,2023-07-14,6.5041665,40.736389,-111.872222
Hawthorne,2023-07-15,4.4375,40.736389,-111.872222
Hawthorne,2023-07-16,4.0895835,40.736389,-111.872222
Hawthorne,2023-07-17,5.81875,40.736389,-111.872222
Hawthorne,2023-07-18,9.039583,40.736389,-111.872222
Hawthorne,2023-07-19,6.4416665,40.736389,-111.872222
Hawthorne,2023-07-20,6.046286,40.736389,-111.872222
Hawthorne,2023-07-21,5.897917,40.736389,-111.872222
Hawthorne,2023-07-22,5.75625,40.736389,-111.872222
Hawthorne,2023-07-23,6.660417,40.736389,-111.872222
Hawthorne,2023-07-24,10.712499999999999,40.736389,-111.872222
Hawthorne,2023-07-25,6.7291665,40.736389,-111.872222
Hawthorne,2023-07-26,5.3833335,40.736389,-111.872222
Hawthorne,2023-07-27,6.347222,40.736389,-111.872222
Hawthorne,2023-07-28,5.092916499999999,40.736389,-111.872222
Hawthorne,2023-07-29,8.1979165,40.736389,-111.872222
Hawthorne,2023-07-30,9.260417,40.736389,-111.872222
Hawthorne,2023-07-31,11.21875,40.736389,-111.872222
Hawthorne,2023-08-01,7.7295455,40.736389,-111.872222
Hawthorne,2023-08-02,6.9958335,40.736389,-111.872222
Hawthorne,2023-08-03,5.392063666666666,40.736389,-111.872222
Hawthorne,2023-08-04,3.968219,40.736389,-111.872222
Hawthorne,2023-08-05,5.037134666666667,40.736389,-111.872222
Hawthorne,2023-08-06,5.739311666666667,40.736389,-111.872222
Hawthorne,2023-08-07,6.0854165,40.736389,-111.872222
Hawthorne,2023-08-08,8.335416500000001,40.736389,-111.872222
Hawthorne,2023-08-09,7.99375,40.736389,-111.872222
Hawthorne,2023-08-10,6.077083,40.736389,-111.872222
Hawthorne,2023-08-11,5.61875,40.736389,-111.872222
Hawthorne,2023-08-12,3.744036,40.736389,-111.872222
Hawthorne,2023-08-13,4.547917,40.736389,-111.872222
Hawthorne,2023-08-14,6.664351666666666,40.736389,-111.872222
Hawthorne,2023-08-15,8.726389,40.736389,-111.872222
Hawthorne,2023-08-16,5.3452245000000005,40.736389,-111.872222
Hawthorne,2023-08-17,6.8791665,40.736389,-111.872222
Hawthorne,2023-08-18,4.573611333333333,40.736389,-111.872222
Hawthorne,2023-08-19,4.2656746666666665,40.736389,-111.872222
Hawthorne,2023-08-20,5.894444333333333,40.736389,-111.872222
Hawthorne,2023-08-21,5.4652780000000005,40.736389,-111.872222
Hawthorne,2023-08-22,5.067460333333334,40.736389,-111.872222
Hawthorne,2023-08-23,6.465,40.736389,-111.872222
Hawthorne,2023-08-24,7.04375,40.736389,-111.872222
Hawthorne,2023-08-25,6.65,40.736389,-111.872222
Hawthorne,2023-08-26,5.447917,40.736389,-111.872222
Hawthorne,2023-08-27,5.0416665,40.736389,-111.872222
Hawthorne,2023-08-28,5.691667000000001,40.736389,-111.872222
Hawthorne,2023-08-29,5.471980666666667,40.736389,-111.872222
Hawthorne,2023-08-30,20.7229165,40.736389,-111.872222
Hawthorne,2023-08-31,12.622916499999999,40.736389,-111.872222
Hawthorne,2023-09-01,3.0729165,40.736389,-111.872222
Hawthorne,2023-09-02,3.80625,40.736389,-111.872222
Hawthorne,2023-09-03,4.83125,40.736389,-111.872222
Hawthorne,2023-09-04,3.8187499999999996,40.736389,-111.872222
Hawthorne,2023-09-05,5.204167,40.736389,-111.872222
Hawthorne,2023-09-06,6.120833,40.736389,-111.872222
Hawthorne,2023-09-07,4.5862315,40.736389,-111.872222
Hawthorne,2023-09-08,3.7125,40.736389,-111.872222
Hawthorne,2023-09-09,6.3770834999999995,40.736389,-111.872222
Hawthorne,2023-09-10,6.3166665,40.736389,-111.872222
Hawthorne,2023-09-11,4.9020835,40.736389,-111.872222
Hawthorne,2023-09-12,6.1395835000000005,40.736389,-111.872222
Hawthorne,2023-09-13,6.05625,40.736389,-111.872222
Hawthorne,2023-09-14,5.6875,40.736389,-111.872222
Hawthorne,2023-09-15,4.8604164999999995,40.736389,-111.872222
Hawthorne,2023-09-16,5.481249999999999,40.736389,-111.872222
Hawthorne,2023-09-17,5.658333,40.736389,-111.872222
Hawthorne,2023-09-18,3.9375,40.736389,-111.872222
Hawthorne,2023-09-19,5.84375,40.736389,-111.872222
Hawthorne,2023-09-20,4.339582999999999,40.736389,-111.872222
Hawthorne,2023-09-21,5.6395835000000005,40.736389,-111.872222
Hawthorne,2023-09-22,6.0645834999999995,40.736389,-111.872222
Hawthorne,2023-09-23,5.175,40.736389,-111.872222
Hawthorne,2023-09-24,7.38125,40.736389,-111.872222
Hawthorne,2023-09-25,6.08125,40.736389,-111.872222
Hawthorne,2023-09-26,5.5083335,40.736389,-111.872222
Hawthorne,2023-09-27,5.19375,40.736389,-111.872222
Hawthorne,2023-09-28,5.9833335,40.736389,-111.872222
Hawthorne,2023-09-29,7.7291665,40.736389,-111.872222
Hawthorne,2023-09-30,4.6770835,40.736389,-111.872222
Hawthorne,2023-10-01,3.004167,40.736389,-111.872222
Hawthorne,2023-10-02,4.1708335000000005,40.736389,-111.872222
Hawthorne,2023-10-03,4.65625,40.736389,-111.872222
Hawthorne,2023-10-04,4.1458335,40.736389,-111.872222
Hawthorne,2023-10-05,5.65,40.736389,-111.872222
Hawthorne,2023-10-06,7.3326085,40.736389,-111.872222
Hawthorne,2023-10-07,7.00625,40.736389,-111.872222
Hawthorne,2023-10-08,6.0270835,40.736389,-111.872222
Hawthorne,2023-10-09,5.8375,40.736389,-111.872222
Hawthorne,2023-10-10,5.179167,40.736389,-111.872222
Hawthorne,2023-10-11,3.5145835,40.736389,-111.872222
Hawthorne,2023-10-12,3.5979165,40.736389,-111.872222
Hawthorne,2023-10-13,4.3520835,40.736389,-111.872222
Hawthorne,2023-10-14,7.0875,40.736389,-111.872222
Hawthorne,2023-10-15,6.672917,40.736389,-111.872222
Hawthorne,2023-10-16,6.9791665,40.736389,-111.872222
Hawthorne,2023-10-17,8.075,40.736389,-111.872222
Hawthorne,2023-10-18,6.824999999999999,40.736389,-111.872222
Hawthorne,2023-10-19,6.88125,40.736389,-111.872222
Hawthorne,2023-10-20,9.2916665,40.736389,-111.872222
Hawthorne,2023-10-21,8.01875,40.736389,-111.872222
Hawthorne,2023-10-22,7.293749999999999,40.736389,-111.872222
Hawthorne,2023-10-23,6.6583334999999995,40.736389,-111.872222
Hawthorne,2023-10-24,8.8875,40.736389,-111.872222
Hawthorne,2023-10-25,6.2916665,40.736389,-111.872222
Hawthorne,2023-10-26,3.0,40.736389,-111.872222
Hawthorne,2023-10-27,5.375,40.736389,-111.872222
Hawthorne,2023-10-28,6.3125,40.736389,-111.872222
Hawthorne,2023-10-29,6.670833,40.736389,-111.872222
Hawthorne,2023-10-30,8.3895835,40.736389,-111.872222
Hawthorne,2023-10-31,9.908333500000001,40.736389,-111.872222
Hawthorne,2023-11-01,14.805208499999999,40.736389,-111.872222
Hawthorne,2023-11-02,10.9958335,40.736389,-111.872222
Hawthorne,2023-11-03,8.8434785,40.736389,-111.872222
Hawthorne,2023-11-04,7.14375,40.736389,-111.872222
Hawthorne,2023-11-05,8.816666999999999,40.736389,-111.872222
Hawthorne,2023-11-06,7.45,40.736389,-111.872222
Hawthorne,2023-11-07,4.1208335,40.736389,-111.872222
Hawthorne,2023-11-08,5.085417,40.736389,-111.872222
Hawthorne,2023-11-09,7.581250000000001,40.736389,-111.872222
Hawthorne,2023-11-10,9.908332999999999,40.736389,-111.872222
Hawthorne,2023-11-11,9.2375,40.736389,-111.872222
Hawthorne,2023-11-12,8.2895835,40.736389,-111.872222
Hawthorne,2023-11-13,5.4729165,40.736389,-111.872222
Hawthorne,2023-11-14,6.427083,40.736389,-111.872222
Hawthorne,2023-11-15,5.3770835,40.736389,-111.872222
Hawthorne,2023-11-16,4.5145835000000005,40.736389,-111.872222
Hawthorne,2023-11-17,10.9520835,40.736389,-111.872222
Hawthorne,2023-11-18,11.3625,40.736389,-111.872222
Hawthorne,2023-11-19,3.1729165,40.736389,-111.872222
Hawthorne,2023-11-20,2.904167,40.736389,-111.872222
Hawthorne,2023-11-21,9.414583499999999,40.736389,-111.872222
Hawthorne,2023-11-22,14.3125,40.736389,-111.872222
Hawthorne,2023-11-23,16.4708335,40.736389,-111.872222
Hawthorne,2023-11-24,2.925,40.736389,-111.872222
Hawthorne,2023-11-25,3.34375,40.736389,-111.872222
Hawthorne,2023-11-26,6.804166500000001,40.736389,-111.872222
Hawthorne,2023-11-27,14.6145835,40.736389,-111.872222
Hawthorne,2023-11-28,21.90625,40.736389,-111.872222
Hawthorne,2023-11-29,25.98125,40.736389,-111.872222
Hawthorne,2023-11-30,30.177083500000002,40.736389,-111.872222
Hawthorne,2023-12-01,18.268749999999997,40.736389,-111.872222
Hawthorne,2023-12-02,1.8,40.736389,-111.872222
Hawthorne,2023-12-03,3.602083,40.736389,-111.872222
Hawthorne,2023-12-04,3.8354165,40.736389,-111.872222
Hawthorne,2023-12-05,7.8083335,40.736389,-111.872222
Hawthorne,2023-12-06,7.6065214999999995,40.736389,-111.872222
Hawthorne,2023-12-07,3.05625,40.736389,-111.872222
Hawthorne,2023-12-08,2.652083,40.736389,-111.872222
Hawthorne,2023-12-09,4.7854165,40.736389,-111.872222
Hawthorne,2023-12-10,6.3229165,40.736389,-111.872222
Hawthorne,2023-12-11,13.475,40.736389,-111.872222
Hawthorne,2023-12-12,14.8854165,40.736389,-111.872222
Hawthorne,2023-12-13,5.3354165,40.736389,-111.872222
Hawthorne,2023-12-14,14.229166500000002,40.736389,-111.872222
Hawthorne,2023-12-15,20.197916499999998,40.736389,-111.872222
Hawthorne,2023-12-16,20.9145835,40.736389,-111.872222
Hawthorne,2023-12-17,29.06875,40.736389,-111.872222
Hawthorne,2023-12-18,33.625,40.736389,-111.872222
Hawthorne,2023-12-19,25.3708335,40.736389,-111.872222
Hawthorne,2023-12-20,20.585417,40.736389,-111.872222
Hawthorne,2023-12-21,14.6770835,40.736389,-111.872222
Hawthorne,2023-12-22,11.5833335,40.736389,-111.872222
Hawthorne,2023-12-23,7.3479165,40.736389,-111.872222
Hawthorne,2023-12-24,3.075,40.736389,-111.872222
Hawthorne,2023-12-25,5.6354165,40.736389,-111.872222
Hawthorne,2023-12-26,8.9645835,40.736389,-111.872222
Hawthorne,2023-12-27,14.8229165,40.736389,-111.872222
Hawthorne,2023-12-28,25.4,40.736389,-111.872222
Hawthorne,2023-12-29,23.791666499999998,40.736389,-111.872222
Hawthorne,2023-12-30,26.61875,40.736389,-111.872222
Hawthorne,2023-12-31,30.00625,40.736389,-111.872222
Herriman #3,2019-01-01,1.345833,40.496392,-112.036298
Herriman #3,2019-01-02,7.304167,40.496392,-112.036298
Herriman #3,2019-01-03,11.366667,40.496392,-112.036298
Herriman #3,2019-01-04,25.325,40.496392,-112.036298
Herriman #3,2019-01-05,9.429167,40.496392,-112.036298
Herriman #3,2019-01-06,0.558333,40.496392,-112.036298
Herriman #3,2019-01-07,1.070833,40.496392,-112.036298
Herriman #3,2019-01-08,10.254167,40.496392,-112.036298
Herriman #3,2019-01-09,1.791667,40.496392,-112.036298
Herriman #3,2019-01-10,14.970833,40.496392,-112.036298
Herriman #3,2019-01-11,12.470833,40.496392,-112.036298
Herriman #3,2019-01-12,14.3875,40.496392,-112.036298
Herriman #3,2019-01-13,13.779167,40.496392,-112.036298
Herriman #3,2019-01-14,19.820833,40.496392,-112.036298
Herriman #3,2019-01-15,25.108333,40.496392,-112.036298
Herriman #3,2019-01-16,1.579167,40.496392,-112.036298
Herriman #3,2019-01-17,0.245833,40.496392,-112.036298
Herriman #3,2019-01-18,1.2125,40.496392,-112.036298
Herriman #3,2019-01-19,0.6875,40.496392,-112.036298
Herriman #3,2019-01-20,0.0125,40.496392,-112.036298
Herriman #3,2019-01-21,0.525,40.496392,-112.036298
Herriman #3,2019-01-22,1.082609,40.496392,-112.036298
Herriman #3,2019-01-23,2.725,40.496392,-112.036298
Herriman #3,2019-01-24,4.033333,40.496392,-112.036298
Herriman #3,2019-01-25,1.508333,40.496392,-112.036298
Herriman #3,2019-01-26,4.883333,40.496392,-112.036298
Herriman #3,2019-01-27,4.304167,40.496392,-112.036298
Herriman #3,2019-01-28,5.895833,40.496392,-112.036298
Herriman #3,2019-01-29,6.491667,40.496392,-112.036298
Herriman #3,2019-01-30,9.645833,40.496392,-112.036298
Herriman #3,2019-01-31,4.529167,40.496392,-112.036298
Herriman #3,2019-02-01,0.566667,40.496392,-112.036298
Herriman #3,2019-02-02,0.4375,40.496392,-112.036298
Herriman #3,2019-02-03,0.083333,40.496392,-112.036298
Herriman #3,2019-02-04,0.391667,40.496392,-112.036298
Herriman #3,2019-02-05,1.4698995,40.496392,-112.036298
Herriman #3,2019-02-06,1.6354165,40.496392,-112.036298
Herriman #3,2019-02-07,0.866667,40.496392,-112.036298
Herriman #3,2019-02-08,3.5666665,40.496392,-112.036298
Herriman #3,2019-02-09,1.03125,40.496392,-112.036298
Herriman #3,2019-02-10,0.941667,40.496392,-112.036298
Herriman #3,2019-02-11,1.25,40.496392,-112.036298
Herriman #3,2019-02-12,1.0833335,40.496392,-112.036298
Herriman #3,2019-02-13,0.7884964999999999,40.496392,-112.036298
Herriman #3,2019-02-14,18.125,40.496392,-112.036298
Herriman #3,2019-02-15,0.01874999999999999,40.496392,-112.036298
Herriman #3,2019-02-16,1.2875,40.496392,-112.036298
Herriman #3,2019-02-17,0.48750000000000004,40.496392,-112.036298
Herriman #3,2019-02-18,2.0,40.496392,-112.036298
Herriman #3,2019-02-19,1.0770834999999999,40.496392,-112.036298
Herriman #3,2019-02-20,1.0708335,40.496392,-112.036298
Herriman #3,2019-02-21,1.93125,40.496392,-112.036298
Herriman #3,2019-02-22,3.5729165,40.496392,-112.036298
Herriman #3,2019-02-23,4.2166665,40.496392,-112.036298
Herriman #3,2019-02-24,0.609692,40.496392,-112.036298
Herriman #3,2019-02-25,0.6270835,40.496392,-112.036298
Herriman #3,2019-02-26,0.7104165,40.496392,-112.036298
Herriman #3,2019-02-27,0.772917,40.496392,-112.036298
Herriman #3,2019-02-28,0.8145835,40.496392,-112.036298
Herriman #3,2019-03-01,3.002083,40.496392,-112.036298
Herriman #3,2019-03-02,3.85,40.496392,-112.036298
Herriman #3,2019-03-03,5.1770835,40.496392,-112.036298
Herriman #3,2019-03-04,2.575,40.496392,-112.036298
Herriman #3,2019-03-05,1.329167,40.496392,-112.036298
Herriman #3,2019-03-06,0.18695699999999998,40.496392,-112.036298
Herriman #3,2019-03-07,1.5437500000000002,40.496392,-112.036298
Herriman #3,2019-03-08,1.0770835,40.496392,-112.036298
Herriman #3,2019-03-09,1.21875,40.496392,-112.036298
Herriman #3,2019-03-10,4.15,40.496392,-112.036298
Herriman #3,2019-03-11,6.8270835000000005,40.496392,-112.036298
Herriman #3,2019-03-12,6.614583,40.496392,-112.036298
Herriman #3,2019-03-13,0.7583329999999999,40.496392,-112.036298
Herriman #3,2019-03-14,0.9729165000000001,40.496392,-112.036298
Herriman #3,2019-03-15,5.2270835,40.496392,-112.036298
Herriman #3,2019-03-16,11.0125,40.496392,-112.036298
Herriman #3,2019-03-17,11.4833335,40.496392,-112.036298
Herriman #3,2019-03-18,6.875,40.496392,-112.036298
Herriman #3,2019-03-19,4.7270835,40.496392,-112.036298
Herriman #3,2019-03-20,1.1458335,40.496392,-112.036298
Herriman #3,2019-03-21,1.00625,40.496392,-112.036298
Herriman #3,2019-03-22,1.21875,40.496392,-112.036298
Herriman #3,2019-03-23,2.2770835,40.496392,-112.036298
Herriman #3,2019-03-24,3.439583,40.496392,-112.036298
Herriman #3,2019-03-25,5.452083,40.496392,-112.036298
Herriman #3,2019-03-26,3.720833,40.496392,-112.036298
Herriman #3,2019-03-27,5.527083,40.496392,-112.036298
Herriman #3,2019-03-28,2.0875,40.496392,-112.036298
Herriman #3,2019-03-29,3.9916665,40.496392,-112.036298
Herriman #3,2019-03-30,5.783333,40.496392,-112.036298
Herriman #3,2019-03-31,2.5604165,40.496392,-112.036298
Herriman #3,2019-04-01,1.96875,40.496392,-112.036298
Herriman #3,2019-04-02,1.654167,40.496392,-112.036298
Herriman #3,2019-04-03,5.1208335,40.496392,-112.036298
Herriman #3,2019-04-04,1.5875,40.496392,-112.036298
Herriman #3,2019-04-05,1.8875,40.496392,-112.036298
Herriman #3,2019-04-06,1.1812500000000001,40.496392,-112.036298
Herriman #3,2019-04-07,0.8541664999999999,40.496392,-112.036298
Herriman #3,2019-04-08,2.7962119999999997,40.496392,-112.036298
Herriman #3,2019-04-09,1.354167,40.496392,-112.036298
Herriman #3,2019-04-10,1.19375,40.496392,-112.036298
Herriman #3,2019-04-11,0.8624999999999999,40.496392,-112.036298
Herriman #3,2019-04-12,1.5583335,40.496392,-112.036298
Herriman #3,2019-04-13,3.75,40.496392,-112.036298
Herriman #3,2019-04-14,0.75625,40.496392,-112.036298
Herriman #3,2019-04-15,1.99375,40.496392,-112.036298
Herriman #3,2019-04-16,2.49375,40.496392,-112.036298
Herriman #3,2019-04-17,1.6479165,40.496392,-112.036298
Herriman #3,2019-04-18,4.2541665,40.496392,-112.036298
Herriman #3,2019-04-19,3.3666665,40.496392,-112.036298
Herriman #3,2019-04-20,1.6749999999999998,40.496392,-112.036298
Herriman #3,2019-04-21,2.1708335,40.496392,-112.036298
Herriman #3,2019-04-22,2.7375,40.496392,-112.036298
Herriman #3,2019-04-23,2.7333334999999996,40.496392,-112.036298
Herriman #3,2019-04-24,2.6104165,40.496392,-112.036298
Herriman #3,2019-04-25,3.8333335,40.496392,-112.036298
Herriman #3,2019-04-26,3.875,40.496392,-112.036298
Herriman #3,2019-04-27,4.30625,40.496392,-112.036298
Herriman #3,2019-04-28,3.1979170000000003,40.496392,-112.036298
Herriman #3,2019-04-29,3.6770835,40.496392,-112.036298
Herriman #3,2019-04-30,3.4124999999999996,40.496392,-112.036298
Herriman #3,2019-05-01,4.5604165000000005,40.496392,-112.036298
Herriman #3,2019-05-02,1.8854164999999998,40.496392,-112.036298
Herriman #3,2019-05-03,3.21875,40.496392,-112.036298
Herriman #3,2019-05-04,4.2875,40.496392,-112.036298
Herriman #3,2019-05-05,3.375,40.496392,-112.036298
Herriman #3,2019-05-06,3.3646245,40.496392,-112.036298
Herriman #3,2019-05-07,3.4854165000000004,40.496392,-112.036298
Herriman #3,2019-05-08,2.825,40.496392,-112.036298
Herriman #3,2019-05-09,1.4333334999999998,40.496392,-112.036298
Herriman #3,2019-05-10,2.7208335,40.496392,-112.036298
Herriman #3,2019-05-11,4.2395835,40.496392,-112.036298
Herriman #3,2019-05-12,4.2395835,40.496392,-112.036298
Herriman #3,2019-05-13,4.0625,40.496392,-112.036298
Herriman #3,2019-05-14,4.6998185,40.496392,-112.036298
Herriman #3,2019-05-15,5.63125,40.496392,-112.036298
Herriman #3,2019-05-16,3.8041665,40.496392,-112.036298
Herriman #3,2019-05-17,1.5458335,40.496392,-112.036298
Herriman #3,2019-05-18,1.2666665,40.496392,-112.036298
Herriman #3,2019-05-19,1.625,40.496392,-112.036298
Herriman #3,2019-05-20,2.2625,40.496392,-112.036298
Herriman #3,2019-05-21,1.720833,40.496392,-112.036298
Herriman #3,2019-05-22,1.0979165,40.496392,-112.036298
Herriman #3,2019-05-23,1.4416665000000002,40.496392,-112.036298
Herriman #3,2019-05-24,1.9979165,40.496392,-112.036298
Herriman #3,2019-05-25,2.075,40.496392,-112.036298
Herriman #3,2019-05-26,2.5833335,40.496392,-112.036298
Herriman #3,2019-05-27,1.95625,40.496392,-112.036298
Herriman #3,2019-05-28,1.7270830000000001,40.496392,-112.036298
Herriman #3,2019-05-29,4.5333334999999995,40.496392,-112.036298
Herriman #3,2019-05-30,2.685417,40.496392,-112.036298
Herriman #3,2019-05-31,3.2625,40.496392,-112.036298
Herriman #3,2019-06-01,3.9666669999999997,40.496392,-112.036298
Herriman #3,2019-06-02,4.60625,40.496392,-112.036298
Herriman #3,2019-06-03,5.277083,40.496392,-112.036298
Herriman #3,2019-06-04,6.3434785,40.496392,-112.036298
Herriman #3,2019-06-05,4.94375,40.496392,-112.036298
Herriman #3,2019-06-06,4.04375,40.496392,-112.036298
Herriman #3,2019-06-07,6.9750000000000005,40.496392,-112.036298
Herriman #3,2019-06-08,1.9500000000000002,40.496392,-112.036298
Herriman #3,2019-06-09,1.9958334999999998,40.496392,-112.036298
Herriman #3,2019-06-10,4.3458335,40.496392,-112.036298
Herriman #3,2019-06-11,3.2979165000000004,40.496392,-112.036298
Herriman #3,2019-06-12,3.9354169999999997,40.496392,-112.036298
Herriman #3,2019-06-13,4.266667,40.496392,-112.036298
Herriman #3,2019-06-14,3.720833,40.496392,-112.036298
Herriman #3,2019-06-15,5.9958335,40.496392,-112.036298
Herriman #3,2019-06-16,4.841667,40.496392,-112.036298
Herriman #3,2019-06-17,3.9145830000000004,40.496392,-112.036298
Herriman #3,2019-06-18,3.23125,40.496392,-112.036298
Herriman #3,2019-06-19,3.747807,40.496392,-112.036298
Herriman #3,2019-06-20,4.240308000000001,40.496392,-112.036298
Herriman #3,2019-06-21,1.1041670000000001,40.496392,-112.036298
Herriman #3,2019-06-22,2.0666665,40.496392,-112.036298
Herriman #3,2019-06-23,1.2895835,40.496392,-112.036298
Herriman #3,2019-06-24,2.997917,40.496392,-112.036298
Herriman #3,2019-06-25,4.5041665,40.496392,-112.036298
Herriman #3,2019-06-26,4.429167,40.496392,-112.036298
Herriman #3,2019-06-27,4.270833,40.496392,-112.036298
Herriman #3,2019-06-28,3.4354165,40.496392,-112.036298
Herriman #3,2019-06-29,5.620833,40.496392,-112.036298
Herriman #3,2019-06-30,3.5250000000000004,40.496392,-112.036298
Herriman #3,2019-07-01,3.9000000000000004,40.496392,-112.036298
Herriman #3,2019-07-02,2.5729170000000003,40.496392,-112.036298
Herriman #3,2019-07-03,5.1854165000000005,40.496392,-112.036298
Herriman #3,2019-07-04,7.7208335,40.496392,-112.036298
Herriman #3,2019-07-05,10.704167,40.496392,-112.036298
Herriman #3,2019-07-06,6.112500000000001,40.496392,-112.036298
Herriman #3,2019-07-07,3.20625,40.496392,-112.036298
Herriman #3,2019-07-08,7.6158515,40.496392,-112.036298
Herriman #3,2019-07-09,8.4,40.496392,-112.036298
Herriman #3,2019-07-10,5.097917000000001,40.496392,-112.036298
Herriman #3,2019-07-11,4.63125,40.496392,-112.036298
Herriman #3,2019-07-12,4.1645835,40.496392,-112.036298
Herriman #3,2019-07-13,4.15,40.496392,-112.036298
Herriman #3,2019-07-14,4.9625,40.496392,-112.036298
Herriman #3,2019-07-15,4.814583,40.496392,-112.036298
Herriman #3,2019-07-16,6.5395835,40.496392,-112.036298
Herriman #3,2019-07-17,8.20625,40.496392,-112.036298
Herriman #3,2019-07-18,5.425,40.496392,-112.036298
Herriman #3,2019-07-19,3.7625,40.496392,-112.036298
Herriman #3,2019-07-20,6.654167,40.496392,-112.036298
Herriman #3,2019-07-21,4.2833334999999995,40.496392,-112.036298
Herriman #3,2019-07-22,7.175,40.496392,-112.036298
Herriman #3,2019-07-23,7.2124999999999995,40.496392,-112.036298
Herriman #3,2019-07-24,9.2541665,40.496392,-112.036298
Herriman #3,2019-07-25,4.627627,40.496392,-112.036298
Herriman #3,2019-07-26,7.4729165,40.496392,-112.036298
Herriman #3,2019-07-27,6.6,40.496392,-112.036298
Herriman #3,2019-07-28,6.614583,40.496392,-112.036298
Herriman #3,2019-07-29,5.114583,40.496392,-112.036298
Herriman #3,2019-07-30,3.2958335,40.496392,-112.036298
Herriman #3,2019-07-31,4.1479165,40.496392,-112.036298
Herriman #3,2019-08-01,4.1681815,40.496392,-112.036298
Herriman #3,2019-08-02,5.120832999999999,40.496392,-112.036298
Herriman #3,2019-08-03,3.66875,40.496392,-112.036298
Herriman #3,2019-08-04,3.95625,40.496392,-112.036298
Herriman #3,2019-08-05,5.3375,40.496392,-112.036298
Herriman #3,2019-08-06,4.2395835,40.496392,-112.036298
Herriman #3,2019-08-07,3.356522,40.496392,-112.036298
Herriman #3,2019-08-08,4.5625,40.496392,-112.036298
Herriman #3,2019-08-09,4.333333,40.496392,-112.036298
Herriman #3,2019-08-10,4.5395835,40.496392,-112.036298
Herriman #3,2019-08-11,4.5208335,40.496392,-112.036298
Herriman #3,2019-08-12,6.9340910000000004,40.496392,-112.036298
Herriman #3,2019-08-13,5.5333334999999995,40.496392,-112.036298
Herriman #3,2019-08-14,6.54375,40.496392,-112.036298
Herriman #3,2019-08-15,6.09375,40.496392,-112.036298
Herriman #3,2019-08-16,6.8270835,40.496392,-112.036298
Herriman #3,2019-08-17,5.375,40.496392,-112.036298
Herriman #3,2019-08-18,5.20625,40.496392,-112.036298
Herriman #3,2019-08-19,4.6854165000000005,40.496392,-112.036298
Herriman #3,2019-08-20,3.3354165,40.496392,-112.036298
Herriman #3,2019-08-21,4.9104165,40.496392,-112.036298
Herriman #3,2019-08-22,6.3770835,40.496392,-112.036298
Herriman #3,2019-08-23,8.958333,40.496392,-112.036298
Herriman #3,2019-08-24,8.425,40.496392,-112.036298
Herriman #3,2019-08-25,6.09375,40.496392,-112.036298
Herriman #3,2019-08-26,6.945833,40.496392,-112.036298
Herriman #3,2019-08-27,7.025,40.496392,-112.036298
Herriman #3,2019-08-28,6.9166665,40.496392,-112.036298
Herriman #3,2019-08-29,2.4958335,40.496392,-112.036298
Herriman #3,2019-08-30,6.483333,40.496392,-112.036298
Herriman #3,2019-08-31,6.775,40.496392,-112.036298
Herriman #3,2019-09-01,4.94375,40.496392,-112.036298
Herriman #3,2019-09-02,3.0645835,40.496392,-112.036298
Herriman #3,2019-09-03,6.41875,40.496392,-112.036298
Herriman #3,2019-09-04,6.5770835000000005,40.496392,-112.036298
Herriman #3,2019-09-05,3.8791664999999997,40.496392,-112.036298
Herriman #3,2019-09-06,6.8479165,40.496392,-112.036298
Herriman #3,2019-09-07,7.5770835,40.496392,-112.036298
Herriman #3,2019-09-08,7.0729165,40.496392,-112.036298
Herriman #3,2019-09-09,16.343370999999998,40.496392,-112.036298
Herriman #3,2019-09-10,5.54375,40.496392,-112.036298
Herriman #3,2019-09-11,4.63125,40.496392,-112.036298
Herriman #3,2019-09-12,5.491667,40.496392,-112.036298
Herriman #3,2019-09-13,4.0416665,40.496392,-112.036298
Herriman #3,2019-09-14,4.010417,40.496392,-112.036298
Herriman #3,2019-09-15,4.58125,40.496392,-112.036298
Herriman #3,2019-09-16,5.625,40.496392,-112.036298
Herriman #3,2019-09-17,7.122917,40.496392,-112.036298
Herriman #3,2019-09-18,2.9479165000000003,40.496392,-112.036298
Herriman #3,2019-09-19,3.0395835,40.496392,-112.036298
Herriman #3,2019-09-20,1.772917,40.496392,-112.036298
Herriman #3,2019-09-21,4.0520835,40.496392,-112.036298
Herriman #3,2019-09-22,2.55,40.496392,-112.036298
Herriman #3,2019-09-23,3.0666665,40.496392,-112.036298
Herriman #3,2019-09-24,4.11875,40.496392,-112.036298
Herriman #3,2019-09-25,4.98125,40.496392,-112.036298
Herriman #3,2019-09-26,4.512499999999999,40.496392,-112.036298
Herriman #3,2019-09-27,5.1916665,40.496392,-112.036298
Herriman #3,2019-09-28,3.5083330000000004,40.496392,-112.036298
Herriman #3,2019-09-29,4.4395834999999995,40.496392,-112.036298
Herriman #3,2019-09-30,4.2645835000000005,40.496392,-112.036298
Herriman #3,2019-10-01,4.572917,40.496392,-112.036298
Herriman #3,2019-10-02,4.3020835,40.496392,-112.036298
Herriman #3,2019-10-03,5.354167,40.496392,-112.036298
Herriman #3,2019-10-04,2.5645835000000003,40.496392,-112.036298
Herriman #3,2019-10-05,3.25,40.496392,-112.036298
Herriman #3,2019-10-06,2.34375,40.496392,-112.036298
Herriman #3,2019-10-07,6.076087,40.496392,-112.036298
Herriman #3,2019-10-08,3.8229170000000003,40.496392,-112.036298
Herriman #3,2019-10-09,2.50625,40.496392,-112.036298
Herriman #3,2019-10-10,0.9187500000000001,40.496392,-112.036298
Herriman #3,2019-10-11,5.1125,40.496392,-112.036298
Herriman #3,2019-10-12,6.331250000000001,40.496392,-112.036298
Herriman #3,2019-10-13,4.308333,40.496392,-112.036298
Herriman #3,2019-10-14,5.5458335,40.496392,-112.036298
Herriman #3,2019-10-15,8.047917,40.496392,-112.036298
Herriman #3,2019-10-16,4.13125,40.496392,-112.036298
Herriman #3,2019-10-17,4.4645835,40.496392,-112.036298
Herriman #3,2019-10-18,3.9625,40.496392,-112.036298
Herriman #3,2019-10-19,1.9166665,40.496392,-112.036298
Herriman #3,2019-10-20,1.4020835,40.496392,-112.036298
Herriman #3,2019-10-21,1.8770835,40.496392,-112.036298
Herriman #3,2019-10-22,2.5999999999999996,40.496392,-112.036298
Herriman #3,2019-10-23,2.7958335,40.496392,-112.036298
Herriman #3,2019-10-24,3.08125,40.496392,-112.036298
Herriman #3,2019-10-25,4.612500000000001,40.496392,-112.036298
Herriman #3,2019-10-26,4.14375,40.496392,-112.036298
Herriman #3,2019-10-27,1.0395835,40.496392,-112.036298
Herriman #3,2019-10-28,2.6916665,40.496392,-112.036298
Herriman #3,2019-10-29,2.7708335,40.496392,-112.036298
Herriman #3,2019-10-30,3.9833335,40.496392,-112.036298
Herriman #3,2019-10-31,4.2770835,40.496392,-112.036298
Herriman #3,2019-11-01,9.18125,40.496392,-112.036298
Herriman #3,2019-11-02,6.6458335,40.496392,-112.036298
Herriman #3,2019-11-03,6.59375,40.496392,-112.036298
Herriman #3,2019-11-04,7.8166665,40.496392,-112.036298
Herriman #3,2019-11-05,6.671739,40.496392,-112.036298
Herriman #3,2019-11-06,4.479167,40.496392,-112.036298
Herriman #3,2019-11-07,9.6520835,40.496392,-112.036298
Herriman #3,2019-11-08,6.9979165000000005,40.496392,-112.036298
Herriman #3,2019-11-09,5.704167,40.496392,-112.036298
Herriman #3,2019-11-10,7.595833000000001,40.496392,-112.036298
Herriman #3,2019-11-11,4.452083,40.496392,-112.036298
Herriman #3,2019-11-12,4.3666665,40.496392,-112.036298
Herriman #3,2019-11-13,5.6020835,40.496392,-112.036298
Herriman #3,2019-11-14,4.291667,40.496392,-112.036298
Herriman #3,2019-11-15,5.4083334999999995,40.496392,-112.036298
Herriman #3,2019-11-16,3.9041665,40.496392,-112.036298
Herriman #3,2019-11-17,4.147917,40.496392,-112.036298
Herriman #3,2019-11-18,3.5770835,40.496392,-112.036298
Herriman #3,2019-11-19,7.106249999999999,40.496392,-112.036298
Herriman #3,2019-11-20,8.1395835,40.496392,-112.036298
Herriman #3,2019-11-21,2.85,40.496392,-112.036298
Herriman #3,2019-11-22,9.318750000000001,40.496392,-112.036298
Herriman #3,2019-11-23,5.4916665,40.496392,-112.036298
Herriman #3,2019-11-24,7.4708334999999995,40.496392,-112.036298
Herriman #3,2019-11-25,1.35,40.496392,-112.036298
Herriman #3,2019-11-26,1.3916665000000001,40.496392,-112.036298
Herriman #3,2019-11-27,2.7625,40.496392,-112.036298
Herriman #3,2019-11-28,3.335417,40.496392,-112.036298
Herriman #3,2019-11-29,1.483333,40.496392,-112.036298
Herriman #3,2019-11-30,2.53125,40.496392,-112.036298
Herriman #3,2019-12-01,0.4604165,40.496392,-112.036298
Herriman #3,2019-12-02,18.262945000000002,40.496392,-112.036298
Herriman #3,2019-12-03,34.98125,40.496392,-112.036298
Herriman #3,2019-12-04,42.6645835,40.496392,-112.036298
Herriman #3,2019-12-05,21.975,40.496392,-112.036298
Herriman #3,2019-12-06,7.38125,40.496392,-112.036298
Herriman #3,2019-12-07,0.54375,40.496392,-112.036298
Herriman #3,2019-12-08,1.470833,40.496392,-112.036298
Herriman #3,2019-12-09,2.8666665,40.496392,-112.036298
Herriman #3,2019-12-10,4.420833,40.496392,-112.036298
Herriman #3,2019-12-11,4.6395835,40.496392,-112.036298
Herriman #3,2019-12-12,2.679167,40.496392,-112.036298
Herriman #3,2019-12-13,1.2625,40.496392,-112.036298
Herriman #3,2019-12-14,2.0625,40.496392,-112.036298
Herriman #3,2019-12-15,1.15,40.496392,-112.036298
Herriman #3,2019-12-16,3.577083,40.496392,-112.036298
Herriman #3,2019-12-17,5.8875,40.496392,-112.036298
Herriman #3,2019-12-18,6.2,40.496392,-112.036298
Herriman #3,2019-12-19,16.035417,40.496392,-112.036298
Herriman #3,2019-12-20,3.2479165,40.496392,-112.036298
Herriman #3,2019-12-21,0.7958335,40.496392,-112.036298
Herriman #3,2019-12-22,0.44166649999999996,40.496392,-112.036298
Herriman #3,2019-12-23,1.0270835,40.496392,-112.036298
Herriman #3,2019-12-24,1.0708335,40.496392,-112.036298
Herriman #3,2019-12-25,3.2916665,40.496392,-112.036298
Herriman #3,2019-12-26,5.05625,40.496392,-112.036298
Herriman #3,2019-12-27,7.8770834999999995,40.496392,-112.036298
Herriman #3,2019-12-28,2.2270835,40.496392,-112.036298
Herriman #3,2019-12-29,4.1354165,40.496392,-112.036298
Herriman #3,2019-12-30,8.0833335,40.496392,-112.036298
Herriman #3,2019-12-31,5.941667000000001,40.496392,-112.036298
Herriman #3,2020-01-01,2.8395835,40.496392,-112.036298
Herriman #3,2020-01-02,1.075,40.496392,-112.036298
Herriman #3,2020-01-03,2.5875,40.496392,-112.036298
Herriman #3,2020-01-04,2.4312500000000004,40.496392,-112.036298
Herriman #3,2020-01-05,4.9270835,40.496392,-112.036298
Herriman #3,2020-01-06,1.335417,40.496392,-112.036298
Herriman #3,2020-01-07,1.0458335,40.496392,-112.036298
Herriman #3,2020-01-08,3.2604165,40.496392,-112.036298
Herriman #3,2020-01-09,2.6875,40.496392,-112.036298
Herriman #3,2020-01-10,1.1,40.496392,-112.036298
Herriman #3,2020-01-11,1.204167,40.496392,-112.036298
Herriman #3,2020-01-12,1.5479165,40.496392,-112.036298
Herriman #3,2020-01-13,0.9210475,40.496392,-112.036298
Herriman #3,2020-01-14,1.0104165,40.496392,-112.036298
Herriman #3,2020-01-15,2.2270835,40.496392,-112.036298
Herriman #3,2020-01-16,0.991667,40.496392,-112.036298
Herriman #3,2020-01-17,1.7041665,40.496392,-112.036298
Herriman #3,2020-01-18,1.2645835,40.496392,-112.036298
Herriman #3,2020-01-19,4.7916665,40.496392,-112.036298
Herriman #3,2020-01-20,9.175,40.496392,-112.036298
Herriman #3,2020-01-21,2.025,40.496392,-112.036298
Herriman #3,2020-01-22,6.0583335,40.496392,-112.036298
Herriman #3,2020-01-23,4.88125,40.496392,-112.036298
Herriman #3,2020-01-24,3.2270835,40.496392,-112.036298
Herriman #3,2020-01-25,4.13125,40.496392,-112.036298
Herriman #3,2020-01-26,4.635417,40.496392,-112.036298
Herriman #3,2020-01-27,1.9458335,40.496392,-112.036298
Herriman #3,2020-01-28,2.0990115,40.496392,-112.036298
Herriman #3,2020-01-29,2.210417,40.496392,-112.036298
Herriman #3,2020-01-30,4.0791664999999995,40.496392,-112.036298
Herriman #3,2020-01-31,6.308333,40.496392,-112.036298
Herriman #3,2020-02-01,1.7041665,40.496392,-112.036298
Herriman #3,2020-02-02,2.1354170000000003,40.496392,-112.036298
Herriman #3,2020-02-03,0.5,40.496392,-112.036298
Herriman #3,2020-02-04,1.2645835,40.496392,-112.036298
Herriman #3,2020-02-05,1.477083,40.496392,-112.036298
Herriman #3,2020-02-06,1.94375,40.496392,-112.036298
Herriman #3,2020-02-07,1.46875,40.496392,-112.036298
Herriman #3,2020-02-08,0.2541665,40.496392,-112.036298
Herriman #3,2020-02-09,1.0979165,40.496392,-112.036298
Herriman #3,2020-02-10,2.05,40.496392,-112.036298
Herriman #3,2020-02-11,3.0916664999999997,40.496392,-112.036298
Herriman #3,2020-02-12,3.4854165,40.496392,-112.036298
Herriman #3,2020-02-13,3.2479165,40.496392,-112.036298
Herriman #3,2020-02-14,2.0416665,40.496392,-112.036298
Herriman #3,2020-02-15,4.574999999999999,40.496392,-112.036298
Herriman #3,2020-02-16,3.05,40.496392,-112.036298
Herriman #3,2020-02-17,3.2916665,40.496392,-112.036298
Herriman #3,2020-02-18,3.3125,40.496392,-112.036298
Herriman #3,2020-02-19,4.872917,40.496392,-112.036298
Herriman #3,2020-02-20,6.764583,40.496392,-112.036298
Herriman #3,2020-02-21,10.4875,40.496392,-112.036298
Herriman #3,2020-02-22,12.329167,40.496392,-112.036298
Herriman #3,2020-02-23,5.44375,40.496392,-112.036298
Herriman #3,2020-02-24,0.702083,40.496392,-112.036298
Herriman #3,2020-02-25,1.1375000000000002,40.496392,-112.036298
Herriman #3,2020-02-26,1.9057065,40.496392,-112.036298
Herriman #3,2020-02-27,6.0625,40.496392,-112.036298
Herriman #3,2020-02-28,3.839583,40.496392,-112.036298
Herriman #3,2020-02-29,1.3958335,40.496392,-112.036298
Herriman #3,2020-03-01,1.704167,40.496392,-112.036298
Herriman #3,2020-03-02,2.5333335,40.496392,-112.036298
Herriman #3,2020-03-03,3.2479164999999997,40.496392,-112.036298
Herriman #3,2020-03-04,4.9708334999999995,40.496392,-112.036298
Herriman #3,2020-03-05,2.3812499999999996,40.496392,-112.036298
Herriman #3,2020-03-06,1.44375,40.496392,-112.036298
Herriman #3,2020-03-07,9.664583499999999,40.496392,-112.036298
Herriman #3,2020-03-08,3.625,40.496392,-112.036298
Herriman #3,2020-03-09,2.2479165,40.496392,-112.036298
Herriman #3,2020-03-10,3.7520835000000003,40.496392,-112.036298
Herriman #3,2020-03-11,2.9104165,40.496392,-112.036298
Herriman #3,2020-03-12,2.7416665,40.496392,-112.036298
Herriman #3,2020-03-13,3.7395834999999997,40.496392,-112.036298
Herriman #3,2020-03-14,1.541667,40.496392,-112.036298
Herriman #3,2020-03-15,1.41875,40.496392,-112.036298
Herriman #3,2020-03-16,1.7061595,40.496392,-112.036298
Herriman #3,2020-03-17,1.8104165,40.496392,-112.036298
Herriman #3,2020-03-18,1.11875,40.496392,-112.036298
Herriman #3,2020-03-19,1.9895835000000002,40.496392,-112.036298
Herriman #3,2020-03-20,1.5875,40.496392,-112.036298
Herriman #3,2020-03-21,1.8875,40.496392,-112.036298
Herriman #3,2020-03-22,2.5,40.496392,-112.036298
Herriman #3,2020-03-23,1.4583335000000002,40.496392,-112.036298
Herriman #3,2020-03-24,1.2729165,40.496392,-112.036298
Herriman #3,2020-03-25,2.283333,40.496392,-112.036298
Herriman #3,2020-03-26,1.44375,40.496392,-112.036298
Herriman #3,2020-03-27,2.5270835,40.496392,-112.036298
Herriman #3,2020-03-28,5.210417,40.496392,-112.036298
Herriman #3,2020-03-29,3.229167,40.496392,-112.036298
Herriman #3,2020-03-30,2.7750000000000004,40.496392,-112.036298
Herriman #3,2020-03-31,1.9895835000000002,40.496392,-112.036298
Herriman #3,2020-04-01,2.35625,40.496392,-112.036298
Herriman #3,2020-04-02,2.333333,40.496392,-112.036298
Herriman #3,2020-04-03,1.7833329999999998,40.496392,-112.036298
Herriman #3,2020-04-04,2.460417,40.496392,-112.036298
Herriman #3,2020-04-05,5.185416999999999,40.496392,-112.036298
Herriman #3,2020-04-06,4.2979164999999995,40.496392,-112.036298
Herriman #3,2020-04-07,4.2979165,40.496392,-112.036298
Herriman #3,2020-04-08,4.708333,40.496392,-112.036298
Herriman #3,2020-04-09,3.652083,40.496392,-112.036298
Herriman #3,2020-04-10,3.7979165,40.496392,-112.036298
Herriman #3,2020-04-11,3.1875,40.496392,-112.036298
Herriman #3,2020-04-12,2.7875,40.496392,-112.036298
Herriman #3,2020-04-13,4.1652175,40.496392,-112.036298
Herriman #3,2020-04-14,4.691667000000001,40.496392,-112.036298
Herriman #3,2020-04-15,2.4770835,40.496392,-112.036298
Herriman #3,2020-04-16,2.1333335,40.496392,-112.036298
Herriman #3,2020-04-17,3.9812499999999997,40.496392,-112.036298
Herriman #3,2020-04-18,5.183333,40.496392,-112.036298
Herriman #3,2020-04-19,2.9291665,40.496392,-112.036298
Herriman #3,2020-04-20,5.4458335,40.496392,-112.036298
Herriman #3,2020-04-21,5.2875,40.496392,-112.036298
Herriman #3,2020-04-22,4.23125,40.496392,-112.036298
Herriman #3,2020-04-23,3.2666665,40.496392,-112.036298
Herriman #3,2020-04-24,3.0520835,40.496392,-112.036298
Herriman #3,2020-04-25,4.2229165,40.496392,-112.036298
Herriman #3,2020-04-26,2.58125,40.496392,-112.036298
Herriman #3,2020-04-27,3.7375,40.496392,-112.036298
Herriman #3,2020-04-28,3.9083335000000003,40.496392,-112.036298
Herriman #3,2020-04-29,2.995833,40.496392,-112.036298
Herriman #3,2020-04-30,3.514583,40.496392,-112.036298
Herriman #3,2020-05-01,6.15625,40.496392,-112.036298
Herriman #3,2020-05-02,5.060417,40.496392,-112.036298
Herriman #3,2020-05-03,4.4458335,40.496392,-112.036298
Herriman #3,2020-05-04,3.1354165,40.496392,-112.036298
Herriman #3,2020-05-05,4.15,40.496392,-112.036298
Herriman #3,2020-05-06,7.6770835,40.496392,-112.036298
Herriman #3,2020-05-07,2.4229165000000004,40.496392,-112.036298
Herriman #3,2020-05-08,3.7604170000000003,40.496392,-112.036298
Herriman #3,2020-05-09,3.304167,40.496392,-112.036298
Herriman #3,2020-05-10,5.7958335000000005,40.496392,-112.036298
Herriman #3,2020-05-11,4.6375,40.496392,-112.036298
Herriman #3,2020-05-12,6.139583,40.496392,-112.036298
Herriman #3,2020-05-13,4.7395835,40.496392,-112.036298
Herriman #3,2020-05-14,3.7550725,40.496392,-112.036298
Herriman #3,2020-05-15,3.03125,40.496392,-112.036298
Herriman #3,2020-05-16,3.75,40.496392,-112.036298
Herriman #3,2020-05-17,6.502083000000001,40.496392,-112.036298
Herriman #3,2020-05-18,7.652083,40.496392,-112.036298
Herriman #3,2020-05-19,6.50625,40.496392,-112.036298
Herriman #3,2020-05-20,1.9958334999999998,40.496392,-112.036298
Herriman #3,2020-05-21,2.1395835,40.496392,-112.036298
Herriman #3,2020-05-22,3.25,40.496392,-112.036298
Herriman #3,2020-05-23,1.8354165,40.496392,-112.036298
Herriman #3,2020-05-24,2.7375,40.496392,-112.036298
Herriman #3,2020-05-25,1.939583,40.496392,-112.036298
Herriman #3,2020-05-26,3.68125,40.496392,-112.036298
Herriman #3,2020-05-27,5.616667,40.496392,-112.036298
Herriman #3,2020-05-28,5.4770835,40.496392,-112.036298
Herriman #3,2020-05-29,6.01875,40.496392,-112.036298
Herriman #3,2020-05-30,5.1270834999999995,40.496392,-112.036298
Herriman #3,2020-05-31,5.237500000000001,40.496392,-112.036298
Herriman #3,2020-06-01,3.920833,40.496392,-112.036298
Herriman #3,2020-06-02,8.025,40.496392,-112.036298
Herriman #3,2020-06-03,10.2736415,40.496392,-112.036298
Herriman #3,2020-06-04,7.6312500000000005,40.496392,-112.036298
Herriman #3,2020-06-05,7.8416665,40.496392,-112.036298
Herriman #3,2020-06-06,4.5458335000000005,40.496392,-112.036298
Herriman #3,2020-06-07,4.2333335000000005,40.496392,-112.036298
Herriman #3,2020-06-08,1.258333,40.496392,-112.036298
Herriman #3,2020-06-09,1.679167,40.496392,-112.036298
Herriman #3,2020-06-10,2.0729165,40.496392,-112.036298
Herriman #3,2020-06-11,2.1270835,40.496392,-112.036298
Herriman #3,2020-06-12,4.8166665,40.496392,-112.036298
Herriman #3,2020-06-13,5.7375,40.496392,-112.036298
Herriman #3,2020-06-14,4.14375,40.496392,-112.036298
Herriman #3,2020-06-15,4.4791665,40.496392,-112.036298
Herriman #3,2020-06-16,3.09375,40.496392,-112.036298
Herriman #3,2020-06-17,1.6583335,40.496392,-112.036298
Herriman #3,2020-06-18,1.9645830000000002,40.496392,-112.036298
Herriman #3,2020-06-19,2.9208335,40.496392,-112.036298
Herriman #3,2020-06-20,3.3708335,40.496392,-112.036298
Herriman #3,2020-06-21,3.8625,40.496392,-112.036298
Herriman #3,2020-06-22,4.085417,40.496392,-112.036298
Herriman #3,2020-06-23,4.558333,40.496392,-112.036298
Herriman #3,2020-06-24,5.179167,40.496392,-112.036298
Herriman #3,2020-06-25,6.4833335000000005,40.496392,-112.036298
Herriman #3,2020-06-26,4.615909,40.496392,-112.036298
Herriman #3,2020-06-27,6.2229165,40.496392,-112.036298
Herriman #3,2020-06-28,13.0041665,40.496392,-112.036298
Herriman #3,2020-06-29,3.71875,40.496392,-112.036298
Herriman #3,2020-06-30,4.5645834999999995,40.496392,-112.036298
Herriman #3,2020-07-01,5.387499999999999,40.496392,-112.036298
Herriman #3,2020-07-02,5.175000000000001,40.496392,-112.036298
Herriman #3,2020-07-03,6.195833,40.496392,-112.036298
Herriman #3,2020-07-04,6.8645835,40.496392,-112.036298
Herriman #3,2020-07-05,14.8916665,40.496392,-112.036298
Herriman #3,2020-07-06,7.5208335,40.496392,-112.036298
Herriman #3,2020-07-07,10.2770835,40.496392,-112.036298
Herriman #3,2020-07-08,8.33125,40.496392,-112.036298
Herriman #3,2020-07-09,7.3041665,40.496392,-112.036298
Herriman #3,2020-07-10,8.245833000000001,40.496392,-112.036298
Herriman #3,2020-07-11,7.2916665,40.496392,-112.036298
Herriman #3,2020-07-12,8.095833500000001,40.496392,-112.036298
Herriman #3,2020-07-13,8.5833335,40.496392,-112.036298
Herriman #3,2020-07-14,5.175,40.496392,-112.036298
Herriman #3,2020-07-15,6.927083,40.496392,-112.036298
Herriman #3,2020-07-16,8.597916999999999,40.496392,-112.036298
Herriman #3,2020-07-17,7.0979165,40.496392,-112.036298
Herriman #3,2020-07-18,9.0625,40.496392,-112.036298
Herriman #3,2020-07-19,12.0958335,40.496392,-112.036298
Herriman #3,2020-07-20,9.279167,40.496392,-112.036298
Herriman #3,2020-07-21,13.383333499999999,40.496392,-112.036298
Herriman #3,2020-07-22,7.104005,40.496392,-112.036298
Herriman #3,2020-07-23,4.2125,40.496392,-112.036298
Herriman #3,2020-07-24,6.141667,40.496392,-112.036298
Herriman #3,2020-07-25,5.941667,40.496392,-112.036298
Herriman #3,2020-07-26,5.6875,40.496392,-112.036298
Herriman #3,2020-07-27,7.7434294999999995,40.496392,-112.036298
Herriman #3,2020-07-28,7.1291665,40.496392,-112.036298
Herriman #3,2020-07-29,7.9979165000000005,40.496392,-112.036298
Herriman #3,2020-07-30,9.602083,40.496392,-112.036298
Herriman #3,2020-07-31,7.2791665000000005,40.496392,-112.036298
Herriman #3,2020-08-01,6.554167,40.496392,-112.036298
Herriman #3,2020-08-02,5.845833,40.496392,-112.036298
Herriman #3,2020-08-03,15.3916665,40.496392,-112.036298
Herriman #3,2020-08-04,13.3791665,40.496392,-112.036298
Herriman #3,2020-08-05,8.9208335,40.496392,-112.036298
Herriman #3,2020-08-06,5.372917,40.496392,-112.036298
Herriman #3,2020-08-07,6.93125,40.496392,-112.036298
Herriman #3,2020-08-08,6.55625,40.496392,-112.036298
Herriman #3,2020-08-09,5.797917,40.496392,-112.036298
Herriman #3,2020-08-10,6.920833,40.496392,-112.036298
Herriman #3,2020-08-11,6.11875,40.496392,-112.036298
Herriman #3,2020-08-12,10.5458335,40.496392,-112.036298
Herriman #3,2020-08-13,14.1354165,40.496392,-112.036298
Herriman #3,2020-08-14,12.816666999999999,40.496392,-112.036298
Herriman #3,2020-08-15,9.216667000000001,40.496392,-112.036298
Herriman #3,2020-08-16,6.6854165000000005,40.496392,-112.036298
Herriman #3,2020-08-17,10.945833499999999,40.496392,-112.036298
Herriman #3,2020-08-18,11.075,40.496392,-112.036298
Herriman #3,2020-08-19,12.914583,40.496392,-112.036298
Herriman #3,2020-08-20,17.56875,40.496392,-112.036298
Herriman #3,2020-08-21,48.977083,40.496392,-112.036298
Herriman #3,2020-08-22,32.7083335,40.496392,-112.036298
Herriman #3,2020-08-23,14.7458335,40.496392,-112.036298
Herriman #3,2020-08-24,16.3729165,40.496392,-112.036298
Herriman #3,2020-08-25,17.620833,40.496392,-112.036298
Herriman #3,2020-08-26,13.53125,40.496392,-112.036298
Herriman #3,2020-08-27,11.5729165,40.496392,-112.036298
Herriman #3,2020-08-28,13.702083,40.496392,-112.036298
Herriman #3,2020-08-29,11.9645835,40.496392,-112.036298
Herriman #3,2020-08-30,13.34375,40.496392,-112.036298
Herriman #3,2020-08-31,5.891667,40.496392,-112.036298
Herriman #3,2020-09-01,3.7395829999999997,40.496392,-112.036298
Herriman #3,2020-09-02,5.1,40.496392,-112.036298
Herriman #3,2020-09-03,5.242857,40.496392,-112.036298
Herriman #3,2020-09-04,9.227083,40.496392,-112.036298
Herriman #3,2020-09-05,8.279167,40.496392,-112.036298
Herriman #3,2020-09-06,27.3875,40.496392,-112.036298
Herriman #3,2020-09-07,31.00625,40.496392,-112.036298
Herriman #3,2020-09-08,2.24375,40.496392,-112.036298
Herriman #3,2020-09-09,3.70625,40.496392,-112.036298
Herriman #3,2020-09-10,8.3625,40.496392,-112.036298
Herriman #3,2020-09-11,10.33125,40.496392,-112.036298
Herriman #3,2020-09-12,14.4083335,40.496392,-112.036298
Herriman #3,2020-09-13,12.4833335,40.496392,-112.036298
Herriman #3,2020-09-14,6.3458335,40.496392,-112.036298
Herriman #3,2020-09-15,7.8791665,40.496392,-112.036298
Herriman #3,2020-09-16,10.3166665,40.496392,-112.036298
Herriman #3,2020-09-17,12.8895835,40.496392,-112.036298
Herriman #3,2020-09-18,14.516667,40.496392,-112.036298
Herriman #3,2020-09-19,24.491667,40.496392,-112.036298
Herriman #3,2020-09-20,19.924999999999997,40.496392,-112.036298
Herriman #3,2020-09-21,19.372916500000002,40.496392,-112.036298
Herriman #3,2020-09-22,10.8541665,40.496392,-112.036298
Herriman #3,2020-09-23,13.3958335,40.496392,-112.036298
Herriman #3,2020-09-24,15.3,40.496392,-112.036298
Herriman #3,2020-09-25,20.5,40.496392,-112.036298
Herriman #3,2020-09-26,8.2875,40.496392,-112.036298
Herriman #3,2020-09-27,3.7541665,40.496392,-112.036298
Herriman #3,2020-09-28,3.10625,40.496392,-112.036298
Herriman #3,2020-09-29,6.4604165,40.496392,-112.036298
Herriman #3,2020-09-30,7.1125,40.496392,-112.036298
Herriman #3,2020-10-01,5.964583,40.496392,-112.036298
Herriman #3,2020-10-02,8.4729165,40.496392,-112.036298
Herriman #3,2020-10-03,16.872916500000002,40.496392,-112.036298
Herriman #3,2020-10-04,24.78125,40.496392,-112.036298
Herriman #3,2020-10-05,20.90625,40.496392,-112.036298
Herriman #3,2020-10-06,29.393749999999997,40.496392,-112.036298
Herriman #3,2020-10-07,28.291666499999998,40.496392,-112.036298
Herriman #3,2020-10-09,9.934999999999999,40.496392,-112.036298
Herriman #3,2020-10-10,8.179167,40.496392,-112.036298
Herriman #3,2020-10-11,2.7166665,40.496392,-112.036298
Herriman #3,2020-10-12,2.789583,40.496392,-112.036298
Herriman #3,2020-10-13,4.5854165,40.496392,-112.036298
Herriman #3,2020-10-14,3.5916665,40.496392,-112.036298
Herriman #3,2020-10-15,3.4937500000000004,40.496392,-112.036298
Herriman #3,2020-10-16,4.63125,40.496392,-112.036298
Herriman #3,2020-10-17,3.4437499999999996,40.496392,-112.036298
Herriman #3,2020-10-18,3.6270835,40.496392,-112.036298
Herriman #3,2020-10-19,4.6541665000000005,40.496392,-112.036298
Herriman #3,2020-10-20,4.63125,40.496392,-112.036298
Herriman #3,2020-10-21,4.3479165,40.496392,-112.036298
Herriman #3,2020-10-22,4.4395834999999995,40.496392,-112.036298
Herriman #3,2020-10-23,5.5413045,40.496392,-112.036298
Herriman #3,2020-10-24,6.0208335,40.496392,-112.036298
Herriman #3,2020-10-25,3.9958335,40.496392,-112.036298
Herriman #3,2020-10-26,5.3479165,40.496392,-112.036298
Herriman #3,2020-10-27,8.9020835,40.496392,-112.036298
Herriman #3,2020-10-28,8.595833500000001,40.496392,-112.036298
Herriman #3,2020-10-29,9.375,40.496392,-112.036298
Herriman #3,2020-10-30,3.6104165000000004,40.496392,-112.036298
Herriman #3,2020-10-31,4.6541665,40.496392,-112.036298
Herriman #3,2020-11-01,6.9958335,40.496392,-112.036298
Herriman #3,2020-11-02,7.98125,40.496392,-112.036298
Herriman #3,2020-11-03,9.2604165,40.496392,-112.036298
Herriman #3,2020-11-04,7.5333334999999995,40.496392,-112.036298
Herriman #3,2020-11-05,6.2854165,40.496392,-112.036298
Herriman #3,2020-11-06,7.03125,40.496392,-112.036298
Herriman #3,2020-11-07,5.6125,40.496392,-112.036298
Herriman #3,2020-11-08,2.05,40.496392,-112.036298
Herriman #3,2020-11-09,4.9333335,40.496392,-112.036298
Herriman #3,2020-11-10,3.2729169999999996,40.496392,-112.036298
Herriman #3,2020-11-11,2.7958335,40.496392,-112.036298
Herriman #3,2020-11-12,1.90625,40.496392,-112.036298
Herriman #3,2020-11-13,2.375,40.496392,-112.036298
Herriman #3,2020-11-14,0.95625,40.496392,-112.036298
Herriman #3,2020-11-15,1.2208335000000001,40.496392,-112.036298
Herriman #3,2020-11-16,2.00625,40.496392,-112.036298
Herriman #3,2020-11-17,1.3804345,40.496392,-112.036298
Herriman #3,2020-11-18,5.6583335,40.496392,-112.036298
Herriman #3,2020-11-19,3.2541665,40.496392,-112.036298
Herriman #3,2020-11-20,4.682608500000001,40.496392,-112.036298
Herriman #3,2020-11-21,5.65625,40.496392,-112.036298
Herriman #3,2020-11-22,7.2645835,40.496392,-112.036298
Herriman #3,2020-11-23,10.23125,40.496392,-112.036298
Herriman #3,2020-11-24,4.7333335000000005,40.496392,-112.036298
Herriman #3,2020-11-25,4.7833334999999995,40.496392,-112.036298
Herriman #3,2020-11-26,1.5729165,40.496392,-112.036298
Herriman #3,2020-11-27,1.9083329999999998,40.496392,-112.036298
Herriman #3,2020-11-28,6.76875,40.496392,-112.036298
Herriman #3,2020-11-29,8.991667,40.496392,-112.036298
Herriman #3,2020-11-30,5.7416665,40.496392,-112.036298
Herriman #3,2020-12-01,2.9291665,40.496392,-112.036298
Herriman #3,2020-12-02,3.7708335,40.496392,-112.036298
Herriman #3,2020-12-03,5.4895835,40.496392,-112.036298
Herriman #3,2020-12-04,11.0458335,40.496392,-112.036298
Herriman #3,2020-12-05,13.897917,40.496392,-112.036298
Herriman #3,2020-12-06,17.877083,40.496392,-112.036298
Herriman #3,2020-12-07,20.275,40.496392,-112.036298
Herriman #3,2020-12-08,17.299999999999997,40.496392,-112.036298
Herriman #3,2020-12-09,19.275,40.496392,-112.036298
Herriman #3,2020-12-10,22.3479165,40.496392,-112.036298
Herriman #3,2020-12-11,12.3708335,40.496392,-112.036298
Herriman #3,2020-12-12,3.7833335,40.496392,-112.036298
Herriman #3,2020-12-13,2.9916665,40.496392,-112.036298
Herriman #3,2020-12-14,6.854167,40.496392,-112.036298
Herriman #3,2020-12-15,4.277083,40.496392,-112.036298
Herriman #3,2020-12-16,3.391667,40.496392,-112.036298
Herriman #3,2020-12-17,1.8145829999999998,40.496392,-112.036298
Herriman #3,2020-12-18,4.064583,40.496392,-112.036298
Herriman #3,2020-12-19,3.083333,40.496392,-112.036298
Herriman #3,2020-12-20,2.272917,40.496392,-112.036298
Herriman #3,2020-12-21,1.0375,40.496392,-112.036298
Herriman #3,2020-12-22,1.408696,40.496392,-112.036298
Herriman #3,2020-12-23,1.772917,40.496392,-112.036298
Herriman #3,2020-12-24,3.79375,40.496392,-112.036298
Herriman #3,2020-12-25,6.295833,40.496392,-112.036298
Herriman #3,2020-12-26,6.1,40.496392,-112.036298
Herriman #3,2020-12-27,3.2229165,40.496392,-112.036298
Herriman #3,2020-12-28,3.4354165,40.496392,-112.036298
Herriman #3,2020-12-29,4.8041665,40.496392,-112.036298
Herriman #3,2020-12-30,6.0395835,40.496392,-112.036298
Herriman #3,2020-12-31,10.64375,40.496392,-112.036298
Herriman #3,2021-01-01,6.03125,40.496392,-112.036298
Herriman #3,2021-01-02,5.627083000000001,40.496392,-112.036298
Herriman #3,2021-01-03,2.6500000000000004,40.496392,-112.036298
Herriman #3,2021-01-04,1.6833335,40.496392,-112.036298
Herriman #3,2021-01-05,2.5666665,40.496392,-112.036298
Herriman #3,2021-01-06,0.9604165,40.496392,-112.036298
Herriman #3,2021-01-07,4.279167,40.496392,-112.036298
Herriman #3,2021-01-08,6.38125,40.496392,-112.036298
Herriman #3,2021-01-09,7.5208335,40.496392,-112.036298
Herriman #3,2021-01-10,6.4833335,40.496392,-112.036298
Herriman #3,2021-01-11,15.3,40.496392,-112.036298
Herriman #3,2021-01-12,15.60625,40.496392,-112.036298
Herriman #3,2021-01-13,7.74375,40.496392,-112.036298
Herriman #3,2021-01-14,1.010417,40.496392,-112.036298
Herriman #3,2021-01-15,2.0333335000000003,40.496392,-112.036298
Herriman #3,2021-01-16,9.03125,40.496392,-112.036298
Herriman #3,2021-01-17,4.7020835000000005,40.496392,-112.036298
Herriman #3,2021-01-18,2.566667,40.496392,-112.036298
Herriman #3,2021-01-19,1.6479165,40.496392,-112.036298
Herriman #3,2021-01-20,3.6520835,40.496392,-112.036298
Herriman #3,2021-01-21,6.4625,40.496392,-112.036298
Herriman #3,2021-01-22,2.081028,40.496392,-112.036298
Herriman #3,2021-01-23,4.295833,40.496392,-112.036298
Herriman #3,2021-01-24,8.994345,40.496392,-112.036298
Herriman #3,2021-01-25,6.208333,40.496392,-112.036298
Herriman #3,2021-01-26,4.3541665,40.496392,-112.036298
Herriman #3,2021-01-27,1.8666665,40.496392,-112.036298
Herriman #3,2021-01-28,1.010417,40.496392,-112.036298
Herriman #3,2021-01-29,1.0770835,40.496392,-112.036298
Herriman #3,2021-01-30,1.8729165,40.496392,-112.036298
Herriman #3,2021-01-31,3.5854165,40.496392,-112.036298
Herriman #3,2021-02-01,4.1020835,40.496392,-112.036298
Herriman #3,2021-02-02,1.477083,40.496392,-112.036298
Herriman #3,2021-02-03,4.1791665,40.496392,-112.036298
Herriman #3,2021-02-04,2.8499999999999996,40.496392,-112.036298
Herriman #3,2021-02-05,11.1875,40.496392,-112.036298
Herriman #3,2021-02-06,4.0520835,40.496392,-112.036298
Herriman #3,2021-02-07,3.8125,40.496392,-112.036298
Herriman #3,2021-02-08,3.5729165,40.496392,-112.036298
Herriman #3,2021-02-09,3.827083,40.496392,-112.036298
Herriman #3,2021-02-10,4.958696,40.496392,-112.036298
Herriman #3,2021-02-11,2.3041665,40.496392,-112.036298
Herriman #3,2021-02-12,0.725,40.496392,-112.036298
Herriman #3,2021-02-13,0.7145835,40.496392,-112.036298
Herriman #3,2021-02-14,2.9145835,40.496392,-112.036298
Herriman #3,2021-02-15,2.5625,40.496392,-112.036298
Herriman #3,2021-02-16,1.541667,40.496392,-112.036298
Herriman #3,2021-02-17,0.8416665,40.496392,-112.036298
Herriman #3,2021-02-18,2.0145834999999996,40.496392,-112.036298
Herriman #3,2021-02-19,1.20625,40.496392,-112.036298
Herriman #3,2021-02-20,1.6270835,40.496392,-112.036298
Herriman #3,2021-02-21,1.302083,40.496392,-112.036298
Herriman #3,2021-02-22,3.4333335,40.496392,-112.036298
Herriman #3,2021-02-23,1.3979165,40.496392,-112.036298
Herriman #3,2021-02-24,1.089583,40.496392,-112.036298
Herriman #3,2021-02-25,1.2875,40.496392,-112.036298
Herriman #3,2021-02-26,1.0458335,40.496392,-112.036298
Herriman #3,2021-02-27,0.8208335,40.496392,-112.036298
Herriman #3,2021-02-28,3.3520835,40.496392,-112.036298
Herriman #3,2021-03-01,5.2166665000000005,40.496392,-112.036298
Herriman #3,2021-03-02,2.920833,40.496392,-112.036298
Herriman #3,2021-03-03,2.5041665,40.496392,-112.036298
Herriman #3,2021-03-04,4.50625,40.496392,-112.036298
Herriman #3,2021-03-05,4.477083,40.496392,-112.036298
Herriman #3,2021-03-06,6.5520835,40.496392,-112.036298
Herriman #3,2021-03-07,8.10625,40.496392,-112.036298
Herriman #3,2021-03-08,6.4375,40.496392,-112.036298
Herriman #3,2021-03-09,7.4375,40.496392,-112.036298
Herriman #3,2021-03-10,5.772917,40.496392,-112.036298
Herriman #3,2021-03-11,4.0354165,40.496392,-112.036298
Herriman #3,2021-03-12,4.425000000000001,40.496392,-112.036298
Herriman #3,2021-03-13,4.6354165,40.496392,-112.036298
Herriman #3,2021-03-14,3.175,40.496392,-112.036298
Herriman #3,2021-03-15,2.25625,40.496392,-112.036298
Herriman #3,2021-03-16,4.8729165000000005,40.496392,-112.036298
Herriman #3,2021-03-17,6.0979165,40.496392,-112.036298
Herriman #3,2021-03-18,3.5104170000000003,40.496392,-112.036298
Herriman #3,2021-03-19,2.8375,40.496392,-112.036298
Herriman #3,2021-03-20,3.147917,40.496392,-112.036298
Herriman #3,2021-03-21,2.758333,40.496392,-112.036298
Herriman #3,2021-03-22,5.7369565,40.496392,-112.036298
Herriman #3,2021-03-23,4.364583,40.496392,-112.036298
Herriman #3,2021-03-24,1.5499999999999998,40.496392,-112.036298
Herriman #3,2021-03-25,1.339583,40.496392,-112.036298
Herriman #3,2021-03-26,1.55625,40.496392,-112.036298
Herriman #3,2021-03-27,3.4166665,40.496392,-112.036298
Herriman #3,2021-03-28,3.8791665,40.496392,-112.036298
Herriman #3,2021-03-29,9.197917,40.496392,-112.036298
Herriman #3,2021-03-30,3.2375,40.496392,-112.036298
Herriman #3,2021-03-31,5.739583,40.496392,-112.036298
Herriman #3,2021-04-01,7.035417,40.496392,-112.036298
Herriman #3,2021-04-02,6.66875,40.496392,-112.036298
Herriman #3,2021-04-03,7.539583500000001,40.496392,-112.036298
Herriman #3,2021-04-04,5.43125,40.496392,-112.036298
Herriman #3,2021-04-05,6.19375,40.496392,-112.036298
Herriman #3,2021-04-06,3.5666665,40.496392,-112.036298
Herriman #3,2021-04-07,3.9041665,40.496392,-112.036298
Herriman #3,2021-04-08,6.8333335,40.496392,-112.036298
Herriman #3,2021-04-09,3.7833335,40.496392,-112.036298
Herriman #3,2021-04-10,5.0104165,40.496392,-112.036298
Herriman #3,2021-04-11,4.8166665,40.496392,-112.036298
Herriman #3,2021-04-12,4.1166665,40.496392,-112.036298
Herriman #3,2021-04-13,4.4375,40.496392,-112.036298
Herriman #3,2021-04-14,4.84375,40.496392,-112.036298
Herriman #3,2021-04-15,4.64375,40.496392,-112.036298
Herriman #3,2021-04-16,2.516667,40.496392,-112.036298
Herriman #3,2021-04-17,2.1416665,40.496392,-112.036298
Herriman #3,2021-04-18,3.391667,40.496392,-112.036298
Herriman #3,2021-04-19,6.3416665,40.496392,-112.036298
Herriman #3,2021-04-20,4.441667,40.496392,-112.036298
Herriman #3,2021-04-21,4.389583,40.496392,-112.036298
Herriman #3,2021-04-22,5.5520835,40.496392,-112.036298
Herriman #3,2021-04-23,5.6291665,40.496392,-112.036298
Herriman #3,2021-04-24,7.0833335,40.496392,-112.036298
Herriman #3,2021-04-25,5.4541664999999995,40.496392,-112.036298
Herriman #3,2021-04-26,2.533333,40.496392,-112.036298
Herriman #3,2021-04-27,2.572917,40.496392,-112.036298
Herriman #3,2021-04-28,4.2416665,40.496392,-112.036298
Herriman #3,2021-04-29,5.6479165,40.496392,-112.036298
Herriman #3,2021-04-30,4.204167,40.496392,-112.036298
Herriman #3,2021-05-01,4.4895835,40.496392,-112.036298
Herriman #3,2021-05-02,4.50625,40.496392,-112.036298
Herriman #3,2021-05-03,2.41875,40.496392,-112.036298
Herriman #3,2021-05-04,4.1479165,40.496392,-112.036298
Herriman #3,2021-05-05,6.139583,40.496392,-112.036298
Herriman #3,2021-05-06,5.8108699999999995,40.496392,-112.036298
Herriman #3,2021-05-07,8.675,40.496392,-112.036298
Herriman #3,2021-05-08,2.53125,40.496392,-112.036298
Herriman #3,2021-05-09,2.270833,40.496392,-112.036298
Herriman #3,2021-05-10,2.5875000000000004,40.496392,-112.036298
Herriman #3,2021-05-11,2.282609,40.496392,-112.036298
Herriman #3,2021-05-12,4.80625,40.496392,-112.036298
Herriman #3,2021-05-13,6.65625,40.496392,-112.036298
Herriman #3,2021-05-14,12.1083335,40.496392,-112.036298
Herriman #3,2021-05-15,10.6208335,40.496392,-112.036298
Herriman #3,2021-05-16,7.379167,40.496392,-112.036298
Herriman #3,2021-05-17,5.36875,40.496392,-112.036298
Herriman #3,2021-05-18,6.5395835,40.496392,-112.036298
Herriman #3,2021-05-19,8.9104165,40.496392,-112.036298
Herriman #3,2021-05-20,10.577083,40.496392,-112.036298
Herriman #3,2021-05-21,12.408333500000001,40.496392,-112.036298
Herriman #3,2021-05-22,7.8395835,40.496392,-112.036298
Herriman #3,2021-05-23,2.6395835,40.496392,-112.036298
Herriman #3,2021-05-24,2.4625,40.496392,-112.036298
Herriman #3,2021-05-25,3.13125,40.496392,-112.036298
Herriman #3,2021-05-26,2.783333,40.496392,-112.036298
Herriman #3,2021-05-27,3.404167,40.496392,-112.036298
Herriman #3,2021-05-28,4.8541665,40.496392,-112.036298
Herriman #3,2021-05-29,2.8916665,40.496392,-112.036298
Herriman #3,2021-05-30,3.61875,40.496392,-112.036298
Herriman #3,2021-05-31,5.202083,40.496392,-112.036298
Herriman #3,2021-06-01,5.5541665,40.496392,-112.036298
Herriman #3,2021-06-02,6.36875,40.496392,-112.036298
Herriman #3,2021-06-03,8.779166499999999,40.496392,-112.036298
Herriman #3,2021-06-04,9.39375,40.496392,-112.036298
Herriman #3,2021-06-05,9.3125,40.496392,-112.036298
Herriman #3,2021-06-06,10.3,40.496392,-112.036298
Herriman #3,2021-06-07,9.5791665,40.496392,-112.036298
Herriman #3,2021-06-08,7.135417,40.496392,-112.036298
Herriman #3,2021-06-09,5.6833335,40.496392,-112.036298
Herriman #3,2021-06-10,9.9875,40.496392,-112.036298
Herriman #3,2021-06-11,5.6166665,40.496392,-112.036298
Herriman #3,2021-06-12,10.102083499999999,40.496392,-112.036298
Herriman #3,2021-06-13,9.8791665,40.496392,-112.036298
Herriman #3,2021-06-14,5.1979165,40.496392,-112.036298
Herriman #3,2021-06-15,12.48125,40.496392,-112.036298
Herriman #3,2021-06-16,12.304166500000001,40.496392,-112.036298
Herriman #3,2021-06-17,12.58125,40.496392,-112.036298
Herriman #3,2021-06-18,13.977083499999999,40.496392,-112.036298
Herriman #3,2021-06-19,12.220833500000001,40.496392,-112.036298
Herriman #3,2021-06-20,7.3604165,40.496392,-112.036298
Herriman #3,2021-06-21,8.8375,40.496392,-112.036298
Herriman #3,2021-06-22,7.9395835,40.496392,-112.036298
Herriman #3,2021-06-23,8.089583000000001,40.496392,-112.036298
Herriman #3,2021-06-24,8.2229165,40.496392,-112.036298
Herriman #3,2021-06-25,6.230435,40.496392,-112.036298
Herriman #3,2021-06-26,5.5583335,40.496392,-112.036298
Herriman #3,2021-06-27,4.027083,40.496392,-112.036298
Herriman #3,2021-06-28,5.385417,40.496392,-112.036298
Herriman #3,2021-06-29,5.3666665,40.496392,-112.036298
Herriman #3,2021-06-30,3.6458335,40.496392,-112.036298
Herriman #3,2021-07-01,6.15625,40.496392,-112.036298
Herriman #3,2021-07-02,7.4166665,40.496392,-112.036298
Herriman #3,2021-07-03,8.35625,40.496392,-112.036298
Herriman #3,2021-07-04,14.58125,40.496392,-112.036298
Herriman #3,2021-07-05,12.3875,40.496392,-112.036298
Herriman #3,2021-07-06,8.9270835,40.496392,-112.036298
Herriman #3,2021-07-07,7.997916999999999,40.496392,-112.036298
Herriman #3,2021-07-08,9.975,40.496392,-112.036298
Herriman #3,2021-07-09,15.2041665,40.496392,-112.036298
Herriman #3,2021-07-10,25.0541665,40.496392,-112.036298
Herriman #3,2021-07-11,36.25,40.496392,-112.036298
Herriman #3,2021-07-12,28.8520835,40.496392,-112.036298
Herriman #3,2021-07-13,14.6833335,40.496392,-112.036298
Herriman #3,2021-07-14,9.079167,40.496392,-112.036298
Herriman #3,2021-07-15,11.676316,40.496392,-112.036298
Herriman #3,2021-07-16,9.27178,40.496392,-112.036298
Herriman #3,2021-07-17,7.214582999999999,40.496392,-112.036298
Herriman #3,2021-07-18,6.99375,40.496392,-112.036298
Herriman #3,2021-07-19,5.808333,40.496392,-112.036298
Herriman #3,2021-07-20,5.3958335,40.496392,-112.036298
Herriman #3,2021-07-21,5.904166999999999,40.496392,-112.036298
Herriman #3,2021-07-22,5.5944445,40.496392,-112.036298
Herriman #3,2021-07-23,6.2625,40.496392,-112.036298
Herriman #3,2021-07-24,15.104167,40.496392,-112.036298
Herriman #3,2021-07-25,21.1125,40.496392,-112.036298
Herriman #3,2021-07-26,15.7375,40.496392,-112.036298
Herriman #3,2021-07-27,2.8875,40.496392,-112.036298
Herriman #3,2021-07-28,3.695833,40.496392,-112.036298
Herriman #3,2021-07-29,5.635294,40.496392,-112.036298
Herriman #3,2021-07-30,2.24,40.496392,-112.036298
Herriman #3,2021-07-31,5.120833,40.496392,-112.036298
Herriman #3,2021-08-01,3.45,40.496392,-112.036298
Herriman #3,2021-08-02,3.245833,40.496392,-112.036298
Herriman #3,2021-08-03,12.1,40.496392,-112.036298
Herriman #3,2021-08-04,15.154167,40.496392,-112.036298
Herriman #3,2021-08-05,10.7604165,40.496392,-112.036298
Herriman #3,2021-08-06,53.658333,40.496392,-112.036298
Herriman #3,2021-08-07,48.7583335,40.496392,-112.036298
Herriman #3,2021-08-08,39.408333,40.496392,-112.036298
Herriman #3,2021-08-09,26.408333499999998,40.496392,-112.036298
Herriman #3,2021-08-10,19.925,40.496392,-112.036298
Herriman #3,2021-08-11,11.1625,40.496392,-112.036298
Herriman #3,2021-08-12,9.022917,40.496392,-112.036298
Herriman #3,2021-08-13,11.247917000000001,40.496392,-112.036298
Herriman #3,2021-08-14,16.0541665,40.496392,-112.036298
Herriman #3,2021-08-15,44.55,40.496392,-112.036298
Herriman #3,2021-08-16,47.4416665,40.496392,-112.036298
Herriman #3,2021-08-17,27.94375,40.496392,-112.036298
Herriman #3,2021-08-18,54.925,40.496392,-112.036298
Herriman #3,2021-08-19,31.4041665,40.496392,-112.036298
Herriman #3,2021-08-20,16.958333500000002,40.496392,-112.036298
Herriman #3,2021-08-21,10.7020835,40.496392,-112.036298
Herriman #3,2021-08-22,6.9625,40.496392,-112.036298
Herriman #3,2021-08-23,3.4875,40.496392,-112.036298
Herriman #3,2021-08-24,6.764286,40.496392,-112.036298
Herriman #3,2021-08-25,5.0616665,40.496392,-112.036298
Herriman #3,2021-08-26,4.215,40.496392,-112.036298
Herriman #3,2021-08-27,5.0,40.496392,-112.036298
Herriman #3,2021-08-28,22.06875,40.496392,-112.036298
Herriman #3,2021-08-29,23.78125,40.496392,-112.036298
Herriman #3,2021-08-30,18.916667,40.496392,-112.036298
Herriman #3,2021-08-31,10.849184999999999,40.496392,-112.036298
Herriman #3,2021-09-01,8.8166665,40.496392,-112.036298
Herriman #3,2021-09-02,10.6875,40.496392,-112.036298
Herriman #3,2021-09-03,15.652083000000001,40.496392,-112.036298
Herriman #3,2021-09-04,17.48125,40.496392,-112.036298
Herriman #3,2021-09-05,13.84375,40.496392,-112.036298
Herriman #3,2021-09-06,12.23125,40.496392,-112.036298
Herriman #3,2021-09-07,25.783333499999998,40.496392,-112.036298
Herriman #3,2021-09-08,24.852083,40.496392,-112.036298
Herriman #3,2021-09-09,17.760416499999998,40.496392,-112.036298
Herriman #3,2021-09-10,9.34375,40.496392,-112.036298
Herriman #3,2021-09-11,10.44375,40.496392,-112.036298
Herriman #3,2021-09-12,4.239583,40.496392,-112.036298
Herriman #3,2021-09-13,6.56875,40.496392,-112.036298
Herriman #3,2021-09-14,14.0979165,40.496392,-112.036298
Herriman #3,2021-09-15,11.1625,40.496392,-112.036298
Herriman #3,2021-09-16,10.0166665,40.496392,-112.036298
Herriman #3,2021-09-17,9.818750000000001,40.496392,-112.036298
Herriman #3,2021-09-18,4.135417,40.496392,-112.036298
Herriman #3,2021-09-19,5.0958334999999995,40.496392,-112.036298
Herriman #3,2021-09-20,1.633333,40.496392,-112.036298
Herriman #3,2021-09-21,3.1229165,40.496392,-112.036298
Herriman #3,2021-09-22,3.7895835,40.496392,-112.036298
Herriman #3,2021-09-23,8.210416500000001,40.496392,-112.036298
Herriman #3,2021-09-24,8.6104165,40.496392,-112.036298
Herriman #3,2021-09-25,6.775,40.496392,-112.036298
Herriman #3,2021-09-26,6.145833,40.496392,-112.036298
Herriman #3,2021-09-27,9.170924,40.496392,-112.036298
Herriman #3,2021-09-28,9.079167,40.496392,-112.036298
Herriman #3,2021-09-29,1.8458335,40.496392,-112.036298
Herriman #3,2021-09-30,5.824999999999999,40.496392,-112.036298
Herriman #3,2021-10-01,5.8916664999999995,40.496392,-112.036298
Herriman #3,2021-10-02,5.947917,40.496392,-112.036298
Herriman #3,2021-10-03,4.5625,40.496392,-112.036298
Herriman #3,2021-10-04,4.6145835,40.496392,-112.036298
Herriman #3,2021-10-05,4.21875,40.496392,-112.036298
Herriman #3,2021-10-06,2.5541669999999996,40.496392,-112.036298
Herriman #3,2021-10-07,4.6458335,40.496392,-112.036298
Herriman #3,2021-10-08,2.5458335,40.496392,-112.036298
Herriman #3,2021-10-09,4.1,40.496392,-112.036298
Herriman #3,2021-10-10,8.4645835,40.496392,-112.036298
Herriman #3,2021-10-11,3.3208335,40.496392,-112.036298
Herriman #3,2021-10-12,2.025,40.496392,-112.036298
Herriman #3,2021-10-13,1.3270835,40.496392,-112.036298
Herriman #3,2021-10-14,1.4375,40.496392,-112.036298
Herriman #3,2021-10-15,1.28125,40.496392,-112.036298
Herriman #3,2021-10-16,3.945833,40.496392,-112.036298
Herriman #3,2021-10-17,2.1354165,40.496392,-112.036298
Herriman #3,2021-10-18,3.025,40.496392,-112.036298
Herriman #3,2021-10-19,2.145833,40.496392,-112.036298
Herriman #3,2021-10-20,2.4520835,40.496392,-112.036298
Herriman #3,2021-10-21,3.9291665,40.496392,-112.036298
Herriman #3,2021-10-22,2.5958335000000003,40.496392,-112.036298
Herriman #3,2021-10-23,2.7416665,40.496392,-112.036298
Herriman #3,2021-10-24,3.202083,40.496392,-112.036298
Herriman #3,2021-10-25,2.5748185,40.496392,-112.036298
Herriman #3,2021-10-26,1.0125,40.496392,-112.036298
Herriman #3,2021-10-27,1.8270835,40.496392,-112.036298
Herriman #3,2021-10-28,2.71875,40.496392,-112.036298
Herriman #3,2021-10-29,3.5854165,40.496392,-112.036298
Herriman #3,2021-10-30,4.8354165,40.496392,-112.036298
Herriman #3,2021-10-31,2.766667,40.496392,-112.036298
Herriman #3,2021-11-01,7.4166665,40.496392,-112.036298
Herriman #3,2021-11-02,5.75625,40.496392,-112.036298
Herriman #3,2021-11-03,6.0354165,40.496392,-112.036298
Herriman #3,2021-11-04,4.597917,40.496392,-112.036298
Herriman #3,2021-11-05,4.516667,40.496392,-112.036298
Herriman #3,2021-11-06,1.825,40.496392,-112.036298
Herriman #3,2021-11-07,2.302083,40.496392,-112.036298
Herriman #3,2021-11-08,6.525,40.496392,-112.036298
Herriman #3,2021-11-09,2.4166670000000003,40.496392,-112.036298
Herriman #3,2021-11-10,5.0041665,40.496392,-112.036298
Herriman #3,2021-11-11,4.7645835000000005,40.496392,-112.036298
Herriman #3,2021-11-12,3.2583335,40.496392,-112.036298
Herriman #3,2021-11-13,2.8041665,40.496392,-112.036298
Herriman #3,2021-11-14,2.639583,40.496392,-112.036298
Herriman #3,2021-11-15,1.275,40.496392,-112.036298
Herriman #3,2021-11-16,1.608333,40.496392,-112.036298
Herriman #3,2021-11-17,2.8187499999999996,40.496392,-112.036298
Herriman #3,2021-11-18,6.464583,40.496392,-112.036298
Herriman #3,2021-11-19,9.570833499999999,40.496392,-112.036298
Herriman #3,2021-11-20,9.0125,40.496392,-112.036298
Herriman #3,2021-11-21,4.975,40.496392,-112.036298
Herriman #3,2021-11-22,7.70625,40.496392,-112.036298
Herriman #3,2021-11-23,5.725,40.496392,-112.036298
Herriman #3,2021-11-24,1.116667,40.496392,-112.036298
Herriman #3,2021-11-25,3.2895835,40.496392,-112.036298
Herriman #3,2021-11-26,7.310417,40.496392,-112.036298
Herriman #3,2021-11-27,9.360417,40.496392,-112.036298
Herriman #3,2021-11-28,6.75625,40.496392,-112.036298
Herriman #3,2021-11-29,6.8375,40.496392,-112.036298
Herriman #3,2021-11-30,10.45625,40.496392,-112.036298
Herriman #3,2021-12-01,6.925000000000001,40.496392,-112.036298
Herriman #3,2021-12-02,8.2479165,40.496392,-112.036298
Herriman #3,2021-12-03,11.225,40.496392,-112.036298
Herriman #3,2021-12-04,8.8625,40.496392,-112.036298
Herriman #3,2021-12-05,2.55625,40.496392,-112.036298
Herriman #3,2021-12-06,3.8249999999999997,40.496392,-112.036298
Herriman #3,2021-12-07,7.964583,40.496392,-112.036298
Herriman #3,2021-12-08,4.739583,40.496392,-112.036298
Herriman #3,2021-12-09,2.85,40.496392,-112.036298
Herriman #3,2021-12-10,2.4625,40.496392,-112.036298
Herriman #3,2021-12-11,1.9833335,40.496392,-112.036298
Herriman #3,2021-12-12,1.9604165,40.496392,-112.036298
Herriman #3,2021-12-13,2.4604169999999996,40.496392,-112.036298
Herriman #3,2021-12-14,2.4916669999999996,40.496392,-112.036298
Herriman #3,2021-12-15,2.225,40.496392,-112.036298
Herriman #3,2021-12-16,3.1312499999999996,40.496392,-112.036298
Herriman #3,2021-12-17,1.8770835,40.496392,-112.036298
Herriman #3,2021-12-18,4.1833335,40.496392,-112.036298
Herriman #3,2021-12-19,3.258333,40.496392,-112.036298
Herriman #3,2021-12-20,4.44375,40.496392,-112.036298
Herriman #3,2021-12-21,5.8166665,40.496392,-112.036298
Herriman #3,2021-12-22,7.13125,40.496392,-112.036298
Herriman #3,2021-12-23,0.45625000000000004,40.496392,-112.036298
Herriman #3,2021-12-24,0.266667,40.496392,-112.036298
Herriman #3,2021-12-25,0.4979165,40.496392,-112.036298
Herriman #3,2021-12-26,0.5875,40.496392,-112.036298
Herriman #3,2021-12-27,0.910417,40.496392,-112.036298
Herriman #3,2021-12-28,1.2041665,40.496392,-112.036298
Herriman #3,2021-12-29,2.25,40.496392,-112.036298
Herriman #3,2021-12-30,0.70625,40.496392,-112.036298
Herriman #3,2021-12-31,1.0083330000000001,40.496392,-112.036298
Herriman #3,2022-01-01,1.8583335,40.496392,-112.036298
Herriman #3,2022-01-02,3.6229165,40.496392,-112.036298
Herriman #3,2022-01-03,1.21875,40.496392,-112.036298
Herriman #3,2022-01-04,4.1958335,40.496392,-112.036298
Herriman #3,2022-01-05,2.2291665,40.496392,-112.036298
Herriman #3,2022-01-06,2.204167,40.496392,-112.036298
Herriman #3,2022-01-07,2.61875,40.496392,-112.036298
Herriman #3,2022-01-08,1.5604165,40.496392,-112.036298
Herriman #3,2022-01-09,3.9458330000000004,40.496392,-112.036298
Herriman #3,2022-01-10,7.958333,40.496392,-112.036298
Herriman #3,2022-01-11,16.109091,40.496392,-112.036298
Herriman #3,2022-01-12,11.208333,40.496392,-112.036298
Herriman #3,2022-01-13,10.6125,40.496392,-112.036298
Herriman #3,2022-01-14,18.1520835,40.496392,-112.036298
Herriman #3,2022-01-15,15.85,40.496392,-112.036298
Herriman #3,2022-01-16,13.3,40.496392,-112.036298
Herriman #3,2022-01-17,16.5083335,40.496392,-112.036298
Herriman #3,2022-01-18,28.63125,40.496392,-112.036298
Herriman #3,2022-01-19,25.6791665,40.496392,-112.036298
Herriman #3,2022-01-20,11.622917,40.496392,-112.036298
Herriman #3,2022-01-21,4.325,40.496392,-112.036298
Herriman #3,2022-01-22,7.0,40.496392,-112.036298
Herriman #3,2022-01-23,11.085417,40.496392,-112.036298
Herriman #3,2022-01-24,10.458333499999998,40.496392,-112.036298
Herriman #3,2022-01-25,10.1375,40.496392,-112.036298
Herriman #3,2022-01-26,6.772917,40.496392,-112.036298
Herriman #3,2022-01-27,9.802083,40.496392,-112.036298
Herriman #3,2022-01-28,11.885417,40.496392,-112.036298
Herriman #3,2022-01-29,14.5729165,40.496392,-112.036298
Herriman #3,2022-01-30,24.05625,40.496392,-112.036298
Herriman #3,2022-01-31,8.922917,40.496392,-112.036298
Herriman #3,2022-02-01,0.6395835000000001,40.496392,-112.036298
Herriman #3,2022-02-02,1.258333,40.496392,-112.036298
Herriman #3,2022-02-03,2.0958335000000003,40.496392,-112.036298
Herriman #3,2022-02-04,7.783333,40.496392,-112.036298
Herriman #3,2022-02-05,7.7645835000000005,40.496392,-112.036298
Herriman #3,2022-02-06,6.0229165,40.496392,-112.036298
Herriman #3,2022-02-07,7.168749999999999,40.496392,-112.036298
Herriman #3,2022-02-08,10.1291665,40.496392,-112.036298
Herriman #3,2022-02-09,6.104167,40.496392,-112.036298
Herriman #3,2022-02-10,7.5854165,40.496392,-112.036298
Herriman #3,2022-02-11,4.1958335,40.496392,-112.036298
Herriman #3,2022-02-12,5.7229165,40.496392,-112.036298
Herriman #3,2022-02-13,5.3333335,40.496392,-112.036298
Herriman #3,2022-02-14,2.4291669999999996,40.496392,-112.036298
Herriman #3,2022-02-15,4.5729165,40.496392,-112.036298
Herriman #3,2022-02-16,3.0270835,40.496392,-112.036298
Herriman #3,2022-02-17,5.283333000000001,40.496392,-112.036298
Herriman #3,2022-02-18,3.7645834999999996,40.496392,-112.036298
Herriman #3,2022-02-19,3.5625,40.496392,-112.036298
Herriman #3,2022-02-20,1.5520835000000002,40.496392,-112.036298
Herriman #3,2022-02-21,1.4895835,40.496392,-112.036298
Herriman #3,2022-02-22,3.16875,40.496392,-112.036298
Herriman #3,2022-02-23,6.964582999999999,40.496392,-112.036298
Herriman #3,2022-02-24,7.627083,40.496392,-112.036298
Herriman #3,2022-02-25,4.0208335,40.496392,-112.036298
Herriman #3,2022-02-26,6.1604165,40.496392,-112.036298
Herriman #3,2022-02-27,8.6145835,40.496392,-112.036298
Herriman #3,2022-02-28,8.399999999999999,40.496392,-112.036298
Herriman #3,2022-03-01,9.39375,40.496392,-112.036298
Herriman #3,2022-03-02,6.697917,40.496392,-112.036298
Herriman #3,2022-03-03,1.873188,40.496392,-112.036298
Herriman #3,2022-03-04,4.664583,40.496392,-112.036298
Herriman #3,2022-03-05,2.9958335,40.496392,-112.036298
Herriman #3,2022-03-06,2.1708335,40.496392,-112.036298
Herriman #3,2022-03-07,4.8083335,40.496392,-112.036298
Herriman #3,2022-03-08,6.4125,40.496392,-112.036298
Herriman #3,2022-03-09,3.325,40.496392,-112.036298
Herriman #3,2022-03-10,3.441667,40.496392,-112.036298
Herriman #3,2022-03-11,1.3692030000000002,40.496392,-112.036298
Herriman #3,2022-03-12,1.210417,40.496392,-112.036298
Herriman #3,2022-03-13,1.133333,40.496392,-112.036298
Herriman #3,2022-03-14,1.702083,40.496392,-112.036298
Herriman #3,2022-03-15,1.435417,40.496392,-112.036298
Herriman #3,2022-03-16,3.1500000000000004,40.496392,-112.036298
Herriman #3,2022-03-17,2.10625,40.496392,-112.036298
Herriman #3,2022-03-18,4.56875,40.496392,-112.036298
Herriman #3,2022-03-19,4.135417,40.496392,-112.036298
Herriman #3,2022-03-20,3.55,40.496392,-112.036298
Herriman #3,2022-03-21,2.7437500000000004,40.496392,-112.036298
Herriman #3,2022-03-22,2.9395835,40.496392,-112.036298
Herriman #3,2022-03-23,6.1,40.496392,-112.036298
Herriman #3,2022-03-24,3.7690475,40.496392,-112.036298
Herriman #3,2022-03-25,4.2958335000000005,40.496392,-112.036298
Herriman #3,2022-03-26,4.2479165000000005,40.496392,-112.036298
Herriman #3,2022-03-27,3.6354170000000003,40.496392,-112.036298
Herriman #3,2022-03-28,3.1625,40.496392,-112.036298
Herriman #3,2022-03-29,7.0958335,40.496392,-112.036298
Herriman #3,2022-03-30,3.4666664999999997,40.496392,-112.036298
Herriman #3,2022-03-31,4.6083335,40.496392,-112.036298
Herriman #3,2022-04-01,4.35625,40.496392,-112.036298
Herriman #3,2022-04-02,4.875,40.496392,-112.036298
Herriman #3,2022-04-03,6.2083335,40.496392,-112.036298
Herriman #3,2022-04-04,5.7333335000000005,40.496392,-112.036298
Herriman #3,2022-04-05,3.7458335,40.496392,-112.036298
Herriman #3,2022-04-06,2.6291665,40.496392,-112.036298
Herriman #3,2022-04-07,5.1020835,40.496392,-112.036298
Herriman #3,2022-04-08,5.627083000000001,40.496392,-112.036298
Herriman #3,2022-04-09,6.6625,40.496392,-112.036298
Herriman #3,2022-04-10,2.7895835,40.496392,-112.036298
Herriman #3,2022-04-11,7.2541665,40.496392,-112.036298
Herriman #3,2022-04-12,1.7354165,40.496392,-112.036298
Herriman #3,2022-04-13,2.3291665000000004,40.496392,-112.036298
Herriman #3,2022-04-14,4.0291665,40.496392,-112.036298
Herriman #3,2022-04-15,3.2043475,40.496392,-112.036298
Herriman #3,2022-04-16,3.71875,40.496392,-112.036298
Herriman #3,2022-04-17,3.9791665,40.496392,-112.036298
Herriman #3,2022-04-18,8.6125,40.496392,-112.036298
Herriman #3,2022-04-19,18.7354165,40.496392,-112.036298
Herriman #3,2022-04-20,4.4520835,40.496392,-112.036298
Herriman #3,2022-04-21,27.460417,40.496392,-112.036298
Herriman #3,2022-04-22,4.3729165000000005,40.496392,-112.036298
Herriman #3,2022-04-23,2.0958335,40.496392,-112.036298
Herriman #3,2022-04-24,2.8583334999999996,40.496392,-112.036298
Herriman #3,2022-04-25,3.5541665,40.496392,-112.036298
Herriman #3,2022-04-26,8.33125,40.496392,-112.036298
Herriman #3,2022-04-27,8.8125,40.496392,-112.036298
Herriman #3,2022-04-28,8.4875,40.496392,-112.036298
Herriman #3,2022-04-29,4.877083000000001,40.496392,-112.036298
Herriman #3,2022-04-30,4.8604164999999995,40.496392,-112.036298
Herriman #3,2022-05-01,3.1541664999999997,40.496392,-112.036298
Herriman #3,2022-05-02,5.6208335,40.496392,-112.036298
Herriman #3,2022-05-03,2.3979165,40.496392,-112.036298
Herriman #3,2022-05-04,6.4958335,40.496392,-112.036298
Herriman #3,2022-05-05,5.1104164999999995,40.496392,-112.036298
Herriman #3,2022-05-06,10.8875,40.496392,-112.036298
Herriman #3,2022-05-07,18.6583335,40.496392,-112.036298
Herriman #3,2022-05-08,6.179167,40.496392,-112.036298
Herriman #3,2022-05-09,4.2291665,40.496392,-112.036298
Herriman #3,2022-05-10,4.577083,40.496392,-112.036298
Herriman #3,2022-05-11,3.9854165,40.496392,-112.036298
Herriman #3,2022-05-12,1.8833335,40.496392,-112.036298
Herriman #3,2022-05-13,2.8958329999999997,40.496392,-112.036298
Herriman #3,2022-05-14,3.5187500000000003,40.496392,-112.036298
Herriman #3,2022-05-15,3.8833335,40.496392,-112.036298
Herriman #3,2022-05-16,5.0875,40.496392,-112.036298
Herriman #3,2022-05-17,5.4145835,40.496392,-112.036298
Herriman #3,2022-05-18,6.3645835,40.496392,-112.036298
Herriman #3,2022-05-19,7.2854165,40.496392,-112.036298
Herriman #3,2022-05-20,1.914583,40.496392,-112.036298
Herriman #3,2022-05-21,1.983333,40.496392,-112.036298
Herriman #3,2022-05-22,3.5020835,40.496392,-112.036298
Herriman #3,2022-05-23,3.16875,40.496392,-112.036298
Herriman #3,2022-05-24,5.016667,40.496392,-112.036298
Herriman #3,2022-05-25,6.2270835,40.496392,-112.036298
Herriman #3,2022-05-26,5.25625,40.496392,-112.036298
Herriman #3,2022-05-27,11.285416999999999,40.496392,-112.036298
Herriman #3,2022-05-28,6.30625,40.496392,-112.036298
Herriman #3,2022-05-29,1.702083,40.496392,-112.036298
Herriman #3,2022-05-30,1.297917,40.496392,-112.036298
Herriman #3,2022-05-31,1.8520835,40.496392,-112.036298
Herriman #3,2022-06-01,3.04375,40.496392,-112.036298
Herriman #3,2022-06-02,4.7125,40.496392,-112.036298
Herriman #3,2022-06-03,4.8729165,40.496392,-112.036298
Herriman #3,2022-06-04,5.9645835,40.496392,-112.036298
Herriman #3,2022-06-05,4.670833,40.496392,-112.036298
Herriman #3,2022-06-06,5.206250000000001,40.496392,-112.036298
Herriman #3,2022-06-07,7.7585145,40.496392,-112.036298
Herriman #3,2022-06-08,6.4104165,40.496392,-112.036298
Herriman #3,2022-06-09,8.712499999999999,40.496392,-112.036298
Herriman #3,2022-06-10,8.620833000000001,40.496392,-112.036298
Herriman #3,2022-06-11,8.43125,40.496392,-112.036298
Herriman #3,2022-06-12,20.0645835,40.496392,-112.036298
Herriman #3,2022-06-13,6.3895835000000005,40.496392,-112.036298
Herriman #3,2022-06-14,5.564583,40.496392,-112.036298
Herriman #3,2022-06-15,6.525,40.496392,-112.036298
Herriman #3,2022-06-16,5.8729165000000005,40.496392,-112.036298
Herriman #3,2022-06-17,19.481250000000003,40.496392,-112.036298
Herriman #3,2022-06-18,25.99375,40.496392,-112.036298
Herriman #3,2022-06-19,8.7,40.496392,-112.036298
Herriman #3,2022-06-20,4.3208335,40.496392,-112.036298
Herriman #3,2022-06-21,4.820833,40.496392,-112.036298
Herriman #3,2022-06-22,7.01875,40.496392,-112.036298
Herriman #3,2022-06-23,8.966666499999999,40.496392,-112.036298
Herriman #3,2022-06-24,7.960416499999999,40.496392,-112.036298
Herriman #3,2022-06-25,6.96875,40.496392,-112.036298
Herriman #3,2022-06-26,3.9083335000000003,40.496392,-112.036298
Herriman #3,2022-06-27,6.3833335,40.496392,-112.036298
Herriman #3,2022-06-28,6.708333,40.496392,-112.036298
Herriman #3,2022-06-29,9.116666500000001,40.496392,-112.036298
Herriman #3,2022-06-30,9.35,40.496392,-112.036298
Herriman #3,2022-07-01,6.475,40.496392,-112.036298
Herriman #3,2022-07-02,4.8270835000000005,40.496392,-112.036298
Herriman #3,2022-07-03,7.0229165,40.496392,-112.036298
Herriman #3,2022-07-04,4.3416665,40.496392,-112.036298
Herriman #3,2022-07-05,5.525,40.496392,-112.036298
Herriman #3,2022-07-06,5.81875,40.496392,-112.036298
Herriman #3,2022-07-07,4.31875,40.496392,-112.036298
Herriman #3,2022-07-08,4.964582999999999,40.496392,-112.036298
Herriman #3,2022-07-09,8.6833335,40.496392,-112.036298
Herriman #3,2022-07-10,9.60625,40.496392,-112.036298
Herriman #3,2022-07-11,10.075,40.496392,-112.036298
Herriman #3,2022-07-12,9.889583,40.496392,-112.036298
Herriman #3,2022-07-13,8.7041665,40.496392,-112.036298
Herriman #3,2022-07-14,5.739583,40.496392,-112.036298
Herriman #3,2022-07-15,7.1729164999999995,40.496392,-112.036298
Herriman #3,2022-07-16,5.233333,40.496392,-112.036298
Herriman #3,2022-07-17,7.5979165,40.496392,-112.036298
Herriman #3,2022-07-18,7.175,40.496392,-112.036298
Herriman #3,2022-07-19,10.66875,40.496392,-112.036298
Herriman #3,2022-07-20,7.6979165,40.496392,-112.036298
Herriman #3,2022-07-21,7.13125,40.496392,-112.036298
Herriman #3,2022-07-22,6.31875,40.496392,-112.036298
Herriman #3,2022-07-23,7.3791665,40.496392,-112.036298
Herriman #3,2022-07-24,7.24375,40.496392,-112.036298
Herriman #3,2022-07-25,8.314582999999999,40.496392,-112.036298
Herriman #3,2022-07-26,9.58375,40.496392,-112.036298
Herriman #3,2022-07-27,5.3625,40.496392,-112.036298
Herriman #3,2022-07-28,6.345833,40.496392,-112.036298
Herriman #3,2022-07-29,8.0125,40.496392,-112.036298
Herriman #3,2022-07-30,8.2375,40.496392,-112.036298
Herriman #3,2022-07-31,8.045833,40.496392,-112.036298
Herriman #3,2022-08-01,4.516667,40.496392,-112.036298
Herriman #3,2022-08-02,11.1708335,40.496392,-112.036298
Herriman #3,2022-08-03,13.56875,40.496392,-112.036298
Herriman #3,2022-08-04,9.883333499999999,40.496392,-112.036298
Herriman #3,2022-08-05,7.0729165,40.496392,-112.036298
Herriman #3,2022-08-06,7.5354165,40.496392,-112.036298
Herriman #3,2022-08-07,5.8666665,40.496392,-112.036298
Herriman #3,2022-08-08,6.945833,40.496392,-112.036298
Herriman #3,2022-08-09,8.5458335,40.496392,-112.036298
Herriman #3,2022-08-10,6.13125,40.496392,-112.036298
Herriman #3,2022-08-11,6.3333335,40.496392,-112.036298
Herriman #3,2022-08-12,6.3625,40.496392,-112.036298
Herriman #3,2022-08-13,3.929167,40.496392,-112.036298
Herriman #3,2022-08-14,3.6166669999999996,40.496392,-112.036298
Herriman #3,2022-08-15,6.102083,40.496392,-112.036298
Herriman #3,2022-08-16,5.74375,40.496392,-112.036298
Herriman #3,2022-08-17,7.00625,40.496392,-112.036298
Herriman #3,2022-08-18,5.777083,40.496392,-112.036298
Herriman #3,2022-08-19,5.0666665,40.496392,-112.036298
Herriman #3,2022-08-20,4.085417,40.496392,-112.036298
Herriman #3,2022-08-21,5.645833,40.496392,-112.036298
Herriman #3,2022-08-22,7.2625,40.496392,-112.036298
Herriman #3,2022-08-23,7.1916665,40.496392,-112.036298
Herriman #3,2022-08-24,6.393750000000001,40.496392,-112.036298
Herriman #3,2022-08-25,4.7020835000000005,40.496392,-112.036298
Herriman #3,2022-08-26,4.160417,40.496392,-112.036298
Herriman #3,2022-08-27,3.1854164999999997,40.496392,-112.036298
Herriman #3,2022-08-28,6.5375,40.496392,-112.036298
Herriman #3,2022-08-29,10.0333335,40.496392,-112.036298
Herriman #3,2022-08-30,6.472917,40.496392,-112.036298
Herriman #3,2022-08-31,6.8708335,40.496392,-112.036298
Herriman #3,2022-09-01,6.160417,40.496392,-112.036298
Herriman #3,2022-09-02,8.6708335,40.496392,-112.036298
Herriman #3,2022-09-03,6.760417,40.496392,-112.036298
Herriman #3,2022-09-04,5.5041665,40.496392,-112.036298
Herriman #3,2022-09-05,7.8229165,40.496392,-112.036298
Herriman #3,2022-09-06,9.482608500000001,40.496392,-112.036298
Herriman #3,2022-09-07,8.083333499999998,40.496392,-112.036298
Herriman #3,2022-09-08,15.845833500000001,40.496392,-112.036298
Herriman #3,2022-09-09,26.560417,40.496392,-112.036298
Herriman #3,2022-09-10,41.4770835,40.496392,-112.036298
Herriman #3,2022-09-11,27.554167,40.496392,-112.036298
Herriman #3,2022-09-12,23.408333499999998,40.496392,-112.036298
Herriman #3,2022-09-13,2.175,40.496392,-112.036298
Herriman #3,2022-09-14,4.9166665,40.496392,-112.036298
Herriman #3,2022-09-15,4.1333335,40.496392,-112.036298
Herriman #3,2022-09-16,4.5520835,40.496392,-112.036298
Herriman #3,2022-09-17,9.962499999999999,40.496392,-112.036298
Herriman #3,2022-09-18,2.9208335,40.496392,-112.036298
Herriman #3,2022-09-19,1.53125,40.496392,-112.036298
Herriman #3,2022-09-20,2.1270835,40.496392,-112.036298
Herriman #3,2022-09-21,2.0916665,40.496392,-112.036298
Herriman #3,2022-09-22,4.53125,40.496392,-112.036298
Herriman #3,2022-09-23,5.1208335,40.496392,-112.036298
Herriman #3,2022-09-24,5.6895834999999995,40.496392,-112.036298
Herriman #3,2022-09-25,5.3395835,40.496392,-112.036298
Herriman #3,2022-09-26,7.441667,40.496392,-112.036298
Herriman #3,2022-09-27,4.5291665000000005,40.496392,-112.036298
Herriman #3,2022-09-28,4.4625,40.496392,-112.036298
Herriman #3,2022-09-29,5.21875,40.496392,-112.036298
Herriman #3,2022-09-30,5.3291664999999995,40.496392,-112.036298
Herriman #3,2022-10-01,3.3916665000000004,40.496392,-112.036298
Herriman #3,2022-10-02,3.5625,40.496392,-112.036298
Herriman #3,2022-10-03,5.3291664999999995,40.496392,-112.036298
Herriman #3,2022-10-04,5.5979165,40.496392,-112.036298
Herriman #3,2022-10-05,6.241667,40.496392,-112.036298
Herriman #3,2022-10-06,5.7458335,40.496392,-112.036298
Herriman #3,2022-10-07,5.625,40.496392,-112.036298
Herriman #3,2022-10-08,5.9270835,40.496392,-112.036298
Herriman #3,2022-10-09,2.91875,40.496392,-112.036298
Herriman #3,2022-10-10,6.54375,40.496392,-112.036298
Herriman #3,2022-10-11,9.095833500000001,40.496392,-112.036298
Herriman #3,2022-10-12,8.7854165,40.496392,-112.036298
Herriman #3,2022-10-13,7.6916665,40.496392,-112.036298
Herriman #3,2022-10-14,6.1166665,40.496392,-112.036298
Herriman #3,2022-10-15,5.4291665,40.496392,-112.036298
Herriman #3,2022-10-16,4.2541665,40.496392,-112.036298
Herriman #3,2022-10-17,5.6291665,40.496392,-112.036298
Herriman #3,2022-10-18,7.0375,40.496392,-112.036298
Herriman #3,2022-10-19,6.225,40.496392,-112.036298
Herriman #3,2022-10-20,6.680163,40.496392,-112.036298
Herriman #3,2022-10-21,5.5,40.496392,-112.036298
Herriman #3,2022-10-22,7.666667,40.496392,-112.036298
Herriman #3,2022-10-23,2.766667,40.496392,-112.036298
Herriman #3,2022-10-24,5.39375,40.496392,-112.036298
Herriman #3,2022-10-25,4.783333000000001,40.496392,-112.036298
Herriman #3,2022-10-26,2.254167,40.496392,-112.036298
Herriman #3,2022-10-27,2.133333,40.496392,-112.036298
Herriman #3,2022-10-28,7.4458335,40.496392,-112.036298
Herriman #3,2022-10-29,9.6145835,40.496392,-112.036298
Herriman #3,2022-10-30,6.4229164999999995,40.496392,-112.036298
Herriman #3,2022-10-31,4.791667,40.496392,-112.036298
Herriman #3,2022-11-01,2.7583335,40.496392,-112.036298
Herriman #3,2022-11-02,3.3416665,40.496392,-112.036298
Herriman #3,2022-11-03,3.4854165,40.496392,-112.036298
Herriman #3,2022-11-04,2.091667,40.496392,-112.036298
Herriman #3,2022-11-05,1.191667,40.496392,-112.036298
Herriman #3,2022-11-06,1.0229165,40.496392,-112.036298
Herriman #3,2022-11-07,2.6375,40.496392,-112.036298
Herriman #3,2022-11-08,4.291667,40.496392,-112.036298
Herriman #3,2022-11-09,0.3958335,40.496392,-112.036298
Herriman #3,2022-11-10,2.2708335,40.496392,-112.036298
Herriman #3,2022-11-11,4.7958335000000005,40.496392,-112.036298
Herriman #3,2022-11-12,8.8604165,40.496392,-112.036298
Herriman #3,2022-11-13,9.991666500000001,40.496392,-112.036298
Herriman #3,2022-11-14,5.058332999999999,40.496392,-112.036298
Herriman #3,2022-11-15,6.4931815,40.496392,-112.036298
Herriman #3,2022-11-16,8.8625,40.496392,-112.036298
Herriman #3,2022-11-17,5.3416665000000005,40.496392,-112.036298
Herriman #3,2022-11-18,9.016667,40.496392,-112.036298
Herriman #3,2022-11-19,8.9479165,40.496392,-112.036298
Herriman #3,2022-11-20,15.291667,40.496392,-112.036298
Herriman #3,2022-11-21,15.0666665,40.496392,-112.036298
Herriman #3,2022-11-22,15.091666499999999,40.496392,-112.036298
Herriman #3,2022-11-23,12.1875,40.496392,-112.036298
Herriman #3,2022-11-24,5.7,40.496392,-112.036298
Herriman #3,2022-11-25,7.275,40.496392,-112.036298
Herriman #3,2022-11-26,9.991667,40.496392,-112.036298
Herriman #3,2022-11-27,4.9125,40.496392,-112.036298
Herriman #3,2022-11-28,0.779167,40.496392,-112.036298
Herriman #3,2022-11-29,0.65,40.496392,-112.036298
Herriman #3,2022-11-30,0.5779164999999999,40.496392,-112.036298
Herriman #3,2022-12-01,4.40625,40.496392,-112.036298
Herriman #3,2022-12-02,2.875,40.496392,-112.036298
Herriman #3,2022-12-03,10.929166500000001,40.496392,-112.036298
Herriman #3,2022-12-04,5.88125,40.496392,-112.036298
Herriman #3,2022-12-05,3.7791665,40.496392,-112.036298
Herriman #3,2022-12-06,7.4395834999999995,40.496392,-112.036298
Herriman #3,2022-12-07,16.9604165,40.496392,-112.036298
Herriman #3,2022-12-08,7.3916664999999995,40.496392,-112.036298
Herriman #3,2022-12-09,3.5395835,40.496392,-112.036298
Herriman #3,2022-12-10,1.529167,40.496392,-112.036298
Herriman #3,2022-12-11,0.75,40.496392,-112.036298
Herriman #3,2022-12-12,2.4770835,40.496392,-112.036298
Herriman #3,2022-12-13,5.679167,40.496392,-112.036298
Herriman #3,2022-12-14,2.827083,40.496392,-112.036298
Herriman #3,2022-12-15,4.2929925,40.496392,-112.036298
Herriman #3,2022-12-16,4.6666665,40.496392,-112.036298
Herriman #3,2022-12-17,7.1354165,40.496392,-112.036298
Herriman #3,2022-12-18,8.214583000000001,40.496392,-112.036298
Herriman #3,2022-12-19,7.0520835,40.496392,-112.036298
Herriman #3,2022-12-20,7.43125,40.496392,-112.036298
Herriman #3,2022-12-21,2.4125,40.496392,-112.036298
Herriman #3,2022-12-22,4.104167,40.496392,-112.036298
Herriman #3,2022-12-23,16.479166499999998,40.496392,-112.036298
Herriman #3,2022-12-24,30.1958335,40.496392,-112.036298
Herriman #3,2022-12-25,20.53125,40.496392,-112.036298
Herriman #3,2022-12-26,4.125,40.496392,-112.036298
Herriman #3,2022-12-27,0.3104165,40.496392,-112.036298
Herriman #3,2022-12-28,0.6854169999999999,40.496392,-112.036298
Herriman #3,2022-12-29,0.8604165,40.496392,-112.036298
Herriman #3,2022-12-30,0.589583,40.496392,-112.036298
Herriman #3,2022-12-31,0.6979165,40.496392,-112.036298
Herriman #3,2023-01-01,2.877083,40.496392,-112.036298
Herriman #3,2023-01-02,3.9541665,40.496392,-112.036298
Herriman #3,2023-01-03,6.7541665,40.496392,-112.036298
Herriman #3,2023-01-04,3.091667,40.496392,-112.036298
Herriman #3,2023-01-05,1.185417,40.496392,-112.036298
Herriman #3,2023-01-06,3.425,40.496392,-112.036298
Herriman #3,2023-01-07,2.4291665,40.496392,-112.036298
Herriman #3,2023-01-08,1.1854165,40.496392,-112.036298
Herriman #3,2023-01-09,0.9541665,40.496392,-112.036298
Herriman #3,2023-01-10,1.3458335,40.496392,-112.036298
Herriman #3,2023-01-11,2.672917,40.496392,-112.036298
Herriman #3,2023-01-12,2.3416665,40.496392,-112.036298
Herriman #3,2023-01-13,1.483333,40.496392,-112.036298
Herriman #3,2023-01-14,0.70625,40.496392,-112.036298
Herriman #3,2023-01-15,2.108333,40.496392,-112.036298
Herriman #3,2023-01-16,1.5333329999999998,40.496392,-112.036298
Herriman #3,2023-01-17,3.6520835,40.496392,-112.036298
Herriman #3,2023-01-18,2.24375,40.496392,-112.036298
Herriman #3,2023-01-19,3.35625,40.496392,-112.036298
Herriman #3,2023-01-20,5.3479165,40.496392,-112.036298
Herriman #3,2023-01-21,6.0458335000000005,40.496392,-112.036298
Herriman #3,2023-01-22,5.366667,40.496392,-112.036298
Herriman #3,2023-01-23,5.0708335,40.496392,-112.036298
Herriman #3,2023-01-24,6.277083,40.496392,-112.036298
Herriman #3,2023-01-25,13.5833335,40.496392,-112.036298
Herriman #3,2023-01-26,14.671738999999999,40.496392,-112.036298
Herriman #3,2023-01-27,4.699999999999999,40.496392,-112.036298
Herriman #3,2023-01-28,0.527083,40.496392,-112.036298
Herriman #3,2023-01-29,1.4479164999999998,40.496392,-112.036298
Herriman #3,2023-01-30,4.581250000000001,40.496392,-112.036298
Herriman #3,2023-01-31,9.9625,40.496392,-112.036298
Herriman #3,2023-02-01,22.652082999999998,40.496392,-112.036298
Herriman #3,2023-02-02,20.9854165,40.496392,-112.036298
Herriman #3,2023-02-03,20.9,40.496392,-112.036298
Herriman #3,2023-02-04,27.904167,40.496392,-112.036298
Herriman #3,2023-02-05,5.914583,40.496392,-112.036298
Herriman #3,2023-02-06,3.76875,40.496392,-112.036298
Herriman #3,2023-02-07,6.272917,40.496392,-112.036298
Herriman #3,2023-02-08,7.0770835000000005,40.496392,-112.036298
Herriman #3,2023-02-09,3.870833,40.496392,-112.036298
Herriman #3,2023-02-10,7.804167,40.496392,-112.036298
Herriman #3,2023-02-11,10.685416499999999,40.496392,-112.036298
Herriman #3,2023-02-12,22.3,40.496392,-112.036298
Herriman #3,2023-02-13,16.762500000000003,40.496392,-112.036298
Herriman #3,2023-02-14,0.9041665,40.496392,-112.036298
Herriman #3,2023-02-15,2.6270835,40.496392,-112.036298
Herriman #3,2023-02-16,3.504167,40.496392,-112.036298
Herriman #3,2023-02-17,7.3520835,40.496392,-112.036298
Herriman #3,2023-02-18,15.3395835,40.496392,-112.036298
Herriman #3,2023-02-19,6.220833000000001,40.496392,-112.036298
Herriman #3,2023-02-20,2.9369565,40.496392,-112.036298
Herriman #3,2023-02-21,1.666667,40.496392,-112.036298
Herriman #3,2023-02-22,1.7916664999999998,40.496392,-112.036298
Herriman #3,2023-02-23,1.3624999999999998,40.496392,-112.036298
Herriman #3,2023-02-24,2.0354165,40.496392,-112.036298
Herriman #3,2023-02-25,2.8,40.496392,-112.036298
Herriman #3,2023-02-26,2.5041665,40.496392,-112.036298
Herriman #3,2023-02-27,0.60625,40.496392,-112.036298
Herriman #3,2023-02-28,0.6333335,40.496392,-112.036298
Herriman #3,2023-03-01,1.6125,40.496392,-112.036298
Herriman #3,2023-03-02,2.183333,40.496392,-112.036298
Herriman #3,2023-03-03,2.047917,40.496392,-112.036298
Herriman #3,2023-03-04,2.95,40.496392,-112.036298
Herriman #3,2023-03-05,2.6625,40.496392,-112.036298
Herriman #3,2023-03-06,1.25625,40.496392,-112.036298
Herriman #3,2023-03-07,7.4895835,40.496392,-112.036298
Herriman #3,2023-03-08,5.8022645,40.496392,-112.036298
Herriman #3,2023-03-09,3.175,40.496392,-112.036298
Herriman #3,2023-03-10,2.1,40.496392,-112.036298
Herriman #3,2023-03-11,0.90625,40.496392,-112.036298
Herriman #3,2023-03-12,10.5833335,40.496392,-112.036298
Herriman #3,2023-03-13,3.7791665,40.496392,-112.036298
Herriman #3,2023-03-14,0.675,40.496392,-112.036298
Herriman #3,2023-03-15,0.95625,40.496392,-112.036298
Herriman #3,2023-03-16,3.4916665,40.496392,-112.036298
Herriman #3,2023-03-17,5.6333335,40.496392,-112.036298
Herriman #3,2023-03-18,3.7375,40.496392,-112.036298
Herriman #3,2023-03-19,2.2604165,40.496392,-112.036298
Herriman #3,2023-03-20,1.61875,40.496392,-112.036298
Herriman #3,2023-03-21,2.402174,40.496392,-112.036298
Herriman #3,2023-03-22,1.086775,40.496392,-112.036298
Herriman #3,2023-03-23,1.3009054999999998,40.496392,-112.036298
Herriman #3,2023-03-24,1.114583,40.496392,-112.036298
Herriman #3,2023-03-25,0.6354165,40.496392,-112.036298
Herriman #3,2023-03-26,1.1208335,40.496392,-112.036298
Herriman #3,2023-03-27,1.5479165,40.496392,-112.036298
Herriman #3,2023-03-28,2.3875,40.496392,-112.036298
Herriman #3,2023-03-29,4.40625,40.496392,-112.036298
Herriman #3,2023-03-30,3.1041665,40.496392,-112.036298
Herriman #3,2023-03-31,1.25625,40.496392,-112.036298
Herriman #3,2023-04-01,2.0270835,40.496392,-112.036298
Herriman #3,2023-04-02,2.2875,40.496392,-112.036298
Herriman #3,2023-04-03,1.56875,40.496392,-112.036298
Herriman #3,2023-04-04,1.31875,40.496392,-112.036298
Herriman #3,2023-04-05,2.170833,40.496392,-112.036298
Herriman #3,2023-04-06,2.397917,40.496392,-112.036298
Herriman #3,2023-04-07,2.2979165,40.496392,-112.036298
Herriman #3,2023-04-08,5.34375,40.496392,-112.036298
Herriman #3,2023-04-09,6.2916665,40.496392,-112.036298
Herriman #3,2023-04-10,5.404167,40.496392,-112.036298
Herriman #3,2023-04-11,3.8041665,40.496392,-112.036298
Herriman #3,2023-04-12,8.2458335,40.496392,-112.036298
Herriman #3,2023-04-13,3.0595239999999997,40.496392,-112.036298
Herriman #3,2023-04-14,3.2208335000000003,40.496392,-112.036298
Herriman #3,2023-04-15,3.483333,40.496392,-112.036298
Herriman #3,2023-04-16,7.245833,40.496392,-112.036298
Herriman #3,2023-04-17,8.2641665,40.496392,-112.036298
Herriman #3,2023-04-18,14.075,40.496392,-112.036298
Herriman #3,2023-04-19,2.133333,40.496392,-112.036298
Herriman #3,2023-04-20,3.752083,40.496392,-112.036298
Herriman #3,2023-04-21,2.5416665,40.496392,-112.036298
Herriman #3,2023-04-22,5.4791665,40.496392,-112.036298
Herriman #3,2023-04-23,4.6458335,40.496392,-112.036298
Herriman #3,2023-04-24,2.427083,40.496392,-112.036298
Herriman #3,2023-04-25,2.8347825,40.496392,-112.036298
Herriman #3,2023-04-26,7.06875,40.496392,-112.036298
Herriman #3,2023-04-27,4.5979165,40.496392,-112.036298
Herriman #3,2023-04-28,4.7625,40.496392,-112.036298
Herriman #3,2023-04-29,7.1291665,40.496392,-112.036298
Herriman #3,2023-04-30,6.2625,40.496392,-112.036298
Herriman #3,2023-05-01,7.56875,40.496392,-112.036298
Herriman #3,2023-05-02,7.3395835,40.496392,-112.036298
Herriman #3,2023-05-03,6.5625,40.496392,-112.036298
Herriman #3,2023-05-04,6.089582999999999,40.496392,-112.036298
Herriman #3,2023-05-05,2.2291665,40.496392,-112.036298
Herriman #3,2023-05-06,1.622917,40.496392,-112.036298
Herriman #3,2023-05-07,2.5,40.496392,-112.036298
Herriman #3,2023-05-08,4.13125,40.496392,-112.036298
Herriman #3,2023-05-09,7.46875,40.496392,-112.036298
Herriman #3,2023-05-10,7.4708334999999995,40.496392,-112.036298
Herriman #3,2023-05-11,7.6,40.496392,-112.036298
Herriman #3,2023-05-12,6.08125,40.496392,-112.036298
Herriman #3,2023-05-13,3.7895835,40.496392,-112.036298
Herriman #3,2023-05-14,3.2104165,40.496392,-112.036298
Herriman #3,2023-05-15,5.70625,40.496392,-112.036298
Herriman #3,2023-05-16,6.5895835,40.496392,-112.036298
Herriman #3,2023-05-17,6.325,40.496392,-112.036298
Herriman #3,2023-05-18,5.027083,40.496392,-112.036298
Herriman #3,2023-05-19,14.7229165,40.496392,-112.036298
Herriman #3,2023-05-20,22.133333,40.496392,-112.036298
Herriman #3,2023-05-21,16.9416665,40.496392,-112.036298
Herriman #3,2023-05-22,8.208333,40.496392,-112.036298
Herriman #3,2023-05-23,4.102273,40.496392,-112.036298
Herriman #3,2023-05-24,6.0375,40.496392,-112.036298
Herriman #3,2023-05-25,4.5291665,40.496392,-112.036298
Herriman #3,2023-05-26,4.7083335,40.496392,-112.036298
Herriman #3,2023-05-27,5.8020835,40.496392,-112.036298
Herriman #3,2023-05-28,6.63125,40.496392,-112.036298
Herriman #3,2023-05-29,6.85,40.496392,-112.036298
Herriman #3,2023-05-30,6.316667000000001,40.496392,-112.036298
Herriman #3,2023-05-31,6.1729164999999995,40.496392,-112.036298
Herriman #3,2023-06-01,5.3729165000000005,40.496392,-112.036298
Herriman #3,2023-06-02,5.510417,40.496392,-112.036298
Herriman #3,2023-06-03,5.5625,40.496392,-112.036298
Herriman #3,2023-06-04,4.3020835,40.496392,-112.036298
Herriman #3,2023-06-05,6.1833335,40.496392,-112.036298
Herriman #3,2023-06-06,5.2125,40.496392,-112.036298
Herriman #3,2023-06-07,4.441667,40.496392,-112.036298
Herriman #3,2023-06-08,5.0166664999999995,40.496392,-112.036298
Herriman #3,2023-06-09,5.14375,40.496392,-112.036298
Herriman #3,2023-06-10,4.952083,40.496392,-112.036298
Herriman #3,2023-06-11,4.606249999999999,40.496392,-112.036298
Herriman #3,2023-06-12,6.54375,40.496392,-112.036298
Herriman #3,2023-06-13,4.483333,40.496392,-112.036298
Herriman #3,2023-06-14,4.1833335,40.496392,-112.036298
Herriman #3,2023-06-15,3.8625,40.496392,-112.036298
Herriman #3,2023-06-16,5.560417,40.496392,-112.036298
Herriman #3,2023-06-17,4.464583,40.496392,-112.036298
Herriman #3,2023-06-18,7.18125,40.496392,-112.036298
Herriman #3,2023-06-19,10.600000000000001,40.496392,-112.036298
Herriman #3,2023-06-20,5.1895834999999995,40.496392,-112.036298
Herriman #3,2023-06-21,4.995833,40.496392,-112.036298
Herriman #3,2023-06-22,7.1208335,40.496392,-112.036298
Herriman #3,2023-06-23,8.6416665,40.496392,-112.036298
Herriman #3,2023-06-24,6.50625,40.496392,-112.036298
Herriman #3,2023-06-25,3.3125,40.496392,-112.036298
Herriman #3,2023-06-26,3.3916665,40.496392,-112.036298
Herriman #3,2023-06-27,7.1645835,40.496392,-112.036298
Herriman #3,2023-06-28,6.275,40.496392,-112.036298
Herriman #3,2023-06-29,6.1625,40.496392,-112.036298
Herriman #3,2023-06-30,5.5,40.496392,-112.036298
Herriman #3,2023-07-01,7.75625,40.496392,-112.036298
Herriman #3,2023-07-02,7.31875,40.496392,-112.036298
Herriman #3,2023-07-03,7.5916665000000005,40.496392,-112.036298
Herriman #3,2023-07-04,8.83125,40.496392,-112.036298
Herriman #3,2023-07-05,12.518421499999999,40.496392,-112.036298
Herriman #3,2023-07-06,7.404166999999999,40.496392,-112.036298
Herriman #3,2023-07-07,7.7708335,40.496392,-112.036298
Herriman #3,2023-07-08,10.2625,40.496392,-112.036298
Herriman #3,2023-07-09,8.1395835,40.496392,-112.036298
Herriman #3,2023-07-10,5.8791665,40.496392,-112.036298
Herriman #3,2023-07-11,4.7854165,40.496392,-112.036298
Herriman #3,2023-07-12,6.81625,40.496392,-112.036298
Herriman #3,2023-07-13,6.704167,40.496392,-112.036298
Herriman #3,2023-07-14,7.9604165,40.496392,-112.036298
Herriman #3,2023-07-15,6.7041664999999995,40.496392,-112.036298
Herriman #3,2023-07-16,6.6916665,40.496392,-112.036298
Herriman #3,2023-07-17,8.65,40.496392,-112.036298
Herriman #3,2023-07-18,11.460416500000001,40.496392,-112.036298
Herriman #3,2023-07-19,5.6020835,40.496392,-112.036298
Herriman #3,2023-07-20,7.2395835,40.496392,-112.036298
Herriman #3,2023-07-21,6.3979165,40.496392,-112.036298
Herriman #3,2023-07-22,6.3354165,40.496392,-112.036298
Herriman #3,2023-07-23,7.4729165,40.496392,-112.036298
Herriman #3,2023-07-24,10.59375,40.496392,-112.036298
Herriman #3,2023-07-25,7.9625,40.496392,-112.036298
Herriman #3,2023-07-26,5.0645835,40.496392,-112.036298
Herriman #3,2023-07-27,4.7916665,40.496392,-112.036298
Herriman #3,2023-07-28,6.050000000000001,40.496392,-112.036298
Herriman #3,2023-07-29,8.2583335,40.496392,-112.036298
Herriman #3,2023-07-30,11.3479165,40.496392,-112.036298
Herriman #3,2023-07-31,8.10625,40.496392,-112.036298
Herriman #3,2023-08-01,6.079167,40.496392,-112.036298
Herriman #3,2023-08-02,7.949999999999999,40.496392,-112.036298
Herriman #3,2023-08-03,5.95,40.496392,-112.036298
Herriman #3,2023-08-04,4.6541665000000005,40.496392,-112.036298
Herriman #3,2023-08-05,5.7229165,40.496392,-112.036298
Herriman #3,2023-08-06,6.933333,40.496392,-112.036298
Herriman #3,2023-08-07,7.6607145,40.496392,-112.036298
Herriman #3,2023-08-08,10.3,40.496392,-112.036298
Herriman #3,2023-08-09,11.620833000000001,40.496392,-112.036298
Herriman #3,2023-08-10,6.089583,40.496392,-112.036298
Herriman #3,2023-08-11,4.5875,40.496392,-112.036298
Herriman #3,2023-08-12,3.96875,40.496392,-112.036298
Herriman #3,2023-08-13,4.7520834999999995,40.496392,-112.036298
Herriman #3,2023-08-14,7.064583000000001,40.496392,-112.036298
Herriman #3,2023-08-15,5.96875,40.496392,-112.036298
Herriman #3,2023-08-16,5.5520835,40.496392,-112.036298
Herriman #3,2023-08-17,5.8208335,40.496392,-112.036298
Herriman #3,2023-08-18,3.5708335,40.496392,-112.036298
Herriman #3,2023-08-19,3.2375,40.496392,-112.036298
Herriman #3,2023-08-20,5.59375,40.496392,-112.036298
Herriman #3,2023-08-21,4.4875,40.496392,-112.036298
Herriman #3,2023-08-22,4.5833335,40.496392,-112.036298
Herriman #3,2023-08-23,6.833333,40.496392,-112.036298
Herriman #3,2023-08-24,9.1604165,40.496392,-112.036298
Herriman #3,2023-08-25,7.3916664999999995,40.496392,-112.036298
Herriman #3,2023-08-26,5.7895835,40.496392,-112.036298
Herriman #3,2023-08-27,4.5541665,40.496392,-112.036298
Herriman #3,2023-08-28,4.95625,40.496392,-112.036298
Herriman #3,2023-08-29,4.302083,40.496392,-112.036298
Herriman #3,2023-08-30,29.9979165,40.496392,-112.036298
Herriman #3,2023-08-31,12.185417000000001,40.496392,-112.036298
Herriman #3,2023-09-01,2.266667,40.496392,-112.036298
Herriman #3,2023-09-02,2.754167,40.496392,-112.036298
Herriman #3,2023-09-03,4.7354164999999995,40.496392,-112.036298
Herriman #3,2023-09-04,3.0020835000000003,40.496392,-112.036298
Herriman #3,2023-09-05,4.11875,40.496392,-112.036298
Herriman #3,2023-09-06,5.3375,40.496392,-112.036298
Herriman #3,2023-09-07,3.0291665,40.496392,-112.036298
Herriman #3,2023-09-08,2.852083,40.496392,-112.036298
Herriman #3,2023-09-09,7.5416665,40.496392,-112.036298
Herriman #3,2023-09-10,7.1958335,40.496392,-112.036298
Herriman #3,2023-09-11,6.393478,40.496392,-112.036298
Herriman #3,2023-09-12,5.8458334999999995,40.496392,-112.036298
Herriman #3,2023-09-13,6.125,40.496392,-112.036298
Herriman #3,2023-09-14,5.94375,40.496392,-112.036298
Herriman #3,2023-09-15,7.7833334999999995,40.496392,-112.036298
Herriman #3,2023-09-16,6.1729164999999995,40.496392,-112.036298
Herriman #3,2023-09-17,5.3833335,40.496392,-112.036298
Herriman #3,2023-09-18,4.7791665000000005,40.496392,-112.036298
Herriman #3,2023-09-19,4.9583335,40.496392,-112.036298
Herriman #3,2023-09-20,4.439583,40.496392,-112.036298
Herriman #3,2023-09-21,4.5791664999999995,40.496392,-112.036298
Herriman #3,2023-09-22,5.133333,40.496392,-112.036298
Herriman #3,2023-09-23,4.6104165,40.496392,-112.036298
Herriman #3,2023-09-24,6.5083335,40.496392,-112.036298
Herriman #3,2023-09-25,4.5479164999999995,40.496392,-112.036298
Herriman #3,2023-09-26,5.300000000000001,40.496392,-112.036298
Herriman #3,2023-09-27,3.3354165,40.496392,-112.036298
Herriman #3,2023-09-28,5.822917,40.496392,-112.036298
Herriman #3,2023-09-29,4.300000000000001,40.496392,-112.036298
Herriman #3,2023-09-30,4.0416665,40.496392,-112.036298
Herriman #3,2023-10-01,2.822917,40.496392,-112.036298
Herriman #3,2023-10-02,2.822917,40.496392,-112.036298
Herriman #3,2023-10-03,5.2333335000000005,40.496392,-112.036298
Herriman #3,2023-10-04,4.2229165,40.496392,-112.036298
Herriman #3,2023-10-05,4.0958334999999995,40.496392,-112.036298
Herriman #3,2023-10-06,4.6875,40.496392,-112.036298
Herriman #3,2023-10-07,5.90625,40.496392,-112.036298
Herriman #3,2023-10-08,4.6395835,40.496392,-112.036298
Herriman #3,2023-10-09,4.2791665000000005,40.496392,-112.036298
Herriman #3,2023-10-10,4.530435000000001,40.496392,-112.036298
Herriman #3,2023-10-11,2.4958335,40.496392,-112.036298
Herriman #3,2023-10-12,2.2083335,40.496392,-112.036298
Herriman #3,2023-10-13,2.90625,40.496392,-112.036298
Herriman #3,2023-10-14,1.7687499999999998,40.496392,-112.036298
Herriman #3,2023-10-15,4.8916664999999995,40.496392,-112.036298
Herriman #3,2023-10-16,4.679167,40.496392,-112.036298
Herriman #3,2023-10-17,5.8208335,40.496392,-112.036298
Herriman #3,2023-10-18,4.7,40.496392,-112.036298
Herriman #3,2023-10-19,4.9625,40.496392,-112.036298
Herriman #3,2023-10-20,5.752083,40.496392,-112.036298
Herriman #3,2023-10-21,4.887499999999999,40.496392,-112.036298
Herriman #3,2023-10-22,4.8291664999999995,40.496392,-112.036298
Herriman #3,2023-10-23,5.09375,40.496392,-112.036298
Herriman #3,2023-10-24,9.58125,40.496392,-112.036298
Herriman #3,2023-10-25,5.393750000000001,40.496392,-112.036298
Herriman #3,2023-10-26,2.6958335,40.496392,-112.036298
Herriman #3,2023-10-27,4.8645835,40.496392,-112.036298
Herriman #3,2023-10-28,4.112500000000001,40.496392,-112.036298
Herriman #3,2023-10-29,5.8395835,40.496392,-112.036298
Herriman #3,2023-10-30,7.4708334999999995,40.496392,-112.036298
Herriman #3,2023-10-31,9.2625,40.496392,-112.036298
Herriman #3,2023-11-01,9.60625,40.496392,-112.036298
Herriman #3,2023-11-02,6.3604164999999995,40.496392,-112.036298
Herriman #3,2023-11-03,7.4125,40.496392,-112.036298
Herriman #3,2023-11-04,3.1041665,40.496392,-112.036298
Herriman #3,2023-11-05,4.0416665,40.496392,-112.036298
Herriman #3,2023-11-06,3.625,40.496392,-112.036298
Herriman #3,2023-11-07,2.3708335,40.496392,-112.036298
Herriman #3,2023-11-08,2.80625,40.496392,-112.036298
Herriman #3,2023-11-09,6.2395835,40.496392,-112.036298
Herriman #3,2023-11-10,8.685416499999999,40.496392,-112.036298
Herriman #3,2023-11-11,5.7666664999999995,40.496392,-112.036298
Herriman #3,2023-11-12,2.9791665,40.496392,-112.036298
Herriman #3,2023-11-13,2.427083,40.496392,-112.036298
Herriman #3,2023-11-14,2.895833,40.496392,-112.036298
Herriman #3,2023-11-15,2.56875,40.496392,-112.036298
Herriman #3,2023-11-16,3.41875,40.496392,-112.036298
Herriman #3,2023-11-17,7.56875,40.496392,-112.036298
Herriman #3,2023-11-18,3.5375,40.496392,-112.036298
Herriman #3,2023-11-19,1.495833,40.496392,-112.036298
Herriman #3,2023-11-20,2.7604165,40.496392,-112.036298
Herriman #3,2023-11-21,7.1583334999999995,40.496392,-112.036298
Herriman #3,2023-11-22,13.9125,40.496392,-112.036298
Herriman #3,2023-11-23,15.691667,40.496392,-112.036298
Herriman #3,2023-11-24,3.4916665,40.496392,-112.036298
Herriman #3,2023-11-25,3.4770835,40.496392,-112.036298
Herriman #3,2023-11-26,7.0583335,40.496392,-112.036298
Herriman #3,2023-11-27,15.283333500000001,40.496392,-112.036298
Herriman #3,2023-11-28,14.34375,40.496392,-112.036298
Herriman #3,2023-11-29,28.96875,40.496392,-112.036298
Herriman #3,2023-11-30,32.0125,40.496392,-112.036298
Herriman #3,2023-12-01,11.716667000000001,40.496392,-112.036298
Herriman #3,2023-12-02,0.45416650000000003,40.496392,-112.036298
Herriman #3,2023-12-03,1.1395835,40.496392,-112.036298
Herriman #3,2023-12-04,1.1,40.496392,-112.036298
Herriman #3,2023-12-05,1.8104165,40.496392,-112.036298
Herriman #3,2023-12-06,0.964583,40.496392,-112.036298
Herriman #3,2023-12-07,1.2875,40.496392,-112.036298
Herriman #3,2023-12-08,0.7250000000000001,40.496392,-112.036298
Herriman #3,2023-12-09,2.591667,40.496392,-112.036298
Herriman #3,2023-12-10,2.90625,40.496392,-112.036298
Herriman #3,2023-12-11,8.9708335,40.496392,-112.036298
Herriman #3,2023-12-12,12.38125,40.496392,-112.036298
Herriman #3,2023-12-13,4.9270835,40.496392,-112.036298
Herriman #3,2023-12-14,11.620833000000001,40.496392,-112.036298
Herriman #3,2023-12-15,14.8395835,40.496392,-112.036298
Herriman #3,2023-12-16,14.835417,40.496392,-112.036298
Herriman #3,2023-12-17,22.575,40.496392,-112.036298
Herriman #3,2023-12-18,21.206249999999997,40.496392,-112.036298
Herriman #3,2023-12-19,4.0729165,40.496392,-112.036298
Herriman #3,2023-12-20,1.6895835,40.496392,-112.036298
Herriman #3,2023-12-21,3.2375,40.496392,-112.036298
Herriman #3,2023-12-22,4.8708335,40.496392,-112.036298
Herriman #3,2023-12-23,4.204167,40.496392,-112.036298
Herriman #3,2023-12-24,2.1708335,40.496392,-112.036298
Herriman #3,2023-12-25,5.7583335,40.496392,-112.036298
Herriman #3,2023-12-26,9.05,40.496392,-112.036298
Herriman #3,2023-12-27,16.5979165,40.496392,-112.036298
Herriman #3,2023-12-28,17.172916999999998,40.496392,-112.036298
Herriman #3,2023-12-29,12.5583335,40.496392,-112.036298
Herriman #3,2023-12-30,7.1145835,40.496392,-112.036298
Herriman #3,2023-12-31,15.195833,40.496392,-112.036298
Inland Port,2021-03-23,1.225,40.807897,-112.087717
Inland Port,2021-03-24,2.629167,40.807897,-112.087717
Inland Port,2021-03-25,4.707692,40.807897,-112.087717
Inland Port,2021-03-29,11.58125,40.807897,-112.087717
Inland Port,2021-03-30,2.983333,40.807897,-112.087717
Inland Port,2021-03-31,5.295652,40.807897,-112.087717
Inland Port,2021-04-01,11.045833,40.807897,-112.087717
Inland Port,2021-04-02,10.275,40.807897,-112.087717
Inland Port,2021-04-03,8.554167,40.807897,-112.087717
Inland Port,2021-04-04,7.629167,40.807897,-112.087717
Inland Port,2021-04-05,16.678261,40.807897,-112.087717
Inland Port,2021-04-06,2.645833,40.807897,-112.087717
Inland Port,2021-04-07,5.216667,40.807897,-112.087717
Inland Port,2021-04-08,9.279167,40.807897,-112.087717
Inland Port,2021-04-09,2.279167,40.807897,-112.087717
Inland Port,2021-04-10,5.066667,40.807897,-112.087717
Inland Port,2021-04-11,3.683333,40.807897,-112.087717
Inland Port,2021-04-12,3.3875,40.807897,-112.087717
Inland Port,2021-04-13,6.054167,40.807897,-112.087717
Inland Port,2021-04-14,3.23913,40.807897,-112.087717
Inland Port,2021-04-15,3.0125,40.807897,-112.087717
Inland Port,2021-04-16,3.25,40.807897,-112.087717
Inland Port,2021-04-17,2.291667,40.807897,-112.087717
Inland Port,2021-04-18,4.558333,40.807897,-112.087717
Inland Port,2021-04-19,6.495833,40.807897,-112.087717
Inland Port,2021-04-20,3.683333,40.807897,-112.087717
Inland Port,2021-04-21,3.579167,40.807897,-112.087717
Inland Port,2021-04-22,5.208333,40.807897,-112.087717
Inland Port,2021-04-23,6.575,40.807897,-112.087717
Inland Port,2021-04-24,6.4375,40.807897,-112.087717
Inland Port,2021-04-25,3.216667,40.807897,-112.087717
Inland Port,2021-04-26,2.3,40.807897,-112.087717
Inland Port,2021-04-27,2.920833,40.807897,-112.087717
Inland Port,2021-04-28,3.925,40.807897,-112.087717
Inland Port,2021-04-29,6.954167,40.807897,-112.087717
Inland Port,2021-04-30,6.808333,40.807897,-112.087717
Inland Port,2021-05-01,5.245833,40.807897,-112.087717
Inland Port,2021-05-02,2.391667,40.807897,-112.087717
Inland Port,2021-05-03,2.7,40.807897,-112.087717
Inland Port,2021-05-04,4.395833,40.807897,-112.087717
Inland Port,2021-05-05,4.9375,40.807897,-112.087717
Inland Port,2021-05-06,8.120833,40.807897,-112.087717
Inland Port,2021-05-07,9.733333,40.807897,-112.087717
Inland Port,2021-05-08,1.345833,40.807897,-112.087717
Inland Port,2021-05-09,1.825,40.807897,-112.087717
Inland Port,2021-05-10,2.220833,40.807897,-112.087717
Inland Port,2021-05-11,2.075,40.807897,-112.087717
Inland Port,2021-05-12,5.258333,40.807897,-112.087717
Inland Port,2021-05-13,6.120833,40.807897,-112.087717
Inland Port,2021-05-14,9.004167,40.807897,-112.087717
Inland Port,2021-05-15,4.045833,40.807897,-112.087717
Inland Port,2021-05-16,4.158333,40.807897,-112.087717
Inland Port,2021-05-17,4.7125,40.807897,-112.087717
Inland Port,2021-05-18,7.008333,40.807897,-112.087717
Inland Port,2021-05-19,9.404167,40.807897,-112.087717
Inland Port,2021-05-20,7.054167,40.807897,-112.087717
Inland Port,2021-05-21,6.845833,40.807897,-112.087717
Inland Port,2021-05-22,5.316667,40.807897,-112.087717
Inland Port,2021-05-23,2.9625,40.807897,-112.087717
Inland Port,2021-05-24,4.2,40.807897,-112.087717
Inland Port,2021-05-25,4.616667,40.807897,-112.087717
Inland Port,2021-05-26,2.3,40.807897,-112.087717
Inland Port,2021-05-27,3.5375,40.807897,-112.087717
Inland Port,2021-05-28,4.779167,40.807897,-112.087717
Inland Port,2021-05-29,2.35,40.807897,-112.087717
Inland Port,2021-05-30,3.525,40.807897,-112.087717
Inland Port,2021-05-31,4.245833,40.807897,-112.087717
Inland Port,2021-06-01,5.975,40.807897,-112.087717
Inland Port,2021-06-02,7.0625,40.807897,-112.087717
Inland Port,2021-06-03,8.633333,40.807897,-112.087717
Inland Port,2021-06-04,8.075,40.807897,-112.087717
Inland Port,2021-06-05,7.345833,40.807897,-112.087717
Inland Port,2021-06-06,5.316667,40.807897,-112.087717
Inland Port,2021-06-07,8.279167,40.807897,-112.087717
Inland Port,2021-06-08,11.775,40.807897,-112.087717
Inland Port,2021-06-09,12.720833,40.807897,-112.087717
Inland Port,2021-06-10,9.208333,40.807897,-112.087717
Inland Port,2021-06-11,4.7375,40.807897,-112.087717
Inland Port,2021-06-12,11.45,40.807897,-112.087717
Inland Port,2021-06-13,10.9125,40.807897,-112.087717
Inland Port,2021-06-14,7.058333,40.807897,-112.087717
Inland Port,2021-06-15,19.670833,40.807897,-112.087717
Inland Port,2021-06-16,10.441667,40.807897,-112.087717
Inland Port,2021-06-17,9.616667,40.807897,-112.087717
Inland Port,2021-06-18,9.170833,40.807897,-112.087717
Inland Port,2021-06-19,9.833333,40.807897,-112.087717
Inland Port,2021-06-20,6.341667,40.807897,-112.087717
Inland Port,2021-06-21,7.908333,40.807897,-112.087717
Inland Port,2021-06-22,12.879167,40.807897,-112.087717
Inland Port,2021-06-23,15.029167,40.807897,-112.087717
Inland Port,2021-06-24,10.230435,40.807897,-112.087717
Inland Port,2021-06-25,5.825,40.807897,-112.087717
Inland Port,2021-06-26,3.7,40.807897,-112.087717
Inland Port,2021-06-27,3.4875,40.807897,-112.087717
Inland Port,2021-06-28,4.695833,40.807897,-112.087717
Inland Port,2021-06-29,5.5375,40.807897,-112.087717
Inland Port,2021-06-30,4.079167,40.807897,-112.087717
Inland Port,2021-07-01,4.466667,40.807897,-112.087717
Inland Port,2021-07-02,8.7625,40.807897,-112.087717
Inland Port,2021-07-03,8.683333,40.807897,-112.087717
Inland Port,2021-07-04,9.795833,40.807897,-112.087717
Inland Port,2021-07-05,4.495833,40.807897,-112.087717
Inland Port,2021-07-06,7.977273,40.807897,-112.087717
Inland Port,2021-07-07,13.345833,40.807897,-112.087717
Inland Port,2021-07-08,11.466667,40.807897,-112.087717
Inland Port,2021-07-09,19.518182,40.807897,-112.087717
Inland Port,2021-07-10,13.279167,40.807897,-112.087717
Inland Port,2021-07-11,29.3125,40.807897,-112.087717
Inland Port,2021-07-12,25.458333,40.807897,-112.087717
Inland Port,2021-07-13,16.4625,40.807897,-112.087717
Inland Port,2021-07-14,10.808333,40.807897,-112.087717
Inland Port,2021-07-15,12.516667,40.807897,-112.087717
Inland Port,2021-07-16,10.529167,40.807897,-112.087717
Inland Port,2021-07-17,13.495833,40.807897,-112.087717
Inland Port,2021-07-18,11.466667,40.807897,-112.087717
Inland Port,2021-07-19,6.842105,40.807897,-112.087717
Inland Port,2021-07-20,5.045833,40.807897,-112.087717
Inland Port,2021-07-21,5.679167,40.807897,-112.087717
Inland Port,2021-07-22,5.820833,40.807897,-112.087717
Inland Port,2021-07-23,7.408333,40.807897,-112.087717
Inland Port,2021-07-24,22.820833,40.807897,-112.087717
Inland Port,2021-07-25,26.004167,40.807897,-112.087717
Inland Port,2021-07-26,26.554167,40.807897,-112.087717
Inland Port,2021-07-27,4.708333,40.807897,-112.087717
Inland Port,2021-07-28,6.358333,40.807897,-112.087717
Inland Port,2021-07-29,5.6875,40.807897,-112.087717
Inland Port,2021-07-30,4.725,40.807897,-112.087717
Inland Port,2021-07-31,6.325,40.807897,-112.087717
Inland Port,2021-08-01,4.404167,40.807897,-112.087717
Inland Port,2021-08-02,4.2,40.807897,-112.087717
Inland Port,2021-08-03,13.416667,40.807897,-112.087717
Inland Port,2021-08-04,23.4875,40.807897,-112.087717
Inland Port,2021-08-05,14.908333,40.807897,-112.087717
Inland Port,2021-08-06,50.169565,40.807897,-112.087717
Inland Port,2021-08-07,44.5375,40.807897,-112.087717
Inland Port,2021-08-08,42.683333,40.807897,-112.087717
Inland Port,2021-08-09,15.033333,40.807897,-112.087717
Inland Port,2021-08-10,14.0625,40.807897,-112.087717
Inland Port,2021-08-11,14.4625,40.807897,-112.087717
Inland Port,2021-08-12,10.425,40.807897,-112.087717
Inland Port,2021-08-13,12.391667,40.807897,-112.087717
Inland Port,2021-08-14,14.391667,40.807897,-112.087717
Inland Port,2021-08-15,43.0875,40.807897,-112.087717
Inland Port,2021-08-16,44.230435,40.807897,-112.087717
Inland Port,2021-08-17,31.1875,40.807897,-112.087717
Inland Port,2021-08-18,58.904167,40.807897,-112.087717
Inland Port,2021-08-19,29.433333,40.807897,-112.087717
Inland Port,2021-08-20,17.704545,40.807897,-112.087717
Inland Port,2021-08-21,9.579167,40.807897,-112.087717
Inland Port,2021-08-22,4.666667,40.807897,-112.087717
Inland Port,2021-08-23,4.620833,40.807897,-112.087717
Inland Port,2021-08-24,15.270833,40.807897,-112.087717
Inland Port,2021-08-25,11.725,40.807897,-112.087717
Inland Port,2021-08-26,29.595833,40.807897,-112.087717
Inland Port,2021-08-27,37.191667,40.807897,-112.087717
Inland Port,2021-08-28,11.7125,40.807897,-112.087717
Inland Port,2021-08-29,21.741667,40.807897,-112.087717
Inland Port,2021-08-30,24.325,40.807897,-112.087717
Inland Port,2021-08-31,21.166667,40.807897,-112.087717
Inland Port,2021-09-01,10.541667,40.807897,-112.087717
Inland Port,2021-09-02,16.147826,40.807897,-112.087717
Inland Port,2021-09-03,17.825,40.807897,-112.087717
Inland Port,2021-09-04,21.645833,40.807897,-112.087717
Inland Port,2021-09-05,15.270833,40.807897,-112.087717
Inland Port,2021-09-06,14.725,40.807897,-112.087717
Inland Port,2021-09-07,27.254167,40.807897,-112.087717
Inland Port,2021-09-08,28.016667,40.807897,-112.087717
Inland Port,2021-09-09,21.647826,40.807897,-112.087717
Inland Port,2021-09-10,16.483333,40.807897,-112.087717
Inland Port,2021-09-11,10.425,40.807897,-112.087717
Inland Port,2021-09-12,6.766667,40.807897,-112.087717
Inland Port,2021-09-13,6.45,40.807897,-112.087717
Inland Port,2021-09-14,15.191667,40.807897,-112.087717
Inland Port,2021-09-15,13.754167,40.807897,-112.087717
Inland Port,2021-09-16,14.616667,40.807897,-112.087717
Inland Port,2021-09-17,14.7,40.807897,-112.087717
Inland Port,2021-09-18,6.829167,40.807897,-112.087717
Inland Port,2021-09-19,8.833333,40.807897,-112.087717
Inland Port,2021-09-20,1.8375,40.807897,-112.087717
Inland Port,2021-09-21,3.291667,40.807897,-112.087717
Inland Port,2021-09-22,7.613043,40.807897,-112.087717
Inland Port,2021-09-23,7.904167,40.807897,-112.087717
Inland Port,2021-09-24,8.604167,40.807897,-112.087717
Inland Port,2021-09-25,10.6625,40.807897,-112.087717
Inland Port,2021-09-26,8.3875,40.807897,-112.087717
Inland Port,2021-09-27,14.588889,40.807897,-112.087717
Inland Port,2021-10-07,7.273333,40.807897,-112.087717
Inland Port,2021-10-08,3.241667,40.807897,-112.087717
Inland Port,2021-10-09,1.75,40.807897,-112.087717
Inland Port,2021-10-10,7.05,40.807897,-112.087717
Inland Port,2021-10-11,4.9375,40.807897,-112.087717
Inland Port,2021-10-12,0.4875,40.807897,-112.087717
Inland Port,2021-10-13,2.76087,40.807897,-112.087717
Inland Port,2021-10-14,2.85,40.807897,-112.087717
Inland Port,2021-10-15,4.625,40.807897,-112.087717
Inland Port,2021-10-16,9.1375,40.807897,-112.087717
Inland Port,2021-10-17,7.0625,40.807897,-112.087717
Inland Port,2021-10-18,3.409091,40.807897,-112.087717
Inland Port,2021-10-19,2.979167,40.807897,-112.087717
Inland Port,2021-10-20,6.329167,40.807897,-112.087717
Inland Port,2021-10-21,8.45,40.807897,-112.087717
Inland Port,2021-10-22,4.895833,40.807897,-112.087717
Inland Port,2021-10-23,2.020833,40.807897,-112.087717
Inland Port,2021-10-24,4.554167,40.807897,-112.087717
Inland Port,2021-10-25,3.1375,40.807897,-112.087717
Inland Port,2021-10-26,0.373913,40.807897,-112.087717
Inland Port,2021-10-27,5.895455,40.807897,-112.087717
Inland Port,2021-10-28,4.934783,40.807897,-112.087717
Inland Port,2021-10-29,6.118182,40.807897,-112.087717
Inland Port,2021-10-30,11.904167,40.807897,-112.087717
Inland Port,2021-10-31,15.379167,40.807897,-112.087717
Inland Port,2021-11-01,5.041667,40.807897,-112.087717
Inland Port,2021-11-02,3.145833,40.807897,-112.087717
Inland Port,2021-11-03,5.454167,40.807897,-112.087717
Inland Port,2021-11-04,5.8875,40.807897,-112.087717
Inland Port,2021-11-05,12.320833,40.807897,-112.087717
Inland Port,2021-11-06,2.545833,40.807897,-112.087717
Inland Port,2021-11-07,1.083333,40.807897,-112.087717
Inland Port,2021-11-08,4.366667,40.807897,-112.087717
Inland Port,2021-11-09,6.354167,40.807897,-112.087717
Inland Port,2021-11-10,3.031818,40.807897,-112.087717
Inland Port,2021-11-11,9.004167,40.807897,-112.087717
Inland Port,2021-11-12,7.566667,40.807897,-112.087717
Inland Port,2021-11-13,5.054167,40.807897,-112.087717
Inland Port,2021-11-14,6.266667,40.807897,-112.087717
Inland Port,2021-11-15,7.354167,40.807897,-112.087717
Inland Port,2021-11-16,1.6875,40.807897,-112.087717
Inland Port,2021-11-17,1.4,40.807897,-112.087717
Inland Port,2021-11-18,6.2375,40.807897,-112.087717
Inland Port,2021-11-19,9.408333,40.807897,-112.087717
Inland Port,2021-11-20,6.05,40.807897,-112.087717
Inland Port,2021-11-21,3.633333,40.807897,-112.087717
Inland Port,2021-11-22,14.454167,40.807897,-112.087717
Inland Port,2021-11-23,15.4125,40.807897,-112.087717
Inland Port,2021-11-24,0.591667,40.807897,-112.087717
Inland Port,2021-11-25,5.270833,40.807897,-112.087717
Inland Port,2021-11-26,10.1125,40.807897,-112.087717
Inland Port,2021-11-27,18.216667,40.807897,-112.087717
Inland Port,2021-11-28,21.158333,40.807897,-112.087717
Inland Port,2021-11-29,19.5625,40.807897,-112.087717
Inland Port,2021-11-30,22.333333,40.807897,-112.087717
Inland Port,2021-12-01,16.183333,40.807897,-112.087717
Inland Port,2021-12-02,20.854167,40.807897,-112.087717
Inland Port,2021-12-03,22.175,40.807897,-112.087717
Inland Port,2021-12-04,19.708333,40.807897,-112.087717
Inland Port,2021-12-05,8.904167,40.807897,-112.087717
Inland Port,2021-12-06,4.766667,40.807897,-112.087717
Inland Port,2021-12-07,12.55,40.807897,-112.087717
Inland Port,2021-12-08,5.679167,40.807897,-112.087717
Inland Port,2021-12-09,1.5375,40.807897,-112.087717
Inland Port,2021-12-10,1.308696,40.807897,-112.087717
Inland Port,2021-12-11,2.316667,40.807897,-112.087717
Inland Port,2021-12-12,3.133333,40.807897,-112.087717
Inland Port,2021-12-13,2.573913,40.807897,-112.087717
Inland Port,2021-12-14,3.320833,40.807897,-112.087717
Inland Port,2021-12-15,0.854545,40.807897,-112.087717
Inland Port,2021-12-16,2.166667,40.807897,-112.087717
Inland Port,2021-12-17,4.0875,40.807897,-112.087717
Inland Port,2021-12-18,6.9375,40.807897,-112.087717
Inland Port,2021-12-19,21.8125,40.807897,-112.087717
Inland Port,2021-12-20,33.0375,40.807897,-112.087717
Inland Port,2021-12-21,41.0875,40.807897,-112.087717
Inland Port,2021-12-22,36.5125,40.807897,-112.087717
Inland Port,2021-12-23,7.433333,40.807897,-112.087717
Inland Port,2021-12-24,0.091667,40.807897,-112.087717
Inland Port,2021-12-25,0.245833,40.807897,-112.087717
Inland Port,2021-12-26,1.029167,40.807897,-112.087717
Inland Port,2021-12-27,1.7875,40.807897,-112.087717
Inland Port,2021-12-28,0.504167,40.807897,-112.087717
Inland Port,2021-12-29,5.047826,40.807897,-112.087717
Inland Port,2021-12-30,0.6125,40.807897,-112.087717
Inland Port,2021-12-31,1.416667,40.807897,-112.087717
Inland Port,2022-01-01,2.675,40.807897,-112.087717
Inland Port,2022-01-02,7.566667,40.807897,-112.087717
Inland Port,2022-01-03,16.995833,40.807897,-112.087717
Inland Port,2022-01-04,6.141667,40.807897,-112.087717
Inland Port,2022-01-05,3.430435,40.807897,-112.087717
Inland Port,2022-01-06,7.004167,40.807897,-112.087717
Inland Port,2022-01-07,1.420833,40.807897,-112.087717
Inland Port,2022-01-08,0.241667,40.807897,-112.087717
Inland Port,2022-01-09,4.066667,40.807897,-112.087717
Inland Port,2022-01-10,12.733333,40.807897,-112.087717
Inland Port,2022-01-11,26.108696,40.807897,-112.087717
Inland Port,2022-01-12,28.591667,40.807897,-112.087717
Inland Port,2022-01-13,33.317391,40.807897,-112.087717
Inland Port,2022-01-14,19.841667,40.807897,-112.087717
Inland Port,2022-01-15,19.366667,40.807897,-112.087717
Inland Port,2022-01-16,27.45,40.807897,-112.087717
Inland Port,2022-01-17,27.983333,40.807897,-112.087717
Inland Port,2022-01-18,30.695833,40.807897,-112.087717
Inland Port,2022-01-19,26.920833,40.807897,-112.087717
Inland Port,2022-01-20,17.883333,40.807897,-112.087717
Inland Port,2022-01-21,7.3875,40.807897,-112.087717
Inland Port,2022-01-22,2.704167,40.807897,-112.087717
Inland Port,2022-01-23,7.758333,40.807897,-112.087717
Inland Port,2022-01-24,15.825,40.807897,-112.087717
Inland Port,2022-01-25,6.333333,40.807897,-112.087717
Inland Port,2022-01-26,4.717391,40.807897,-112.087717
Inland Port,2022-01-27,7.533333,40.807897,-112.087717
Inland Port,2022-01-28,9.8,40.807897,-112.087717
Inland Port,2022-01-31,8.433333,40.807897,-112.087717
Inland Port,2022-02-01,0.454167,40.807897,-112.087717
Inland Port,2022-02-02,0.9625,40.807897,-112.087717
Inland Port,2022-02-03,4.579167,40.807897,-112.087717
Inland Port,2022-02-04,9.654167,40.807897,-112.087717
Inland Port,2022-02-05,16.008333,40.807897,-112.087717
Inland Port,2022-02-06,7.7625,40.807897,-112.087717
Inland Port,2022-02-07,9.7125,40.807897,-112.087717
Inland Port,2022-02-08,17.070833,40.807897,-112.087717
Inland Port,2022-02-09,12.920833,40.807897,-112.087717
Inland Port,2022-02-10,6.520833,40.807897,-112.087717
Inland Port,2022-02-11,8.930435,40.807897,-112.087717
Inland Port,2022-02-12,7.875,40.807897,-112.087717
Inland Port,2022-02-13,8.204167,40.807897,-112.087717
Inland Port,2022-02-14,7.4,40.807897,-112.087717
Inland Port,2022-02-15,4.145833,40.807897,-112.087717
Inland Port,2022-02-16,1.016667,40.807897,-112.087717
Inland Port,2022-02-17,4.033333,40.807897,-112.087717
Inland Port,2022-02-18,6.5875,40.807897,-112.087717
Inland Port,2022-02-19,5.254167,40.807897,-112.087717
Inland Port,2022-02-20,2.029167,40.807897,-112.087717
Inland Port,2022-02-21,0.358333,40.807897,-112.087717
Inland Port,2022-02-22,2.945833,40.807897,-112.087717
Inland Port,2022-02-23,4.154167,40.807897,-112.087717
Inland Port,2022-02-24,6.404167,40.807897,-112.087717
Inland Port,2022-02-25,2.579167,40.807897,-112.087717
Inland Port,2022-02-26,6.275,40.807897,-112.087717
Inland Port,2022-02-27,10.2,40.807897,-112.087717
Inland Port,2022-02-28,14.833333,40.807897,-112.087717
Inland Port,2022-03-01,15.366667,40.807897,-112.087717
Inland Port,2022-03-02,12.9,40.807897,-112.087717
Inland Port,2022-03-03,8.508333,40.807897,-112.087717
Inland Port,2022-03-04,2.7,40.807897,-112.087717
Inland Port,2022-03-05,3.4125,40.807897,-112.087717
Inland Port,2022-03-06,1.583333,40.807897,-112.087717
Inland Port,2022-03-07,4.0875,40.807897,-112.087717
Inland Port,2022-03-08,5.4875,40.807897,-112.087717
Inland Port,2022-03-09,2.409524,40.807897,-112.087717
Inland Port,2022-03-10,3.4,40.807897,-112.087717
Inland Port,2022-03-11,5.6125,40.807897,-112.087717
Inland Port,2022-03-12,3.079167,40.807897,-112.087717
Inland Port,2022-03-13,1.783333,40.807897,-112.087717
Inland Port,2022-03-14,5.754167,40.807897,-112.087717
Inland Port,2022-03-15,3.691667,40.807897,-112.087717
Inland Port,2022-03-16,2.079167,40.807897,-112.087717
Inland Port,2022-03-17,1.745833,40.807897,-112.087717
Inland Port,2022-03-18,4.914286,40.807897,-112.087717
Inland Port,2022-03-19,5.452381,40.807897,-112.087717
Inland Port,2022-03-20,2.6625,40.807897,-112.087717
Inland Port,2022-03-21,2.152174,40.807897,-112.087717
Inland Port,2022-03-22,2.526667,40.807897,-112.087717
Inland Port,2022-03-23,7.819048,40.807897,-112.087717
Inland Port,2022-03-24,5.333333,40.807897,-112.087717
Inland Port,2022-03-25,6.536364,40.807897,-112.087717
Inland Port,2022-03-26,5.25,40.807897,-112.087717
Inland Port,2022-03-27,4.3,40.807897,-112.087717
Inland Port,2022-03-28,5.158333,40.807897,-112.087717
Inland Port,2022-03-29,7.591667,40.807897,-112.087717
Inland Port,2022-03-30,2.229167,40.807897,-112.087717
Inland Port,2022-03-31,2.5625,40.807897,-112.087717
Inland Port,2022-04-01,5.016667,40.807897,-112.087717
Inland Port,2022-04-02,5.879167,40.807897,-112.087717
Inland Port,2022-04-03,5.0875,40.807897,-112.087717
Inland Port,2022-04-04,6.391667,40.807897,-112.087717
Inland Port,2022-04-05,3.816667,40.807897,-112.087717
Inland Port,2022-04-06,2.604167,40.807897,-112.087717
Inland Port,2022-04-07,5.895833,40.807897,-112.087717
Inland Port,2022-04-08,8.108333,40.807897,-112.087717
Inland Port,2022-04-09,5.858333,40.807897,-112.087717
Inland Port,2022-04-10,2.55,40.807897,-112.087717
Inland Port,2022-04-11,6.025,40.807897,-112.087717
Inland Port,2022-04-12,1.74,40.807897,-112.087717
Inland Port,2022-04-13,7.35625,40.807897,-112.087717
Inland Port,2022-04-14,3.529167,40.807897,-112.087717
Inland Port,2022-04-15,2.120833,40.807897,-112.087717
Inland Port,2022-04-16,5.166667,40.807897,-112.087717
Inland Port,2022-04-17,2.720833,40.807897,-112.087717
Inland Port,2022-04-18,6.179167,40.807897,-112.087717
Inland Port,2022-04-19,10.954167,40.807897,-112.087717
Inland Port,2022-04-20,4.179167,40.807897,-112.087717
Inland Port,2022-04-21,20.547826,40.807897,-112.087717
Inland Port,2022-04-22,2.529167,40.807897,-112.087717
Inland Port,2022-04-23,1.9375,40.807897,-112.087717
Inland Port,2022-04-24,2.654167,40.807897,-112.087717
Inland Port,2022-04-25,3.875,40.807897,-112.087717
Inland Port,2022-04-26,9.279167,40.807897,-112.087717
Inland Port,2022-04-27,8.579167,40.807897,-112.087717
Inland Port,2022-04-28,8.5625,40.807897,-112.087717
Inland Port,2022-04-29,4.14,40.807897,-112.087717
Inland Port,2022-04-30,4.966667,40.807897,-112.087717
Inland Port,2022-05-01,1.9625,40.807897,-112.087717
Inland Port,2022-05-02,7.033333,40.807897,-112.087717
Inland Port,2022-05-03,0.945833,40.807897,-112.087717
Inland Port,2022-05-04,4.879167,40.807897,-112.087717
Inland Port,2022-05-05,5.0875,40.807897,-112.087717
Inland Port,2022-05-06,9.0125,40.807897,-112.087717
Inland Port,2022-05-07,15.495833,40.807897,-112.087717
Inland Port,2022-05-08,4.279167,40.807897,-112.087717
Inland Port,2022-05-09,2.531579,40.807897,-112.087717
Inland Port,2022-05-10,2.225,40.807897,-112.087717
Inland Port,2022-05-11,4.483333,40.807897,-112.087717
Inland Port,2022-05-12,1.929167,40.807897,-112.087717
Inland Port,2022-05-13,3.5625,40.807897,-112.087717
Inland Port,2022-05-14,4.254167,40.807897,-112.087717
Inland Port,2022-05-15,2.554167,40.807897,-112.087717
Inland Port,2022-05-16,5.0875,40.807897,-112.087717
Inland Port,2022-05-17,3.238889,40.807897,-112.087717
Inland Port,2022-05-18,6.047826,40.807897,-112.087717
Inland Port,2022-05-19,7.708333,40.807897,-112.087717
Inland Port,2022-05-20,1.616667,40.807897,-112.087717
Inland Port,2022-05-21,2.154167,40.807897,-112.087717
Inland Port,2022-05-22,5.641667,40.807897,-112.087717
Inland Port,2022-05-23,1.577273,40.807897,-112.087717
Inland Port,2022-05-24,3.854167,40.807897,-112.087717
Inland Port,2022-05-25,5.145833,40.807897,-112.087717
Inland Port,2022-05-26,7.445833,40.807897,-112.087717
Inland Port,2022-05-27,12.066667,40.807897,-112.087717
Inland Port,2022-05-28,4.620833,40.807897,-112.087717
Inland Port,2022-05-29,1.4,40.807897,-112.087717
Inland Port,2022-05-30,0.708333,40.807897,-112.087717
Inland Port,2022-05-31,1.4875,40.807897,-112.087717
Inland Port,2022-06-01,2.8125,40.807897,-112.087717
Inland Port,2022-06-02,5.15,40.807897,-112.087717
Inland Port,2022-06-03,4.691667,40.807897,-112.087717
Inland Port,2022-06-04,6.095833,40.807897,-112.087717
Inland Port,2022-06-05,3.366667,40.807897,-112.087717
Inland Port,2022-06-06,3.7375,40.807897,-112.087717
Inland Port,2022-06-07,3.161905,40.807897,-112.087717
Inland Port,2022-06-08,4.96087,40.807897,-112.087717
Inland Port,2022-06-09,5.541667,40.807897,-112.087717
Inland Port,2022-06-10,7.245833,40.807897,-112.087717
Inland Port,2022-06-11,6.008333,40.807897,-112.087717
Inland Port,2022-06-12,13.679167,40.807897,-112.087717
Inland Port,2022-06-13,4.4875,40.807897,-112.087717
Inland Port,2022-06-14,5.508333,40.807897,-112.087717
Inland Port,2022-06-15,5.645833,40.807897,-112.087717
Inland Port,2022-06-16,7.020833,40.807897,-112.087717
Inland Port,2022-06-17,29.383333,40.807897,-112.087717
Inland Port,2022-06-18,25.508333,40.807897,-112.087717
Inland Port,2022-06-19,10.8375,40.807897,-112.087717
Inland Port,2022-06-20,1.683333,40.807897,-112.087717
Inland Port,2022-06-21,1.7125,40.807897,-112.087717
Inland Port,2022-06-22,3.9625,40.807897,-112.087717
Inland Port,2022-06-23,8.420833,40.807897,-112.087717
Inland Port,2022-06-24,5.320833,40.807897,-112.087717
Inland Port,2022-06-25,2.645833,40.807897,-112.087717
Inland Port,2022-06-26,4.904167,40.807897,-112.087717
Inland Port,2022-06-27,7.654167,40.807897,-112.087717
Inland Port,2022-06-28,8.495833,40.807897,-112.087717
Inland Port,2022-06-29,12.066667,40.807897,-112.087717
Inland Port,2022-06-30,7.154167,40.807897,-112.087717
Inland Port,2022-07-01,5.686364,40.807897,-112.087717
Inland Port,2022-07-02,4.508333,40.807897,-112.087717
Inland Port,2022-07-03,8.9875,40.807897,-112.087717
Inland Port,2022-07-04,6.85,40.807897,-112.087717
Inland Port,2022-07-05,6.979167,40.807897,-112.087717
Inland Port,2022-07-06,6.995833,40.807897,-112.087717
Inland Port,2022-07-07,5.691667,40.807897,-112.087717
Inland Port,2022-07-08,7.333333,40.807897,-112.087717
Inland Port,2022-07-09,7.6625,40.807897,-112.087717
Inland Port,2022-07-10,6.9125,40.807897,-112.087717
Inland Port,2022-07-11,4.529167,40.807897,-112.087717
Inland Port,2022-07-12,10.958333,40.807897,-112.087717
Inland Port,2022-07-13,9.0,40.807897,-112.087717
Inland Port,2022-07-14,7.308333,40.807897,-112.087717
Inland Port,2022-07-15,8.275,40.807897,-112.087717
Inland Port,2022-07-16,10.554167,40.807897,-112.087717
Inland Port,2022-07-17,12.129167,40.807897,-112.087717
Inland Port,2022-07-18,8.55,40.807897,-112.087717
Inland Port,2022-07-19,10.05,40.807897,-112.087717
Inland Port,2022-07-20,9.691667,40.807897,-112.087717
Inland Port,2022-07-21,9.9,40.807897,-112.087717
Inland Port,2022-07-28,12.1375,40.807897,-112.087717
Inland Port,2022-07-29,5.004167,40.807897,-112.087717
Inland Port,2022-07-30,6.583333,40.807897,-112.087717
Inland Port,2022-07-31,8.8375,40.807897,-112.087717
Inland Port,2022-08-01,7.1375,40.807897,-112.087717
Inland Port,2022-08-02,7.725,40.807897,-112.087717
Inland Port,2022-08-03,11.004167,40.807897,-112.087717
Inland Port,2022-08-04,9.329167,40.807897,-112.087717
Inland Port,2022-08-05,7.35,40.807897,-112.087717
Inland Port,2022-08-06,5.616667,40.807897,-112.087717
Inland Port,2022-08-07,5.0625,40.807897,-112.087717
Inland Port,2022-08-08,7.358333,40.807897,-112.087717
Inland Port,2022-08-09,7.683333,40.807897,-112.087717
Inland Port,2022-08-10,5.3375,40.807897,-112.087717
Inland Port,2022-08-11,4.470833,40.807897,-112.087717
Inland Port,2022-08-12,8.670833,40.807897,-112.087717
Inland Port,2022-08-13,3.908333,40.807897,-112.087717
Inland Port,2022-08-14,3.504167,40.807897,-112.087717
Inland Port,2022-08-15,4.679167,40.807897,-112.087717
Inland Port,2022-08-16,6.183333,40.807897,-112.087717
Inland Port,2022-08-17,5.458333,40.807897,-112.087717
Inland Port,2022-08-18,8.133333,40.807897,-112.087717
Inland Port,2022-08-19,6.683333,40.807897,-112.087717
Inland Port,2022-08-20,4.979167,40.807897,-112.087717
Inland Port,2022-08-21,3.845833,40.807897,-112.087717
Inland Port,2022-08-22,6.9875,40.807897,-112.087717
Inland Port,2022-08-23,7.1625,40.807897,-112.087717
Inland Port,2022-08-24,7.691304,40.807897,-112.087717
Inland Port,2022-08-25,4.616667,40.807897,-112.087717
Inland Port,2022-08-26,4.591667,40.807897,-112.087717
Inland Port,2022-08-27,4.004167,40.807897,-112.087717
Inland Port,2022-08-28,9.245833,40.807897,-112.087717
Inland Port,2022-08-29,8.833333,40.807897,-112.087717
Inland Port,2022-08-30,8.195833,40.807897,-112.087717
Inland Port,2022-08-31,7.120833,40.807897,-112.087717
Inland Port,2022-09-01,7.175,40.807897,-112.087717
Inland Port,2022-09-02,9.7125,40.807897,-112.087717
Inland Port,2022-09-03,7.4375,40.807897,-112.087717
Inland Port,2022-09-04,7.845833,40.807897,-112.087717
Inland Port,2022-09-05,8.6375,40.807897,-112.087717
Inland Port,2022-09-06,8.45,40.807897,-112.087717
Inland Port,2022-09-07,9.5625,40.807897,-112.087717
Inland Port,2022-09-08,16.495833,40.807897,-112.087717
Inland Port,2022-09-09,29.916667,40.807897,-112.087717
Inland Port,2022-09-10,30.0625,40.807897,-112.087717
Inland Port,2022-09-11,26.583333,40.807897,-112.087717
Inland Port,2022-09-12,21.275,40.807897,-112.087717
Inland Port,2022-09-13,3.425,40.807897,-112.087717
Inland Port,2022-09-14,5.608333,40.807897,-112.087717
Inland Port,2022-09-15,6.170833,40.807897,-112.087717
Inland Port,2022-09-16,4.729167,40.807897,-112.087717
Inland Port,2022-09-17,10.241667,40.807897,-112.087717
Inland Port,2022-09-18,5.3375,40.807897,-112.087717
Inland Port,2022-09-19,3.15,40.807897,-112.087717
Inland Port,2022-09-20,4.841667,40.807897,-112.087717
Inland Port,2022-09-21,4.429167,40.807897,-112.087717
Inland Port,2022-09-22,3.8875,40.807897,-112.087717
Inland Port,2022-09-23,6.1,40.807897,-112.087717
Inland Port,2022-09-24,5.945833,40.807897,-112.087717
Inland Port,2022-09-25,6.6125,40.807897,-112.087717
Inland Port,2022-09-26,7.279167,40.807897,-112.087717
Inland Port,2022-09-27,6.958333,40.807897,-112.087717
Inland Port,2022-09-28,6.366667,40.807897,-112.087717
Inland Port,2022-09-29,5.328571,40.807897,-112.087717
Inland Port,2022-09-30,3.1,40.807897,-112.087717
Inland Port,2022-10-01,3.229167,40.807897,-112.087717
Inland Port,2022-10-02,4.2125,40.807897,-112.087717
Inland Port,2022-10-03,5.708333,40.807897,-112.087717
Inland Port,2022-10-04,5.7625,40.807897,-112.087717
Inland Port,2022-10-05,6.75,40.807897,-112.087717
Inland Port,2022-10-06,6.479167,40.807897,-112.087717
Inland Port,2022-10-07,7.258333,40.807897,-112.087717
Inland Port,2022-10-08,7.658333,40.807897,-112.087717
Inland Port,2022-10-09,7.345833,40.807897,-112.087717
Inland Port,2022-10-10,8.6625,40.807897,-112.087717
Inland Port,2022-10-11,9.2875,40.807897,-112.087717
Inland Port,2022-10-12,9.0,40.807897,-112.087717
Inland Port,2022-10-13,8.470833,40.807897,-112.087717
Inland Port,2022-10-14,7.779167,40.807897,-112.087717
Inland Port,2022-10-15,6.516667,40.807897,-112.087717
Inland Port,2022-10-16,4.283333,40.807897,-112.087717
Inland Port,2022-10-17,6.5125,40.807897,-112.087717
Inland Port,2022-10-18,10.3875,40.807897,-112.087717
Inland Port,2022-10-19,9.516667,40.807897,-112.087717
Inland Port,2022-10-20,9.308333,40.807897,-112.087717
Inland Port,2022-10-21,6.720833,40.807897,-112.087717
Inland Port,2022-10-22,8.595833,40.807897,-112.087717
Inland Port,2022-10-23,2.7125,40.807897,-112.087717
Inland Port,2022-10-24,4.095833,40.807897,-112.087717
Inland Port,2022-10-25,3.795833,40.807897,-112.087717
Inland Port,2022-10-26,3.808696,40.807897,-112.087717
Inland Port,2022-10-27,2.604167,40.807897,-112.087717
Inland Port,2022-10-28,9.966667,40.807897,-112.087717
Inland Port,2022-10-29,12.533333,40.807897,-112.087717
Inland Port,2022-10-30,8.933333,40.807897,-112.087717
Inland Port,2022-10-31,6.870833,40.807897,-112.087717
Inland Port,2022-11-01,5.083333,40.807897,-112.087717
Inland Port,2022-11-02,5.020833,40.807897,-112.087717
Inland Port,2022-11-03,3.883333,40.807897,-112.087717
Inland Port,2022-11-04,5.541667,40.807897,-112.087717
Inland Port,2022-11-05,1.6,40.807897,-112.087717
Inland Port,2022-11-06,1.895833,40.807897,-112.087717
Inland Port,2022-11-07,2.2875,40.807897,-112.087717
Inland Port,2022-11-08,5.808333,40.807897,-112.087717
Inland Port,2022-11-09,0.566667,40.807897,-112.087717
Inland Port,2022-11-10,2.516667,40.807897,-112.087717
Inland Port,2022-11-11,7.054167,40.807897,-112.087717
Inland Port,2022-11-12,13.508333,40.807897,-112.087717
Inland Port,2022-11-13,8.975,40.807897,-112.087717
Inland Port,2022-11-14,5.6625,40.807897,-112.087717
Inland Port,2022-11-15,6.0375,40.807897,-112.087717
Inland Port,2022-11-16,6.973913,40.807897,-112.087717
Inland Port,2022-11-17,14.05,40.807897,-112.087717
Inland Port,2022-11-18,5.575,40.807897,-112.087717
Inland Port,2022-11-19,5.966667,40.807897,-112.087717
Inland Port,2022-11-20,20.6,40.807897,-112.087717
Inland Port,2022-11-21,27.0875,40.807897,-112.087717
Inland Port,2022-11-22,30.391667,40.807897,-112.087717
Inland Port,2022-11-23,20.883333,40.807897,-112.087717
Inland Port,2022-11-24,4.9,40.807897,-112.087717
Inland Port,2022-11-25,10.65,40.807897,-112.087717
Inland Port,2022-11-26,13.995833,40.807897,-112.087717
Inland Port,2022-11-27,8.933333,40.807897,-112.087717
Inland Port,2022-11-28,1.804167,40.807897,-112.087717
Inland Port,2022-11-29,0.825,40.807897,-112.087717
Inland Port,2022-11-30,2.208333,40.807897,-112.087717
Inland Port,2022-12-01,6.891667,40.807897,-112.087717
Inland Port,2022-12-02,2.825,40.807897,-112.087717
Inland Port,2022-12-03,7.783333,40.807897,-112.087717
Inland Port,2022-12-04,12.15,40.807897,-112.087717
Inland Port,2022-12-05,7.233333,40.807897,-112.087717
Inland Port,2022-12-06,10.470833,40.807897,-112.087717
Inland Port,2022-12-07,19.304167,40.807897,-112.087717
Inland Port,2022-12-08,15.1125,40.807897,-112.087717
Inland Port,2022-12-09,9.775,40.807897,-112.087717
Inland Port,2022-12-10,3.4625,40.807897,-112.087717
Inland Port,2022-12-11,1.2375,40.807897,-112.087717
Inland Port,2022-12-12,1.354167,40.807897,-112.087717
Inland Port,2022-12-13,3.841667,40.807897,-112.087717
Inland Port,2022-12-14,2.216667,40.807897,-112.087717
Inland Port,2022-12-15,6.175,40.807897,-112.087717
Inland Port,2022-12-16,6.9125,40.807897,-112.087717
Inland Port,2022-12-17,14.625,40.807897,-112.087717
Inland Port,2022-12-18,20.679167,40.807897,-112.087717
Inland Port,2022-12-19,33.991667,40.807897,-112.087717
Inland Port,2022-12-20,36.354167,40.807897,-112.087717
Inland Port,2022-12-21,7.345833,40.807897,-112.087717
Inland Port,2022-12-22,0.716667,40.807897,-112.087717
Inland Port,2022-12-23,5.75,40.807897,-112.087717
Inland Port,2022-12-27,0.409091,40.807897,-112.087717
Inland Port,2022-12-28,0.420833,40.807897,-112.087717
Inland Port,2022-12-29,2.308333,40.807897,-112.087717
Inland Port,2022-12-30,2.045833,40.807897,-112.087717
Inland Port,2022-12-31,0.945833,40.807897,-112.087717
Inland Port,2023-01-01,0.879167,40.807897,-112.087717
Inland Port,2023-01-02,2.1625,40.807897,-112.087717
Inland Port,2023-01-03,9.141667,40.807897,-112.087717
Inland Port,2023-01-04,11.358333,40.807897,-112.087717
Inland Port,2023-01-05,3.004167,40.807897,-112.087717
Inland Port,2023-01-06,5.479167,40.807897,-112.087717
Inland Port,2023-01-07,7.633333,40.807897,-112.087717
Inland Port,2023-01-08,2.175,40.807897,-112.087717
Inland Port,2023-01-09,3.278261,40.807897,-112.087717
Inland Port,2023-01-10,0.9,40.807897,-112.087717
Inland Port,2023-01-11,4.579167,40.807897,-112.087717
Inland Port,2023-01-12,3.36087,40.807897,-112.087717
Inland Port,2023-01-13,12.3375,40.807897,-112.087717
Inland Port,2023-01-14,11.020833,40.807897,-112.087717
Inland Port,2023-01-15,1.65,40.807897,-112.087717
Inland Port,2023-01-16,3.591667,40.807897,-112.087717
Inland Port,2023-01-17,3.270833,40.807897,-112.087717
Inland Port,2023-01-18,4.216667,40.807897,-112.087717
Inland Port,2023-01-19,6.070833,40.807897,-112.087717
Inland Port,2023-01-20,4.291667,40.807897,-112.087717
Inland Port,2023-01-21,3.175,40.807897,-112.087717
Inland Port,2023-01-22,6.85,40.807897,-112.087717
Inland Port,2023-01-23,3.545455,40.807897,-112.087717
Inland Port,2023-01-24,4.745833,40.807897,-112.087717
Inland Port,2023-01-25,9.666667,40.807897,-112.087717
Inland Port,2023-01-26,16.8125,40.807897,-112.087717
Inland Port,2023-01-27,5.604167,40.807897,-112.087717
Inland Port,2023-01-28,0.666667,40.807897,-112.087717
Inland Port,2023-01-29,2.641667,40.807897,-112.087717
Inland Port,2023-01-30,3.741667,40.807897,-112.087717
Inland Port,2023-01-31,11.379167,40.807897,-112.087717
Inland Port,2023-02-01,29.6875,40.807897,-112.087717
Inland Port,2023-02-02,32.291667,40.807897,-112.087717
Inland Port,2023-02-03,40.379167,40.807897,-112.087717
Inland Port,2023-02-04,38.908333,40.807897,-112.087717
Inland Port,2023-02-05,28.570833,40.807897,-112.087717
Inland Port,2023-02-06,8.204545,40.807897,-112.087717
Inland Port,2023-02-07,6.220833,40.807897,-112.087717
Inland Port,2023-02-08,10.679167,40.807897,-112.087717
Inland Port,2023-02-09,3.908333,40.807897,-112.087717
Inland Port,2023-02-10,17.7375,40.807897,-112.087717
Inland Port,2023-02-11,22.845833,40.807897,-112.087717
Inland Port,2023-02-12,19.325,40.807897,-112.087717
Inland Port,2023-02-13,18.029167,40.807897,-112.087717
Inland Port,2023-02-14,0.5375,40.807897,-112.087717
Inland Port,2023-02-15,2.058333,40.807897,-112.087717
Inland Port,2023-02-16,5.5625,40.807897,-112.087717
Inland Port,2023-02-17,15.5375,40.807897,-112.087717
Inland Port,2023-02-18,21.975,40.807897,-112.087717
Inland Port,2023-02-19,8.9875,40.807897,-112.087717
Inland Port,2023-02-20,4.441667,40.807897,-112.087717
Inland Port,2023-02-21,1.9875,40.807897,-112.087717
Inland Port,2023-02-22,1.8375,40.807897,-112.087717
Inland Port,2023-02-23,1.575,40.807897,-112.087717
Inland Port,2023-02-24,1.770833,40.807897,-112.087717
Inland Port,2023-02-25,5.729167,40.807897,-112.087717
Inland Port,2023-02-26,10.845833,40.807897,-112.087717
Inland Port,2023-02-27,1.120833,40.807897,-112.087717
Inland Port,2023-02-28,0.8625,40.807897,-112.087717
Inland Port,2023-03-01,2.125,40.807897,-112.087717
Inland Port,2023-03-02,2.054167,40.807897,-112.087717
Inland Port,2023-03-03,3.2875,40.807897,-112.087717
Inland Port,2023-03-04,4.983333,40.807897,-112.087717
Inland Port,2023-03-05,3.158333,40.807897,-112.087717
Inland Port,2023-03-06,2.583333,40.807897,-112.087717
Inland Port,2023-03-07,5.754167,40.807897,-112.087717
Inland Port,2023-03-08,10.0625,40.807897,-112.087717
Inland Port,2023-03-09,3.8625,40.807897,-112.087717
Inland Port,2023-03-10,1.7,40.807897,-112.087717
Inland Port,2023-03-11,1.741667,40.807897,-112.087717
Inland Port,2023-03-12,7.629167,40.807897,-112.087717
Inland Port,2023-03-13,7.366667,40.807897,-112.087717
Inland Port,2023-03-14,2.2625,40.807897,-112.087717
Inland Port,2023-03-15,1.929167,40.807897,-112.087717
Inland Port,2023-03-16,3.458333,40.807897,-112.087717
Inland Port,2023-03-17,6.545833,40.807897,-112.087717
Inland Port,2023-03-18,6.320833,40.807897,-112.087717
Inland Port,2023-03-19,3.1625,40.807897,-112.087717
Inland Port,2023-03-20,2.191667,40.807897,-112.087717
Inland Port,2023-03-21,6.679167,40.807897,-112.087717
Inland Port,2023-03-22,0.945833,40.807897,-112.087717
Inland Port,2023-03-23,1.195833,40.807897,-112.087717
Inland Port,2023-03-24,0.725,40.807897,-112.087717
Inland Port,2023-03-25,0.345833,40.807897,-112.087717
Inland Port,2023-03-26,0.841667,40.807897,-112.087717
Inland Port,2023-03-27,1.145833,40.807897,-112.087717
Inland Port,2023-03-28,3.595833,40.807897,-112.087717
Inland Port,2023-03-29,4.3875,40.807897,-112.087717
Inland Port,2023-03-30,1.920833,40.807897,-112.087717
Inland Port,2023-03-31,2.9875,40.807897,-112.087717
Inland Port,2023-04-01,2.941667,40.807897,-112.087717
Inland Port,2023-04-02,1.525,40.807897,-112.087717
Inland Port,2023-04-03,2.1125,40.807897,-112.087717
Inland Port,2023-04-04,1.358333,40.807897,-112.087717
Inland Port,2023-04-05,2.579167,40.807897,-112.087717
Inland Port,2023-04-06,4.633333,40.807897,-112.087717
Inland Port,2023-04-07,8.541667,40.807897,-112.087717
Inland Port,2023-04-08,5.458333,40.807897,-112.087717
Inland Port,2023-04-09,6.116667,40.807897,-112.087717
Inland Port,2023-04-10,7.641667,40.807897,-112.087717
Inland Port,2023-04-11,5.308696,40.807897,-112.087717
Inland Port,2023-04-12,7.079167,40.807897,-112.087717
Inland Port,2023-04-13,2.233333,40.807897,-112.087717
Inland Port,2023-04-14,4.713636,40.807897,-112.087717
Inland Port,2023-04-15,5.9125,40.807897,-112.087717
Inland Port,2023-04-16,7.8125,40.807897,-112.087717
Inland Port,2023-04-17,7.1125,40.807897,-112.087717
Inland Port,2023-04-18,10.225,40.807897,-112.087717
Inland Port,2023-04-19,1.883333,40.807897,-112.087717
Inland Port,2023-04-20,2.970833,40.807897,-112.087717
Inland Port,2023-04-21,5.220833,40.807897,-112.087717
Inland Port,2023-04-22,4.870833,40.807897,-112.087717
Inland Port,2023-04-23,4.3875,40.807897,-112.087717
Inland Port,2023-04-24,4.158333,40.807897,-112.087717
Inland Port,2023-04-25,3.0375,40.807897,-112.087717
Inland Port,2023-04-26,7.658333,40.807897,-112.087717
Inland Port,2023-04-27,4.616667,40.807897,-112.087717
Inland Port,2023-04-28,2.5625,40.807897,-112.087717
Inland Port,2023-04-29,8.979167,40.807897,-112.087717
Inland Port,2023-04-30,7.179167,40.807897,-112.087717
Inland Port,2023-05-01,7.545833,40.807897,-112.087717
Inland Port,2023-05-02,8.608333,40.807897,-112.087717
Inland Port,2023-05-03,8.908333,40.807897,-112.087717
Inland Port,2023-05-04,7.333333,40.807897,-112.087717
Inland Port,2023-05-05,3.525,40.807897,-112.087717
Inland Port,2023-05-06,2.2125,40.807897,-112.087717
Inland Port,2023-05-07,4.320833,40.807897,-112.087717
Inland Port,2023-05-08,6.158333,40.807897,-112.087717
Inland Port,2023-05-09,5.0375,40.807897,-112.087717
Inland Port,2023-05-10,6.454167,40.807897,-112.087717
Inland Port,2023-05-11,6.4875,40.807897,-112.087717
Inland Port,2023-05-12,4.329167,40.807897,-112.087717
Inland Port,2023-05-13,3.35,40.807897,-112.087717
Inland Port,2023-05-14,3.658333,40.807897,-112.087717
Inland Port,2023-05-15,4.854167,40.807897,-112.087717
Inland Port,2023-05-16,5.375,40.807897,-112.087717
Inland Port,2023-05-17,7.804167,40.807897,-112.087717
Inland Port,2023-05-18,6.233333,40.807897,-112.087717
Inland Port,2023-05-19,15.083333,40.807897,-112.087717
Inland Port,2023-05-20,24.8125,40.807897,-112.087717
Inland Port,2023-05-21,17.816667,40.807897,-112.087717
Inland Port,2023-05-22,9.208333,40.807897,-112.087717
Inland Port,2023-05-23,3.617391,40.807897,-112.087717
Inland Port,2023-05-24,5.5125,40.807897,-112.087717
Inland Port,2023-05-25,4.9,40.807897,-112.087717
Inland Port,2023-05-26,4.566667,40.807897,-112.087717
Inland Port,2023-05-27,5.233333,40.807897,-112.087717
Inland Port,2023-05-28,5.429167,40.807897,-112.087717
Inland Port,2023-05-29,6.35,40.807897,-112.087717
Inland Port,2023-05-30,8.341667,40.807897,-112.087717
Inland Port,2023-05-31,7.204167,40.807897,-112.087717
Inland Port,2023-06-01,5.4125,40.807897,-112.087717
Inland Port,2023-06-02,3.958333,40.807897,-112.087717
Inland Port,2023-06-03,6.608333,40.807897,-112.087717
Inland Port,2023-06-04,4.620833,40.807897,-112.087717
Inland Port,2023-06-05,6.2875,40.807897,-112.087717
Inland Port,2023-06-06,7.575,40.807897,-112.087717
Inland Port,2023-06-07,4.3125,40.807897,-112.087717
Inland Port,2023-06-08,5.975,40.807897,-112.087717
Inland Port,2023-06-09,6.458333,40.807897,-112.087717
Inland Port,2023-06-10,5.775,40.807897,-112.087717
Inland Port,2023-06-11,4.775,40.807897,-112.087717
Inland Port,2023-06-12,6.9875,40.807897,-112.087717
Inland Port,2023-06-13,4.1875,40.807897,-112.087717
Inland Port,2023-06-14,5.708333,40.807897,-112.087717
Inland Port,2023-06-15,4.045833,40.807897,-112.087717
Inland Port,2023-06-16,5.466667,40.807897,-112.087717
Inland Port,2023-06-17,6.695833,40.807897,-112.087717
Inland Port,2023-06-18,5.845833,40.807897,-112.087717
Inland Port,2023-06-19,6.175,40.807897,-112.087717
Inland Port,2023-06-20,3.004167,40.807897,-112.087717
Inland Port,2023-06-21,2.754167,40.807897,-112.087717
Inland Port,2023-06-22,4.058333,40.807897,-112.087717
Inland Port,2023-06-23,10.004167,40.807897,-112.087717
Inland Port,2023-06-24,7.208333,40.807897,-112.087717
Inland Port,2023-06-25,6.2875,40.807897,-112.087717
Inland Port,2023-06-26,3.45,40.807897,-112.087717
Inland Port,2023-06-27,5.858333,40.807897,-112.087717
Inland Port,2023-06-28,4.704167,40.807897,-112.087717
Inland Port,2023-06-29,5.916667,40.807897,-112.087717
Inland Port,2023-06-30,6.6625,40.807897,-112.087717
Inland Port,2023-07-01,7.55,40.807897,-112.087717
Inland Port,2023-07-02,7.408333,40.807897,-112.087717
Inland Port,2023-07-03,9.579167,40.807897,-112.087717
Inland Port,2023-07-04,9.55,40.807897,-112.087717
Inland Port,2023-07-05,9.790476,40.807897,-112.087717
Inland Port,2023-07-06,6.804167,40.807897,-112.087717
Inland Port,2023-07-07,7.666667,40.807897,-112.087717
Inland Port,2023-07-08,7.520833,40.807897,-112.087717
Inland Port,2023-07-09,7.3125,40.807897,-112.087717
Inland Port,2023-07-10,7.0,40.807897,-112.087717
Inland Port,2023-07-11,6.145833,40.807897,-112.087717
Inland Port,2023-07-12,10.9875,40.807897,-112.087717
Inland Port,2023-07-13,7.416667,40.807897,-112.087717
Inland Port,2023-07-14,6.179167,40.807897,-112.087717
Inland Port,2023-07-15,5.683333,40.807897,-112.087717
Inland Port,2023-07-16,6.829167,40.807897,-112.087717
Inland Port,2023-07-17,9.358333,40.807897,-112.087717
Inland Port,2023-07-18,10.35,40.807897,-112.087717
Inland Port,2023-07-19,7.925,40.807897,-112.087717
Inland Port,2023-07-20,7.783333,40.807897,-112.087717
Inland Port,2023-07-21,7.55,40.807897,-112.087717
Inland Port,2023-07-22,5.541667,40.807897,-112.087717
Inland Port,2023-07-23,7.954167,40.807897,-112.087717
Inland Port,2023-07-24,9.104167,40.807897,-112.087717
Inland Port,2023-07-25,8.7375,40.807897,-112.087717
Inland Port,2023-07-26,6.3875,40.807897,-112.087717
Inland Port,2023-07-27,4.316667,40.807897,-112.087717
Inland Port,2023-07-28,6.745833,40.807897,-112.087717
Inland Port,2023-07-29,7.225,40.807897,-112.087717
Inland Port,2023-07-30,9.033333,40.807897,-112.087717
Inland Port,2023-07-31,9.133333,40.807897,-112.087717
Inland Port,2023-08-01,7.429167,40.807897,-112.087717
Inland Port,2023-08-02,7.370833,40.807897,-112.087717
Inland Port,2023-08-03,6.1875,40.807897,-112.087717
Inland Port,2023-08-04,4.270833,40.807897,-112.087717
Inland Port,2023-08-05,3.558333,40.807897,-112.087717
Inland Port,2023-08-06,4.25,40.807897,-112.087717
Inland Port,2023-08-07,4.941667,40.807897,-112.087717
Inland Port,2023-08-08,7.479167,40.807897,-112.087717
Inland Port,2023-08-09,9.05,40.807897,-112.087717
Inland Port,2023-08-10,6.575,40.807897,-112.087717
Inland Port,2023-08-11,3.591667,40.807897,-112.087717
Inland Port,2023-08-12,3.575,40.807897,-112.087717
Inland Port,2023-08-13,4.729167,40.807897,-112.087717
Inland Port,2023-08-14,6.408333,40.807897,-112.087717
Inland Port,2023-08-15,7.595833,40.807897,-112.087717
Inland Port,2023-08-16,3.666667,40.807897,-112.087717
Inland Port,2023-08-17,7.720833,40.807897,-112.087717
Inland Port,2023-08-18,4.171429,40.807897,-112.087717
Inland Port,2023-08-19,3.45,40.807897,-112.087717
Inland Port,2023-08-20,5.804167,40.807897,-112.087717
Inland Port,2023-08-21,5.554167,40.807897,-112.087717
Inland Port,2023-08-22,3.65,40.807897,-112.087717
Inland Port,2023-08-23,6.383333,40.807897,-112.087717
Inland Port,2023-08-24,9.741667,40.807897,-112.087717
Inland Port,2023-08-25,5.854167,40.807897,-112.087717
Inland Port,2023-08-26,6.5625,40.807897,-112.087717
Inland Port,2023-08-27,5.595833,40.807897,-112.087717
Inland Port,2023-08-28,4.570833,40.807897,-112.087717
Inland Port,2023-08-29,6.179167,40.807897,-112.087717
Inland Port,2023-08-30,27.1,40.807897,-112.087717
Inland Port,2023-08-31,10.0125,40.807897,-112.087717
Inland Port,2023-09-01,4.1375,40.807897,-112.087717
Inland Port,2023-09-02,2.55,40.807897,-112.087717
Inland Port,2023-09-03,4.108333,40.807897,-112.087717
Inland Port,2023-09-04,3.054167,40.807897,-112.087717
Inland Port,2023-09-05,7.533333,40.807897,-112.087717
Inland Port,2023-09-06,6.429167,40.807897,-112.087717
Inland Port,2023-09-07,4.658333,40.807897,-112.087717
Inland Port,2023-09-08,2.791667,40.807897,-112.087717
Inland Port,2023-09-09,6.495833,40.807897,-112.087717
Inland Port,2023-09-10,5.341667,40.807897,-112.087717
Inland Port,2023-09-11,5.745833,40.807897,-112.087717
Inland Port,2023-09-12,7.304167,40.807897,-112.087717
Inland Port,2023-09-13,6.991667,40.807897,-112.087717
Inland Port,2023-09-14,6.004167,40.807897,-112.087717
Inland Port,2023-09-15,4.625,40.807897,-112.087717
Inland Port,2023-09-16,6.075,40.807897,-112.087717
Inland Port,2023-09-17,6.225,40.807897,-112.087717
Inland Port,2023-09-18,5.0125,40.807897,-112.087717
Inland Port,2023-09-19,5.466667,40.807897,-112.087717
Inland Port,2023-09-20,5.4625,40.807897,-112.087717
Inland Port,2023-09-21,4.633333,40.807897,-112.087717
Inland Port,2023-09-22,5.079167,40.807897,-112.087717
Inland Port,2023-09-23,6.129167,40.807897,-112.087717
Inland Port,2023-09-24,8.525,40.807897,-112.087717
Inland Port,2023-09-25,6.333333,40.807897,-112.087717
Inland Port,2023-09-26,4.8125,40.807897,-112.087717
Inland Port,2023-09-27,4.779167,40.807897,-112.087717
Inland Port,2023-09-28,3.725,40.807897,-112.087717
Inland Port,2023-09-29,6.725,40.807897,-112.087717
Inland Port,2023-09-30,5.191667,40.807897,-112.087717
Inland Port,2023-10-01,3.466667,40.807897,-112.087717
Inland Port,2023-10-02,2.716667,40.807897,-112.087717
Inland Port,2023-10-03,6.029167,40.807897,-112.087717
Inland Port,2023-10-04,5.5125,40.807897,-112.087717
Inland Port,2023-10-05,5.766667,40.807897,-112.087717
Inland Port,2023-10-06,6.0875,40.807897,-112.087717
Inland Port,2023-10-07,7.916667,40.807897,-112.087717
Inland Port,2023-10-08,8.233333,40.807897,-112.087717
Inland Port,2023-10-09,6.075,40.807897,-112.087717
Inland Port,2023-10-10,4.516667,40.807897,-112.087717
Inland Port,2023-10-11,2.458333,40.807897,-112.087717
Inland Port,2023-10-12,3.470833,40.807897,-112.087717
Inland Port,2023-10-13,5.020833,40.807897,-112.087717
Inland Port,2023-10-14,4.645833,40.807897,-112.087717
Inland Port,2023-10-15,9.383333,40.807897,-112.087717
Inland Port,2023-10-16,10.704167,40.807897,-112.087717
Inland Port,2023-10-17,11.3125,40.807897,-112.087717
Inland Port,2023-10-18,6.408333,40.807897,-112.087717
Inland Port,2023-10-19,9.2,40.807897,-112.087717
Inland Port,2023-10-20,11.266667,40.807897,-112.087717
Inland Port,2023-10-21,11.708333,40.807897,-112.087717
Inland Port,2023-10-22,7.775,40.807897,-112.087717
Inland Port,2023-10-23,4.958333,40.807897,-112.087717
Inland Port,2023-10-24,9.6125,40.807897,-112.087717
Inland Port,2023-10-25,5.55,40.807897,-112.087717
Inland Port,2023-10-26,2.858333,40.807897,-112.087717
Inland Port,2023-10-27,4.245833,40.807897,-112.087717
Inland Port,2023-10-28,3.345833,40.807897,-112.087717
Inland Port,2023-10-29,6.575,40.807897,-112.087717
Inland Port,2023-10-30,7.170833,40.807897,-112.087717
Inland Port,2023-10-31,10.879167,40.807897,-112.087717
Inland Port,2023-11-01,16.7875,40.807897,-112.087717
Inland Port,2023-11-02,13.404167,40.807897,-112.087717
Inland Port,2023-11-03,10.295833,40.807897,-112.087717
Inland Port,2023-11-04,9.545833,40.807897,-112.087717
Inland Port,2023-11-05,6.995833,40.807897,-112.087717
Inland Port,2023-11-06,6.054167,40.807897,-112.087717
Inland Port,2023-11-07,2.391667,40.807897,-112.087717
Inland Port,2023-11-08,3.35,40.807897,-112.087717
Inland Port,2023-11-09,7.275,40.807897,-112.087717
Inland Port,2023-11-10,10.7,40.807897,-112.087717
Inland Port,2023-11-11,13.35,40.807897,-112.087717
Inland Port,2023-11-12,11.475,40.807897,-112.087717
Inland Port,2023-11-13,10.35,40.807897,-112.087717
Inland Port,2023-11-14,6.654167,40.807897,-112.087717
Inland Port,2023-11-15,8.2375,40.807897,-112.087717
Inland Port,2023-11-16,3.645833,40.807897,-112.087717
Inland Port,2023-11-17,13.916667,40.807897,-112.087717
Inland Port,2023-11-18,14.2625,40.807897,-112.087717
Inland Port,2023-11-19,3.595833,40.807897,-112.087717
Inland Port,2023-11-20,1.008333,40.807897,-112.087717
Inland Port,2023-11-21,5.366667,40.807897,-112.087717
Inland Port,2023-11-22,15.341667,40.807897,-112.087717
Inland Port,2023-11-23,13.891667,40.807897,-112.087717
Inland Port,2023-11-24,2.016667,40.807897,-112.087717
Inland Port,2023-11-25,2.033333,40.807897,-112.087717
Inland Port,2023-11-26,4.791667,40.807897,-112.087717
Inland Port,2023-11-27,15.025,40.807897,-112.087717
Inland Port,2023-11-28,24.0875,40.807897,-112.087717
Inland Port,2023-11-29,26.508333,40.807897,-112.087717
Inland Port,2023-11-30,20.383333,40.807897,-112.087717
Inland Port,2023-12-01,13.7375,40.807897,-112.087717
Inland Port,2023-12-02,0.866667,40.807897,-112.087717
Inland Port,2023-12-03,1.529167,40.807897,-112.087717
Inland Port,2023-12-04,6.308333,40.807897,-112.087717
Inland Port,2023-12-05,10.320833,40.807897,-112.087717
Inland Port,2023-12-06,11.245833,40.807897,-112.087717
Inland Port,2023-12-07,2.304167,40.807897,-112.087717
Inland Port,2023-12-08,0.933333,40.807897,-112.087717
Inland Port,2023-12-09,2.375,40.807897,-112.087717
Inland Port,2023-12-10,5.258333,40.807897,-112.087717
Inland Port,2023-12-11,6.741667,40.807897,-112.087717
Inland Port,2023-12-12,11.566667,40.807897,-112.087717
Inland Port,2023-12-13,6.15,40.807897,-112.087717
Inland Port,2023-12-14,9.033333,40.807897,-112.087717
Inland Port,2023-12-15,19.495833,40.807897,-112.087717
Inland Port,2023-12-16,24.354167,40.807897,-112.087717
Inland Port,2023-12-17,22.695833,40.807897,-112.087717
Inland Port,2023-12-18,22.991667,40.807897,-112.087717
Inland Port,2023-12-19,22.5,40.807897,-112.087717
Inland Port,2023-12-20,22.3125,40.807897,-112.087717
Inland Port,2023-12-21,18.8125,40.807897,-112.087717
Inland Port,2023-12-22,14.529167,40.807897,-112.087717
Inland Port,2023-12-23,6.375,40.807897,-112.087717
Inland Port,2023-12-24,1.329167,40.807897,-112.087717
Inland Port,2023-12-25,7.833333,40.807897,-112.087717
Inland Port,2023-12-26,11.816667,40.807897,-112.087717
Inland Port,2023-12-27,12.995833,40.807897,-112.087717
Inland Port,2023-12-28,18.058333,40.807897,-112.087717
Inland Port,2023-12-29,22.270833,40.807897,-112.087717
Inland Port,2023-12-30,23.804167,40.807897,-112.087717
Inland Port,2023-12-31,24.458333,40.807897,-112.087717
Lake Park,2022-02-25,5.029167,40.709762,-112.00876
Lake Park,2022-02-26,8.4,40.709762,-112.00876
Lake Park,2022-02-27,10.741667,40.709762,-112.00876
Lake Park,2022-02-28,15.258333,40.709762,-112.00876
Lake Park,2022-03-01,14.833333,40.709762,-112.00876
Lake Park,2022-03-02,14.879167,40.709762,-112.00876
Lake Park,2022-03-03,5.583333,40.709762,-112.00876
Lake Park,2022-03-04,2.925,40.709762,-112.00876
Lake Park,2022-03-05,3.366667,40.709762,-112.00876
Lake Park,2022-03-06,3.804167,40.709762,-112.00876
Lake Park,2022-03-07,5.704167,40.709762,-112.00876
Lake Park,2022-03-08,6.847826,40.709762,-112.00876
Lake Park,2022-03-09,2.825,40.709762,-112.00876
Lake Park,2022-03-10,3.995833,40.709762,-112.00876
Lake Park,2022-03-11,5.754167,40.709762,-112.00876
Lake Park,2022-03-12,3.433333,40.709762,-112.00876
Lake Park,2022-03-13,2.270833,40.709762,-112.00876
Lake Park,2022-03-14,9.608333,40.709762,-112.00876
Lake Park,2022-03-15,3.791667,40.709762,-112.00876
Lake Park,2022-03-16,4.291667,40.709762,-112.00876
Lake Park,2022-03-17,4.225,40.709762,-112.00876
Lake Park,2022-03-18,9.070833,40.709762,-112.00876
Lake Park,2022-03-19,4.425,40.709762,-112.00876
Lake Park,2022-03-20,3.045833,40.709762,-112.00876
Lake Park,2022-03-21,4.3875,40.709762,-112.00876
Lake Park,2022-03-22,6.05,40.709762,-112.00876
Lake Park,2022-03-23,6.2125,40.709762,-112.00876
Lake Park,2022-03-24,5.958333,40.709762,-112.00876
Lake Park,2022-03-25,6.95,40.709762,-112.00876
Lake Park,2022-03-26,7.104167,40.709762,-112.00876
Lake Park,2022-03-27,5.391667,40.709762,-112.00876
Lake Park,2022-03-28,6.04,40.709762,-112.00876
Lake Park,2022-03-30,4.97,40.709762,-112.00876
Lake Park,2022-03-31,5.3625,40.709762,-112.00876
Lake Park,2022-04-01,6.529167,40.709762,-112.00876
Lake Park,2022-04-02,6.745833,40.709762,-112.00876
Lake Park,2022-04-03,6.954167,40.709762,-112.00876
Lake Park,2022-04-04,9.066667,40.709762,-112.00876
Lake Park,2022-04-05,6.6875,40.709762,-112.00876
Lake Park,2022-04-06,4.9375,40.709762,-112.00876
Lake Park,2022-04-07,8.817391,40.709762,-112.00876
Lake Park,2022-04-08,8.308333,40.709762,-112.00876
Lake Park,2022-04-09,11.083333,40.709762,-112.00876
Lake Park,2022-04-10,5.920833,40.709762,-112.00876
Lake Park,2022-04-11,9.845833,40.709762,-112.00876
Lake Park,2022-04-12,4.182609,40.709762,-112.00876
Lake Park,2022-04-13,1.858333,40.709762,-112.00876
Lake Park,2022-04-14,4.454167,40.709762,-112.00876
Lake Park,2022-04-15,3.304167,40.709762,-112.00876
Lake Park,2022-04-16,5.145833,40.709762,-112.00876
Lake Park,2022-04-17,4.366667,40.709762,-112.00876
Lake Park,2022-04-18,10.745833,40.709762,-112.00876
Lake Park,2022-04-19,17.983333,40.709762,-112.00876
Lake Park,2022-04-20,5.570833,40.709762,-112.00876
Lake Park,2022-04-21,21.5375,40.709762,-112.00876
Lake Park,2022-04-22,4.058333,40.709762,-112.00876
Lake Park,2022-04-23,3.758333,40.709762,-112.00876
Lake Park,2022-04-24,4.083333,40.709762,-112.00876
Lake Park,2022-04-25,4.295833,40.709762,-112.00876
Lake Park,2022-04-26,9.891667,40.709762,-112.00876
Lake Park,2022-04-27,10.9375,40.709762,-112.00876
Lake Park,2022-04-28,10.825,40.709762,-112.00876
Lake Park,2022-04-29,6.783333,40.709762,-112.00876
Lake Park,2022-04-30,7.404167,40.709762,-112.00876
Lake Park,2022-05-01,3.341667,40.709762,-112.00876
Lake Park,2022-05-02,4.6125,40.709762,-112.00876
Lake Park,2022-05-03,1.8125,40.709762,-112.00876
Lake Park,2022-05-04,6.0875,40.709762,-112.00876
Lake Park,2022-05-05,5.926087,40.709762,-112.00876
Lake Park,2022-05-06,11.6,40.709762,-112.00876
Lake Park,2022-05-07,19.4,40.709762,-112.00876
Lake Park,2022-05-08,5.891667,40.709762,-112.00876
Lake Park,2022-05-09,3.479167,40.709762,-112.00876
Lake Park,2022-05-10,4.375,40.709762,-112.00876
Lake Park,2022-05-11,8.95,40.709762,-112.00876
Lake Park,2022-05-12,6.045833,40.709762,-112.00876
Lake Park,2022-05-13,2.520833,40.709762,-112.00876
Lake Park,2022-05-14,5.083333,40.709762,-112.00876
Lake Park,2022-05-15,6.75,40.709762,-112.00876
Lake Park,2022-05-16,6.4625,40.709762,-112.00876
Lake Park,2022-05-17,4.7,40.709762,-112.00876
Lake Park,2022-05-18,6.479167,40.709762,-112.00876
Lake Park,2022-05-19,7.8875,40.709762,-112.00876
Lake Park,2022-05-20,3.879167,40.709762,-112.00876
Lake Park,2022-05-21,3.570833,40.709762,-112.00876
Lake Park,2022-05-22,6.729167,40.709762,-112.00876
Lake Park,2022-05-23,4.4125,40.709762,-112.00876
Lake Park,2022-05-24,5.166667,40.709762,-112.00876
Lake Park,2022-05-25,9.169565,40.709762,-112.00876
Lake Park,2022-05-26,7.545833,40.709762,-112.00876
Lake Park,2022-05-27,11.2125,40.709762,-112.00876
Lake Park,2022-05-28,6.45,40.709762,-112.00876
Lake Park,2022-05-29,1.683333,40.709762,-112.00876
Lake Park,2022-05-30,1.408333,40.709762,-112.00876
Lake Park,2022-05-31,3.495833,40.709762,-112.00876
Lake Park,2022-06-01,3.8625,40.709762,-112.00876
Lake Park,2022-06-02,6.804167,40.709762,-112.00876
Lake Park,2022-06-03,6.783333,40.709762,-112.00876
Lake Park,2022-06-04,5.4625,40.709762,-112.00876
Lake Park,2022-06-05,3.5125,40.709762,-112.00876
Lake Park,2022-06-06,4.366667,40.709762,-112.00876
Lake Park,2022-06-07,4.4125,40.709762,-112.00876
Lake Park,2022-06-08,6.258333,40.709762,-112.00876
Lake Park,2022-06-09,7.354167,40.709762,-112.00876
Lake Park,2022-06-10,9.116667,40.709762,-112.00876
Lake Park,2022-06-11,7.941667,40.709762,-112.00876
Lake Park,2022-06-12,16.2625,40.709762,-112.00876
Lake Park,2022-06-13,5.075,40.709762,-112.00876
Lake Park,2022-06-14,6.2625,40.709762,-112.00876
Lake Park,2022-06-15,7.865217,40.709762,-112.00876
Lake Park,2022-06-16,7.241667,40.709762,-112.00876
Lake Park,2022-06-17,23.9,40.709762,-112.00876
Lake Park,2022-06-18,29.654167,40.709762,-112.00876
Lake Park,2022-06-19,15.158333,40.709762,-112.00876
Lake Park,2022-06-20,2.8125,40.709762,-112.00876
Lake Park,2022-06-21,3.825,40.709762,-112.00876
Lake Park,2022-06-22,6.570833,40.709762,-112.00876
Lake Park,2022-06-23,7.441667,40.709762,-112.00876
Lake Park,2022-06-24,6.516667,40.709762,-112.00876
Lake Park,2022-06-25,4.166667,40.709762,-112.00876
Lake Park,2022-06-26,6.4,40.709762,-112.00876
Lake Park,2022-06-27,9.720833,40.709762,-112.00876
Lake Park,2022-06-28,8.1,40.709762,-112.00876
Lake Park,2022-06-29,11.85,40.709762,-112.00876
Lake Park,2022-06-30,8.041667,40.709762,-112.00876
Lake Park,2022-07-01,5.579167,40.709762,-112.00876
Lake Park,2022-07-02,5.320833,40.709762,-112.00876
Lake Park,2022-07-03,8.741667,40.709762,-112.00876
Lake Park,2022-07-04,13.3125,40.709762,-112.00876
Lake Park,2022-07-05,9.670833,40.709762,-112.00876
Lake Park,2022-07-06,7.975,40.709762,-112.00876
Lake Park,2022-07-07,6.6125,40.709762,-112.00876
Lake Park,2022-07-08,6.004167,40.709762,-112.00876
Lake Park,2022-07-09,10.0375,40.709762,-112.00876
Lake Park,2022-07-10,9.183333,40.709762,-112.00876
Lake Park,2022-07-11,7.1625,40.709762,-112.00876
Lake Park,2022-07-12,9.941667,40.709762,-112.00876
Lake Park,2022-07-13,9.883333,40.709762,-112.00876
Lake Park,2022-07-14,5.741667,40.709762,-112.00876
Lake Park,2022-07-15,6.258333,40.709762,-112.00876
Lake Park,2022-07-16,6.979167,40.709762,-112.00876
Lake Park,2022-07-17,9.825,40.709762,-112.00876
Lake Park,2022-07-18,6.354167,40.709762,-112.00876
Lake Park,2022-07-19,10.466667,40.709762,-112.00876
Lake Park,2022-07-20,9.095833,40.709762,-112.00876
Lake Park,2022-07-21,8.258333,40.709762,-112.00876
Lake Park,2022-07-22,9.620833,40.709762,-112.00876
Lake Park,2022-07-23,10.145833,40.709762,-112.00876
Lake Park,2022-07-24,11.5375,40.709762,-112.00876
Lake Park,2022-07-25,12.283333,40.709762,-112.00876
Lake Park,2022-07-26,10.316667,40.709762,-112.00876
Lake Park,2022-07-27,8.266667,40.709762,-112.00876
Lake Park,2022-07-28,7.616667,40.709762,-112.00876
Lake Park,2022-07-29,6.891667,40.709762,-112.00876
Lake Park,2022-07-30,7.6375,40.709762,-112.00876
Lake Park,2022-07-31,7.225,40.709762,-112.00876
Lake Park,2022-08-01,4.625,40.709762,-112.00876
Lake Park,2022-08-02,7.370833,40.709762,-112.00876
Lake Park,2022-08-03,11.529167,40.709762,-112.00876
Lake Park,2022-08-04,10.1625,40.709762,-112.00876
Lake Park,2022-08-05,7.9625,40.709762,-112.00876
Lake Park,2022-08-06,6.4375,40.709762,-112.00876
Lake Park,2022-08-07,6.370833,40.709762,-112.00876
Lake Park,2022-08-08,7.6,40.709762,-112.00876
Lake Park,2022-08-09,7.170833,40.709762,-112.00876
Lake Park,2022-08-10,5.516667,40.709762,-112.00876
Lake Park,2022-08-11,5.3125,40.709762,-112.00876
Lake Park,2022-08-12,6.258333,40.709762,-112.00876
Lake Park,2022-08-13,4.141667,40.709762,-112.00876
Lake Park,2022-08-14,3.5875,40.709762,-112.00876
Lake Park,2022-08-15,5.9,40.709762,-112.00876
Lake Park,2022-08-16,5.866667,40.709762,-112.00876
Lake Park,2022-08-17,5.904167,40.709762,-112.00876
Lake Park,2022-08-18,6.695833,40.709762,-112.00876
Lake Park,2022-08-19,4.095238,40.709762,-112.00876
Lake Park,2022-08-20,4.525,40.709762,-112.00876
Lake Park,2022-08-21,5.245833,40.709762,-112.00876
Lake Park,2022-08-22,6.541667,40.709762,-112.00876
Lake Park,2022-08-23,7.133333,40.709762,-112.00876
Lake Park,2022-08-24,6.65,40.709762,-112.00876
Lake Park,2022-08-25,5.416667,40.709762,-112.00876
Lake Park,2022-08-26,4.9125,40.709762,-112.00876
Lake Park,2022-08-27,4.3125,40.709762,-112.00876
Lake Park,2022-08-28,8.929167,40.709762,-112.00876
Lake Park,2022-08-29,10.620833,40.709762,-112.00876
Lake Park,2022-08-30,10.325,40.709762,-112.00876
Lake Park,2022-08-31,8.454167,40.709762,-112.00876
Lake Park,2022-09-01,7.8875,40.709762,-112.00876
Lake Park,2022-09-02,11.908333,40.709762,-112.00876
Lake Park,2022-09-03,12.35,40.709762,-112.00876
Lake Park,2022-09-04,12.308333,40.709762,-112.00876
Lake Park,2022-09-05,9.370833,40.709762,-112.00876
Lake Park,2022-09-06,11.252174,40.709762,-112.00876
Lake Park,2022-09-07,9.775,40.709762,-112.00876
Lake Park,2022-09-08,14.3875,40.709762,-112.00876
Lake Park,2022-09-09,28.166667,40.709762,-112.00876
Lake Park,2022-09-10,32.133333,40.709762,-112.00876
Lake Park,2022-09-11,29.279167,40.709762,-112.00876
Lake Park,2022-09-12,22.333333,40.709762,-112.00876
Lake Park,2022-09-13,4.104167,40.709762,-112.00876
Lake Park,2022-09-14,5.3875,40.709762,-112.00876
Lake Park,2022-09-15,4.916667,40.709762,-112.00876
Lake Park,2022-09-16,4.829167,40.709762,-112.00876
Lake Park,2022-09-17,11.404167,40.709762,-112.00876
Lake Park,2022-09-18,3.9625,40.709762,-112.00876
Lake Park,2022-09-19,2.866667,40.709762,-112.00876
Lake Park,2022-09-20,4.208333,40.709762,-112.00876
Lake Park,2022-09-21,3.470833,40.709762,-112.00876
Lake Park,2022-09-22,4.391667,40.709762,-112.00876
Lake Park,2022-09-23,6.25,40.709762,-112.00876
Lake Park,2022-09-24,7.475,40.709762,-112.00876
Lake Park,2022-09-25,8.1,40.709762,-112.00876
Lake Park,2022-09-26,7.529167,40.709762,-112.00876
Lake Park,2022-09-27,6.8875,40.709762,-112.00876
Lake Park,2022-09-28,5.254167,40.709762,-112.00876
Lake Park,2022-09-29,5.3875,40.709762,-112.00876
Lake Park,2022-09-30,4.108333,40.709762,-112.00876
Lake Park,2022-10-01,5.358333,40.709762,-112.00876
Lake Park,2022-10-02,5.55,40.709762,-112.00876
Lake Park,2022-10-03,6.6125,40.709762,-112.00876
Lake Park,2022-10-04,5.804167,40.709762,-112.00876
Lake Park,2022-10-05,6.695652,40.709762,-112.00876
Lake Park,2022-10-06,5.941667,40.709762,-112.00876
Lake Park,2022-10-07,8.1125,40.709762,-112.00876
Lake Park,2022-10-08,7.7125,40.709762,-112.00876
Lake Park,2022-10-09,6.991667,40.709762,-112.00876
Lake Park,2022-10-10,8.9625,40.709762,-112.00876
Lake Park,2022-10-11,8.7125,40.709762,-112.00876
Lake Park,2022-10-12,10.716667,40.709762,-112.00876
Lake Park,2022-10-13,9.441667,40.709762,-112.00876
Lake Park,2022-10-14,8.833333,40.709762,-112.00876
Lake Park,2022-10-15,9.816667,40.709762,-112.00876
Lake Park,2022-10-16,3.7,40.709762,-112.00876
Lake Park,2022-10-17,5.533333,40.709762,-112.00876
Lake Park,2022-10-18,9.275,40.709762,-112.00876
Lake Park,2022-10-19,10.683333,40.709762,-112.00876
Lake Park,2022-10-20,8.525,40.709762,-112.00876
Lake Park,2022-10-21,5.825,40.709762,-112.00876
Lake Park,2022-10-22,6.320833,40.709762,-112.00876
Lake Park,2022-10-23,2.975,40.709762,-112.00876
Lake Park,2022-10-24,5.895833,40.709762,-112.00876
Lake Park,2022-10-25,3.925,40.709762,-112.00876
Lake Park,2022-10-26,3.241667,40.709762,-112.00876
Lake Park,2022-10-27,4.558333,40.709762,-112.00876
Lake Park,2022-10-28,9.854167,40.709762,-112.00876
Lake Park,2022-10-29,13.904167,40.709762,-112.00876
Lake Park,2022-10-30,10.116667,40.709762,-112.00876
Lake Park,2022-10-31,7.233333,40.709762,-112.00876
Lake Park,2022-11-01,2.566667,40.709762,-112.00876
Lake Park,2022-11-02,3.925,40.709762,-112.00876
Lake Park,2022-11-03,3.741667,40.709762,-112.00876
Lake Park,2022-11-04,4.608333,40.709762,-112.00876
Lake Park,2022-11-05,1.433333,40.709762,-112.00876
Lake Park,2022-11-06,2.5375,40.709762,-112.00876
Lake Park,2022-11-07,3.633333,40.709762,-112.00876
Lake Park,2022-11-08,4.3875,40.709762,-112.00876
Lake Park,2022-11-09,0.9625,40.709762,-112.00876
Lake Park,2022-11-10,3.595833,40.709762,-112.00876
Lake Park,2022-11-11,6.9125,40.709762,-112.00876
Lake Park,2022-11-12,12.029167,40.709762,-112.00876
Lake Park,2022-11-13,9.108333,40.709762,-112.00876
Lake Park,2022-11-14,4.4,40.709762,-112.00876
Lake Park,2022-11-15,6.158333,40.709762,-112.00876
Lake Park,2022-11-16,7.408333,40.709762,-112.00876
Lake Park,2022-11-17,9.204167,40.709762,-112.00876
Lake Park,2022-11-18,6.058333,40.709762,-112.00876
Lake Park,2022-11-19,7.5375,40.709762,-112.00876
Lake Park,2022-11-20,20.0125,40.709762,-112.00876
Lake Park,2022-11-21,26.083333,40.709762,-112.00876
Lake Park,2022-11-22,29.804167,40.709762,-112.00876
Lake Park,2022-11-23,18.695833,40.709762,-112.00876
Lake Park,2022-11-24,7.275,40.709762,-112.00876
Lake Park,2022-11-25,9.966667,40.709762,-112.00876
Lake Park,2022-11-26,12.2375,40.709762,-112.00876
Lake Park,2022-11-27,5.970833,40.709762,-112.00876
Lake Park,2022-11-28,1.220833,40.709762,-112.00876
Lake Park,2022-11-29,1.475,40.709762,-112.00876
Lake Park,2022-11-30,3.745833,40.709762,-112.00876
Lake Park,2022-12-01,5.745833,40.709762,-112.00876
Lake Park,2022-12-02,4.945833,40.709762,-112.00876
Lake Park,2022-12-03,10.945833,40.709762,-112.00876
Lake Park,2022-12-04,15.070833,40.709762,-112.00876
Lake Park,2022-12-05,5.6,40.709762,-112.00876
Lake Park,2022-12-06,11.841667,40.709762,-112.00876
Lake Park,2022-12-07,17.813043,40.709762,-112.00876
Lake Park,2022-12-08,12.3625,40.709762,-112.00876
Lake Park,2022-12-09,5.4125,40.709762,-112.00876
Lake Park,2022-12-10,2.120833,40.709762,-112.00876
Lake Park,2022-12-11,1.45,40.709762,-112.00876
Lake Park,2022-12-12,2.883333,40.709762,-112.00876
Lake Park,2022-12-13,2.6,40.709762,-112.00876
Lake Park,2022-12-14,3.741667,40.709762,-112.00876
Lake Park,2022-12-15,6.416667,40.709762,-112.00876
Lake Park,2022-12-16,6.4625,40.709762,-112.00876
Lake Park,2022-12-17,11.45,40.709762,-112.00876
Lake Park,2022-12-18,21.866667,40.709762,-112.00876
Lake Park,2022-12-19,32.675,40.709762,-112.00876
Lake Park,2022-12-20,38.029167,40.709762,-112.00876
Lake Park,2022-12-21,6.833333,40.709762,-112.00876
Lake Park,2022-12-22,1.5375,40.709762,-112.00876
Lake Park,2022-12-23,16.404167,40.709762,-112.00876
Lake Park,2022-12-24,34.920833,40.709762,-112.00876
Lake Park,2022-12-25,41.470833,40.709762,-112.00876
Lake Park,2022-12-26,24.633333,40.709762,-112.00876
Lake Park,2022-12-27,1.7625,40.709762,-112.00876
Lake Park,2022-12-28,0.945833,40.709762,-112.00876
Lake Park,2022-12-29,2.9125,40.709762,-112.00876
Lake Park,2022-12-30,2.575,40.709762,-112.00876
Lake Park,2022-12-31,2.816667,40.709762,-112.00876
Lake Park,2023-01-01,2.25,40.709762,-112.00876
Lake Park,2023-01-02,1.45,40.709762,-112.00876
Lake Park,2023-01-03,9.733333,40.709762,-112.00876
Lake Park,2023-01-04,4.920833,40.709762,-112.00876
Lake Park,2023-01-05,1.2875,40.709762,-112.00876
Lake Park,2023-01-06,5.608333,40.709762,-112.00876
Lake Park,2023-01-07,5.220833,40.709762,-112.00876
Lake Park,2023-01-08,1.779167,40.709762,-112.00876
Lake Park,2023-01-09,2.1,40.709762,-112.00876
Lake Park,2023-01-10,1.366667,40.709762,-112.00876
Lake Park,2023-01-11,4.9125,40.709762,-112.00876
Lake Park,2023-01-12,4.466667,40.709762,-112.00876
Lake Park,2023-01-13,10.883333,40.709762,-112.00876
Lake Park,2023-01-14,5.216667,40.709762,-112.00876
Lake Park,2023-01-15,1.420833,40.709762,-112.00876
Lake Park,2023-01-16,2.633333,40.709762,-112.00876
Lake Park,2023-01-17,3.2875,40.709762,-112.00876
Lake Park,2023-01-18,3.275,40.709762,-112.00876
Lake Park,2023-01-19,5.3875,40.709762,-112.00876
Lake Park,2023-01-20,4.0875,40.709762,-112.00876
Lake Park,2023-01-21,4.145833,40.709762,-112.00876
Lake Park,2023-01-22,6.3,40.709762,-112.00876
Lake Park,2023-01-23,4.554167,40.709762,-112.00876
Lake Park,2023-01-24,5.529167,40.709762,-112.00876
Lake Park,2023-01-25,13.383333,40.709762,-112.00876
Lake Park,2023-01-26,12.5,40.709762,-112.00876
Lake Park,2023-01-27,4.1375,40.709762,-112.00876
Lake Park,2023-01-28,1.266667,40.709762,-112.00876
Lake Park,2023-01-29,2.216667,40.709762,-112.00876
Lake Park,2023-01-30,2.925,40.709762,-112.00876
Lake Park,2023-01-31,10.5125,40.709762,-112.00876
Lake Park,2023-02-01,24.891667,40.709762,-112.00876
Lake Park,2023-02-02,33.904167,40.709762,-112.00876
Lake Park,2023-02-03,40.117391,40.709762,-112.00876
Lake Park,2023-02-04,42.266667,40.709762,-112.00876
Lake Park,2023-02-05,26.525,40.709762,-112.00876
Lake Park,2023-02-06,5.1,40.709762,-112.00876
Lake Park,2023-02-07,6.491667,40.709762,-112.00876
Lake Park,2023-02-08,8.541667,40.709762,-112.00876
Lake Park,2023-02-09,3.9625,40.709762,-112.00876
Lake Park,2023-02-10,12.679167,40.709762,-112.00876
Lake Park,2023-02-11,22.558333,40.709762,-112.00876
Lake Park,2023-02-12,21.225,40.709762,-112.00876
Lake Park,2023-02-13,18.620833,40.709762,-112.00876
Lake Park,2023-02-14,0.716667,40.709762,-112.00876
Lake Park,2023-02-15,3.054167,40.709762,-112.00876
Lake Park,2023-02-16,5.895833,40.709762,-112.00876
Lake Park,2023-02-17,9.670833,40.709762,-112.00876
Lake Park,2023-02-18,19.6625,40.709762,-112.00876
Lake Park,2023-02-19,7.1125,40.709762,-112.00876
Lake Park,2023-02-20,4.083333,40.709762,-112.00876
Lake Park,2023-02-21,1.25,40.709762,-112.00876
Lake Park,2023-02-22,2.325,40.709762,-112.00876
Lake Park,2023-02-23,2.608333,40.709762,-112.00876
Lake Park,2023-02-24,2.908333,40.709762,-112.00876
Lake Park,2023-02-25,6.283333,40.709762,-112.00876
Lake Park,2023-02-26,6.341667,40.709762,-112.00876
Lake Park,2023-02-27,0.791667,40.709762,-112.00876
Lake Park,2023-02-28,0.720833,40.709762,-112.00876
Lake Park,2023-03-01,2.791667,40.709762,-112.00876
Lake Park,2023-03-02,3.116667,40.709762,-112.00876
Lake Park,2023-03-03,3.5,40.709762,-112.00876
Lake Park,2023-03-04,4.175,40.709762,-112.00876
Lake Park,2023-03-05,3.1125,40.709762,-112.00876
Lake Park,2023-03-06,2.554167,40.709762,-112.00876
Lake Park,2023-03-07,6.126087,40.709762,-112.00876
Lake Park,2023-03-08,9.658333,40.709762,-112.00876
Lake Park,2023-03-09,2.825,40.709762,-112.00876
Lake Park,2023-03-10,3.017391,40.709762,-112.00876
Lake Park,2023-03-11,3.6625,40.709762,-112.00876
Lake Park,2023-03-12,8.583333,40.709762,-112.00876
Lake Park,2023-03-13,4.395833,40.709762,-112.00876
Lake Park,2023-03-14,1.279167,40.709762,-112.00876
Lake Park,2023-03-15,1.533333,40.709762,-112.00876
Lake Park,2023-03-16,2.8875,40.709762,-112.00876
Lake Park,2023-03-17,5.5875,40.709762,-112.00876
Lake Park,2023-03-18,4.545833,40.709762,-112.00876
Lake Park,2023-03-19,2.233333,40.709762,-112.00876
Lake Park,2023-03-20,1.429167,40.709762,-112.00876
Lake Park,2023-03-21,4.6125,40.709762,-112.00876
Lake Park,2023-03-22,1.1375,40.709762,-112.00876
Lake Park,2023-03-23,2.391667,40.709762,-112.00876
Lake Park,2023-03-24,2.6125,40.709762,-112.00876
Lake Park,2023-03-25,1.429167,40.709762,-112.00876
Lake Park,2023-03-26,2.120833,40.709762,-112.00876
Lake Park,2023-03-27,4.5125,40.709762,-112.00876
Lake Park,2023-03-28,3.745833,40.709762,-112.00876
Lake Park,2023-03-29,3.483333,40.709762,-112.00876
Lake Park,2023-03-30,1.6875,40.709762,-112.00876
Lake Park,2023-03-31,3.608333,40.709762,-112.00876
Lake Park,2023-04-01,3.141667,40.709762,-112.00876
Lake Park,2023-04-02,1.654167,40.709762,-112.00876
Lake Park,2023-04-03,2.783333,40.709762,-112.00876
Lake Park,2023-04-04,2.279167,40.709762,-112.00876
Lake Park,2023-04-05,3.483333,40.709762,-112.00876
Lake Park,2023-04-06,4.158333,40.709762,-112.00876
Lake Park,2023-04-07,9.121739,40.709762,-112.00876
Lake Park,2023-04-08,6.679167,40.709762,-112.00876
Lake Park,2023-04-09,7.225,40.709762,-112.00876
Lake Park,2023-04-10,6.225,40.709762,-112.00876
Lake Park,2023-04-11,5.341667,40.709762,-112.00876
Lake Park,2023-04-12,8.183333,40.709762,-112.00876
Lake Park,2023-04-13,2.7875,40.709762,-112.00876
Lake Park,2023-04-14,4.879167,40.709762,-112.00876
Lake Park,2023-04-15,7.0875,40.709762,-112.00876
Lake Park,2023-04-16,7.558333,40.709762,-112.00876
Lake Park,2023-04-17,7.116667,40.709762,-112.00876
Lake Park,2023-04-18,9.679167,40.709762,-112.00876
Lake Park,2023-04-19,3.091667,40.709762,-112.00876
Lake Park,2023-04-20,3.825,40.709762,-112.00876
Lake Park,2023-04-21,4.191667,40.709762,-112.00876
Lake Park,2023-04-22,4.425,40.709762,-112.00876
Lake Park,2023-04-23,5.033333,40.709762,-112.00876
Lake Park,2023-04-24,3.429167,40.709762,-112.00876
Lake Park,2023-04-25,2.733333,40.709762,-112.00876
Lake Park,2023-04-26,6.245833,40.709762,-112.00876
Lake Park,2023-04-27,4.254167,40.709762,-112.00876
Lake Park,2023-04-28,4.366667,40.709762,-112.00876
Lake Park,2023-04-29,9.416667,40.709762,-112.00876
Lake Park,2023-04-30,7.45,40.709762,-112.00876
Lake Park,2023-05-01,7.154167,40.709762,-112.00876
Lake Park,2023-05-02,8.483333,40.709762,-112.00876
Lake Park,2023-05-03,7.875,40.709762,-112.00876
Lake Park,2023-05-04,6.041667,40.709762,-112.00876
Lake Park,2023-05-05,2.120833,40.709762,-112.00876
Lake Park,2023-05-06,2.083333,40.709762,-112.00876
Lake Park,2023-05-07,4.525,40.709762,-112.00876
Lake Park,2023-05-08,6.029167,40.709762,-112.00876
Lake Park,2023-05-09,5.841667,40.709762,-112.00876
Lake Park,2023-05-10,6.570833,40.709762,-112.00876
Lake Park,2023-05-11,7.933333,40.709762,-112.00876
Lake Park,2023-05-12,6.56087,40.709762,-112.00876
Lake Park,2023-05-13,4.275,40.709762,-112.00876
Lake Park,2023-05-14,3.716667,40.709762,-112.00876
Lake Park,2023-05-15,6.895833,40.709762,-112.00876
Lake Park,2023-05-16,7.233333,40.709762,-112.00876
Lake Park,2023-05-17,8.133333,40.709762,-112.00876
Lake Park,2023-05-18,5.45,40.709762,-112.00876
Lake Park,2023-05-19,14.620833,40.709762,-112.00876
Lake Park,2023-05-20,26.304167,40.709762,-112.00876
Lake Park,2023-05-21,18.875,40.709762,-112.00876
Lake Park,2023-05-22,9.1625,40.709762,-112.00876
Lake Park,2023-05-23,4.445833,40.709762,-112.00876
Lake Park,2023-05-24,5.804167,40.709762,-112.00876
Lake Park,2023-05-25,4.908333,40.709762,-112.00876
Lake Park,2023-05-26,4.720833,40.709762,-112.00876
Lake Park,2023-05-27,6.741667,40.709762,-112.00876
Lake Park,2023-05-28,6.708333,40.709762,-112.00876
Lake Park,2023-05-29,6.125,40.709762,-112.00876
Lake Park,2023-05-30,7.725,40.709762,-112.00876
Lake Park,2023-05-31,7.675,40.709762,-112.00876
Lake Park,2023-06-01,7.05,40.709762,-112.00876
Lake Park,2023-06-02,6.029167,40.709762,-112.00876
Lake Park,2023-06-03,6.9125,40.709762,-112.00876
Lake Park,2023-06-04,4.904167,40.709762,-112.00876
Lake Park,2023-06-05,7.445833,40.709762,-112.00876
Lake Park,2023-06-06,7.270833,40.709762,-112.00876
Lake Park,2023-06-07,4.3125,40.709762,-112.00876
Lake Park,2023-06-08,7.283333,40.709762,-112.00876
Lake Park,2023-06-09,6.8875,40.709762,-112.00876
Lake Park,2023-06-10,6.041667,40.709762,-112.00876
Lake Park,2023-06-11,5.104167,40.709762,-112.00876
Lake Park,2023-06-12,6.454167,40.709762,-112.00876
Lake Park,2023-06-13,5.25,40.709762,-112.00876
Lake Park,2023-06-14,4.7,40.709762,-112.00876
Lake Park,2023-06-15,4.113043,40.709762,-112.00876
Lake Park,2023-06-16,6.104348,40.709762,-112.00876
Lake Park,2023-06-17,6.916667,40.709762,-112.00876
Lake Park,2023-06-18,7.1625,40.709762,-112.00876
Lake Park,2023-06-19,8.345833,40.709762,-112.00876
Lake Park,2023-06-20,4.266667,40.709762,-112.00876
Lake Park,2023-06-21,3.641667,40.709762,-112.00876
Lake Park,2023-06-22,6.083333,40.709762,-112.00876
Lake Park,2023-06-23,8.491667,40.709762,-112.00876
Lake Park,2023-06-24,7.591667,40.709762,-112.00876
Lake Park,2023-06-25,8.070833,40.709762,-112.00876
Lake Park,2023-06-26,5.341667,40.709762,-112.00876
Lake Park,2023-06-27,6.158333,40.709762,-112.00876
Lake Park,2023-06-28,6.120833,40.709762,-112.00876
Lake Park,2023-06-29,6.808333,40.709762,-112.00876
Lake Park,2023-06-30,8.470833,40.709762,-112.00876
Lake Park,2023-07-01,8.279167,40.709762,-112.00876
Lake Park,2023-07-02,8.875,40.709762,-112.00876
Lake Park,2023-07-03,10.479167,40.709762,-112.00876
Lake Park,2023-07-04,7.525,40.709762,-112.00876
Lake Park,2023-07-05,12.004167,40.709762,-112.00876
Lake Park,2023-07-06,9.658333,40.709762,-112.00876
Lake Park,2023-07-07,8.4625,40.709762,-112.00876
Lake Park,2023-07-08,8.116667,40.709762,-112.00876
Lake Park,2023-07-09,6.133333,40.709762,-112.00876
Lake Park,2023-07-10,5.866667,40.709762,-112.00876
Lake Park,2023-07-11,6.520833,40.709762,-112.00876
Lake Park,2023-07-12,7.878261,40.709762,-112.00876
Lake Park,2023-07-13,6.8375,40.709762,-112.00876
Lake Park,2023-07-14,6.691667,40.709762,-112.00876
Lake Park,2023-07-15,6.429167,40.709762,-112.00876
Lake Park,2023-07-16,6.245833,40.709762,-112.00876
Lake Park,2023-07-17,8.3375,40.709762,-112.00876
Lake Park,2023-07-18,12.120833,40.709762,-112.00876
Lake Park,2023-07-19,4.5,40.709762,-112.00876
Lake Park,2023-07-20,6.433333,40.709762,-112.00876
Lake Park,2023-07-21,7.266667,40.709762,-112.00876
Lake Park,2023-07-22,6.666667,40.709762,-112.00876
Lake Park,2023-07-23,7.270833,40.709762,-112.00876
Lake Park,2023-07-24,9.591667,40.709762,-112.00876
Lake Park,2023-07-25,9.141667,40.709762,-112.00876
Lake Park,2023-07-26,5.2,40.709762,-112.00876
Lake Park,2023-07-27,5.933333,40.709762,-112.00876
Lake Park,2023-07-28,6.575,40.709762,-112.00876
Lake Park,2023-07-29,8.183333,40.709762,-112.00876
Lake Park,2023-07-30,9.045833,40.709762,-112.00876
Lake Park,2023-07-31,7.8875,40.709762,-112.00876
Lake Park,2023-08-01,6.516667,40.709762,-112.00876
Lake Park,2023-08-02,6.8375,40.709762,-112.00876
Lake Park,2023-08-03,4.158333,40.709762,-112.00876
Lake Park,2023-08-04,4.1125,40.709762,-112.00876
Lake Park,2023-08-05,4.470833,40.709762,-112.00876
Lake Park,2023-08-06,4.833333,40.709762,-112.00876
Lake Park,2023-08-07,5.391667,40.709762,-112.00876
Lake Park,2023-08-08,7.9125,40.709762,-112.00876
Lake Park,2023-08-09,9.370833,40.709762,-112.00876
Lake Park,2023-08-10,6.783333,40.709762,-112.00876
Lake Park,2023-08-11,4.458333,40.709762,-112.00876
Lake Park,2023-08-12,5.766667,40.709762,-112.00876
Lake Park,2023-08-13,5.054167,40.709762,-112.00876
Lake Park,2023-08-14,7.091667,40.709762,-112.00876
Lake Park,2023-08-15,7.479167,40.709762,-112.00876
Lake Park,2023-08-16,4.2875,40.709762,-112.00876
Lake Park,2023-08-17,5.395833,40.709762,-112.00876
Lake Park,2023-08-18,3.3375,40.709762,-112.00876
Lake Park,2023-08-19,3.320833,40.709762,-112.00876
Lake Park,2023-08-20,4.116667,40.709762,-112.00876
Lake Park,2023-08-21,4.2375,40.709762,-112.00876
Lake Park,2023-08-22,3.504167,40.709762,-112.00876
Lake Park,2023-08-23,5.883333,40.709762,-112.00876
Lake Park,2023-08-24,8.009524,40.709762,-112.00876
Lake Park,2023-08-25,6.7625,40.709762,-112.00876
Lake Park,2023-08-26,6.7,40.709762,-112.00876
Lake Park,2023-08-27,5.354167,40.709762,-112.00876
Lake Park,2023-08-28,4.491667,40.709762,-112.00876
Lake Park,2023-08-29,5.058333,40.709762,-112.00876
Lake Park,2023-08-30,28.679167,40.709762,-112.00876
Lake Park,2023-08-31,13.2625,40.709762,-112.00876
Lake Park,2023-09-01,2.933333,40.709762,-112.00876
Lake Park,2023-09-02,3.316667,40.709762,-112.00876
Lake Park,2023-09-03,4.4125,40.709762,-112.00876
Lake Park,2023-09-04,2.758333,40.709762,-112.00876
Lake Park,2023-09-05,5.083333,40.709762,-112.00876
Lake Park,2023-09-06,5.616667,40.709762,-112.00876
Lake Park,2023-09-07,4.0125,40.709762,-112.00876
Lake Park,2023-09-08,3.683333,40.709762,-112.00876
Lake Park,2023-09-09,6.691667,40.709762,-112.00876
Lake Park,2023-09-10,6.375,40.709762,-112.00876
Lake Park,2023-09-11,6.170833,40.709762,-112.00876
Lake Park,2023-09-12,6.291667,40.709762,-112.00876
Lake Park,2023-09-13,5.175,40.709762,-112.00876
Lake Park,2023-09-14,6.420833,40.709762,-112.00876
Lake Park,2023-09-15,6.108333,40.709762,-112.00876
Lake Park,2023-09-16,7.633333,40.709762,-112.00876
Lake Park,2023-09-17,6.220833,40.709762,-112.00876
Lake Park,2023-09-18,4.608333,40.709762,-112.00876
Lake Park,2023-09-19,4.925,40.709762,-112.00876
Lake Park,2023-09-20,4.875,40.709762,-112.00876
Lake Park,2023-09-21,4.745833,40.709762,-112.00876
Lake Park,2023-09-22,6.354167,40.709762,-112.00876
Lake Park,2023-09-23,7.3875,40.709762,-112.00876
Lake Park,2023-09-24,7.870833,40.709762,-112.00876
Lake Park,2023-09-25,5.579167,40.709762,-112.00876
Lake Park,2023-09-26,5.066667,40.709762,-112.00876
Lake Park,2023-09-27,5.616667,40.709762,-112.00876
Lake Park,2023-09-28,5.316667,40.709762,-112.00876
Lake Park,2023-09-29,7.466667,40.709762,-112.00876
Lake Park,2023-09-30,5.495833,40.709762,-112.00876
Lake Park,2023-10-01,3.604167,40.709762,-112.00876
Lake Park,2023-10-02,3.6125,40.709762,-112.00876
Lake Park,2023-10-03,4.775,40.709762,-112.00876
Lake Park,2023-10-04,5.225,40.709762,-112.00876
Lake Park,2023-10-05,5.920833,40.709762,-112.00876
Lake Park,2023-10-06,7.320833,40.709762,-112.00876
Lake Park,2023-10-07,8.316667,40.709762,-112.00876
Lake Park,2023-10-08,8.191667,40.709762,-112.00876
Lake Park,2023-10-09,5.425,40.709762,-112.00876
Lake Park,2023-10-10,6.204545,40.709762,-112.00876
Lake Park,2023-10-11,2.3875,40.709762,-112.00876
Lake Park,2023-10-12,3.716667,40.709762,-112.00876
Lake Park,2023-10-13,5.5375,40.709762,-112.00876
Lake Park,2023-10-14,5.620833,40.709762,-112.00876
Lake Park,2023-10-15,8.2125,40.709762,-112.00876
Lake Park,2023-10-16,10.258333,40.709762,-112.00876
Lake Park,2023-10-17,9.316667,40.709762,-112.00876
Lake Park,2023-10-18,6.704167,40.709762,-112.00876
Lake Park,2023-10-19,7.45,40.709762,-112.00876
Lake Park,2023-10-20,12.273913,40.709762,-112.00876
Lake Park,2023-10-21,12.35,40.709762,-112.00876
Lake Park,2023-10-22,6.5125,40.709762,-112.00876
Lake Park,2023-10-23,6.083333,40.709762,-112.00876
Lake Park,2023-10-24,8.770833,40.709762,-112.00876
Lake Park,2023-10-25,5.695833,40.709762,-112.00876
Lake Park,2023-10-26,2.341667,40.709762,-112.00876
Lake Park,2023-10-27,4.683333,40.709762,-112.00876
Lake Park,2023-10-28,3.5875,40.709762,-112.00876
Lake Park,2023-10-29,5.679167,40.709762,-112.00876
Lake Park,2023-10-30,8.3125,40.709762,-112.00876
Lake Park,2023-10-31,11.945833,40.709762,-112.00876
Lake Park,2023-11-01,13.870833,40.709762,-112.00876
Lake Park,2023-11-02,11.595833,40.709762,-112.00876
Lake Park,2023-11-03,8.133333,40.709762,-112.00876
Lake Park,2023-11-04,8.875,40.709762,-112.00876
Lake Park,2023-11-05,6.904167,40.709762,-112.00876
Lake Park,2023-11-06,5.625,40.709762,-112.00876
Lake Park,2023-11-07,2.291667,40.709762,-112.00876
Lake Park,2023-11-08,5.533333,40.709762,-112.00876
Lake Park,2023-11-09,7.854167,40.709762,-112.00876
Lake Park,2023-11-10,10.8125,40.709762,-112.00876
Lake Park,2023-11-11,12.204167,40.709762,-112.00876
Lake Park,2023-11-12,8.158333,40.709762,-112.00876
Lake Park,2023-11-13,5.241667,40.709762,-112.00876
Lake Park,2023-11-14,5.7125,40.709762,-112.00876
Lake Park,2023-11-15,6.116667,40.709762,-112.00876
Lake Park,2023-11-16,4.458333,40.709762,-112.00876
Lake Park,2023-11-17,12.658333,40.709762,-112.00876
Lake Park,2023-11-18,12.7,40.709762,-112.00876
Lake Park,2023-11-19,1.475,40.709762,-112.00876
Lake Park,2023-11-20,2.695833,40.709762,-112.00876
Lake Park,2023-11-21,7.570833,40.709762,-112.00876
Lake Park,2023-11-22,13.716667,40.709762,-112.00876
Lake Park,2023-11-23,15.041667,40.709762,-112.00876
Lake Park,2023-11-24,1.929167,40.709762,-112.00876
Lake Park,2023-11-25,2.570833,40.709762,-112.00876
Lake Park,2023-11-26,5.825,40.709762,-112.00876
Lake Park,2023-11-27,14.820833,40.709762,-112.00876
Lake Park,2023-11-28,24.066667,40.709762,-112.00876
Lake Park,2023-11-29,28.441667,40.709762,-112.00876
Lake Park,2023-11-30,20.379167,40.709762,-112.00876
Lake Park,2023-12-01,14.808333,40.709762,-112.00876
Lake Park,2023-12-02,0.716667,40.709762,-112.00876
Lake Park,2023-12-03,2.654167,40.709762,-112.00876
Lake Park,2023-12-04,6.279167,40.709762,-112.00876
Lake Park,2023-12-05,7.958333,40.709762,-112.00876
Lake Park,2023-12-06,8.708333,40.709762,-112.00876
Lake Park,2023-12-07,2.075,40.709762,-112.00876
Lake Park,2023-12-08,1.786957,40.709762,-112.00876
Lake Park,2023-12-09,6.254167,40.709762,-112.00876
Lake Park,2023-12-10,5.120833,40.709762,-112.00876
Lake Park,2023-12-11,11.779167,40.709762,-112.00876
Lake Park,2023-12-12,12.095833,40.709762,-112.00876
Lake Park,2023-12-13,5.879167,40.709762,-112.00876
Lake Park,2023-12-14,10.5875,40.709762,-112.00876
Lake Park,2023-12-15,18.783333,40.709762,-112.00876
Lake Park,2023-12-16,23.041667,40.709762,-112.00876
Lake Park,2023-12-17,27.945833,40.709762,-112.00876
Lake Park,2023-12-18,23.3,40.709762,-112.00876
Lake Park,2023-12-19,24.229167,40.709762,-112.00876
Lake Park,2023-12-20,17.508333,40.709762,-112.00876
Lake Park,2023-12-21,14.904167,40.709762,-112.00876
Lake Park,2023-12-22,13.066667,40.709762,-112.00876
Lake Park,2023-12-23,6.270833,40.709762,-112.00876
Lake Park,2023-12-24,2.483333,40.709762,-112.00876
Lake Park,2023-12-25,8.1625,40.709762,-112.00876
Lake Park,2023-12-26,10.166667,40.709762,-112.00876
Lake Park,2023-12-27,13.45,40.709762,-112.00876
Lake Park,2023-12-28,20.241667,40.709762,-112.00876
Lake Park,2023-12-29,22.529167,40.709762,-112.00876
Lake Park,2023-12-30,27.904167,40.709762,-112.00876
Lake Park,2023-12-31,25.595833,40.709762,-112.00876
Near Road,2019-01-01,6.175,40.662961,-111.901851
Near Road,2019-01-02,12.445833,40.662961,-111.901851
Near Road,2019-01-03,21.266667,40.662961,-111.901851
Near Road,2019-01-04,33.683333,40.662961,-111.901851
Near Road,2019-01-05,44.733333,40.662961,-111.901851
Near Road,2019-01-06,2.279167,40.662961,-111.901851
Near Road,2019-01-07,3.391667,40.662961,-111.901851
Near Road,2019-01-08,18.495833,40.662961,-111.901851
Near Road,2019-01-09,20.254167,40.662961,-111.901851
Near Road,2019-01-10,31.033333,40.662961,-111.901851
Near Road,2019-01-11,23.05,40.662961,-111.901851
Near Road,2019-01-12,18.4375,40.662961,-111.901851
Near Road,2019-01-13,14.8375,40.662961,-111.901851
Near Road,2019-01-14,22.2625,40.662961,-111.901851
Near Road,2019-01-15,22.329167,40.662961,-111.901851
Near Road,2019-01-16,15.395833,40.662961,-111.901851
Near Road,2019-01-17,0.7375,40.662961,-111.901851
Near Road,2019-01-18,4.125,40.662961,-111.901851
Near Road,2019-01-19,4.554167,40.662961,-111.901851
Near Road,2019-01-20,4.3375,40.662961,-111.901851
Near Road,2019-01-21,2.120833,40.662961,-111.901851
Near Road,2019-01-22,8.456522,40.662961,-111.901851
Near Road,2019-01-23,12.508333,40.662961,-111.901851
Near Road,2019-01-24,10.745833,40.662961,-111.901851
Near Road,2019-01-25,6.858333,40.662961,-111.901851
Near Road,2019-01-26,13.520833,40.662961,-111.901851
Near Road,2019-01-27,12.016667,40.662961,-111.901851
Near Road,2019-01-28,11.758333,40.662961,-111.901851
Near Road,2019-01-29,12.854167,40.662961,-111.901851
Near Road,2019-01-30,19.879167,40.662961,-111.901851
Near Road,2019-01-31,17.9125,40.662961,-111.901851
Near Road,2019-02-01,19.425,40.662961,-111.901851
Near Road,2019-02-02,2.095833,40.662961,-111.901851
Near Road,2019-02-03,0.875,40.662961,-111.901851
Near Road,2019-02-04,0.9875,40.662961,-111.901851
Near Road,2019-02-05,2.4625,40.662961,-111.901851
Near Road,2019-02-06,2.858333,40.662961,-111.901851
Near Road,2019-02-07,5.745833,40.662961,-111.901851
Near Road,2019-02-08,14.958333,40.662961,-111.901851
Near Road,2019-02-09,8.1375,40.662961,-111.901851
Near Road,2019-02-10,1.383333,40.662961,-111.901851
Near Road,2019-02-11,5.4,40.662961,-111.901851
Near Road,2019-02-12,9.770833,40.662961,-111.901851
Near Road,2019-02-13,2.845833,40.662961,-111.901851
Near Road,2019-02-14,1.620833,40.662961,-111.901851
Near Road,2019-02-15,1.966667,40.662961,-111.901851
Near Road,2019-02-16,4.258333,40.662961,-111.901851
Near Road,2019-02-17,4.8625,40.662961,-111.901851
Near Road,2019-02-18,6.979167,40.662961,-111.901851
Near Road,2019-02-19,3.425,40.662961,-111.901851
Near Road,2019-02-20,3.769565,40.662961,-111.901851
Near Road,2019-02-21,8.2125,40.662961,-111.901851
Near Road,2019-02-22,8.645833,40.662961,-111.901851
Near Road,2019-02-23,7.325,40.662961,-111.901851
Near Road,2019-02-24,1.575,40.662961,-111.901851
Near Road,2019-02-25,1.870833,40.662961,-111.901851
Near Road,2019-02-26,3.15,40.662961,-111.901851
Near Road,2019-02-27,5.054167,40.662961,-111.901851
Near Road,2019-02-28,2.895833,40.662961,-111.901851
Near Road,2019-03-01,3.4,40.662961,-111.901851
Near Road,2019-03-02,4.9625,40.662961,-111.901851
Near Road,2019-03-03,4.191667,40.662961,-111.901851
Near Road,2019-03-04,5.929167,40.662961,-111.901851
Near Road,2019-03-05,5.429167,40.662961,-111.901851
Near Road,2019-03-06,1.35,40.662961,-111.901851
Near Road,2019-03-07,2.533333,40.662961,-111.901851
Near Road,2019-03-08,3.225,40.662961,-111.901851
Near Road,2019-03-09,8.004167,40.662961,-111.901851
Near Road,2019-03-10,4.533333,40.662961,-111.901851
Near Road,2019-03-11,8.647826,40.662961,-111.901851
Near Road,2019-03-12,12.579167,40.662961,-111.901851
Near Road,2019-03-13,1.3375,40.662961,-111.901851
Near Road,2019-03-14,3.258333,40.662961,-111.901851
Near Road,2019-03-15,8.583333,40.662961,-111.901851
Near Road,2019-03-16,11.120833,40.662961,-111.901851
Near Road,2019-03-17,9.341667,40.662961,-111.901851
Near Road,2019-03-18,8.6875,40.662961,-111.901851
Near Road,2019-03-19,6.116667,40.662961,-111.901851
Near Road,2019-03-20,5.620833,40.662961,-111.901851
Near Road,2019-03-21,5.275,40.662961,-111.901851
Near Road,2019-03-22,2.416667,40.662961,-111.901851
Near Road,2019-03-23,5.783333,40.662961,-111.901851
Near Road,2019-03-24,5.3,40.662961,-111.901851
Near Road,2019-03-25,8.9375,40.662961,-111.901851
Near Road,2019-03-26,6.433333,40.662961,-111.901851
Near Road,2019-03-27,6.641667,40.662961,-111.901851
Near Road,2019-03-28,3.345833,40.662961,-111.901851
Near Road,2019-03-29,6.595833,40.662961,-111.901851
Near Road,2019-03-30,4.433333,40.662961,-111.901851
Near Road,2019-03-31,3.433333,40.662961,-111.901851
Near Road,2019-04-01,6.708696,40.662961,-111.901851
Near Road,2019-04-02,4.5375,40.662961,-111.901851
Near Road,2019-04-03,4.729167,40.662961,-111.901851
Near Road,2019-04-04,4.495833,40.662961,-111.901851
Near Road,2019-04-05,3.445833,40.662961,-111.901851
Near Road,2019-04-06,2.966667,40.662961,-111.901851
Near Road,2019-04-07,4.0125,40.662961,-111.901851
Near Road,2019-04-08,7.358333,40.662961,-111.901851
Near Road,2019-04-09,4.2,40.662961,-111.901851
Near Road,2019-04-10,1.691667,40.662961,-111.901851
Near Road,2019-04-11,2.329167,40.662961,-111.901851
Near Road,2019-04-12,4.095833,40.662961,-111.901851
Near Road,2019-04-13,4.104167,40.662961,-111.901851
Near Road,2019-04-14,2.204167,40.662961,-111.901851
Near Road,2019-04-15,6.120833,40.662961,-111.901851
Near Road,2019-04-16,3.416667,40.662961,-111.901851
Near Road,2019-04-17,6.095833,40.662961,-111.901851
Near Road,2019-04-18,6.9375,40.662961,-111.901851
Near Road,2019-04-19,6.9625,40.662961,-111.901851
Near Road,2019-04-20,3.245833,40.662961,-111.901851
Near Road,2019-04-21,5.6875,40.662961,-111.901851
Near Road,2019-04-22,5.204167,40.662961,-111.901851
Near Road,2019-04-23,5.045833,40.662961,-111.901851
Near Road,2019-04-24,5.9,40.662961,-111.901851
Near Road,2019-04-25,6.025,40.662961,-111.901851
Near Road,2019-04-26,4.816667,40.662961,-111.901851
Near Road,2019-04-27,7.183333,40.662961,-111.901851
Near Road,2019-04-28,5.458333,40.662961,-111.901851
Near Road,2019-04-29,5.533333,40.662961,-111.901851
Near Road,2019-04-30,4.375,40.662961,-111.901851
Near Road,2019-05-01,5.525,40.662961,-111.901851
Near Road,2019-05-02,5.029167,40.662961,-111.901851
Near Road,2019-05-03,6.641667,40.662961,-111.901851
Near Road,2019-05-04,7.675,40.662961,-111.901851
Near Road,2019-05-05,5.416667,40.662961,-111.901851
Near Road,2019-05-06,7.479167,40.662961,-111.901851
Near Road,2019-05-07,6.175,40.662961,-111.901851
Near Road,2019-05-08,3.908333,40.662961,-111.901851
Near Road,2019-05-09,3.229167,40.662961,-111.901851
Near Road,2019-05-10,4.929167,40.662961,-111.901851
Near Road,2019-05-11,6.6625,40.662961,-111.901851
Near Road,2019-05-12,7.520833,40.662961,-111.901851
Near Road,2019-05-13,8.1625,40.662961,-111.901851
Near Road,2019-05-14,8.133333,40.662961,-111.901851
Near Road,2019-05-15,6.825,40.662961,-111.901851
Near Road,2019-05-16,7.154167,40.662961,-111.901851
Near Road,2019-05-17,3.395833,40.662961,-111.901851
Near Road,2019-05-18,2.3125,40.662961,-111.901851
Near Road,2019-05-19,3.191667,40.662961,-111.901851
Near Road,2019-05-20,2.608333,40.662961,-111.901851
Near Road,2019-05-21,2.954167,40.662961,-111.901851
Near Road,2019-05-22,4.008333,40.662961,-111.901851
Near Road,2019-05-23,2.470833,40.662961,-111.901851
Near Road,2019-05-24,3.616667,40.662961,-111.901851
Near Road,2019-05-25,2.995833,40.662961,-111.901851
Near Road,2019-05-26,4.870833,40.662961,-111.901851
Near Road,2019-05-27,2.558333,40.662961,-111.901851
Near Road,2019-05-28,3.745833,40.662961,-111.901851
Near Road,2019-05-29,6.170833,40.662961,-111.901851
Near Road,2019-05-30,5.666667,40.662961,-111.901851
Near Road,2019-05-31,5.279167,40.662961,-111.901851
Near Road,2019-06-01,4.904167,40.662961,-111.901851
Near Road,2019-06-02,6.320833,40.662961,-111.901851
Near Road,2019-06-03,8.041667,40.662961,-111.901851
Near Road,2019-06-04,10.195833,40.662961,-111.901851
Near Road,2019-06-05,11.052174,40.662961,-111.901851
Near Road,2019-06-06,9.379167,40.662961,-111.901851
Near Road,2019-06-07,10.416667,40.662961,-111.901851
Near Road,2019-06-08,2.116667,40.662961,-111.901851
Near Road,2019-06-09,4.120833,40.662961,-111.901851
Near Road,2019-06-10,8.0875,40.662961,-111.901851
Near Road,2019-06-11,8.720833,40.662961,-111.901851
Near Road,2019-06-12,7.770833,40.662961,-111.901851
Near Road,2019-06-13,10.329167,40.662961,-111.901851
Near Road,2019-06-14,7.691667,40.662961,-111.901851
Near Road,2019-06-15,8.754167,40.662961,-111.901851
Near Road,2019-06-16,8.55,40.662961,-111.901851
Near Road,2019-06-17,8.608696,40.662961,-111.901851
Near Road,2019-06-18,7.078261,40.662961,-111.901851
Near Road,2019-06-19,15.491667,40.662961,-111.901851
Near Road,2019-06-20,12.4625,40.662961,-111.901851
Near Road,2019-06-21,4.2875,40.662961,-111.901851
Near Road,2019-06-22,3.970833,40.662961,-111.901851
Near Road,2019-06-23,7.245833,40.662961,-111.901851
Near Road,2019-06-24,8.616667,40.662961,-111.901851
Near Road,2019-06-25,14.0625,40.662961,-111.901851
Near Road,2019-06-26,13.341667,40.662961,-111.901851
Near Road,2019-06-27,11.266667,40.662961,-111.901851
Near Road,2019-06-28,12.85,40.662961,-111.901851
Near Road,2019-06-29,13.725,40.662961,-111.901851
Near Road,2019-06-30,11.416667,40.662961,-111.901851
Near Road,2019-07-01,12.1125,40.662961,-111.901851
Near Road,2019-07-02,7.870833,40.662961,-111.901851
Near Road,2019-07-03,13.341667,40.662961,-111.901851
Near Road,2019-07-04,20.341667,40.662961,-111.901851
Near Road,2019-07-05,31.804167,40.662961,-111.901851
Near Road,2019-07-06,14.520833,40.662961,-111.901851
Near Road,2019-07-07,7.395833,40.662961,-111.901851
Near Road,2019-07-08,13.029167,40.662961,-111.901851
Near Road,2019-07-09,14.725,40.662961,-111.901851
Near Road,2019-07-10,14.6125,40.662961,-111.901851
Near Road,2019-07-11,16.129167,40.662961,-111.901851
Near Road,2019-07-12,10.75,40.662961,-111.901851
Near Road,2019-07-13,8.875,40.662961,-111.901851
Near Road,2019-07-14,11.033333,40.662961,-111.901851
Near Road,2019-07-15,10.341667,40.662961,-111.901851
Near Road,2019-07-16,15.341667,40.662961,-111.901851
Near Road,2019-07-17,12.9,40.662961,-111.901851
Near Road,2019-07-18,9.929167,40.662961,-111.901851
Near Road,2019-07-19,3.977273,40.662961,-111.901851
Near Road,2019-07-20,5.583333,40.662961,-111.901851
Near Road,2019-07-21,6.813043,40.662961,-111.901851
Near Road,2019-07-22,8.766667,40.662961,-111.901851
Near Road,2019-07-23,10.216667,40.662961,-111.901851
Near Road,2019-07-24,11.029167,40.662961,-111.901851
Near Road,2019-07-25,14.979167,40.662961,-111.901851
Near Road,2019-07-26,9.695833,40.662961,-111.901851
Near Road,2019-07-27,6.733333,40.662961,-111.901851
Near Road,2019-07-28,8.204167,40.662961,-111.901851
Near Road,2019-07-29,8.316667,40.662961,-111.901851
Near Road,2019-07-30,7.466667,40.662961,-111.901851
Near Road,2019-07-31,9.225,40.662961,-111.901851
Near Road,2019-08-01,6.7,40.662961,-111.901851
Near Road,2019-08-02,8.220833,40.662961,-111.901851
Near Road,2019-08-03,8.3625,40.662961,-111.901851
Near Road,2019-08-04,5.3375,40.662961,-111.901851
Near Road,2019-08-05,6.254545,40.662961,-111.901851
Near Road,2019-08-06,7.991304,40.662961,-111.901851
Near Road,2019-08-07,6.433333,40.662961,-111.901851
Near Road,2019-08-08,8.370833,40.662961,-111.901851
Near Road,2019-08-09,8.879167,40.662961,-111.901851
Near Road,2019-08-10,6.333333,40.662961,-111.901851
Near Road,2019-08-11,6.075,40.662961,-111.901851
Near Road,2019-08-12,8.35,40.662961,-111.901851
Near Road,2019-08-13,12.304167,40.662961,-111.901851
Near Road,2019-08-14,11.1125,40.662961,-111.901851
Near Road,2019-08-15,12.675,40.662961,-111.901851
Near Road,2019-08-16,8.583333,40.662961,-111.901851
Near Road,2019-08-17,7.6375,40.662961,-111.901851
Near Road,2019-08-18,9.495833,40.662961,-111.901851
Near Road,2019-08-19,7.75,40.662961,-111.901851
Near Road,2019-08-20,11.7625,40.662961,-111.901851
Near Road,2019-08-21,8.916667,40.662961,-111.901851
Near Road,2019-08-22,12.85,40.662961,-111.901851
Near Road,2019-08-23,8.0875,40.662961,-111.901851
Near Road,2019-08-24,9.4,40.662961,-111.901851
Near Road,2019-08-25,7.795833,40.662961,-111.901851
Near Road,2019-08-26,8.283333,40.662961,-111.901851
Near Road,2019-08-27,9.491667,40.662961,-111.901851
Near Road,2019-08-28,10.486957,40.662961,-111.901851
Near Road,2019-08-29,9.120833,40.662961,-111.901851
Near Road,2019-08-30,8.55,40.662961,-111.901851
Near Road,2019-08-31,11.758333,40.662961,-111.901851
Near Road,2019-09-01,7.658333,40.662961,-111.901851
Near Road,2019-09-02,9.733333,40.662961,-111.901851
Near Road,2019-09-03,11.166667,40.662961,-111.901851
Near Road,2019-09-04,8.616667,40.662961,-111.901851
Near Road,2019-09-05,10.354167,40.662961,-111.901851
Near Road,2019-09-06,8.95,40.662961,-111.901851
Near Road,2019-09-07,9.9125,40.662961,-111.901851
Near Road,2019-09-08,10.3375,40.662961,-111.901851
Near Road,2019-09-09,18.3125,40.662961,-111.901851
Near Road,2019-09-10,9.745833,40.662961,-111.901851
Near Road,2019-09-11,8.475,40.662961,-111.901851
Near Road,2019-09-12,8.179167,40.662961,-111.901851
Near Road,2019-09-13,9.045833,40.662961,-111.901851
Near Road,2019-09-14,6.8,40.662961,-111.901851
Near Road,2019-09-15,6.179167,40.662961,-111.901851
Near Road,2019-09-16,8.0375,40.662961,-111.901851
Near Road,2019-09-17,10.208333,40.662961,-111.901851
Near Road,2019-09-18,9.920833,40.662961,-111.901851
Near Road,2019-09-19,6.5625,40.662961,-111.901851
Near Road,2019-09-20,5.154167,40.662961,-111.901851
Near Road,2019-09-21,6.2125,40.662961,-111.901851
Near Road,2019-09-22,6.341667,40.662961,-111.901851
Near Road,2019-09-23,5.595833,40.662961,-111.901851
Near Road,2019-09-24,8.7625,40.662961,-111.901851
Near Road,2019-09-25,7.475,40.662961,-111.901851
Near Road,2019-09-26,9.120833,40.662961,-111.901851
Near Road,2019-09-27,8.729167,40.662961,-111.901851
Near Road,2019-09-28,3.708333,40.662961,-111.901851
Near Road,2019-09-29,2.991667,40.662961,-111.901851
Near Road,2019-09-30,7.925,40.662961,-111.901851
Near Road,2019-10-01,7.2875,40.662961,-111.901851
Near Road,2019-10-02,7.458333,40.662961,-111.901851
Near Road,2019-10-03,9.079167,40.662961,-111.901851
Near Road,2019-10-04,4.991667,40.662961,-111.901851
Near Road,2019-10-05,6.345833,40.662961,-111.901851
Near Road,2019-10-06,5.095833,40.662961,-111.901851
Near Road,2019-10-07,10.147826,40.662961,-111.901851
Near Road,2019-10-08,11.108333,40.662961,-111.901851
Near Road,2019-10-09,4.816667,40.662961,-111.901851
Near Road,2019-10-10,4.470833,40.662961,-111.901851
Near Road,2019-10-11,10.045833,40.662961,-111.901851
Near Road,2019-10-12,14.779167,40.662961,-111.901851
Near Road,2019-10-13,14.091667,40.662961,-111.901851
Near Road,2019-10-14,14.1625,40.662961,-111.901851
Near Road,2019-10-15,11.0625,40.662961,-111.901851
Near Road,2019-10-16,12.895833,40.662961,-111.901851
Near Road,2019-10-17,12.166667,40.662961,-111.901851
Near Road,2019-10-18,5.220833,40.662961,-111.901851
Near Road,2019-10-19,3.566667,40.662961,-111.901851
Near Road,2019-10-20,3.033333,40.662961,-111.901851
Near Road,2019-10-21,4.2375,40.662961,-111.901851
Near Road,2019-10-22,6.458333,40.662961,-111.901851
Near Road,2019-10-23,4.495833,40.662961,-111.901851
Near Road,2019-10-24,7.183333,40.662961,-111.901851
Near Road,2019-10-25,12.25,40.662961,-111.901851
Near Road,2019-10-26,6.854167,40.662961,-111.901851
Near Road,2019-10-27,2.358333,40.662961,-111.901851
Near Road,2019-10-28,3.308333,40.662961,-111.901851
Near Road,2019-10-29,3.616667,40.662961,-111.901851
Near Road,2019-10-30,8.508333,40.662961,-111.901851
Near Road,2019-10-31,10.75,40.662961,-111.901851
Near Road,2019-11-01,18.308333,40.662961,-111.901851
Near Road,2019-11-02,17.495833,40.662961,-111.901851
Near Road,2019-11-03,19.216667,40.662961,-111.901851
Near Road,2019-11-04,21.225,40.662961,-111.901851
Near Road,2019-11-05,13.895652,40.662961,-111.901851
Near Road,2019-11-06,13.625,40.662961,-111.901851
Near Road,2019-11-07,15.191667,40.662961,-111.901851
Near Road,2019-11-08,18.325,40.662961,-111.901851
Near Road,2019-11-09,16.833333,40.662961,-111.901851
Near Road,2019-11-10,17.708333,40.662961,-111.901851
Near Road,2019-11-11,10.433333,40.662961,-111.901851
Near Road,2019-11-12,12.416667,40.662961,-111.901851
Near Road,2019-11-13,14.175,40.662961,-111.901851
Near Road,2019-11-14,12.7625,40.662961,-111.901851
Near Road,2019-11-15,20.779167,40.662961,-111.901851
Near Road,2019-11-16,12.454167,40.662961,-111.901851
Near Road,2019-11-17,9.695833,40.662961,-111.901851
Near Road,2019-11-18,13.820833,40.662961,-111.901851
Near Road,2019-11-19,19.458333,40.662961,-111.901851
Near Road,2019-11-20,14.1875,40.662961,-111.901851
Near Road,2019-11-21,2.979167,40.662961,-111.901851
Near Road,2019-11-22,11.6625,40.662961,-111.901851
Near Road,2019-11-23,10.158333,40.662961,-111.901851
Near Road,2019-11-24,14.820833,40.662961,-111.901851
Near Road,2019-11-25,8.475,40.662961,-111.901851
Near Road,2019-11-26,7.095833,40.662961,-111.901851
Near Road,2019-11-27,6.8125,40.662961,-111.901851
Near Road,2019-11-28,7.258333,40.662961,-111.901851
Near Road,2019-11-29,4.1,40.662961,-111.901851
Near Road,2019-11-30,7.529167,40.662961,-111.901851
Near Road,2019-12-01,10.879167,40.662961,-111.901851
Near Road,2019-12-02,25.991667,40.662961,-111.901851
Near Road,2019-12-03,39.504167,40.662961,-111.901851
Near Road,2019-12-04,47.0875,40.662961,-111.901851
Near Road,2019-12-05,33.7,40.662961,-111.901851
Near Road,2019-12-06,29.875,40.662961,-111.901851
Near Road,2019-12-07,8.2125,40.662961,-111.901851
Near Road,2019-12-08,6.7125,40.662961,-111.901851
Near Road,2019-12-09,6.720833,40.662961,-111.901851
Near Road,2019-12-10,12.6625,40.662961,-111.901851
Near Road,2019-12-11,15.966667,40.662961,-111.901851
Near Road,2019-12-12,6.404167,40.662961,-111.901851
Near Road,2019-12-13,3.7875,40.662961,-111.901851
Near Road,2019-12-14,3.825,40.662961,-111.901851
Near Road,2019-12-15,4.383333,40.662961,-111.901851
Near Road,2019-12-16,5.9875,40.662961,-111.901851
Near Road,2019-12-17,12.425,40.662961,-111.901851
Near Road,2019-12-18,19.470833,40.662961,-111.901851
Near Road,2019-12-19,34.433333,40.662961,-111.901851
Near Road,2019-12-20,20.175,40.662961,-111.901851
Near Road,2019-12-21,30.216667,40.662961,-111.901851
Near Road,2019-12-22,1.6625,40.662961,-111.901851
Near Road,2019-12-23,4.704167,40.662961,-111.901851
Near Road,2019-12-24,4.2875,40.662961,-111.901851
Near Road,2019-12-25,5.9625,40.662961,-111.901851
Near Road,2019-12-26,8.670833,40.662961,-111.901851
Near Road,2019-12-27,8.1125,40.662961,-111.901851
Near Road,2019-12-28,3.333333,40.662961,-111.901851
Near Road,2019-12-29,4.975,40.662961,-111.901851
Near Road,2019-12-30,11.541667,40.662961,-111.901851
Near Road,2019-12-31,13.416667,40.662961,-111.901851
Near Road,2020-01-01,8.4125,40.662961,-111.901851
Near Road,2020-01-02,4.604167,40.662961,-111.901851
Near Road,2020-01-03,6.479167,40.662961,-111.901851
Near Road,2020-01-04,12.004167,40.662961,-111.901851
Near Road,2020-01-05,13.491667,40.662961,-111.901851
Near Road,2020-01-06,7.016667,40.662961,-111.901851
Near Road,2020-01-07,5.716667,40.662961,-111.901851
Near Road,2020-01-08,8.625,40.662961,-111.901851
Near Road,2020-01-09,8.2875,40.662961,-111.901851
Near Road,2020-01-10,3.2875,40.662961,-111.901851
Near Road,2020-01-11,5.095833,40.662961,-111.901851
Near Road,2020-01-12,4.8125,40.662961,-111.901851
Near Road,2020-01-13,4.7,40.662961,-111.901851
Near Road,2020-01-14,6.454167,40.662961,-111.901851
Near Road,2020-01-15,10.275,40.662961,-111.901851
Near Road,2020-01-16,4.691667,40.662961,-111.901851
Near Road,2020-01-17,4.791667,40.662961,-111.901851
Near Road,2020-01-18,8.25,40.662961,-111.901851
Near Road,2020-01-19,15.825,40.662961,-111.901851
Near Road,2020-01-20,23.175,40.662961,-111.901851
Near Road,2020-01-22,10.522222,40.662961,-111.901851
Near Road,2020-01-23,15.645833,40.662961,-111.901851
Near Road,2020-01-24,13.791667,40.662961,-111.901851
Near Road,2020-01-25,16.666667,40.662961,-111.901851
Near Road,2020-01-26,10.991667,40.662961,-111.901851
Near Road,2020-01-27,4.954167,40.662961,-111.901851
Near Road,2020-01-28,4.75,40.662961,-111.901851
Near Road,2020-01-29,4.445833,40.662961,-111.901851
Near Road,2020-01-30,9.016667,40.662961,-111.901851
Near Road,2020-01-31,12.533333,40.662961,-111.901851
Near Road,2020-02-01,8.545833,40.662961,-111.901851
Near Road,2020-02-02,3.795833,40.662961,-111.901851
Near Road,2020-02-03,2.216667,40.662961,-111.901851
Near Road,2020-02-04,8.591667,40.662961,-111.901851
Near Road,2020-02-05,8.169565,40.662961,-111.901851
Near Road,2020-02-06,10.808333,40.662961,-111.901851
Near Road,2020-02-07,8.266667,40.662961,-111.901851
Near Road,2020-02-08,3.304167,40.662961,-111.901851
Near Road,2020-02-09,3.208333,40.662961,-111.901851
Near Road,2020-02-10,8.925,40.662961,-111.901851
Near Road,2020-02-11,10.033333,40.662961,-111.901851
Near Road,2020-02-12,10.395833,40.662961,-111.901851
Near Road,2020-02-13,8.766667,40.662961,-111.901851
Near Road,2020-02-14,7.558333,40.662961,-111.901851
Near Road,2020-02-15,8.745833,40.662961,-111.901851
Near Road,2020-02-16,10.65,40.662961,-111.901851
Near Road,2020-02-17,3.3625,40.662961,-111.901851
Near Road,2020-02-18,6.708333,40.662961,-111.901851
Near Road,2020-02-19,7.716667,40.662961,-111.901851
Near Road,2020-02-20,10.258333,40.662961,-111.901851
Near Road,2020-02-21,19.325,40.662961,-111.901851
Near Road,2020-02-22,20.3125,40.662961,-111.901851
Near Road,2020-02-23,9.058333,40.662961,-111.901851
Near Road,2020-02-24,2.666667,40.662961,-111.901851
Near Road,2020-02-25,5.020833,40.662961,-111.901851
Near Road,2020-02-26,9.270833,40.662961,-111.901851
Near Road,2020-02-27,12.35,40.662961,-111.901851
Near Road,2020-02-28,9.170833,40.662961,-111.901851
Near Road,2020-02-29,4.483333,40.662961,-111.901851
Near Road,2020-03-01,3.758333,40.662961,-111.901851
Near Road,2020-03-02,5.121739,40.662961,-111.901851
Near Road,2020-03-03,8.675,40.662961,-111.901851
Near Road,2020-03-04,8.975,40.662961,-111.901851
Near Road,2020-03-05,5.995833,40.662961,-111.901851
Near Road,2020-03-06,5.075,40.662961,-111.901851
Near Road,2020-03-07,7.829167,40.662961,-111.901851
Near Road,2020-03-08,5.0,40.662961,-111.901851
Near Road,2020-03-09,4.175,40.662961,-111.901851
Near Road,2020-03-10,5.825,40.662961,-111.901851
Near Road,2020-03-11,6.416667,40.662961,-111.901851
Near Road,2020-03-12,6.208333,40.662961,-111.901851
Near Road,2020-03-13,7.1625,40.662961,-111.901851
Near Road,2020-03-14,2.079167,40.662961,-111.901851
Near Road,2020-03-15,2.3125,40.662961,-111.901851
Near Road,2020-03-16,4.75,40.662961,-111.901851
Near Road,2020-03-17,4.1625,40.662961,-111.901851
Near Road,2020-03-18,2.8,40.662961,-111.901851
Near Road,2020-03-19,6.045833,40.662961,-111.901851
Near Road,2020-03-20,3.0875,40.662961,-111.901851
Near Road,2020-03-21,4.3375,40.662961,-111.901851
Near Road,2020-03-22,4.8625,40.662961,-111.901851
Near Road,2020-03-23,3.833333,40.662961,-111.901851
Near Road,2020-03-24,2.095833,40.662961,-111.901851
Near Road,2020-03-25,4.233333,40.662961,-111.901851
Near Road,2020-03-26,2.4375,40.662961,-111.901851
Near Road,2020-03-27,4.175,40.662961,-111.901851
Near Road,2020-03-28,6.6875,40.662961,-111.901851
Near Road,2020-03-29,5.054167,40.662961,-111.901851
Near Road,2020-03-30,4.541667,40.662961,-111.901851
Near Road,2020-03-31,2.845833,40.662961,-111.901851
Near Road,2020-04-01,2.183333,40.662961,-111.901851
Near Road,2020-04-02,1.445833,40.662961,-111.901851
Near Road,2020-04-03,5.054167,40.662961,-111.901851
Near Road,2020-04-04,8.933333,40.662961,-111.901851
Near Road,2020-04-05,5.408333,40.662961,-111.901851
Near Road,2020-04-06,5.625,40.662961,-111.901851
Near Road,2020-04-07,5.983333,40.662961,-111.901851
Near Road,2020-04-08,8.233333,40.662961,-111.901851
Near Road,2020-04-09,6.545833,40.662961,-111.901851
Near Road,2020-04-10,5.913636,40.662961,-111.901851
Near Road,2020-04-11,4.3125,40.662961,-111.901851
Near Road,2020-04-12,4.358333,40.662961,-111.901851
Near Road,2020-04-13,4.895833,40.662961,-111.901851
Near Road,2020-04-14,6.379167,40.662961,-111.901851
Near Road,2020-04-15,3.6875,40.662961,-111.901851
Near Road,2020-04-16,2.221739,40.662961,-111.901851
Near Road,2020-04-17,7.113043,40.662961,-111.901851
Near Road,2020-04-18,6.934783,40.662961,-111.901851
Near Road,2020-04-19,3.85,40.662961,-111.901851
Near Road,2020-04-20,6.804167,40.662961,-111.901851
Near Road,2020-04-21,7.679167,40.662961,-111.901851
Near Road,2020-04-22,5.308333,40.662961,-111.901851
Near Road,2020-04-23,3.8625,40.662961,-111.901851
Near Road,2020-04-24,5.779167,40.662961,-111.901851
Near Road,2020-04-25,6.583333,40.662961,-111.901851
Near Road,2020-04-26,4.554167,40.662961,-111.901851
Near Road,2020-04-27,5.425,40.662961,-111.901851
Near Road,2020-04-28,4.108333,40.662961,-111.901851
Near Road,2020-04-29,6.954167,40.662961,-111.901851
Near Road,2020-04-30,5.091667,40.662961,-111.901851
Near Road,2020-05-01,8.85,40.662961,-111.901851
Near Road,2020-05-02,5.866667,40.662961,-111.901851
Near Road,2020-05-03,5.2375,40.662961,-111.901851
Near Road,2020-05-04,5.133333,40.662961,-111.901851
Near Road,2020-05-05,8.05,40.662961,-111.901851
Near Road,2020-05-06,8.695833,40.662961,-111.901851
Near Road,2020-05-07,3.854167,40.662961,-111.901851
Near Road,2020-05-08,6.818182,40.662961,-111.901851
Near Road,2020-05-09,6.8,40.662961,-111.901851
Near Road,2020-05-10,8.241667,40.662961,-111.901851
Near Road,2020-05-11,8.0,40.662961,-111.901851
Near Road,2020-05-12,8.775,40.662961,-111.901851
Near Road,2020-05-13,6.120833,40.662961,-111.901851
Near Road,2020-05-14,4.808333,40.662961,-111.901851
Near Road,2020-05-15,5.279167,40.662961,-111.901851
Near Road,2020-05-16,6.9,40.662961,-111.901851
Near Road,2020-05-17,8.804167,40.662961,-111.901851
Near Road,2020-05-18,9.458333,40.662961,-111.901851
Near Road,2020-05-19,12.091667,40.662961,-111.901851
Near Road,2020-05-20,8.3875,40.662961,-111.901851
Near Road,2020-05-21,4.283333,40.662961,-111.901851
Near Road,2020-05-22,6.754167,40.662961,-111.901851
Near Road,2020-05-23,3.058333,40.662961,-111.901851
Near Road,2020-05-24,3.591667,40.662961,-111.901851
Near Road,2020-05-25,4.291667,40.662961,-111.901851
Near Road,2020-05-26,7.845833,40.662961,-111.901851
Near Road,2020-05-27,9.8625,40.662961,-111.901851
Near Road,2020-05-29,8.713333,40.662961,-111.901851
Near Road,2020-05-30,6.704167,40.662961,-111.901851
Near Road,2020-05-31,7.9875,40.662961,-111.901851
Near Road,2020-06-01,6.270833,40.662961,-111.901851
Near Road,2020-06-02,17.4375,40.662961,-111.901851
Near Road,2020-06-03,13.170833,40.662961,-111.901851
Near Road,2020-06-04,11.258333,40.662961,-111.901851
Near Road,2020-06-05,13.5125,40.662961,-111.901851
Near Road,2020-06-06,7.004167,40.662961,-111.901851
Near Road,2020-06-07,5.920833,40.662961,-111.901851
Near Road,2020-06-08,3.975,40.662961,-111.901851
Near Road,2020-06-09,4.720833,40.662961,-111.901851
Near Road,2020-06-10,5.870833,40.662961,-111.901851
Near Road,2020-06-11,7.633333,40.662961,-111.901851
Near Road,2020-06-12,7.570833,40.662961,-111.901851
Near Road,2020-06-13,8.8625,40.662961,-111.901851
Near Road,2020-06-14,5.620833,40.662961,-111.901851
Near Road,2020-06-15,8.7875,40.662961,-111.901851
Near Road,2020-06-16,4.970833,40.662961,-111.901851
Near Road,2020-06-17,3.775,40.662961,-111.901851
Near Road,2020-06-18,4.445833,40.662961,-111.901851
Near Road,2020-06-19,6.7,40.662961,-111.901851
Near Road,2020-06-20,7.4875,40.662961,-111.901851
Near Road,2020-06-21,6.520833,40.662961,-111.901851
Near Road,2020-06-22,7.008333,40.662961,-111.901851
Near Road,2020-06-23,7.6125,40.662961,-111.901851
Near Road,2020-06-24,6.829167,40.662961,-111.901851
Near Road,2020-06-25,7.216667,40.662961,-111.901851
Near Road,2020-06-26,10.022727,40.662961,-111.901851
Near Road,2020-06-27,9.208333,40.662961,-111.901851
Near Road,2020-06-28,11.158333,40.662961,-111.901851
Near Road,2020-06-29,4.233333,40.662961,-111.901851
Near Road,2020-06-30,4.529167,40.662961,-111.901851
Near Road,2020-07-01,11.429167,40.662961,-111.901851
Near Road,2020-07-02,9.395833,40.662961,-111.901851
Near Road,2020-07-03,14.991667,40.662961,-111.901851
Near Road,2020-07-04,34.566667,40.662961,-111.901851
Near Road,2020-07-05,138.8875,40.662961,-111.901851
Near Road,2020-07-06,11.761111,40.662961,-111.901851
Near Road,2020-07-07,9.470833,40.662961,-111.901851
Near Road,2020-07-08,9.966667,40.662961,-111.901851
Near Road,2020-07-09,13.4,40.662961,-111.901851
Near Road,2020-07-10,8.954167,40.662961,-111.901851
Near Road,2020-07-11,12.304167,40.662961,-111.901851
Near Road,2020-07-12,8.533333,40.662961,-111.901851
Near Road,2020-07-13,12.366667,40.662961,-111.901851
Near Road,2020-07-14,8.933333,40.662961,-111.901851
Near Road,2020-07-15,9.6625,40.662961,-111.901851
Near Road,2020-07-16,13.5625,40.662961,-111.901851
Near Road,2020-07-17,10.7375,40.662961,-111.901851
Near Road,2020-07-18,8.3625,40.662961,-111.901851
Near Road,2020-07-19,12.1875,40.662961,-111.901851
Near Road,2020-07-20,14.35,40.662961,-111.901851
Near Road,2020-07-21,19.5,40.662961,-111.901851
Near Road,2020-07-22,11.3375,40.662961,-111.901851
Near Road,2020-07-23,8.520833,40.662961,-111.901851
Near Road,2020-07-24,12.266667,40.662961,-111.901851
Near Road,2020-07-25,17.708333,40.662961,-111.901851
Near Road,2020-07-26,9.258333,40.662961,-111.901851
Near Road,2020-07-27,13.320833,40.662961,-111.901851
Near Road,2020-07-28,8.6875,40.662961,-111.901851
Near Road,2020-07-29,9.816667,40.662961,-111.901851
Near Road,2020-07-30,13.875,40.662961,-111.901851
Near Road,2020-07-31,14.729167,40.662961,-111.901851
Near Road,2020-08-01,10.766667,40.662961,-111.901851
Near Road,2020-08-02,9.345833,40.662961,-111.901851
Near Road,2020-08-03,12.958333,40.662961,-111.901851
Near Road,2020-08-04,13.554167,40.662961,-111.901851
Near Road,2020-08-05,13.15,40.662961,-111.901851
Near Road,2020-08-06,6.920833,40.662961,-111.901851
Near Road,2020-08-07,8.5125,40.662961,-111.901851
Near Road,2020-08-08,9.883333,40.662961,-111.901851
Near Road,2020-08-09,12.6,40.662961,-111.901851
Near Road,2020-08-10,10.533333,40.662961,-111.901851
Near Road,2020-08-11,12.791667,40.662961,-111.901851
Near Road,2020-08-12,14.2125,40.662961,-111.901851
Near Road,2020-08-13,18.45,40.662961,-111.901851
Near Road,2020-08-14,19.929167,40.662961,-111.901851
Near Road,2020-08-15,13.216667,40.662961,-111.901851
Near Road,2020-08-16,11.466667,40.662961,-111.901851
Near Road,2020-08-17,14.795833,40.662961,-111.901851
Near Road,2020-08-18,17.233333,40.662961,-111.901851
Near Road,2020-08-19,16.316667,40.662961,-111.901851
Near Road,2020-08-20,21.575,40.662961,-111.901851
Near Road,2020-08-21,47.391667,40.662961,-111.901851
Near Road,2020-08-22,36.341667,40.662961,-111.901851
Near Road,2020-08-23,18.729167,40.662961,-111.901851
Near Road,2020-08-24,21.920833,40.662961,-111.901851
Near Road,2020-08-25,25.64,40.662961,-111.901851
Near Road,2020-08-26,16.681818,40.662961,-111.901851
Near Road,2020-08-27,12.866667,40.662961,-111.901851
Near Road,2020-08-28,14.8875,40.662961,-111.901851
Near Road,2020-08-29,13.320833,40.662961,-111.901851
Near Road,2020-08-30,13.266667,40.662961,-111.901851
Near Road,2020-08-31,7.145833,40.662961,-111.901851
Near Road,2020-09-01,5.333333,40.662961,-111.901851
Near Road,2020-09-02,8.141667,40.662961,-111.901851
Near Road,2020-09-03,8.9125,40.662961,-111.901851
Near Road,2020-09-04,10.691667,40.662961,-111.901851
Near Road,2020-09-05,10.791667,40.662961,-111.901851
Near Road,2020-09-06,26.325,40.662961,-111.901851
Near Road,2020-09-07,39.333333,40.662961,-111.901851
Near Road,2020-09-08,5.141667,40.662961,-111.901851
Near Road,2020-09-09,5.581818,40.662961,-111.901851
Near Road,2020-09-10,10.945833,40.662961,-111.901851
Near Road,2020-09-11,13.533333,40.662961,-111.901851
Near Road,2020-09-12,18.7375,40.662961,-111.901851
Near Road,2020-09-13,16.6375,40.662961,-111.901851
Near Road,2020-09-14,10.508333,40.662961,-111.901851
Near Road,2020-09-15,14.829167,40.662961,-111.901851
Near Road,2020-09-16,17.325,40.662961,-111.901851
Near Road,2020-09-17,20.904167,40.662961,-111.901851
Near Road,2020-09-18,18.791667,40.662961,-111.901851
Near Road,2020-09-19,24.1,40.662961,-111.901851
Near Road,2020-09-20,18.083333,40.662961,-111.901851
Near Road,2020-09-21,26.704167,40.662961,-111.901851
Near Road,2020-09-22,11.0375,40.662961,-111.901851
Near Road,2020-09-23,16.982609,40.662961,-111.901851
Near Road,2020-09-24,19.225,40.662961,-111.901851
Near Road,2020-09-25,28.4,40.662961,-111.901851
Near Road,2020-09-26,12.279167,40.662961,-111.901851
Near Road,2020-09-27,4.3875,40.662961,-111.901851
Near Road,2020-09-28,5.7875,40.662961,-111.901851
Near Road,2020-09-29,9.366667,40.662961,-111.901851
Near Road,2020-09-30,11.933333,40.662961,-111.901851
Near Road,2020-10-01,11.1875,40.662961,-111.901851
Near Road,2020-10-02,13.979167,40.662961,-111.901851
Near Road,2020-10-03,21.933333,40.662961,-111.901851
Near Road,2020-10-04,29.995833,40.662961,-111.901851
Near Road,2020-10-05,24.004167,40.662961,-111.901851
Near Road,2020-10-06,32.095833,40.662961,-111.901851
Near Road,2020-10-07,36.925,40.662961,-111.901851
Near Road,2020-10-08,21.35,40.662961,-111.901851
Near Road,2020-10-09,16.554167,40.662961,-111.901851
Near Road,2020-10-10,12.454167,40.662961,-111.901851
Near Road,2020-10-11,3.979167,40.662961,-111.901851
Near Road,2020-10-12,6.995833,40.662961,-111.901851
Near Road,2020-10-13,8.4875,40.662961,-111.901851
Near Road,2020-10-14,6.195833,40.662961,-111.901851
Near Road,2020-10-15,5.204167,40.662961,-111.901851
Near Road,2020-10-16,9.575,40.662961,-111.901851
Near Road,2020-10-17,9.445833,40.662961,-111.901851
Near Road,2020-10-18,7.15,40.662961,-111.901851
Near Road,2020-10-19,9.004167,40.662961,-111.901851
Near Road,2020-10-20,8.308333,40.662961,-111.901851
Near Road,2020-10-21,9.354167,40.662961,-111.901851
Near Road,2020-10-22,4.741667,40.662961,-111.901851
Near Road,2020-10-23,11.266667,40.662961,-111.901851
Near Road,2020-10-24,12.758333,40.662961,-111.901851
Near Road,2020-10-25,4.275,40.662961,-111.901851
Near Road,2020-10-26,9.245833,40.662961,-111.901851
Near Road,2020-10-27,15.320833,40.662961,-111.901851
Near Road,2020-10-28,14.925,40.662961,-111.901851
Near Road,2020-10-29,16.608333,40.662961,-111.901851
Near Road,2020-10-30,9.9,40.662961,-111.901851
Near Road,2020-10-31,9.95,40.662961,-111.901851
Near Road,2020-11-01,14.1125,40.662961,-111.901851
Near Road,2020-11-02,17.120833,40.662961,-111.901851
Near Road,2020-11-03,19.283333,40.662961,-111.901851
Near Road,2020-11-04,12.8,40.662961,-111.901851
Near Road,2020-11-05,12.2875,40.662961,-111.901851
Near Road,2020-11-06,7.808333,40.662961,-111.901851
Near Road,2020-11-07,4.958333,40.662961,-111.901851
Near Road,2020-11-08,5.141667,40.662961,-111.901851
Near Road,2020-11-09,5.854167,40.662961,-111.901851
Near Road,2020-11-10,7.5,40.662961,-111.901851
Near Road,2020-11-11,5.4125,40.662961,-111.901851
Near Road,2020-11-12,6.9625,40.662961,-111.901851
Near Road,2020-11-13,6.825,40.662961,-111.901851
Near Road,2020-11-14,3.345833,40.662961,-111.901851
Near Road,2020-11-15,4.783333,40.662961,-111.901851
Near Road,2020-11-16,13.441667,40.662961,-111.901851
Near Road,2020-11-17,3.679167,40.662961,-111.901851
Near Road,2020-11-18,7.65,40.662961,-111.901851
Near Road,2020-11-19,4.970833,40.662961,-111.901851
Near Road,2020-11-20,7.570833,40.662961,-111.901851
Near Road,2020-11-21,12.3375,40.662961,-111.901851
Near Road,2020-11-22,11.6125,40.662961,-111.901851
Near Road,2020-11-23,19.175,40.662961,-111.901851
Near Road,2020-11-24,8.920833,40.662961,-111.901851
Near Road,2020-11-25,8.3,40.662961,-111.901851
Near Road,2020-11-26,3.975,40.662961,-111.901851
Near Road,2020-11-27,7.891667,40.662961,-111.901851
Near Road,2020-11-28,12.104167,40.662961,-111.901851
Near Road,2020-11-29,18.666667,40.662961,-111.901851
Near Road,2020-11-30,20.741667,40.662961,-111.901851
Near Road,2020-12-01,7.591667,40.662961,-111.901851
Near Road,2020-12-02,8.145833,40.662961,-111.901851
Near Road,2020-12-03,10.270833,40.662961,-111.901851
Near Road,2020-12-04,18.408333,40.662961,-111.901851
Near Road,2020-12-05,26.091667,40.662961,-111.901851
Near Road,2020-12-06,32.141667,40.662961,-111.901851
Near Road,2020-12-07,31.6875,40.662961,-111.901851
Near Road,2020-12-08,34.541667,40.662961,-111.901851
Near Road,2020-12-09,32.520833,40.662961,-111.901851
Near Road,2020-12-10,31.8125,40.662961,-111.901851
Near Road,2020-12-11,17.4875,40.662961,-111.901851
Near Road,2020-12-12,7.791667,40.662961,-111.901851
Near Road,2020-12-13,7.9625,40.662961,-111.901851
Near Road,2020-12-14,8.608333,40.662961,-111.901851
Near Road,2020-12-15,9.452174,40.662961,-111.901851
Near Road,2020-12-16,8.104167,40.662961,-111.901851
Near Road,2020-12-17,6.3,40.662961,-111.901851
Near Road,2020-12-18,6.945833,40.662961,-111.901851
Near Road,2020-12-19,11.1875,40.662961,-111.901851
Near Road,2020-12-20,10.025,40.662961,-111.901851
Near Road,2020-12-21,11.411765,40.662961,-111.901851
Near Road,2020-12-22,2.895833,40.662961,-111.901851
Near Road,2020-12-23,5.65,40.662961,-111.901851
Near Road,2020-12-24,11.016667,40.662961,-111.901851
Near Road,2020-12-25,16.491667,40.662961,-111.901851
Near Road,2020-12-26,22.3125,40.662961,-111.901851
Near Road,2020-12-27,11.725,40.662961,-111.901851
Near Road,2020-12-28,9.633333,40.662961,-111.901851
Near Road,2020-12-29,11.070833,40.662961,-111.901851
Near Road,2020-12-30,16.725,40.662961,-111.901851
Near Road,2020-12-31,16.425,40.662961,-111.901851
Near Road,2021-01-01,21.033333,40.662961,-111.901851
Near Road,2021-01-02,10.516667,40.662961,-111.901851
Near Road,2021-01-03,11.683333,40.662961,-111.901851
Near Road,2021-01-04,12.6,40.662961,-111.901851
Near Road,2021-01-05,5.85,40.662961,-111.901851
Near Road,2021-01-06,7.929167,40.662961,-111.901851
Near Road,2021-01-07,15.470833,40.662961,-111.901851
Near Road,2021-01-08,16.8125,40.662961,-111.901851
Near Road,2021-01-09,12.370833,40.662961,-111.901851
Near Road,2021-01-10,11.1,40.662961,-111.901851
Near Road,2021-01-11,22.0875,40.662961,-111.901851
Near Road,2021-01-12,28.558333,40.662961,-111.901851
Near Road,2021-01-13,19.925,40.662961,-111.901851
Near Road,2021-01-14,4.958333,40.662961,-111.901851
Near Road,2021-01-15,7.9125,40.662961,-111.901851
Near Road,2021-01-16,14.9375,40.662961,-111.901851
Near Road,2021-01-17,14.358333,40.662961,-111.901851
Near Road,2021-01-18,8.466667,40.662961,-111.901851
Near Road,2021-01-19,6.525,40.662961,-111.901851
Near Road,2021-01-20,12.0375,40.662961,-111.901851
Near Road,2021-01-21,22.4875,40.662961,-111.901851
Near Road,2021-01-22,14.316667,40.662961,-111.901851
Near Road,2021-01-23,5.229167,40.662961,-111.901851
Near Road,2021-01-24,6.145833,40.662961,-111.901851
Near Road,2021-01-25,14.483333,40.662961,-111.901851
Near Road,2021-01-26,11.133333,40.662961,-111.901851
Near Road,2021-01-27,2.891667,40.662961,-111.901851
Near Road,2021-01-28,3.366667,40.662961,-111.901851
Near Road,2021-01-29,3.866667,40.662961,-111.901851
Near Road,2021-01-30,4.983333,40.662961,-111.901851
Near Road,2021-01-31,7.966667,40.662961,-111.901851
Near Road,2021-02-01,15.4125,40.662961,-111.901851
Near Road,2021-02-02,15.016667,40.662961,-111.901851
Near Road,2021-02-03,3.2,40.662961,-111.901851
Near Road,2021-02-04,4.1125,40.662961,-111.901851
Near Road,2021-02-05,12.808333,40.662961,-111.901851
Near Road,2021-02-06,8.516667,40.662961,-111.901851
Near Road,2021-02-07,7.25,40.662961,-111.901851
Near Road,2021-02-08,7.2,40.662961,-111.901851
Near Road,2021-02-09,8.2625,40.662961,-111.901851
Near Road,2021-02-10,9.241667,40.662961,-111.901851
Near Road,2021-02-11,7.566667,40.662961,-111.901851
Near Road,2021-02-12,2.3625,40.662961,-111.901851
Near Road,2021-02-13,4.079167,40.662961,-111.901851
Near Road,2021-02-14,7.45,40.662961,-111.901851
Near Road,2021-02-15,4.675,40.662961,-111.901851
Near Road,2021-02-16,4.4875,40.662961,-111.901851
Near Road,2021-02-17,4.125,40.662961,-111.901851
Near Road,2021-02-18,7.65,40.662961,-111.901851
Near Road,2021-02-19,7.508333,40.662961,-111.901851
Near Road,2021-02-20,2.983333,40.662961,-111.901851
Near Road,2021-02-21,2.191667,40.662961,-111.901851
Near Road,2021-02-22,7.833333,40.662961,-111.901851
Near Road,2021-02-23,5.529167,40.662961,-111.901851
Near Road,2021-02-24,5.008333,40.662961,-111.901851
Near Road,2021-02-25,3.383333,40.662961,-111.901851
Near Road,2021-02-26,2.7375,40.662961,-111.901851
Near Road,2021-02-27,3.1625,40.662961,-111.901851
Near Road,2021-02-28,5.45,40.662961,-111.901851
Near Road,2021-03-01,10.9875,40.662961,-111.901851
Near Road,2021-03-02,13.616667,40.662961,-111.901851
Near Road,2021-03-03,11.654167,40.662961,-111.901851
Near Road,2021-03-04,6.595833,40.662961,-111.901851
Near Road,2021-03-05,9.616667,40.662961,-111.901851
Near Road,2021-03-06,8.5375,40.662961,-111.901851
Near Road,2021-03-07,8.7875,40.662961,-111.901851
Near Road,2021-03-08,8.883333,40.662961,-111.901851
Near Road,2021-03-09,6.945833,40.662961,-111.901851
Near Road,2021-03-10,5.629167,40.662961,-111.901851
Near Road,2021-03-11,6.241667,40.662961,-111.901851
Near Road,2021-03-12,8.829167,40.662961,-111.901851
Near Road,2021-03-13,6.616667,40.662961,-111.901851
Near Road,2021-03-14,4.833333,40.662961,-111.901851
Near Road,2021-03-15,4.316667,40.662961,-111.901851
Near Road,2021-03-16,5.4875,40.662961,-111.901851
Near Road,2021-03-17,9.4875,40.662961,-111.901851
Near Road,2021-03-18,6.6375,40.662961,-111.901851
Near Road,2021-03-19,5.379167,40.662961,-111.901851
Near Road,2021-03-20,6.025,40.662961,-111.901851
Near Road,2021-03-21,2.420833,40.662961,-111.901851
Near Road,2021-03-22,7.966667,40.662961,-111.901851
Near Road,2021-03-23,9.466667,40.662961,-111.901851
Near Road,2021-03-24,3.2375,40.662961,-111.901851
Near Road,2021-03-25,5.991667,40.662961,-111.901851
Near Road,2021-03-26,4.966667,40.662961,-111.901851
Near Road,2021-03-27,6.795833,40.662961,-111.901851
Near Road,2021-03-28,4.970833,40.662961,-111.901851
Near Road,2021-03-29,7.116667,40.662961,-111.901851
Near Road,2021-03-30,5.216667,40.662961,-111.901851
Near Road,2021-03-31,9.233333,40.662961,-111.901851
Near Road,2021-04-01,12.879167,40.662961,-111.901851
Near Road,2021-04-02,10.495833,40.662961,-111.901851
Near Road,2021-04-03,9.929167,40.662961,-111.901851
Near Road,2021-04-04,6.520833,40.662961,-111.901851
Near Road,2021-04-05,9.691667,40.662961,-111.901851
Near Road,2021-04-06,4.479167,40.662961,-111.901851
Near Road,2021-04-07,7.716667,40.662961,-111.901851
Near Road,2021-04-08,9.025,40.662961,-111.901851
Near Road,2021-04-09,3.7,40.662961,-111.901851
Near Road,2021-04-10,7.266667,40.662961,-111.901851
Near Road,2021-04-11,5.766667,40.662961,-111.901851
Near Road,2021-04-12,5.404167,40.662961,-111.901851
Near Road,2021-04-13,5.020833,40.662961,-111.901851
Near Road,2021-04-14,8.225,40.662961,-111.901851
Near Road,2021-04-15,6.070833,40.662961,-111.901851
Near Road,2021-04-16,4.441667,40.662961,-111.901851
Near Road,2021-04-17,4.279167,40.662961,-111.901851
Near Road,2021-04-18,6.575,40.662961,-111.901851
Near Road,2021-04-19,7.458333,40.662961,-111.901851
Near Road,2021-04-20,5.916667,40.662961,-111.901851
Near Road,2021-04-21,4.8875,40.662961,-111.901851
Near Road,2021-04-22,7.741667,40.662961,-111.901851
Near Road,2021-04-23,8.0,40.662961,-111.901851
Near Road,2021-04-24,8.75,40.662961,-111.901851
Near Road,2021-04-25,5.291667,40.662961,-111.901851
Near Road,2021-04-26,4.2,40.662961,-111.901851
Near Road,2021-04-27,4.695833,40.662961,-111.901851
Near Road,2021-04-28,6.520833,40.662961,-111.901851
Near Road,2021-04-29,6.4625,40.662961,-111.901851
Near Road,2021-04-30,6.958333,40.662961,-111.901851
Near Road,2021-05-01,5.045833,40.662961,-111.901851
Near Road,2021-05-02,3.5,40.662961,-111.901851
Near Road,2021-05-03,4.6,40.662961,-111.901851
Near Road,2021-05-04,4.579167,40.662961,-111.901851
Near Road,2021-05-05,6.508333,40.662961,-111.901851
Near Road,2021-05-06,8.575,40.662961,-111.901851
Near Road,2021-05-07,8.458333,40.662961,-111.901851
Near Road,2021-05-08,2.620833,40.662961,-111.901851
Near Road,2021-05-09,3.916667,40.662961,-111.901851
Near Road,2021-05-10,3.8,40.662961,-111.901851
Near Road,2021-05-11,3.704167,40.662961,-111.901851
Near Road,2021-05-12,6.1,40.662961,-111.901851
Near Road,2021-05-13,8.9625,40.662961,-111.901851
Near Road,2021-05-14,9.116667,40.662961,-111.901851
Near Road,2021-05-15,7.604167,40.662961,-111.901851
Near Road,2021-05-16,4.95,40.662961,-111.901851
Near Road,2021-05-17,6.754167,40.662961,-111.901851
Near Road,2021-05-18,9.766667,40.662961,-111.901851
Near Road,2021-05-19,10.425,40.662961,-111.901851
Near Road,2021-05-20,12.566667,40.662961,-111.901851
Near Road,2021-05-21,11.458333,40.662961,-111.901851
Near Road,2021-05-22,8.708333,40.662961,-111.901851
Near Road,2021-05-23,4.1,40.662961,-111.901851
Near Road,2021-05-24,4.645833,40.662961,-111.901851
Near Road,2021-05-25,6.0625,40.662961,-111.901851
Near Road,2021-05-26,5.295833,40.662961,-111.901851
Near Road,2021-05-27,8.95,40.662961,-111.901851
Near Road,2021-05-28,7.258333,40.662961,-111.901851
Near Road,2021-05-29,5.458333,40.662961,-111.901851
Near Road,2021-05-30,8.320833,40.662961,-111.901851
Near Road,2021-05-31,8.241667,40.662961,-111.901851
Near Road,2021-06-01,9.929167,40.662961,-111.901851
Near Road,2021-06-02,10.2875,40.662961,-111.901851
Near Road,2021-06-03,15.725,40.662961,-111.901851
Near Road,2021-06-04,15.516667,40.662961,-111.901851
Near Road,2021-06-05,13.133333,40.662961,-111.901851
Near Road,2021-06-06,18.941667,40.662961,-111.901851
Near Road,2021-06-07,21.8375,40.662961,-111.901851
Near Road,2021-06-08,11.475,40.662961,-111.901851
Near Road,2021-06-09,11.554167,40.662961,-111.901851
Near Road,2021-06-10,11.758333,40.662961,-111.901851
Near Road,2021-06-11,6.558333,40.662961,-111.901851
Near Road,2021-06-12,10.920833,40.662961,-111.901851
Near Road,2021-06-13,12.379167,40.662961,-111.901851
Near Road,2021-06-14,6.525,40.662961,-111.901851
Near Road,2021-06-15,13.745833,40.662961,-111.901851
Near Road,2021-06-16,10.8625,40.662961,-111.901851
Near Road,2021-06-17,17.2625,40.662961,-111.901851
Near Road,2021-06-18,14.945833,40.662961,-111.901851
Near Road,2021-06-19,13.125,40.662961,-111.901851
Near Road,2021-06-20,10.2,40.662961,-111.901851
Near Road,2021-06-21,9.6,40.662961,-111.901851
Near Road,2021-06-22,11.545833,40.662961,-111.901851
Near Road,2021-06-23,11.441667,40.662961,-111.901851
Near Road,2021-06-24,8.654167,40.662961,-111.901851
Near Road,2021-06-25,7.341667,40.662961,-111.901851
Near Road,2021-06-26,5.141667,40.662961,-111.901851
Near Road,2021-06-27,5.795833,40.662961,-111.901851
Near Road,2021-06-28,9.029167,40.662961,-111.901851
Near Road,2021-06-29,7.566667,40.662961,-111.901851
Near Road,2021-06-30,8.754167,40.662961,-111.901851
Near Road,2021-07-01,9.3625,40.662961,-111.901851
Near Road,2021-07-02,10.704167,40.662961,-111.901851
Near Road,2021-07-03,11.029167,40.662961,-111.901851
Near Road,2021-07-04,15.616667,40.662961,-111.901851
Near Road,2021-07-05,9.045833,40.662961,-111.901851
Near Road,2021-07-06,10.754167,40.662961,-111.901851
Near Road,2021-07-07,13.25,40.662961,-111.901851
Near Road,2021-07-08,14.291667,40.662961,-111.901851
Near Road,2021-07-09,20.054167,40.662961,-111.901851
Near Road,2021-07-10,20.0125,40.662961,-111.901851
Near Road,2021-07-11,32.045833,40.662961,-111.901851
Near Road,2021-07-12,29.4625,40.662961,-111.901851
Near Road,2021-07-13,15.25,40.662961,-111.901851
Near Road,2021-07-14,5.75,40.662961,-111.901851
Near Road,2021-07-15,11.941667,40.662961,-111.901851
Near Road,2021-07-16,10.129167,40.662961,-111.901851
Near Road,2021-07-17,13.241667,40.662961,-111.901851
Near Road,2021-07-18,12.366667,40.662961,-111.901851
Near Road,2021-07-19,11.454167,40.662961,-111.901851
Near Road,2021-07-20,8.029167,40.662961,-111.901851
Near Road,2021-07-21,6.8625,40.662961,-111.901851
Near Road,2021-07-22,7.595833,40.662961,-111.901851
Near Road,2021-07-23,9.1875,40.662961,-111.901851
Near Road,2021-07-24,22.808333,40.662961,-111.901851
Near Road,2021-07-25,37.454167,40.662961,-111.901851
Near Road,2021-07-26,26.983333,40.662961,-111.901851
Near Road,2021-07-27,5.875,40.662961,-111.901851
Near Road,2021-07-28,6.158333,40.662961,-111.901851
Near Road,2021-07-29,7.670833,40.662961,-111.901851
Near Road,2021-07-30,5.95,40.662961,-111.901851
Near Road,2021-07-31,6.883333,40.662961,-111.901851
Near Road,2021-08-01,5.629167,40.662961,-111.901851
Near Road,2021-08-02,7.9,40.662961,-111.901851
Near Road,2021-08-03,16.5,40.662961,-111.901851
Near Road,2021-08-04,24.345833,40.662961,-111.901851
Near Road,2021-08-05,16.091667,40.662961,-111.901851
Near Road,2021-08-06,53.845833,40.662961,-111.901851
Near Road,2021-08-07,49.041667,40.662961,-111.901851
Near Road,2021-08-08,45.704167,40.662961,-111.901851
Near Road,2021-08-09,28.366667,40.662961,-111.901851
Near Road,2021-08-10,25.691667,40.662961,-111.901851
Near Road,2021-08-11,16.35,40.662961,-111.901851
Near Road,2021-08-12,11.345833,40.662961,-111.901851
Near Road,2021-08-13,13.766667,40.662961,-111.901851
Near Road,2021-08-14,15.616667,40.662961,-111.901851
Near Road,2021-08-15,43.545833,40.662961,-111.901851
Near Road,2021-08-16,47.633333,40.662961,-111.901851
Near Road,2021-08-17,31.433333,40.662961,-111.901851
Near Road,2021-08-18,50.595833,40.662961,-111.901851
Near Road,2021-08-19,35.708333,40.662961,-111.901851
Near Road,2021-08-20,20.483333,40.662961,-111.901851
Near Road,2021-08-21,14.0625,40.662961,-111.901851
Near Road,2021-08-22,11.675,40.662961,-111.901851
Near Road,2021-08-23,5.479167,40.662961,-111.901851
Near Road,2021-08-24,12.216667,40.662961,-111.901851
Near Road,2021-08-25,11.075,40.662961,-111.901851
Near Road,2021-08-26,25.045833,40.662961,-111.901851
Near Road,2021-08-27,37.804167,40.662961,-111.901851
Near Road,2021-08-28,21.820833,40.662961,-111.901851
Near Road,2021-08-29,25.254167,40.662961,-111.901851
Near Road,2021-08-30,24.025,40.662961,-111.901851
Near Road,2021-08-31,16.0875,40.662961,-111.901851
Near Road,2021-09-01,11.370833,40.662961,-111.901851
Near Road,2021-09-02,14.083333,40.662961,-111.901851
Near Road,2021-09-03,18.991667,40.662961,-111.901851
Near Road,2021-09-04,19.625,40.662961,-111.901851
Near Road,2021-09-05,17.233333,40.662961,-111.901851
Near Road,2021-09-06,15.8,40.662961,-111.901851
Near Road,2021-09-07,27.4,40.662961,-111.901851
Near Road,2021-09-08,26.95,40.662961,-111.901851
Near Road,2021-09-09,19.8375,40.662961,-111.901851
Near Road,2021-09-10,14.404167,40.662961,-111.901851
Near Road,2021-09-11,15.066667,40.662961,-111.901851
Near Road,2021-09-12,6.725,40.662961,-111.901851
Near Road,2021-09-13,8.675,40.662961,-111.901851
Near Road,2021-09-14,17.775,40.662961,-111.901851
Near Road,2021-09-15,16.008333,40.662961,-111.901851
Near Road,2021-09-16,13.529167,40.662961,-111.901851
Near Road,2021-09-17,15.1625,40.662961,-111.901851
Near Road,2021-09-18,5.645833,40.662961,-111.901851
Near Road,2021-09-19,5.470833,40.662961,-111.901851
Near Road,2021-09-20,3.129167,40.662961,-111.901851
Near Road,2021-09-21,6.470833,40.662961,-111.901851
Near Road,2021-09-22,9.379167,40.662961,-111.901851
Near Road,2021-09-23,12.541667,40.662961,-111.901851
Near Road,2021-09-24,13.516667,40.662961,-111.901851
Near Road,2021-09-25,12.695833,40.662961,-111.901851
Near Road,2021-09-26,11.983333,40.662961,-111.901851
Near Road,2021-09-27,17.195833,40.662961,-111.901851
Near Road,2021-09-28,11.679167,40.662961,-111.901851
Near Road,2021-09-29,4.725,40.662961,-111.901851
Near Road,2021-09-30,8.266667,40.662961,-111.901851
Near Road,2021-10-01,10.891667,40.662961,-111.901851
Near Road,2021-10-02,10.6375,40.662961,-111.901851
Near Road,2021-10-03,9.725,40.662961,-111.901851
Near Road,2021-10-04,10.341667,40.662961,-111.901851
Near Road,2021-10-05,9.141667,40.662961,-111.901851
Near Road,2021-10-06,4.695833,40.662961,-111.901851
Near Road,2021-10-07,7.408333,40.662961,-111.901851
Near Road,2021-10-08,5.616667,40.662961,-111.901851
Near Road,2021-10-09,6.008333,40.662961,-111.901851
Near Road,2021-10-10,13.627273,40.662961,-111.901851
Near Road,2021-10-11,4.783333,40.662961,-111.901851
Near Road,2021-10-12,1.245833,40.662961,-111.901851
Near Road,2021-10-13,5.395833,40.662961,-111.901851
Near Road,2021-10-14,5.504167,40.662961,-111.901851
Near Road,2021-10-15,7.275,40.662961,-111.901851
Near Road,2021-10-16,11.520833,40.662961,-111.901851
Near Road,2021-10-17,5.779167,40.662961,-111.901851
Near Road,2021-10-18,5.3875,40.662961,-111.901851
Near Road,2021-10-19,4.3375,40.662961,-111.901851
Near Road,2021-10-20,6.9375,40.662961,-111.901851
Near Road,2021-10-21,10.891667,40.662961,-111.901851
Near Road,2021-10-22,5.383333,40.662961,-111.901851
Near Road,2021-10-23,6.041667,40.662961,-111.901851
Near Road,2021-10-24,6.920833,40.662961,-111.901851
Near Road,2021-10-25,3.579167,40.662961,-111.901851
Near Road,2021-10-26,3.983333,40.662961,-111.901851
Near Road,2021-10-27,6.85,40.662961,-111.901851
Near Road,2021-10-28,7.0875,40.662961,-111.901851
Near Road,2021-10-29,9.641667,40.662961,-111.901851
Near Road,2021-10-30,12.270833,40.662961,-111.901851
Near Road,2021-10-31,14.05,40.662961,-111.901851
Near Road,2021-11-01,12.120833,40.662961,-111.901851
Near Road,2021-11-02,7.7125,40.662961,-111.901851
Near Road,2021-11-03,6.979167,40.662961,-111.901851
Near Road,2021-11-04,9.4,40.662961,-111.901851
Near Road,2021-11-05,13.1,40.662961,-111.901851
Near Road,2021-11-06,2.708333,40.662961,-111.901851
Near Road,2021-11-07,2.495833,40.662961,-111.901851
Near Road,2021-11-08,8.930435,40.662961,-111.901851
Near Road,2021-11-09,9.433333,40.662961,-111.901851
Near Road,2021-11-10,5.516667,40.662961,-111.901851
Near Road,2021-11-11,9.933333,40.662961,-111.901851
Near Road,2021-11-12,8.354167,40.662961,-111.901851
Near Road,2021-11-13,6.8875,40.662961,-111.901851
Near Road,2021-11-14,7.170833,40.662961,-111.901851
Near Road,2021-11-15,7.225,40.662961,-111.901851
Near Road,2021-11-16,3.391667,40.662961,-111.901851
Near Road,2021-11-17,6.141667,40.662961,-111.901851
Near Road,2021-11-18,8.9625,40.662961,-111.901851
Near Road,2021-11-19,16.033333,40.662961,-111.901851
Near Road,2021-11-20,10.325,40.662961,-111.901851
Near Road,2021-11-21,8.0625,40.662961,-111.901851
Near Road,2021-11-22,15.266667,40.662961,-111.901851
Near Road,2021-11-23,19.441667,40.662961,-111.901851
Near Road,2021-11-24,2.820833,40.662961,-111.901851
Near Road,2021-11-25,7.345833,40.662961,-111.901851
Near Road,2021-11-26,13.670833,40.662961,-111.901851
Near Road,2021-11-27,21.791667,40.662961,-111.901851
Near Road,2021-11-28,21.441667,40.662961,-111.901851
Near Road,2021-11-29,20.995833,40.662961,-111.901851
Near Road,2021-11-30,25.916667,40.662961,-111.901851
Near Road,2021-12-01,21.770833,40.662961,-111.901851
Near Road,2021-12-02,21.258333,40.662961,-111.901851
Near Road,2021-12-03,28.783333,40.662961,-111.901851
Near Road,2021-12-04,18.741667,40.662961,-111.901851
Near Road,2021-12-05,7.716667,40.662961,-111.901851
Near Road,2021-12-06,11.434783,40.662961,-111.901851
Near Road,2021-12-07,16.458333,40.662961,-111.901851
Near Road,2021-12-08,6.554167,40.662961,-111.901851
Near Road,2021-12-09,4.141667,40.662961,-111.901851
Near Road,2021-12-10,4.1375,40.662961,-111.901851
Near Road,2021-12-11,7.645833,40.662961,-111.901851
Near Road,2021-12-12,2.491667,40.662961,-111.901851
Near Road,2021-12-13,2.804167,40.662961,-111.901851
Near Road,2021-12-14,3.370833,40.662961,-111.901851
Near Road,2021-12-15,5.854167,40.662961,-111.901851
Near Road,2021-12-16,6.825,40.662961,-111.901851
Near Road,2021-12-17,6.85,40.662961,-111.901851
Near Road,2021-12-18,8.929167,40.662961,-111.901851
Near Road,2021-12-19,24.754167,40.662961,-111.901851
Near Road,2021-12-20,44.054167,40.662961,-111.901851
Near Road,2021-12-21,45.7375,40.662961,-111.901851
Near Road,2021-12-22,55.195833,40.662961,-111.901851
Near Road,2021-12-23,7.545833,40.662961,-111.901851
Near Road,2021-12-24,0.695833,40.662961,-111.901851
Near Road,2021-12-25,0.758333,40.662961,-111.901851
Near Road,2021-12-26,1.129167,40.662961,-111.901851
Near Road,2021-12-27,2.145833,40.662961,-111.901851
Near Road,2021-12-28,4.241667,40.662961,-111.901851
Near Road,2021-12-29,10.608333,40.662961,-111.901851
Near Road,2021-12-30,3.104167,40.662961,-111.901851
Near Road,2021-12-31,4.658333,40.662961,-111.901851
Near Road,2022-01-01,7.4625,40.662961,-111.901851
Near Road,2022-01-02,10.429167,40.662961,-111.901851
Near Road,2022-01-03,19.6875,40.662961,-111.901851
Near Road,2022-01-04,5.408333,40.662961,-111.901851
Near Road,2022-01-05,9.1875,40.662961,-111.901851
Near Road,2022-01-06,9.325,40.662961,-111.901851
Near Road,2022-01-07,5.075,40.662961,-111.901851
Near Road,2022-01-08,2.754167,40.662961,-111.901851
Near Road,2022-01-09,7.129167,40.662961,-111.901851
Near Road,2022-01-10,18.552174,40.662961,-111.901851
Near Road,2022-01-11,33.8375,40.662961,-111.901851
Near Road,2022-01-12,29.570833,40.662961,-111.901851
Near Road,2022-01-13,33.408333,40.662961,-111.901851
Near Road,2022-01-14,26.054167,40.662961,-111.901851
Near Road,2022-01-15,25.008333,40.662961,-111.901851
Near Road,2022-01-16,29.15,40.662961,-111.901851
Near Road,2022-01-17,35.4,40.662961,-111.901851
Near Road,2022-01-18,43.8125,40.662961,-111.901851
Near Road,2022-01-19,38.1875,40.662961,-111.901851
Near Road,2022-01-20,20.9625,40.662961,-111.901851
Near Road,2022-01-21,8.4,40.662961,-111.901851
Near Road,2022-01-22,6.754167,40.662961,-111.901851
Near Road,2022-01-23,13.9625,40.662961,-111.901851
Near Road,2022-01-24,20.116667,40.662961,-111.901851
Near Road,2022-01-25,9.420833,40.662961,-111.901851
Near Road,2022-01-26,7.970833,40.662961,-111.901851
Near Road,2022-01-27,13.3,40.662961,-111.901851
Near Road,2022-01-28,19.0,40.662961,-111.901851
Near Road,2022-01-29,25.175,40.662961,-111.901851
Near Road,2022-01-30,32.5875,40.662961,-111.901851
Near Road,2022-01-31,19.15,40.662961,-111.901851
Near Road,2022-02-01,2.675,40.662961,-111.901851
Near Road,2022-02-02,3.325,40.662961,-111.901851
Near Road,2022-02-03,9.529167,40.662961,-111.901851
Near Road,2022-02-04,19.35,40.662961,-111.901851
Near Road,2022-02-05,15.416667,40.662961,-111.901851
Near Road,2022-02-06,18.966667,40.662961,-111.901851
Near Road,2022-02-07,11.933333,40.662961,-111.901851
Near Road,2022-02-08,19.241667,40.662961,-111.901851
Near Road,2022-02-09,16.25,40.662961,-111.901851
Near Road,2022-02-10,10.975,40.662961,-111.901851
Near Road,2022-02-11,10.779167,40.662961,-111.901851
Near Road,2022-02-12,11.375,40.662961,-111.901851
Near Road,2022-02-13,12.425,40.662961,-111.901851
Near Road,2022-02-14,7.708333,40.662961,-111.901851
Near Road,2022-02-15,5.045833,40.662961,-111.901851
Near Road,2022-02-16,3.358333,40.662961,-111.901851
Near Road,2022-02-17,8.804167,40.662961,-111.901851
Near Road,2022-02-18,8.35,40.662961,-111.901851
Near Road,2022-02-19,6.5625,40.662961,-111.901851
Near Road,2022-02-20,2.545833,40.662961,-111.901851
Near Road,2022-02-21,1.6375,40.662961,-111.901851
Near Road,2022-02-22,6.220833,40.662961,-111.901851
Near Road,2022-02-23,10.316667,40.662961,-111.901851
Near Road,2022-02-24,8.9625,40.662961,-111.901851
Near Road,2022-02-25,6.5125,40.662961,-111.901851
Near Road,2022-02-26,9.029167,40.662961,-111.901851
Near Road,2022-02-27,12.145833,40.662961,-111.901851
Near Road,2022-02-28,16.720833,40.662961,-111.901851
Near Road,2022-03-01,17.65,40.662961,-111.901851
Near Road,2022-03-02,15.575,40.662961,-111.901851
Near Road,2022-03-03,3.3375,40.662961,-111.901851
Near Road,2022-03-04,3.645833,40.662961,-111.901851
Near Road,2022-03-05,3.154167,40.662961,-111.901851
Near Road,2022-03-06,3.925,40.662961,-111.901851
Near Road,2022-03-07,8.673913,40.662961,-111.901851
Near Road,2022-03-08,7.925,40.662961,-111.901851
Near Road,2022-03-09,3.775,40.662961,-111.901851
Near Road,2022-03-10,3.295833,40.662961,-111.901851
Near Road,2022-03-11,6.479167,40.662961,-111.901851
Near Road,2022-03-12,4.2125,40.662961,-111.901851
Near Road,2022-03-13,2.8875,40.662961,-111.901851
Near Road,2022-03-14,4.266667,40.662961,-111.901851
Near Road,2022-03-15,4.06087,40.662961,-111.901851
Near Road,2022-03-16,4.033333,40.662961,-111.901851
Near Road,2022-03-17,3.808333,40.662961,-111.901851
Near Road,2022-03-18,7.6125,40.662961,-111.901851
Near Road,2022-03-19,5.354167,40.662961,-111.901851
Near Road,2022-03-20,4.216667,40.662961,-111.901851
Near Road,2022-03-21,4.120833,40.662961,-111.901851
Near Road,2022-03-22,6.195833,40.662961,-111.901851
Near Road,2022-03-23,7.120833,40.662961,-111.901851
Near Road,2022-03-24,8.295833,40.662961,-111.901851
Near Road,2022-03-25,8.1375,40.662961,-111.901851
Near Road,2022-03-26,6.495833,40.662961,-111.901851
Near Road,2022-03-27,4.141667,40.662961,-111.901851
Near Road,2022-03-28,3.191667,40.662961,-111.901851
Near Road,2022-03-29,8.3375,40.662961,-111.901851
Near Road,2022-03-30,3.975,40.662961,-111.901851
Near Road,2022-03-31,5.795833,40.662961,-111.901851
Near Road,2022-04-01,7.804167,40.662961,-111.901851
Near Road,2022-04-02,6.15,40.662961,-111.901851
Near Road,2022-04-03,6.554167,40.662961,-111.901851
Near Road,2022-04-04,6.73913,40.662961,-111.901851
Near Road,2022-04-05,4.504167,40.662961,-111.901851
Near Road,2022-04-06,5.008333,40.662961,-111.901851
Near Road,2022-04-07,8.791667,40.662961,-111.901851
Near Road,2022-04-08,7.925,40.662961,-111.901851
Near Road,2022-04-09,6.029167,40.662961,-111.901851
Near Road,2022-04-10,2.7625,40.662961,-111.901851
Near Road,2022-04-11,5.820833,40.662961,-111.901851
Near Road,2022-04-12,3.541667,40.662961,-111.901851
Near Road,2022-04-13,3.579167,40.662961,-111.901851
Near Road,2022-04-14,3.991667,40.662961,-111.901851
Near Road,2022-04-15,4.479167,40.662961,-111.901851
Near Road,2022-04-16,7.3375,40.662961,-111.901851
Near Road,2022-04-17,4.804167,40.662961,-111.901851
Near Road,2022-04-18,11.379167,40.662961,-111.901851
Near Road,2022-04-19,15.458333,40.662961,-111.901851
Near Road,2022-04-20,6.3875,40.662961,-111.901851
Near Road,2022-04-21,20.3,40.662961,-111.901851
Near Road,2022-04-22,4.820833,40.662961,-111.901851
Near Road,2022-04-23,4.291667,40.662961,-111.901851
Near Road,2022-04-24,4.0375,40.662961,-111.901851
Near Road,2022-04-25,6.270833,40.662961,-111.901851
Near Road,2022-04-26,9.808333,40.662961,-111.901851
Near Road,2022-04-27,12.666667,40.662961,-111.901851
Near Road,2022-04-28,11.741667,40.662961,-111.901851
Near Road,2022-04-29,4.983333,40.662961,-111.901851
Near Road,2022-04-30,7.316667,40.662961,-111.901851
Near Road,2022-05-01,4.508333,40.662961,-111.901851
Near Road,2022-05-02,5.0625,40.662961,-111.901851
Near Road,2022-05-03,2.354167,40.662961,-111.901851
Near Road,2022-05-04,7.5125,40.662961,-111.901851
Near Road,2022-05-05,5.579167,40.662961,-111.901851
Near Road,2022-05-06,10.15,40.662961,-111.901851
Near Road,2022-05-07,16.6625,40.662961,-111.901851
Near Road,2022-05-08,5.0875,40.662961,-111.901851
Near Road,2022-05-09,3.730435,40.662961,-111.901851
Near Road,2022-05-10,4.920833,40.662961,-111.901851
Near Road,2022-05-11,7.025,40.662961,-111.901851
Near Road,2022-05-12,3.541667,40.662961,-111.901851
Near Road,2022-05-13,5.575,40.662961,-111.901851
Near Road,2022-05-14,7.241667,40.662961,-111.901851
Near Road,2022-05-15,5.7,40.662961,-111.901851
Near Road,2022-05-16,6.983333,40.662961,-111.901851
Near Road,2022-05-17,5.891667,40.662961,-111.901851
Near Road,2022-05-18,8.091667,40.662961,-111.901851
Near Road,2022-05-19,8.1,40.662961,-111.901851
Near Road,2022-05-20,3.166667,40.662961,-111.901851
Near Road,2022-05-21,4.429167,40.662961,-111.901851
Near Road,2022-05-22,5.533333,40.662961,-111.901851
Near Road,2022-05-23,3.4875,40.662961,-111.901851
Near Road,2022-05-24,7.170833,40.662961,-111.901851
Near Road,2022-05-25,7.604167,40.662961,-111.901851
Near Road,2022-05-26,7.179167,40.662961,-111.901851
Near Road,2022-05-27,11.504167,40.662961,-111.901851
Near Road,2022-05-28,6.716667,40.662961,-111.901851
Near Road,2022-05-29,2.370833,40.662961,-111.901851
Near Road,2022-05-30,1.9875,40.662961,-111.901851
Near Road,2022-05-31,3.9875,40.662961,-111.901851
Near Road,2022-06-01,6.5375,40.662961,-111.901851
Near Road,2022-06-02,6.066667,40.662961,-111.901851
Near Road,2022-06-03,7.066667,40.662961,-111.901851
Near Road,2022-06-04,7.295833,40.662961,-111.901851
Near Road,2022-06-05,5.291667,40.662961,-111.901851
Near Road,2022-06-06,7.126087,40.662961,-111.901851
Near Road,2022-06-07,5.9375,40.662961,-111.901851
Near Road,2022-06-08,7.354167,40.662961,-111.901851
Near Road,2022-06-09,9.879167,40.662961,-111.901851
Near Road,2022-06-10,12.775,40.662961,-111.901851
Near Road,2022-06-11,8.583333,40.662961,-111.901851
Near Road,2022-06-12,15.133333,40.662961,-111.901851
Near Road,2022-06-13,6.2625,40.662961,-111.901851
Near Road,2022-06-14,6.620833,40.662961,-111.901851
Near Road,2022-06-15,8.25,40.662961,-111.901851
Near Road,2022-06-16,7.995833,40.662961,-111.901851
Near Road,2022-06-17,22.291667,40.662961,-111.901851
Near Road,2022-06-18,22.983333,40.662961,-111.901851
Near Road,2022-06-19,11.908333,40.662961,-111.901851
Near Road,2022-06-20,3.225,40.662961,-111.901851
Near Road,2022-06-21,5.254167,40.662961,-111.901851
Near Road,2022-06-22,8.604167,40.662961,-111.901851
Near Road,2022-06-23,11.208333,40.662961,-111.901851
Near Road,2022-06-24,9.583333,40.662961,-111.901851
Near Road,2022-06-25,4.683333,40.662961,-111.901851
Near Road,2022-06-26,8.108333,40.662961,-111.901851
Near Road,2022-06-27,10.8625,40.662961,-111.901851
Near Road,2022-06-28,10.154167,40.662961,-111.901851
Near Road,2022-06-29,9.508333,40.662961,-111.901851
Near Road,2022-06-30,9.370833,40.662961,-111.901851
Near Road,2022-07-01,6.591667,40.662961,-111.901851
Near Road,2022-07-02,5.333333,40.662961,-111.901851
Near Road,2022-07-03,7.220833,40.662961,-111.901851
Near Road,2022-07-04,8.416667,40.662961,-111.901851
Near Road,2022-07-05,9.541667,40.662961,-111.901851
Near Road,2022-07-06,8.325,40.662961,-111.901851
Near Road,2022-07-07,5.408333,40.662961,-111.901851
Near Road,2022-07-08,7.925,40.662961,-111.901851
Near Road,2022-07-09,9.9875,40.662961,-111.901851
Near Road,2022-07-10,9.995833,40.662961,-111.901851
Near Road,2022-07-11,9.87619,40.662961,-111.901851
Near Road,2022-07-12,11.775,40.662961,-111.901851
Near Road,2022-07-13,9.05,40.662961,-111.901851
Near Road,2022-07-14,6.770833,40.662961,-111.901851
Near Road,2022-07-15,8.516667,40.662961,-111.901851
Near Road,2022-07-16,7.229167,40.662961,-111.901851
Near Road,2022-07-17,10.9625,40.662961,-111.901851
Near Road,2022-07-18,8.7,40.662961,-111.901851
Near Road,2022-07-19,12.2125,40.662961,-111.901851
Near Road,2022-07-20,10.670833,40.662961,-111.901851
Near Road,2022-07-21,9.166667,40.662961,-111.901851
Near Road,2022-07-22,8.291667,40.662961,-111.901851
Near Road,2022-07-23,10.345833,40.662961,-111.901851
Near Road,2022-07-24,11.425,40.662961,-111.901851
Near Road,2022-07-25,10.704167,40.662961,-111.901851
Near Road,2022-07-26,10.720833,40.662961,-111.901851
Near Road,2022-07-27,8.566667,40.662961,-111.901851
Near Road,2022-07-28,9.6625,40.662961,-111.901851
Near Road,2022-07-29,8.804167,40.662961,-111.901851
Near Road,2022-07-30,8.595833,40.662961,-111.901851
Near Road,2022-07-31,7.604167,40.662961,-111.901851
Near Road,2022-08-01,6.095652,40.662961,-111.901851
Near Road,2022-08-02,9.375,40.662961,-111.901851
Near Road,2022-08-03,12.841667,40.662961,-111.901851
Near Road,2022-08-04,11.704167,40.662961,-111.901851
Near Road,2022-08-05,10.725,40.662961,-111.901851
Near Road,2022-08-06,7.016667,40.662961,-111.901851
Near Road,2022-08-07,7.366667,40.662961,-111.901851
Near Road,2022-08-08,8.975,40.662961,-111.901851
Near Road,2022-08-09,9.054167,40.662961,-111.901851
Near Road,2022-08-10,7.6125,40.662961,-111.901851
Near Road,2022-08-11,7.233333,40.662961,-111.901851
Near Road,2022-08-12,7.804167,40.662961,-111.901851
Near Road,2022-08-13,5.5625,40.662961,-111.901851
Near Road,2022-08-14,4.691667,40.662961,-111.901851
Near Road,2022-08-15,7.1625,40.662961,-111.901851
Near Road,2022-08-16,6.741667,40.662961,-111.901851
Near Road,2022-08-17,7.3625,40.662961,-111.901851
Near Road,2022-08-18,9.045833,40.662961,-111.901851
Near Road,2022-08-19,7.608333,40.662961,-111.901851
Near Road,2022-08-20,6.920833,40.662961,-111.901851
Near Road,2022-08-21,5.354167,40.662961,-111.901851
Near Road,2022-08-22,7.604167,40.662961,-111.901851
Near Road,2022-08-23,8.770833,40.662961,-111.901851
Near Road,2022-08-24,8.745833,40.662961,-111.901851
Near Road,2022-08-25,7.245833,40.662961,-111.901851
Near Road,2022-08-26,5.5625,40.662961,-111.901851
Near Road,2022-08-27,4.825,40.662961,-111.901851
Near Road,2022-08-28,9.1375,40.662961,-111.901851
Near Road,2022-08-29,11.741667,40.662961,-111.901851
Near Road,2022-08-30,9.4125,40.662961,-111.901851
Near Road,2022-08-31,8.358333,40.662961,-111.901851
Near Road,2022-09-01,10.916667,40.662961,-111.901851
Near Road,2022-09-02,12.783333,40.662961,-111.901851
Near Road,2022-09-03,9.995833,40.662961,-111.901851
Near Road,2022-09-04,8.933333,40.662961,-111.901851
Near Road,2022-09-05,8.9125,40.662961,-111.901851
Near Road,2022-09-06,11.491304,40.662961,-111.901851
Near Road,2022-09-07,11.825,40.662961,-111.901851
Near Road,2022-09-08,18.025,40.662961,-111.901851
Near Road,2022-09-09,30.375,40.662961,-111.901851
Near Road,2022-09-10,32.983333,40.662961,-111.901851
Near Road,2022-09-11,28.379167,40.662961,-111.901851
Near Road,2022-09-12,23.295833,40.662961,-111.901851
Near Road,2022-09-13,5.4,40.662961,-111.901851
Near Road,2022-09-14,6.595833,40.662961,-111.901851
Near Road,2022-09-15,6.629167,40.662961,-111.901851
Near Road,2022-09-16,6.316667,40.662961,-111.901851
Near Road,2022-09-17,12.1,40.662961,-111.901851
Near Road,2022-09-18,5.466667,40.662961,-111.901851
Near Road,2022-09-19,4.170833,40.662961,-111.901851
Near Road,2022-09-20,7.929167,40.662961,-111.901851
Near Road,2022-09-21,5.295833,40.662961,-111.901851
Near Road,2022-09-22,5.708333,40.662961,-111.901851
Near Road,2022-09-23,7.795833,40.662961,-111.901851
Near Road,2022-09-24,7.5625,40.662961,-111.901851
Near Road,2022-09-25,7.666667,40.662961,-111.901851
Near Road,2022-09-26,9.4625,40.662961,-111.901851
Near Road,2022-09-27,9.508333,40.662961,-111.901851
Near Road,2022-09-28,8.033333,40.662961,-111.901851
Near Road,2022-09-29,6.7875,40.662961,-111.901851
Near Road,2022-09-30,5.0625,40.662961,-111.901851
Near Road,2022-10-01,6.816667,40.662961,-111.901851
Near Road,2022-10-02,7.783333,40.662961,-111.901851
Near Road,2022-10-03,8.4375,40.662961,-111.901851
Near Road,2022-10-04,8.170833,40.662961,-111.901851
Near Road,2022-10-05,7.973913,40.662961,-111.901851
Near Road,2022-10-06,8.175,40.662961,-111.901851
Near Road,2022-10-07,9.475,40.662961,-111.901851
Near Road,2022-10-08,10.041667,40.662961,-111.901851
Near Road,2022-10-09,8.279167,40.662961,-111.901851
Near Road,2022-10-10,12.4,40.662961,-111.901851
Near Road,2022-10-11,12.6875,40.662961,-111.901851
Near Road,2022-10-12,12.9,40.662961,-111.901851
Near Road,2022-10-13,11.370833,40.662961,-111.901851
Near Road,2022-10-14,15.091667,40.662961,-111.901851
Near Road,2022-10-15,11.041667,40.662961,-111.901851
Near Road,2022-10-16,6.8,40.662961,-111.901851
Near Road,2022-10-17,7.783333,40.662961,-111.901851
Near Road,2022-10-18,10.429167,40.662961,-111.901851
Near Road,2022-10-19,11.241667,40.662961,-111.901851
Near Road,2022-10-20,14.773913,40.662961,-111.901851
Near Road,2022-10-21,6.708696,40.662961,-111.901851
Near Road,2022-10-22,8.908333,40.662961,-111.901851
Near Road,2022-10-23,4.0625,40.662961,-111.901851
Near Road,2022-10-24,6.504167,40.662961,-111.901851
Near Road,2022-10-25,5.325,40.662961,-111.901851
Near Road,2022-10-26,4.045833,40.662961,-111.901851
Near Road,2022-10-27,6.379167,40.662961,-111.901851
Near Road,2022-10-28,13.908333,40.662961,-111.901851
Near Road,2022-10-29,14.929167,40.662961,-111.901851
Near Road,2022-10-30,12.095833,40.662961,-111.901851
Near Road,2022-10-31,10.1,40.662961,-111.901851
Near Road,2022-11-01,3.8625,40.662961,-111.901851
Near Road,2022-11-02,5.7375,40.662961,-111.901851
Near Road,2022-11-03,5.220833,40.662961,-111.901851
Near Road,2022-11-04,4.45,40.662961,-111.901851
Near Road,2022-11-05,2.454167,40.662961,-111.901851
Near Road,2022-11-06,3.166667,40.662961,-111.901851
Near Road,2022-11-07,3.758333,40.662961,-111.901851
Near Road,2022-11-08,6.241667,40.662961,-111.901851
Near Road,2022-11-09,0.85,40.662961,-111.901851
Near Road,2022-11-10,5.575,40.662961,-111.901851
Near Road,2022-11-11,9.743478,40.662961,-111.901851
Near Road,2022-11-12,14.208333,40.662961,-111.901851
Near Road,2022-11-13,12.958333,40.662961,-111.901851
Near Road,2022-11-14,7.3,40.662961,-111.901851
Near Road,2022-11-15,9.916667,40.662961,-111.901851
Near Road,2022-11-16,11.883333,40.662961,-111.901851
Near Road,2022-11-17,14.0125,40.662961,-111.901851
Near Road,2022-11-18,10.129167,40.662961,-111.901851
Near Road,2022-11-19,11.983333,40.662961,-111.901851
Near Road,2022-11-20,23.7875,40.662961,-111.901851
Near Road,2022-11-21,27.995833,40.662961,-111.901851
Near Road,2022-11-22,31.733333,40.662961,-111.901851
Near Road,2022-11-23,22.479167,40.662961,-111.901851
Near Road,2022-11-24,9.7375,40.662961,-111.901851
Near Road,2022-11-25,13.404167,40.662961,-111.901851
Near Road,2022-11-26,17.145833,40.662961,-111.901851
Near Road,2022-11-27,8.558333,40.662961,-111.901851
Near Road,2022-11-28,3.741667,40.662961,-111.901851
Near Road,2022-11-29,5.579167,40.662961,-111.901851
Near Road,2022-11-30,6.375,40.662961,-111.901851
Near Road,2022-12-01,5.3875,40.662961,-111.901851
Near Road,2022-12-02,6.508333,40.662961,-111.901851
Near Road,2022-12-03,14.420833,40.662961,-111.901851
Near Road,2022-12-04,19.645833,40.662961,-111.901851
Near Road,2022-12-05,7.586957,40.662961,-111.901851
Near Road,2022-12-06,16.795833,40.662961,-111.901851
Near Road,2022-12-07,22.370833,40.662961,-111.901851
Near Road,2022-12-08,15.508333,40.662961,-111.901851
Near Road,2022-12-09,7.220833,40.662961,-111.901851
Near Road,2022-12-10,4.179167,40.662961,-111.901851
Near Road,2022-12-11,2.295833,40.662961,-111.901851
Near Road,2022-12-12,4.258333,40.662961,-111.901851
Near Road,2022-12-13,4.395833,40.662961,-111.901851
Near Road,2022-12-14,6.316667,40.662961,-111.901851
Near Road,2022-12-15,9.5875,40.662961,-111.901851
Near Road,2022-12-16,13.058333,40.662961,-111.901851
Near Road,2022-12-17,17.275,40.662961,-111.901851
Near Road,2022-12-18,25.883333,40.662961,-111.901851
Near Road,2022-12-19,35.225,40.662961,-111.901851
Near Road,2022-12-20,36.270833,40.662961,-111.901851
Near Road,2022-12-21,9.433333,40.662961,-111.901851
Near Road,2022-12-22,3.283333,40.662961,-111.901851
Near Road,2022-12-23,22.083333,40.662961,-111.901851
Near Road,2022-12-24,41.604167,40.662961,-111.901851
Near Road,2022-12-25,44.654167,40.662961,-111.901851
Near Road,2022-12-26,21.404167,40.662961,-111.901851
Near Road,2022-12-27,2.166667,40.662961,-111.901851
Near Road,2022-12-28,3.075,40.662961,-111.901851
Near Road,2022-12-29,4.695833,40.662961,-111.901851
Near Road,2022-12-30,2.5875,40.662961,-111.901851
Near Road,2022-12-31,4.633333,40.662961,-111.901851
Near Road,2023-01-01,5.579167,40.662961,-111.901851
Near Road,2023-01-02,4.425,40.662961,-111.901851
Near Road,2023-01-03,13.9375,40.662961,-111.901851
Near Road,2023-01-04,9.726087,40.662961,-111.901851
Near Road,2023-01-05,3.416667,40.662961,-111.901851
Near Road,2023-01-06,7.075,40.662961,-111.901851
Near Road,2023-01-07,10.6875,40.662961,-111.901851
Near Road,2023-01-08,2.541667,40.662961,-111.901851
Near Road,2023-01-09,2.929167,40.662961,-111.901851
Near Road,2023-01-10,2.195833,40.662961,-111.901851
Near Road,2023-01-11,7.229167,40.662961,-111.901851
Near Road,2023-01-12,6.795833,40.662961,-111.901851
Near Road,2023-01-13,11.295833,40.662961,-111.901851
Near Road,2023-01-14,6.245833,40.662961,-111.901851
Near Road,2023-01-15,4.491667,40.662961,-111.901851
Near Road,2023-01-16,5.4375,40.662961,-111.901851
Near Road,2023-01-17,7.395833,40.662961,-111.901851
Near Road,2023-01-18,5.241667,40.662961,-111.901851
Near Road,2023-01-19,8.770833,40.662961,-111.901851
Near Road,2023-01-20,7.195833,40.662961,-111.901851
Near Road,2023-01-21,8.316667,40.662961,-111.901851
Near Road,2023-01-22,8.6125,40.662961,-111.901851
Near Road,2023-01-23,8.929167,40.662961,-111.901851
Near Road,2023-01-24,10.479167,40.662961,-111.901851
Near Road,2023-01-25,18.933333,40.662961,-111.901851
Near Road,2023-01-26,18.220833,40.662961,-111.901851
Near Road,2023-01-27,7.254167,40.662961,-111.901851
Near Road,2023-01-28,2.466667,40.662961,-111.901851
Near Road,2023-01-29,3.633333,40.662961,-111.901851
Near Road,2023-01-30,5.666667,40.662961,-111.901851
Near Road,2023-01-31,14.95,40.662961,-111.901851
Near Road,2023-02-01,31.508333,40.662961,-111.901851
Near Road,2023-02-02,41.045833,40.662961,-111.901851
Near Road,2023-02-03,46.466667,40.662961,-111.901851
Near Road,2023-02-04,51.083333,40.662961,-111.901851
Near Road,2023-02-05,30.020833,40.662961,-111.901851
Near Road,2023-02-06,9.308333,40.662961,-111.901851
Near Road,2023-02-07,13.178261,40.662961,-111.901851
Near Road,2023-02-08,14.333333,40.662961,-111.901851
Near Road,2023-02-09,6.704348,40.662961,-111.901851
Near Road,2023-02-10,16.795833,40.662961,-111.901851
Near Road,2023-02-11,29.295833,40.662961,-111.901851
Near Road,2023-02-12,27.633333,40.662961,-111.901851
Near Road,2023-02-13,29.370833,40.662961,-111.901851
Near Road,2023-02-14,2.679167,40.662961,-111.901851
Near Road,2023-02-15,4.8,40.662961,-111.901851
Near Road,2023-02-16,7.541667,40.662961,-111.901851
Near Road,2023-02-17,13.129167,40.662961,-111.901851
Near Road,2023-02-18,21.891667,40.662961,-111.901851
Near Road,2023-02-19,9.579167,40.662961,-111.901851
Near Road,2023-02-20,7.825,40.662961,-111.901851
Near Road,2023-02-21,3.679167,40.662961,-111.901851
Near Road,2023-02-22,3.75,40.662961,-111.901851
Near Road,2023-02-23,4.4125,40.662961,-111.901851
Near Road,2023-02-24,5.683333,40.662961,-111.901851
Near Road,2023-02-25,8.483333,40.662961,-111.901851
Near Road,2023-02-26,8.333333,40.662961,-111.901851
Near Road,2023-02-27,2.541667,40.662961,-111.901851
Near Road,2023-02-28,1.545833,40.662961,-111.901851
Near Road,2023-03-01,3.454167,40.662961,-111.901851
Near Road,2023-03-02,4.658333,40.662961,-111.901851
Near Road,2023-03-03,5.683333,40.662961,-111.901851
Near Road,2023-03-04,6.416667,40.662961,-111.901851
Near Road,2023-03-05,4.3875,40.662961,-111.901851
Near Road,2023-03-06,4.066667,40.662961,-111.901851
Near Road,2023-03-07,11.334783,40.662961,-111.901851
Near Road,2023-03-08,12.529167,40.662961,-111.901851
Near Road,2023-03-09,6.341667,40.662961,-111.901851
Near Road,2023-03-10,3.325,40.662961,-111.901851
Near Road,2023-03-11,4.720833,40.662961,-111.901851
Near Road,2023-03-12,11.516667,40.662961,-111.901851
Near Road,2023-03-13,5.445833,40.662961,-111.901851
Near Road,2023-03-14,2.233333,40.662961,-111.901851
Near Road,2023-03-15,3.6125,40.662961,-111.901851
Near Road,2023-03-16,5.9375,40.662961,-111.901851
Near Road,2023-03-17,6.95,40.662961,-111.901851
Near Road,2023-03-18,6.129167,40.662961,-111.901851
Near Road,2023-03-19,2.704167,40.662961,-111.901851
Near Road,2023-03-20,2.379167,40.662961,-111.901851
Near Road,2023-03-21,6.504167,40.662961,-111.901851
Near Road,2023-03-22,3.425,40.662961,-111.901851
Near Road,2023-03-23,3.268182,40.662961,-111.901851
Near Road,2023-03-24,4.25,40.662961,-111.901851
Near Road,2023-03-25,0.758333,40.662961,-111.901851
Near Road,2023-03-26,1.525,40.662961,-111.901851
Near Road,2023-03-27,5.429167,40.662961,-111.901851
Near Road,2023-03-28,5.329167,40.662961,-111.901851
Near Road,2023-03-29,4.375,40.662961,-111.901851
Near Road,2023-03-30,3.683333,40.662961,-111.901851
Near Road,2023-03-31,4.866667,40.662961,-111.901851
Near Road,2023-04-01,4.8375,40.662961,-111.901851
Near Road,2023-04-02,2.608333,40.662961,-111.901851
Near Road,2023-04-03,3.429167,40.662961,-111.901851
Near Road,2023-04-04,2.158333,40.662961,-111.901851
Near Road,2023-04-05,5.554167,40.662961,-111.901851
Near Road,2023-04-06,6.458333,40.662961,-111.901851
Near Road,2023-04-07,9.7625,40.662961,-111.901851
Near Road,2023-04-08,6.470833,40.662961,-111.901851
Near Road,2023-04-09,8.233333,40.662961,-111.901851
Near Road,2023-04-10,7.266667,40.662961,-111.901851
Near Road,2023-04-11,6.383333,40.662961,-111.901851
Near Road,2023-04-12,11.116667,40.662961,-111.901851
Near Road,2023-04-13,3.5625,40.662961,-111.901851
Near Road,2023-04-14,4.529167,40.662961,-111.901851
Near Road,2023-04-15,6.304167,40.662961,-111.901851
Near Road,2023-04-16,8.370833,40.662961,-111.901851
Near Road,2023-04-17,8.679167,40.662961,-111.901851
Near Road,2023-04-18,12.195833,40.662961,-111.901851
Near Road,2023-04-19,3.033333,40.662961,-111.901851
Near Road,2023-04-20,4.8,40.662961,-111.901851
Near Road,2023-04-21,6.5125,40.662961,-111.901851
Near Road,2023-04-22,4.7125,40.662961,-111.901851
Near Road,2023-04-23,6.7375,40.662961,-111.901851
Near Road,2023-04-24,5.7625,40.662961,-111.901851
Near Road,2023-04-25,5.741667,40.662961,-111.901851
Near Road,2023-04-26,8.225,40.662961,-111.901851
Near Road,2023-04-27,6.558333,40.662961,-111.901851
Near Road,2023-04-28,5.345833,40.662961,-111.901851
Near Road,2023-04-29,7.9125,40.662961,-111.901851
Near Road,2023-04-30,7.741667,40.662961,-111.901851
Near Road,2023-05-01,9.55,40.662961,-111.901851
Near Road,2023-05-02,9.5125,40.662961,-111.901851
Near Road,2023-05-03,9.608333,40.662961,-111.901851
Near Road,2023-05-04,8.133333,40.662961,-111.901851
Near Road,2023-05-05,3.779167,40.662961,-111.901851
Near Road,2023-05-06,4.054167,40.662961,-111.901851
Near Road,2023-05-07,3.683333,40.662961,-111.901851
Near Road,2023-05-08,6.725,40.662961,-111.901851
Near Road,2023-05-09,8.934783,40.662961,-111.901851
Near Road,2023-05-10,7.608333,40.662961,-111.901851
Near Road,2023-05-11,9.179167,40.662961,-111.901851
Near Road,2023-05-12,8.120833,40.662961,-111.901851
Near Road,2023-05-13,6.2875,40.662961,-111.901851
Near Road,2023-05-14,4.754167,40.662961,-111.901851
Near Road,2023-05-15,6.404348,40.662961,-111.901851
Near Road,2023-05-16,9.670833,40.662961,-111.901851
Near Road,2023-05-17,11.466667,40.662961,-111.901851
Near Road,2023-05-18,5.9875,40.662961,-111.901851
Near Road,2023-05-19,16.241667,40.662961,-111.901851
Near Road,2023-05-20,25.304167,40.662961,-111.901851
Near Road,2023-05-21,18.45,40.662961,-111.901851
Near Road,2023-05-22,10.783333,40.662961,-111.901851
Near Road,2023-05-23,6.120833,40.662961,-111.901851
Near Road,2023-05-24,6.35,40.662961,-111.901851
Near Road,2023-05-25,7.216667,40.662961,-111.901851
Near Road,2023-05-26,6.158333,40.662961,-111.901851
Near Road,2023-05-27,6.379167,40.662961,-111.901851
Near Road,2023-05-28,7.858333,40.662961,-111.901851
Near Road,2023-05-29,7.420833,40.662961,-111.901851
Near Road,2023-05-30,9.329167,40.662961,-111.901851
Near Road,2023-05-31,10.6875,40.662961,-111.901851
Near Road,2023-06-01,7.079167,40.662961,-111.901851
Near Road,2023-06-02,7.904167,40.662961,-111.901851
Near Road,2023-06-03,7.35,40.662961,-111.901851
Near Road,2023-06-04,4.9875,40.662961,-111.901851
Near Road,2023-06-05,6.2,40.662961,-111.901851
Near Road,2023-06-06,8.591667,40.662961,-111.901851
Near Road,2023-06-07,6.591667,40.662961,-111.901851
Near Road,2023-06-08,8.366667,40.662961,-111.901851
Near Road,2023-06-09,7.558333,40.662961,-111.901851
Near Road,2023-06-10,5.816667,40.662961,-111.901851
Near Road,2023-06-11,5.604167,40.662961,-111.901851
Near Road,2023-06-12,6.934783,40.662961,-111.901851
Near Road,2023-06-13,5.941667,40.662961,-111.901851
Near Road,2023-06-14,5.65,40.662961,-111.901851
Near Road,2023-06-15,4.8125,40.662961,-111.901851
Near Road,2023-06-16,6.275,40.662961,-111.901851
Near Road,2023-06-17,7.341667,40.662961,-111.901851
Near Road,2023-06-18,8.783333,40.662961,-111.901851
Near Road,2023-06-19,13.8125,40.662961,-111.901851
Near Road,2023-06-20,5.875,40.662961,-111.901851
Near Road,2023-06-21,6.166667,40.662961,-111.901851
Near Road,2023-06-22,9.508333,40.662961,-111.901851
Near Road,2023-06-23,12.054167,40.662961,-111.901851
Near Road,2023-06-24,10.104167,40.662961,-111.901851
Near Road,2023-06-25,9.2625,40.662961,-111.901851
Near Road,2023-06-26,7.233333,40.662961,-111.901851
Near Road,2023-06-27,9.45,40.662961,-111.901851
Near Road,2023-06-28,7.983333,40.662961,-111.901851
Near Road,2023-06-29,8.0875,40.662961,-111.901851
Near Road,2023-06-30,9.3375,40.662961,-111.901851
Near Road,2023-07-01,9.704167,40.662961,-111.901851
Near Road,2023-07-02,9.541667,40.662961,-111.901851
Near Road,2023-07-03,11.104167,40.662961,-111.901851
Near Road,2023-07-04,13.825,40.662961,-111.901851
Near Road,2023-07-05,16.666667,40.662961,-111.901851
Near Road,2023-07-06,11.591667,40.662961,-111.901851
Near Road,2023-07-07,10.033333,40.662961,-111.901851
Near Road,2023-07-08,9.783333,40.662961,-111.901851
Near Road,2023-07-09,7.733333,40.662961,-111.901851
Near Road,2023-07-10,8.575,40.662961,-111.901851
Near Road,2023-07-11,7.619048,40.662961,-111.901851
Near Road,2023-07-12,9.145833,40.662961,-111.901851
Near Road,2023-07-13,10.145833,40.662961,-111.901851
Near Road,2023-07-14,9.658333,40.662961,-111.901851
Near Road,2023-07-15,7.775,40.662961,-111.901851
Near Road,2023-07-16,7.016667,40.662961,-111.901851
Near Road,2023-07-17,11.55,40.662961,-111.901851
Near Road,2023-07-18,13.1125,40.662961,-111.901851
Near Road,2023-07-19,6.3625,40.662961,-111.901851
Near Road,2023-07-20,7.256522,40.662961,-111.901851
Near Road,2023-07-21,8.4,40.662961,-111.901851
Near Road,2023-07-22,8.85,40.662961,-111.901851
Near Road,2023-07-23,8.279167,40.662961,-111.901851
Near Road,2023-07-24,12.3375,40.662961,-111.901851
Near Road,2023-07-25,10.1375,40.662961,-111.901851
Near Road,2023-07-26,6.195833,40.662961,-111.901851
Near Road,2023-07-27,6.3875,40.662961,-111.901851
Near Road,2023-07-28,8.158333,40.662961,-111.901851
Near Road,2023-07-29,9.25,40.662961,-111.901851
Near Road,2023-07-30,9.9,40.662961,-111.901851
Near Road,2023-07-31,10.325,40.662961,-111.901851
Near Road,2023-08-01,8.683333,40.662961,-111.901851
Near Road,2023-08-02,8.204167,40.662961,-111.901851
Near Road,2023-08-03,5.420833,40.662961,-111.901851
Near Road,2023-08-04,6.808333,40.662961,-111.901851
Near Road,2023-08-05,6.279167,40.662961,-111.901851
Near Road,2023-08-06,6.8375,40.662961,-111.901851
Near Road,2023-08-07,7.558333,40.662961,-111.901851
Near Road,2023-08-08,10.233333,40.662961,-111.901851
Near Road,2023-08-09,11.7625,40.662961,-111.901851
Near Road,2023-08-10,9.075,40.662961,-111.901851
Near Road,2023-08-11,8.541667,40.662961,-111.901851
Near Road,2023-08-12,4.816667,40.662961,-111.901851
Near Road,2023-08-13,5.9375,40.662961,-111.901851
Near Road,2023-08-14,9.475,40.662961,-111.901851
Near Road,2023-08-15,10.125,40.662961,-111.901851
Near Road,2023-08-16,7.241667,40.662961,-111.901851
Near Road,2023-08-17,8.691667,40.662961,-111.901851
Near Road,2023-08-18,5.616667,40.662961,-111.901851
Near Road,2023-08-19,5.65,40.662961,-111.901851
Near Road,2023-08-20,5.775,40.662961,-111.901851
Near Road,2023-08-21,7.083333,40.662961,-111.901851
Near Road,2023-08-22,5.85,40.662961,-111.901851
Near Road,2023-08-23,7.704167,40.662961,-111.901851
Near Road,2023-08-24,9.133333,40.662961,-111.901851
Near Road,2023-08-25,7.8875,40.662961,-111.901851
Near Road,2023-08-26,7.675,40.662961,-111.901851
Near Road,2023-08-27,6.025,40.662961,-111.901851
Near Road,2023-08-28,5.941667,40.662961,-111.901851
Near Road,2023-08-29,8.833333,40.662961,-111.901851
Near Road,2023-08-30,29.8875,40.662961,-111.901851
Near Road,2023-08-31,13.6375,40.662961,-111.901851
Near Road,2023-09-01,3.295833,40.662961,-111.901851
Near Road,2023-09-02,3.179167,40.662961,-111.901851
Near Road,2023-09-03,4.491667,40.662961,-111.901851
Near Road,2023-09-04,3.875,40.662961,-111.901851
Near Road,2023-09-05,6.316667,40.662961,-111.901851
Near Road,2023-09-06,6.447826,40.662961,-111.901851
Near Road,2023-09-07,6.604167,40.662961,-111.901851
Near Road,2023-09-08,6.0625,40.662961,-111.901851
Near Road,2023-09-09,9.325,40.662961,-111.901851
Near Road,2023-09-10,6.358333,40.662961,-111.901851
Near Road,2023-09-11,8.625,40.662961,-111.901851
Near Road,2023-09-12,8.616667,40.662961,-111.901851
Near Road,2023-09-13,8.441667,40.662961,-111.901851
Near Road,2023-09-14,7.929167,40.662961,-111.901851
Near Road,2023-09-15,7.933333,40.662961,-111.901851
Near Road,2023-09-16,7.7375,40.662961,-111.901851
Near Road,2023-09-17,6.625,40.662961,-111.901851
Near Road,2023-09-18,6.875,40.662961,-111.901851
Near Road,2023-09-19,8.516667,40.662961,-111.901851
Near Road,2023-09-20,4.6375,40.662961,-111.901851
Near Road,2023-09-21,6.120833,40.662961,-111.901851
Near Road,2023-09-22,6.85,40.662961,-111.901851
Near Road,2023-09-23,7.783333,40.662961,-111.901851
Near Road,2023-09-24,8.470833,40.662961,-111.901851
Near Road,2023-09-25,7.475,40.662961,-111.901851
Near Road,2023-09-26,8.3125,40.662961,-111.901851
Near Road,2023-09-27,7.75,40.662961,-111.901851
Near Road,2023-09-28,9.5375,40.662961,-111.901851
Near Road,2023-09-29,10.85,40.662961,-111.901851
Near Road,2023-09-30,5.504167,40.662961,-111.901851
Near Road,2023-10-01,4.245833,40.662961,-111.901851
Near Road,2023-10-02,5.220833,40.662961,-111.901851
Near Road,2023-10-03,7.358333,40.662961,-111.901851
Near Road,2023-10-04,6.3125,40.662961,-111.901851
Near Road,2023-10-05,7.133333,40.662961,-111.901851
Near Road,2023-10-06,8.316667,40.662961,-111.901851
Near Road,2023-10-07,9.041667,40.662961,-111.901851
Near Road,2023-10-08,7.425,40.662961,-111.901851
Near Road,2023-10-09,7.504167,40.662961,-111.901851
Near Road,2023-10-10,6.7,40.662961,-111.901851
Near Road,2023-10-11,3.854167,40.662961,-111.901851
Near Road,2023-10-12,4.895833,40.662961,-111.901851
Near Road,2023-10-13,8.145833,40.662961,-111.901851
Near Road,2023-10-14,7.883333,40.662961,-111.901851
Near Road,2023-10-15,8.304167,40.662961,-111.901851
Near Road,2023-10-16,11.054167,40.662961,-111.901851
Near Road,2023-10-17,11.940909,40.662961,-111.901851
Near Road,2023-10-18,9.6625,40.662961,-111.901851
Near Road,2023-10-19,9.7125,40.662961,-111.901851
Near Road,2023-10-20,11.529167,40.662961,-111.901851
Near Road,2023-10-21,11.454167,40.662961,-111.901851
Near Road,2023-10-22,8.020833,40.662961,-111.901851
Near Road,2023-10-23,8.379167,40.662961,-111.901851
Near Road,2023-10-24,11.354167,40.662961,-111.901851
Near Road,2023-10-25,7.1,40.662961,-111.901851
Near Road,2023-10-26,3.020833,40.662961,-111.901851
Near Road,2023-10-27,6.3125,40.662961,-111.901851
Near Road,2023-10-28,6.3,40.662961,-111.901851
Near Road,2023-10-29,6.516667,40.662961,-111.901851
Near Road,2023-10-30,10.220833,40.662961,-111.901851
Near Road,2023-10-31,16.158333,40.662961,-111.901851
Near Road,2023-11-01,20.495833,40.662961,-111.901851
Near Road,2023-11-02,15.870833,40.662961,-111.901851
Near Road,2023-11-03,11.741667,40.662961,-111.901851
Near Road,2023-11-04,9.583333,40.662961,-111.901851
Near Road,2023-11-05,8.1875,40.662961,-111.901851
Near Road,2023-11-06,7.5375,40.662961,-111.901851
Near Road,2023-11-07,3.566667,40.662961,-111.901851
Near Road,2023-11-08,8.7625,40.662961,-111.901851
Near Road,2023-11-09,9.3375,40.662961,-111.901851
Near Road,2023-11-10,13.229167,40.662961,-111.901851
Near Road,2023-11-11,13.379167,40.662961,-111.901851
Near Road,2023-11-12,10.45,40.662961,-111.901851
Near Road,2023-11-13,6.008333,40.662961,-111.901851
Near Road,2023-11-14,7.2625,40.662961,-111.901851
Near Road,2023-11-15,5.9,40.662961,-111.901851
Near Road,2023-11-16,7.5375,40.662961,-111.901851
Near Road,2023-11-17,15.0375,40.662961,-111.901851
Near Road,2023-11-18,14.991667,40.662961,-111.901851
Near Road,2023-11-19,3.2875,40.662961,-111.901851
Near Road,2023-11-20,3.916667,40.662961,-111.901851
Near Road,2023-11-21,12.35,40.662961,-111.901851
Near Road,2023-11-22,19.191667,40.662961,-111.901851
Near Road,2023-11-23,22.566667,40.662961,-111.901851
Near Road,2023-11-24,3.770833,40.662961,-111.901851
Near Road,2023-11-25,4.029167,40.662961,-111.901851
Near Road,2023-11-26,7.004167,40.662961,-111.901851
Near Road,2023-11-27,18.633333,40.662961,-111.901851
Near Road,2023-11-28,29.966667,40.662961,-111.901851
Near Road,2023-11-29,34.620833,40.662961,-111.901851
Near Road,2023-11-30,32.691667,40.662961,-111.901851
Near Road,2023-12-01,22.216667,40.662961,-111.901851
Near Road,2023-12-02,1.545833,40.662961,-111.901851
Near Road,2023-12-03,4.491667,40.662961,-111.901851
Near Road,2023-12-04,7.654167,40.662961,-111.901851
Near Road,2023-12-05,10.908333,40.662961,-111.901851
Near Road,2023-12-06,8.554167,40.662961,-111.901851
Near Road,2023-12-07,4.1125,40.662961,-111.901851
Near Road,2023-12-08,3.470833,40.662961,-111.901851
Near Road,2023-12-09,5.483333,40.662961,-111.901851
Near Road,2023-12-10,6.075,40.662961,-111.901851
Near Road,2023-12-11,14.5625,40.662961,-111.901851
Near Road,2023-12-12,20.591667,40.662961,-111.901851
Near Road,2023-12-13,14.820833,40.662961,-111.901851
Near Road,2023-12-14,15.608333,40.662961,-111.901851
Near Road,2023-12-15,24.483333,40.662961,-111.901851
Near Road,2023-12-16,28.095833,40.662961,-111.901851
Near Road,2023-12-17,34.008333,40.662961,-111.901851
Near Road,2023-12-18,32.929167,40.662961,-111.901851
Near Road,2023-12-19,30.658333,40.662961,-111.901851
Near Road,2023-12-20,23.9,40.662961,-111.901851
Near Road,2023-12-21,18.3375,40.662961,-111.901851
Near Road,2023-12-22,13.675,40.662961,-111.901851
Near Road,2023-12-23,7.429167,40.662961,-111.901851
Near Road,2023-12-24,3.983333,40.662961,-111.901851
Near Road,2023-12-25,10.245833,40.662961,-111.901851
Near Road,2023-12-26,12.183333,40.662961,-111.901851
Near Road,2023-12-27,19.475,40.662961,-111.901851
Near Road,2023-12-28,26.583333,40.662961,-111.901851
Near Road,2023-12-29,31.583333,40.662961,-111.901851
Near Road,2023-12-30,33.908333,40.662961,-111.901851
Near Road,2023-12-31,32.970833,40.662961,-111.901851
ROSE PARK,2019-01-01,9.1,40.78422,-111.931
ROSE PARK,2019-01-02,13.220833,40.78422,-111.931
ROSE PARK,2019-01-03,23.941667,40.78422,-111.931
ROSE PARK,2019-01-04,34.329167,40.78422,-111.931
ROSE PARK,2019-01-05,42.941667,40.78422,-111.931
ROSE PARK,2019-01-06,5.279167,40.78422,-111.931
ROSE PARK,2019-01-07,3.633333,40.78422,-111.931
ROSE PARK,2019-01-08,16.766667,40.78422,-111.931
ROSE PARK,2019-01-09,17.566667,40.78422,-111.931
ROSE PARK,2019-01-10,32.05,40.78422,-111.931
ROSE PARK,2019-01-11,22.833333,40.78422,-111.931
ROSE PARK,2019-01-12,18.2125,40.78422,-111.931
ROSE PARK,2019-01-13,16.508333,40.78422,-111.931
ROSE PARK,2019-01-14,18.654167,40.78422,-111.931
ROSE PARK,2019-01-15,20.529167,40.78422,-111.931
ROSE PARK,2019-01-16,20.891667,40.78422,-111.931
ROSE PARK,2019-01-17,1.1625,40.78422,-111.931
ROSE PARK,2019-01-18,3.275,40.78422,-111.931
ROSE PARK,2019-01-19,4.645833,40.78422,-111.931
ROSE PARK,2019-01-20,6.0,40.78422,-111.931
ROSE PARK,2019-01-21,2.633333,40.78422,-111.931
ROSE PARK,2019-01-22,4.933333,40.78422,-111.931
ROSE PARK,2019-01-23,10.7,40.78422,-111.931
ROSE PARK,2019-01-24,10.975,40.78422,-111.931
ROSE PARK,2019-01-25,7.691667,40.78422,-111.931
ROSE PARK,2019-01-26,14.375,40.78422,-111.931
ROSE PARK,2019-01-27,10.1875,40.78422,-111.931
ROSE PARK,2019-01-28,10.981818,40.78422,-111.931
ROSE PARK,2019-01-29,9.516667,40.78422,-111.931
ROSE PARK,2019-01-30,17.8,40.78422,-111.931
ROSE PARK,2019-01-31,21.254167,40.78422,-111.931
ROSE PARK,2019-02-01,21.141667,40.78422,-111.931
ROSE PARK,2019-02-02,2.491667,40.78422,-111.931
ROSE PARK,2019-02-03,0.791667,40.78422,-111.931
ROSE PARK,2019-02-04,0.783333,40.78422,-111.931
ROSE PARK,2019-02-05,0.8375,40.78422,-111.931
ROSE PARK,2019-02-06,0.9625,40.78422,-111.931
ROSE PARK,2019-02-07,1.9,40.78422,-111.931
ROSE PARK,2019-02-08,12.333333,40.78422,-111.931
ROSE PARK,2019-02-09,7.0375,40.78422,-111.931
ROSE PARK,2019-02-10,1.316667,40.78422,-111.931
ROSE PARK,2019-02-11,4.182609,40.78422,-111.931
ROSE PARK,2019-02-12,10.708696,40.78422,-111.931
ROSE PARK,2019-02-13,4.125,40.78422,-111.931
ROSE PARK,2019-02-14,1.383333,40.78422,-111.931
ROSE PARK,2019-02-15,1.245833,40.78422,-111.931
ROSE PARK,2019-02-16,5.266667,40.78422,-111.931
ROSE PARK,2019-02-17,5.578261,40.78422,-111.931
ROSE PARK,2019-02-18,5.216667,40.78422,-111.931
ROSE PARK,2019-02-19,3.413043,40.78422,-111.931
ROSE PARK,2019-02-20,3.295833,40.78422,-111.931
ROSE PARK,2019-02-21,6.091304,40.78422,-111.931
ROSE PARK,2019-02-22,8.070833,40.78422,-111.931
ROSE PARK,2019-02-23,5.95,40.78422,-111.931
ROSE PARK,2019-02-24,1.741667,40.78422,-111.931
ROSE PARK,2019-02-25,1.9,40.78422,-111.931
ROSE PARK,2019-02-26,3.191667,40.78422,-111.931
ROSE PARK,2019-02-27,3.891667,40.78422,-111.931
ROSE PARK,2019-02-28,3.754167,40.78422,-111.931
ROSE PARK,2019-03-01,2.883333,40.78422,-111.931
ROSE PARK,2019-03-02,4.054167,40.78422,-111.931
ROSE PARK,2019-03-03,4.0125,40.78422,-111.931
ROSE PARK,2019-03-04,7.1,40.78422,-111.931
ROSE PARK,2019-03-05,6.266667,40.78422,-111.931
ROSE PARK,2019-03-06,1.1,40.78422,-111.931
ROSE PARK,2019-03-07,2.716667,40.78422,-111.931
ROSE PARK,2019-03-08,2.425,40.78422,-111.931
ROSE PARK,2019-03-09,7.470833,40.78422,-111.931
ROSE PARK,2019-03-10,7.25,40.78422,-111.931
ROSE PARK,2019-03-11,7.541667,40.78422,-111.931
ROSE PARK,2019-03-12,12.979167,40.78422,-111.931
ROSE PARK,2019-03-13,0.979167,40.78422,-111.931
ROSE PARK,2019-03-14,2.525,40.78422,-111.931
ROSE PARK,2019-03-15,8.075,40.78422,-111.931
ROSE PARK,2019-03-16,10.233333,40.78422,-111.931
ROSE PARK,2019-03-17,13.554167,40.78422,-111.931
ROSE PARK,2019-03-18,5.2875,40.78422,-111.931
ROSE PARK,2019-03-19,5.617391,40.78422,-111.931
ROSE PARK,2019-03-20,2.170833,40.78422,-111.931
ROSE PARK,2019-03-21,3.554167,40.78422,-111.931
ROSE PARK,2019-03-22,3.445833,40.78422,-111.931
ROSE PARK,2019-03-23,4.708333,40.78422,-111.931
ROSE PARK,2019-03-24,4.333333,40.78422,-111.931
ROSE PARK,2019-03-25,7.916667,40.78422,-111.931
ROSE PARK,2019-03-26,5.5625,40.78422,-111.931
ROSE PARK,2019-03-27,6.366667,40.78422,-111.931
ROSE PARK,2019-03-28,1.75,40.78422,-111.931
ROSE PARK,2019-03-29,6.909091,40.78422,-111.931
ROSE PARK,2019-03-30,4.816667,40.78422,-111.931
ROSE PARK,2019-03-31,4.308333,40.78422,-111.931
ROSE PARK,2019-04-01,5.1375,40.78422,-111.931
ROSE PARK,2019-04-02,4.229167,40.78422,-111.931
ROSE PARK,2019-04-03,3.441667,40.78422,-111.931
ROSE PARK,2019-04-04,3.479167,40.78422,-111.931
ROSE PARK,2019-04-05,3.1875,40.78422,-111.931
ROSE PARK,2019-04-06,2.35,40.78422,-111.931
ROSE PARK,2019-04-07,3.270833,40.78422,-111.931
ROSE PARK,2019-04-08,6.320833,40.78422,-111.931
ROSE PARK,2019-04-09,3.283333,40.78422,-111.931
ROSE PARK,2019-04-10,0.8625,40.78422,-111.931
ROSE PARK,2019-04-11,1.191667,40.78422,-111.931
ROSE PARK,2019-04-12,3.770833,40.78422,-111.931
ROSE PARK,2019-04-13,4.220833,40.78422,-111.931
ROSE PARK,2019-04-14,2.904167,40.78422,-111.931
ROSE PARK,2019-04-15,5.1125,40.78422,-111.931
ROSE PARK,2019-04-16,2.066667,40.78422,-111.931
ROSE PARK,2019-04-17,4.641667,40.78422,-111.931
ROSE PARK,2019-04-18,4.583333,40.78422,-111.931
ROSE PARK,2019-04-19,4.991667,40.78422,-111.931
ROSE PARK,2019-04-20,2.408333,40.78422,-111.931
ROSE PARK,2019-04-21,4.845833,40.78422,-111.931
ROSE PARK,2019-04-22,5.329167,40.78422,-111.931
ROSE PARK,2019-04-23,3.875,40.78422,-111.931
ROSE PARK,2019-04-24,3.35,40.78422,-111.931
ROSE PARK,2019-04-25,5.033333,40.78422,-111.931
ROSE PARK,2019-04-26,3.733333,40.78422,-111.931
ROSE PARK,2019-04-27,5.516667,40.78422,-111.931
ROSE PARK,2019-04-28,4.1,40.78422,-111.931
ROSE PARK,2019-04-29,5.591667,40.78422,-111.931
ROSE PARK,2019-04-30,3.641667,40.78422,-111.931
ROSE PARK,2019-05-01,5.7375,40.78422,-111.931
ROSE PARK,2019-05-02,4.054167,40.78422,-111.931
ROSE PARK,2019-05-03,4.4125,40.78422,-111.931
ROSE PARK,2019-05-04,5.470833,40.78422,-111.931
ROSE PARK,2019-05-05,5.166667,40.78422,-111.931
ROSE PARK,2019-05-06,6.126087,40.78422,-111.931
ROSE PARK,2019-05-07,4.625,40.78422,-111.931
ROSE PARK,2019-05-08,3.366667,40.78422,-111.931
ROSE PARK,2019-05-09,2.779167,40.78422,-111.931
ROSE PARK,2019-05-10,4.2375,40.78422,-111.931
ROSE PARK,2019-05-11,7.9875,40.78422,-111.931
ROSE PARK,2019-05-12,6.141667,40.78422,-111.931
ROSE PARK,2019-05-13,8.3125,40.78422,-111.931
ROSE PARK,2019-05-14,8.433333,40.78422,-111.931
ROSE PARK,2019-05-15,8.034783,40.78422,-111.931
ROSE PARK,2019-05-16,5.379167,40.78422,-111.931
ROSE PARK,2019-05-17,2.191667,40.78422,-111.931
ROSE PARK,2019-05-18,2.245833,40.78422,-111.931
ROSE PARK,2019-05-19,2.3875,40.78422,-111.931
ROSE PARK,2019-05-20,1.879167,40.78422,-111.931
ROSE PARK,2019-05-21,1.979167,40.78422,-111.931
ROSE PARK,2019-05-22,3.183333,40.78422,-111.931
ROSE PARK,2019-05-23,1.775,40.78422,-111.931
ROSE PARK,2019-05-24,2.858333,40.78422,-111.931
ROSE PARK,2019-05-25,3.425,40.78422,-111.931
ROSE PARK,2019-05-26,4.682609,40.78422,-111.931
ROSE PARK,2019-05-27,1.666667,40.78422,-111.931
ROSE PARK,2019-05-28,3.404348,40.78422,-111.931
ROSE PARK,2019-05-29,6.216667,40.78422,-111.931
ROSE PARK,2019-05-30,5.0125,40.78422,-111.931
ROSE PARK,2019-05-31,3.858333,40.78422,-111.931
ROSE PARK,2019-06-01,5.047826,40.78422,-111.931
ROSE PARK,2019-06-02,7.852174,40.78422,-111.931
ROSE PARK,2019-06-03,6.070833,40.78422,-111.931
ROSE PARK,2019-06-04,6.6,40.78422,-111.931
ROSE PARK,2019-06-05,6.9875,40.78422,-111.931
ROSE PARK,2019-06-06,5.495833,40.78422,-111.931
ROSE PARK,2019-06-07,10.666667,40.78422,-111.931
ROSE PARK,2019-06-08,2.770833,40.78422,-111.931
ROSE PARK,2019-06-09,3.65,40.78422,-111.931
ROSE PARK,2019-06-10,7.254167,40.78422,-111.931
ROSE PARK,2019-06-11,5.920833,40.78422,-111.931
ROSE PARK,2019-06-12,7.378261,40.78422,-111.931
ROSE PARK,2019-06-13,7.478261,40.78422,-111.931
ROSE PARK,2019-06-14,6.1125,40.78422,-111.931
ROSE PARK,2019-06-15,5.621739,40.78422,-111.931
ROSE PARK,2019-06-16,5.726087,40.78422,-111.931
ROSE PARK,2019-06-17,6.179167,40.78422,-111.931
ROSE PARK,2019-06-18,7.658333,40.78422,-111.931
ROSE PARK,2019-06-19,6.4375,40.78422,-111.931
ROSE PARK,2019-06-20,6.768182,40.78422,-111.931
ROSE PARK,2019-06-21,2.766667,40.78422,-111.931
ROSE PARK,2019-06-22,2.829167,40.78422,-111.931
ROSE PARK,2019-06-23,3.3125,40.78422,-111.931
ROSE PARK,2019-06-24,6.208333,40.78422,-111.931
ROSE PARK,2019-06-25,8.370833,40.78422,-111.931
ROSE PARK,2019-06-26,7.920833,40.78422,-111.931
ROSE PARK,2019-06-27,6.508333,40.78422,-111.931
ROSE PARK,2019-06-28,5.85,40.78422,-111.931
ROSE PARK,2019-06-29,8.225,40.78422,-111.931
ROSE PARK,2019-06-30,5.033333,40.78422,-111.931
ROSE PARK,2019-07-01,5.516667,40.78422,-111.931
ROSE PARK,2019-07-02,7.433333,40.78422,-111.931
ROSE PARK,2019-07-03,9.575,40.78422,-111.931
ROSE PARK,2019-07-04,15.547826,40.78422,-111.931
ROSE PARK,2019-07-05,16.483333,40.78422,-111.931
ROSE PARK,2019-07-06,15.9,40.78422,-111.931
ROSE PARK,2019-07-07,5.508333,40.78422,-111.931
ROSE PARK,2019-07-08,14.091667,40.78422,-111.931
ROSE PARK,2019-07-09,9.352174,40.78422,-111.931
ROSE PARK,2019-07-10,7.845833,40.78422,-111.931
ROSE PARK,2019-07-11,5.6375,40.78422,-111.931
ROSE PARK,2019-07-12,6.279167,40.78422,-111.931
ROSE PARK,2019-07-13,6.616667,40.78422,-111.931
ROSE PARK,2019-07-14,5.470833,40.78422,-111.931
ROSE PARK,2019-07-15,7.229167,40.78422,-111.931
ROSE PARK,2019-07-16,7.145833,40.78422,-111.931
ROSE PARK,2019-07-17,9.491667,40.78422,-111.931
ROSE PARK,2019-07-18,5.758333,40.78422,-111.931
ROSE PARK,2019-07-19,7.475,40.78422,-111.931
ROSE PARK,2019-07-20,10.641667,40.78422,-111.931
ROSE PARK,2019-07-21,8.8875,40.78422,-111.931
ROSE PARK,2019-07-22,8.1,40.78422,-111.931
ROSE PARK,2019-07-23,7.491667,40.78422,-111.931
ROSE PARK,2019-07-24,12.3375,40.78422,-111.931
ROSE PARK,2019-07-25,10.604167,40.78422,-111.931
ROSE PARK,2019-07-26,7.9375,40.78422,-111.931
ROSE PARK,2019-07-27,7.2375,40.78422,-111.931
ROSE PARK,2019-07-28,7.091667,40.78422,-111.931
ROSE PARK,2019-07-29,6.979167,40.78422,-111.931
ROSE PARK,2019-07-30,6.620833,40.78422,-111.931
ROSE PARK,2019-07-31,6.552174,40.78422,-111.931
ROSE PARK,2019-08-01,7.1875,40.78422,-111.931
ROSE PARK,2019-08-02,5.633333,40.78422,-111.931
ROSE PARK,2019-08-03,6.247826,40.78422,-111.931
ROSE PARK,2019-08-04,5.6375,40.78422,-111.931
ROSE PARK,2019-08-05,5.454167,40.78422,-111.931
ROSE PARK,2019-08-06,7.041667,40.78422,-111.931
ROSE PARK,2019-08-07,5.795833,40.78422,-111.931
ROSE PARK,2019-08-08,7.219048,40.78422,-111.931
ROSE PARK,2019-08-09,4.49,40.78422,-111.931
ROSE PARK,2019-08-10,6.916667,40.78422,-111.931
ROSE PARK,2019-08-11,6.179167,40.78422,-111.931
ROSE PARK,2019-08-12,5.6,40.78422,-111.931
ROSE PARK,2019-08-13,5.5,40.78422,-111.931
ROSE PARK,2019-08-14,4.358333,40.78422,-111.931
ROSE PARK,2019-08-15,7.778261,40.78422,-111.931
ROSE PARK,2019-08-16,7.058333,40.78422,-111.931
ROSE PARK,2019-08-17,5.479167,40.78422,-111.931
ROSE PARK,2019-08-18,6.358333,40.78422,-111.931
ROSE PARK,2019-08-19,3.95,40.78422,-111.931
ROSE PARK,2019-08-20,5.225,40.78422,-111.931
ROSE PARK,2019-08-21,8.154167,40.78422,-111.931
ROSE PARK,2019-08-22,10.1,40.78422,-111.931
ROSE PARK,2019-08-23,7.575,40.78422,-111.931
ROSE PARK,2019-08-24,6.954167,40.78422,-111.931
ROSE PARK,2019-08-25,7.4625,40.78422,-111.931
ROSE PARK,2019-08-26,7.175,40.78422,-111.931
ROSE PARK,2019-08-27,6.970833,40.78422,-111.931
ROSE PARK,2019-08-28,8.375,40.78422,-111.931
ROSE PARK,2019-08-29,8.29,40.78422,-111.931
ROSE PARK,2019-08-30,12.045833,40.78422,-111.931
ROSE PARK,2019-08-31,10.575,40.78422,-111.931
ROSE PARK,2019-09-01,8.195833,40.78422,-111.931
ROSE PARK,2019-09-02,5.170833,40.78422,-111.931
ROSE PARK,2019-09-03,8.308333,40.78422,-111.931
ROSE PARK,2019-09-04,9.525,40.78422,-111.931
ROSE PARK,2019-09-05,9.720833,40.78422,-111.931
ROSE PARK,2019-09-06,7.979167,40.78422,-111.931
ROSE PARK,2019-09-07,9.916667,40.78422,-111.931
ROSE PARK,2019-09-08,9.041667,40.78422,-111.931
ROSE PARK,2019-09-09,17.404167,40.78422,-111.931
ROSE PARK,2019-09-10,8.358333,40.78422,-111.931
ROSE PARK,2019-09-11,6.866667,40.78422,-111.931
ROSE PARK,2019-09-12,5.620833,40.78422,-111.931
ROSE PARK,2019-09-13,6.279167,40.78422,-111.931
ROSE PARK,2019-09-14,6.579167,40.78422,-111.931
ROSE PARK,2019-09-15,4.404167,40.78422,-111.931
ROSE PARK,2019-09-16,4.895833,40.78422,-111.931
ROSE PARK,2019-09-17,7.154167,40.78422,-111.931
ROSE PARK,2019-09-18,6.0125,40.78422,-111.931
ROSE PARK,2019-09-19,3.833333,40.78422,-111.931
ROSE PARK,2019-09-20,4.104167,40.78422,-111.931
ROSE PARK,2019-09-21,5.625,40.78422,-111.931
ROSE PARK,2019-09-22,8.3625,40.78422,-111.931
ROSE PARK,2019-09-23,7.569565,40.78422,-111.931
ROSE PARK,2019-09-24,5.308333,40.78422,-111.931
ROSE PARK,2019-09-25,5.220833,40.78422,-111.931
ROSE PARK,2019-09-26,4.825,40.78422,-111.931
ROSE PARK,2019-09-27,5.5,40.78422,-111.931
ROSE PARK,2019-09-28,3.108333,40.78422,-111.931
ROSE PARK,2019-09-29,2.7875,40.78422,-111.931
ROSE PARK,2019-09-30,6.108333,40.78422,-111.931
ROSE PARK,2019-10-01,6.5,40.78422,-111.931
ROSE PARK,2019-10-02,4.516667,40.78422,-111.931
ROSE PARK,2019-10-03,8.55,40.78422,-111.931
ROSE PARK,2019-10-04,6.079167,40.78422,-111.931
ROSE PARK,2019-10-05,5.458333,40.78422,-111.931
ROSE PARK,2019-10-06,5.195833,40.78422,-111.931
ROSE PARK,2019-10-07,6.525,40.78422,-111.931
ROSE PARK,2019-10-08,8.754167,40.78422,-111.931
ROSE PARK,2019-10-09,2.766667,40.78422,-111.931
ROSE PARK,2019-10-10,3.870833,40.78422,-111.931
ROSE PARK,2019-10-11,7.6,40.78422,-111.931
ROSE PARK,2019-10-12,11.529167,40.78422,-111.931
ROSE PARK,2019-10-13,12.991667,40.78422,-111.931
ROSE PARK,2019-10-14,11.1125,40.78422,-111.931
ROSE PARK,2019-10-15,11.183333,40.78422,-111.931
ROSE PARK,2019-10-16,9.454167,40.78422,-111.931
ROSE PARK,2019-10-17,7.208333,40.78422,-111.931
ROSE PARK,2019-10-18,3.833333,40.78422,-111.931
ROSE PARK,2019-10-19,2.1,40.78422,-111.931
ROSE PARK,2019-10-20,2.295833,40.78422,-111.931
ROSE PARK,2019-10-21,3.294737,40.78422,-111.931
ROSE PARK,2019-10-23,2.388235,40.78422,-111.931
ROSE PARK,2019-10-24,6.9625,40.78422,-111.931
ROSE PARK,2019-10-25,8.366667,40.78422,-111.931
ROSE PARK,2019-10-26,7.5375,40.78422,-111.931
ROSE PARK,2019-10-27,2.654167,40.78422,-111.931
ROSE PARK,2019-10-28,3.816667,40.78422,-111.931
ROSE PARK,2019-10-29,3.720833,40.78422,-111.931
ROSE PARK,2019-10-30,6.220833,40.78422,-111.931
ROSE PARK,2019-10-31,10.2375,40.78422,-111.931
ROSE PARK,2019-11-01,16.9125,40.78422,-111.931
ROSE PARK,2019-11-02,15.320833,40.78422,-111.931
ROSE PARK,2019-11-03,19.375,40.78422,-111.931
ROSE PARK,2019-11-04,17.108333,40.78422,-111.931
ROSE PARK,2019-11-05,9.379167,40.78422,-111.931
ROSE PARK,2019-11-06,9.858333,40.78422,-111.931
ROSE PARK,2019-11-07,14.482609,40.78422,-111.931
ROSE PARK,2019-11-08,21.9125,40.78422,-111.931
ROSE PARK,2019-11-09,17.2625,40.78422,-111.931
ROSE PARK,2019-11-10,17.747826,40.78422,-111.931
ROSE PARK,2019-11-11,7.883333,40.78422,-111.931
ROSE PARK,2019-11-12,9.166667,40.78422,-111.931
ROSE PARK,2019-11-13,12.35,40.78422,-111.931
ROSE PARK,2019-11-14,9.495833,40.78422,-111.931
ROSE PARK,2019-11-15,19.279167,40.78422,-111.931
ROSE PARK,2019-11-16,12.991667,40.78422,-111.931
ROSE PARK,2019-11-17,8.791667,40.78422,-111.931
ROSE PARK,2019-11-18,11.891667,40.78422,-111.931
ROSE PARK,2019-11-19,18.925,40.78422,-111.931
ROSE PARK,2019-11-20,11.958333,40.78422,-111.931
ROSE PARK,2019-11-21,3.36087,40.78422,-111.931
ROSE PARK,2019-11-22,12.020833,40.78422,-111.931
ROSE PARK,2019-11-23,7.0625,40.78422,-111.931
ROSE PARK,2019-11-24,12.720833,40.78422,-111.931
ROSE PARK,2019-11-25,7.070833,40.78422,-111.931
ROSE PARK,2019-11-26,5.3625,40.78422,-111.931
ROSE PARK,2019-11-27,3.820833,40.78422,-111.931
ROSE PARK,2019-11-28,5.966667,40.78422,-111.931
ROSE PARK,2019-11-29,3.916667,40.78422,-111.931
ROSE PARK,2019-11-30,7.441667,40.78422,-111.931
ROSE PARK,2019-12-01,10.35,40.78422,-111.931
ROSE PARK,2019-12-02,20.908333,40.78422,-111.931
ROSE PARK,2019-12-03,30.025,40.78422,-111.931
ROSE PARK,2019-12-04,37.616667,40.78422,-111.931
ROSE PARK,2019-12-05,31.183333,40.78422,-111.931
ROSE PARK,2019-12-06,21.556522,40.78422,-111.931
ROSE PARK,2019-12-07,8.3125,40.78422,-111.931
ROSE PARK,2019-12-08,5.5,40.78422,-111.931
ROSE PARK,2019-12-09,5.370833,40.78422,-111.931
ROSE PARK,2019-12-10,11.820833,40.78422,-111.931
ROSE PARK,2019-12-11,15.379167,40.78422,-111.931
ROSE PARK,2019-12-12,4.925,40.78422,-111.931
ROSE PARK,2019-12-13,3.283333,40.78422,-111.931
ROSE PARK,2019-12-14,3.533333,40.78422,-111.931
ROSE PARK,2019-12-15,4.545833,40.78422,-111.931
ROSE PARK,2019-12-16,3.670833,40.78422,-111.931
ROSE PARK,2019-12-17,9.383333,40.78422,-111.931
ROSE PARK,2019-12-18,18.366667,40.78422,-111.931
ROSE PARK,2019-12-19,28.541667,40.78422,-111.931
ROSE PARK,2019-12-20,23.333333,40.78422,-111.931
ROSE PARK,2019-12-21,32.133333,40.78422,-111.931
ROSE PARK,2019-12-22,1.220833,40.78422,-111.931
ROSE PARK,2019-12-23,3.0375,40.78422,-111.931
ROSE PARK,2019-12-24,2.691667,40.78422,-111.931
ROSE PARK,2019-12-25,4.4375,40.78422,-111.931
ROSE PARK,2019-12-26,7.083333,40.78422,-111.931
ROSE PARK,2019-12-27,8.083333,40.78422,-111.931
ROSE PARK,2019-12-28,4.016667,40.78422,-111.931
ROSE PARK,2019-12-29,5.783333,40.78422,-111.931
ROSE PARK,2019-12-30,11.825,40.78422,-111.931
ROSE PARK,2019-12-31,12.429167,40.78422,-111.931
ROSE PARK,2020-01-01,7.479167,40.78422,-111.931
ROSE PARK,2020-01-02,3.958333,40.78422,-111.931
ROSE PARK,2020-01-03,5.095833,40.78422,-111.931
ROSE PARK,2020-01-04,9.304167,40.78422,-111.931
ROSE PARK,2020-01-05,13.166667,40.78422,-111.931
ROSE PARK,2020-01-06,4.404167,40.78422,-111.931
ROSE PARK,2020-01-07,3.866667,40.78422,-111.931
ROSE PARK,2020-01-08,5.416667,40.78422,-111.931
ROSE PARK,2020-01-09,6.425,40.78422,-111.931
ROSE PARK,2020-01-10,1.345833,40.78422,-111.931
ROSE PARK,2020-01-11,4.445833,40.78422,-111.931
ROSE PARK,2020-01-12,3.133333,40.78422,-111.931
ROSE PARK,2020-01-13,2.725,40.78422,-111.931
ROSE PARK,2020-01-14,3.421739,40.78422,-111.931
ROSE PARK,2020-01-15,7.5875,40.78422,-111.931
ROSE PARK,2020-01-16,5.041667,40.78422,-111.931
ROSE PARK,2020-01-17,2.5625,40.78422,-111.931
ROSE PARK,2020-01-18,6.8875,40.78422,-111.931
ROSE PARK,2020-01-19,12.079167,40.78422,-111.931
ROSE PARK,2020-01-20,21.616667,40.78422,-111.931
ROSE PARK,2020-01-21,18.1625,40.78422,-111.931
ROSE PARK,2020-01-22,7.6375,40.78422,-111.931
ROSE PARK,2020-01-23,10.920833,40.78422,-111.931
ROSE PARK,2020-01-24,11.395833,40.78422,-111.931
ROSE PARK,2020-01-25,20.883333,40.78422,-111.931
ROSE PARK,2020-01-26,11.645833,40.78422,-111.931
ROSE PARK,2020-01-27,3.216667,40.78422,-111.931
ROSE PARK,2020-01-28,4.679167,40.78422,-111.931
ROSE PARK,2020-01-29,3.541667,40.78422,-111.931
ROSE PARK,2020-01-30,7.645833,40.78422,-111.931
ROSE PARK,2020-01-31,9.929167,40.78422,-111.931
ROSE PARK,2020-02-01,8.725,40.78422,-111.931
ROSE PARK,2020-02-02,4.15,40.78422,-111.931
ROSE PARK,2020-02-03,1.55,40.78422,-111.931
ROSE PARK,2020-02-04,5.791304,40.78422,-111.931
ROSE PARK,2020-02-05,5.85,40.78422,-111.931
ROSE PARK,2020-02-06,9.270833,40.78422,-111.931
ROSE PARK,2020-02-07,7.908333,40.78422,-111.931
ROSE PARK,2020-02-08,2.154167,40.78422,-111.931
ROSE PARK,2020-02-09,3.354167,40.78422,-111.931
ROSE PARK,2020-02-10,5.829167,40.78422,-111.931
ROSE PARK,2020-02-11,7.6125,40.78422,-111.931
ROSE PARK,2020-02-12,10.1625,40.78422,-111.931
ROSE PARK,2020-02-13,7.641667,40.78422,-111.931
ROSE PARK,2020-02-14,4.083333,40.78422,-111.931
ROSE PARK,2020-02-15,5.475,40.78422,-111.931
ROSE PARK,2020-02-16,6.670833,40.78422,-111.931
ROSE PARK,2020-02-17,2.670833,40.78422,-111.931
ROSE PARK,2020-02-18,6.908333,40.78422,-111.931
ROSE PARK,2020-02-19,8.254167,40.78422,-111.931
ROSE PARK,2020-02-20,8.55,40.78422,-111.931
ROSE PARK,2020-02-21,15.975,40.78422,-111.931
ROSE PARK,2020-02-22,19.929167,40.78422,-111.931
ROSE PARK,2020-02-23,8.666667,40.78422,-111.931
ROSE PARK,2020-02-24,1.375,40.78422,-111.931
ROSE PARK,2020-02-25,4.1875,40.78422,-111.931
ROSE PARK,2020-02-26,5.983333,40.78422,-111.931
ROSE PARK,2020-02-27,10.366667,40.78422,-111.931
ROSE PARK,2020-02-28,7.695833,40.78422,-111.931
ROSE PARK,2020-02-29,3.825,40.78422,-111.931
ROSE PARK,2020-03-01,2.866667,40.78422,-111.931
ROSE PARK,2020-03-02,5.220833,40.78422,-111.931
ROSE PARK,2020-03-03,6.6,40.78422,-111.931
ROSE PARK,2020-03-04,7.816667,40.78422,-111.931
ROSE PARK,2020-03-05,4.7,40.78422,-111.931
ROSE PARK,2020-03-06,4.233333,40.78422,-111.931
ROSE PARK,2020-03-07,8.283333,40.78422,-111.931
ROSE PARK,2020-03-08,4.45,40.78422,-111.931
ROSE PARK,2020-03-09,4.095652,40.78422,-111.931
ROSE PARK,2020-03-10,5.529167,40.78422,-111.931
ROSE PARK,2020-03-11,6.041667,40.78422,-111.931
ROSE PARK,2020-03-12,6.1125,40.78422,-111.931
ROSE PARK,2020-03-13,5.695833,40.78422,-111.931
ROSE PARK,2020-03-14,1.791667,40.78422,-111.931
ROSE PARK,2020-03-15,2.591667,40.78422,-111.931
ROSE PARK,2020-03-16,4.9625,40.78422,-111.931
ROSE PARK,2020-03-17,3.666667,40.78422,-111.931
ROSE PARK,2020-03-18,2.3625,40.78422,-111.931
ROSE PARK,2020-03-19,4.509091,40.78422,-111.931
ROSE PARK,2020-03-20,2.975,40.78422,-111.931
ROSE PARK,2020-03-21,4.733333,40.78422,-111.931
ROSE PARK,2020-03-22,3.9125,40.78422,-111.931
ROSE PARK,2020-03-23,3.341667,40.78422,-111.931
ROSE PARK,2020-03-24,1.633333,40.78422,-111.931
ROSE PARK,2020-03-25,3.4875,40.78422,-111.931
ROSE PARK,2020-03-26,3.366667,40.78422,-111.931
ROSE PARK,2020-03-27,5.416667,40.78422,-111.931
ROSE PARK,2020-03-28,6.079167,40.78422,-111.931
ROSE PARK,2020-03-29,4.091667,40.78422,-111.931
ROSE PARK,2020-03-30,5.2375,40.78422,-111.931
ROSE PARK,2020-03-31,1.725,40.78422,-111.931
ROSE PARK,2020-04-01,3.229167,40.78422,-111.931
ROSE PARK,2020-04-02,2.320833,40.78422,-111.931
ROSE PARK,2020-04-03,3.2375,40.78422,-111.931
ROSE PARK,2020-04-04,7.991667,40.78422,-111.931
ROSE PARK,2020-04-05,5.470833,40.78422,-111.931
ROSE PARK,2020-04-06,5.270833,40.78422,-111.931
ROSE PARK,2020-04-07,6.03913,40.78422,-111.931
ROSE PARK,2020-04-08,8.120833,40.78422,-111.931
ROSE PARK,2020-04-09,5.066667,40.78422,-111.931
ROSE PARK,2020-04-10,4.258333,40.78422,-111.931
ROSE PARK,2020-04-11,3.083333,40.78422,-111.931
ROSE PARK,2020-04-12,2.316667,40.78422,-111.931
ROSE PARK,2020-04-13,4.254167,40.78422,-111.931
ROSE PARK,2020-04-14,5.691667,40.78422,-111.931
ROSE PARK,2020-04-15,3.070833,40.78422,-111.931
ROSE PARK,2020-04-16,2.108333,40.78422,-111.931
ROSE PARK,2020-04-17,7.404167,40.78422,-111.931
ROSE PARK,2020-04-18,6.8125,40.78422,-111.931
ROSE PARK,2020-04-19,3.591667,40.78422,-111.931
ROSE PARK,2020-04-20,5.45,40.78422,-111.931
ROSE PARK,2020-04-21,7.595833,40.78422,-111.931
ROSE PARK,2020-04-22,5.170833,40.78422,-111.931
ROSE PARK,2020-04-23,2.866667,40.78422,-111.931
ROSE PARK,2020-04-24,3.175,40.78422,-111.931
ROSE PARK,2020-04-25,4.9,40.78422,-111.931
ROSE PARK,2020-04-26,4.308333,40.78422,-111.931
ROSE PARK,2020-04-27,6.341667,40.78422,-111.931
ROSE PARK,2020-04-28,4.358333,40.78422,-111.931
ROSE PARK,2020-04-29,3.233333,40.78422,-111.931
ROSE PARK,2020-05-01,4.290909,40.78422,-111.931
ROSE PARK,2020-05-02,6.858333,40.78422,-111.931
ROSE PARK,2020-05-03,5.033333,40.78422,-111.931
ROSE PARK,2020-05-04,4.133333,40.78422,-111.931
ROSE PARK,2020-05-05,6.616667,40.78422,-111.931
ROSE PARK,2020-05-06,9.0625,40.78422,-111.931
ROSE PARK,2020-05-07,3.408333,40.78422,-111.931
ROSE PARK,2020-05-08,8.05,40.78422,-111.931
ROSE PARK,2020-05-09,8.55,40.78422,-111.931
ROSE PARK,2020-05-10,9.3625,40.78422,-111.931
ROSE PARK,2020-05-11,7.465217,40.78422,-111.931
ROSE PARK,2020-05-12,9.425,40.78422,-111.931
ROSE PARK,2020-05-13,7.5625,40.78422,-111.931
ROSE PARK,2020-05-14,3.020833,40.78422,-111.931
ROSE PARK,2020-05-15,2.908333,40.78422,-111.931
ROSE PARK,2020-05-16,5.291667,40.78422,-111.931
ROSE PARK,2020-05-17,7.345833,40.78422,-111.931
ROSE PARK,2020-05-18,7.466667,40.78422,-111.931
ROSE PARK,2020-05-19,10.504167,40.78422,-111.931
ROSE PARK,2020-05-20,6.254167,40.78422,-111.931
ROSE PARK,2020-05-21,5.408333,40.78422,-111.931
ROSE PARK,2020-05-22,5.75,40.78422,-111.931
ROSE PARK,2020-05-23,3.8875,40.78422,-111.931
ROSE PARK,2020-05-24,6.35,40.78422,-111.931
ROSE PARK,2020-05-25,6.05,40.78422,-111.931
ROSE PARK,2020-05-26,6.5875,40.78422,-111.931
ROSE PARK,2020-05-27,8.145833,40.78422,-111.931
ROSE PARK,2020-05-28,7.266667,40.78422,-111.931
ROSE PARK,2020-05-29,6.5375,40.78422,-111.931
ROSE PARK,2020-05-30,3.670833,40.78422,-111.931
ROSE PARK,2020-05-31,7.708333,40.78422,-111.931
ROSE PARK,2020-06-01,5.15,40.78422,-111.931
ROSE PARK,2020-06-02,16.283333,40.78422,-111.931
ROSE PARK,2020-06-03,13.85,40.78422,-111.931
ROSE PARK,2020-06-04,13.925,40.78422,-111.931
ROSE PARK,2020-06-05,12.633333,40.78422,-111.931
ROSE PARK,2020-06-06,8.25,40.78422,-111.931
ROSE PARK,2020-06-07,5.0,40.78422,-111.931
ROSE PARK,2020-06-08,2.43913,40.78422,-111.931
ROSE PARK,2020-06-09,4.316667,40.78422,-111.931
ROSE PARK,2020-06-10,3.070833,40.78422,-111.931
ROSE PARK,2020-06-11,3.745833,40.78422,-111.931
ROSE PARK,2020-06-12,4.975,40.78422,-111.931
ROSE PARK,2020-06-13,6.7875,40.78422,-111.931
ROSE PARK,2020-06-14,4.85,40.78422,-111.931
ROSE PARK,2020-06-15,6.466667,40.78422,-111.931
ROSE PARK,2020-06-16,4.079167,40.78422,-111.931
ROSE PARK,2020-06-17,1.604167,40.78422,-111.931
ROSE PARK,2020-06-18,5.1375,40.78422,-111.931
ROSE PARK,2020-06-19,6.0625,40.78422,-111.931
ROSE PARK,2020-06-20,6.2875,40.78422,-111.931
ROSE PARK,2020-06-21,5.183333,40.78422,-111.931
ROSE PARK,2020-06-22,5.933333,40.78422,-111.931
ROSE PARK,2020-06-23,7.566667,40.78422,-111.931
ROSE PARK,2020-06-24,8.091667,40.78422,-111.931
ROSE PARK,2020-06-25,6.175,40.78422,-111.931
ROSE PARK,2020-06-26,6.283333,40.78422,-111.931
ROSE PARK,2020-06-27,6.230435,40.78422,-111.931
ROSE PARK,2020-06-28,9.154167,40.78422,-111.931
ROSE PARK,2020-06-29,5.575,40.78422,-111.931
ROSE PARK,2020-06-30,5.204167,40.78422,-111.931
ROSE PARK,2020-07-01,6.6875,40.78422,-111.931
ROSE PARK,2020-07-02,8.05,40.78422,-111.931
ROSE PARK,2020-07-03,7.15,40.78422,-111.931
ROSE PARK,2020-07-04,27.729167,40.78422,-111.931
ROSE PARK,2020-07-05,28.608333,40.78422,-111.931
ROSE PARK,2020-07-06,14.575,40.78422,-111.931
ROSE PARK,2020-07-07,10.3125,40.78422,-111.931
ROSE PARK,2020-07-08,9.158333,40.78422,-111.931
ROSE PARK,2020-07-09,10.620833,40.78422,-111.931
ROSE PARK,2020-07-10,7.179167,40.78422,-111.931
ROSE PARK,2020-07-11,9.3375,40.78422,-111.931
ROSE PARK,2020-07-12,6.6875,40.78422,-111.931
ROSE PARK,2020-07-13,8.395833,40.78422,-111.931
ROSE PARK,2020-07-14,7.066667,40.78422,-111.931
ROSE PARK,2020-07-15,7.833333,40.78422,-111.931
ROSE PARK,2020-07-16,10.095833,40.78422,-111.931
ROSE PARK,2020-07-17,7.220833,40.78422,-111.931
ROSE PARK,2020-07-18,7.170833,40.78422,-111.931
ROSE PARK,2020-07-19,8.104167,40.78422,-111.931
ROSE PARK,2020-07-20,9.466667,40.78422,-111.931
ROSE PARK,2020-07-21,11.095833,40.78422,-111.931
ROSE PARK,2020-07-22,7.866667,40.78422,-111.931
ROSE PARK,2020-07-23,5.9,40.78422,-111.931
ROSE PARK,2020-07-24,8.054167,40.78422,-111.931
ROSE PARK,2020-07-25,7.1625,40.78422,-111.931
ROSE PARK,2020-07-26,7.6125,40.78422,-111.931
ROSE PARK,2020-07-27,10.510526,40.78422,-111.931
ROSE PARK,2020-07-28,6.720833,40.78422,-111.931
ROSE PARK,2020-07-29,7.895833,40.78422,-111.931
ROSE PARK,2020-07-30,11.133333,40.78422,-111.931
ROSE PARK,2020-07-31,13.016667,40.78422,-111.931
ROSE PARK,2020-08-01,9.1125,40.78422,-111.931
ROSE PARK,2020-08-02,7.316667,40.78422,-111.931
ROSE PARK,2020-08-03,13.529167,40.78422,-111.931
ROSE PARK,2020-08-04,13.829167,40.78422,-111.931
ROSE PARK,2020-08-05,12.933333,40.78422,-111.931
ROSE PARK,2020-08-06,5.6375,40.78422,-111.931
ROSE PARK,2020-08-07,6.375,40.78422,-111.931
ROSE PARK,2020-08-08,5.720833,40.78422,-111.931
ROSE PARK,2020-08-09,9.770833,40.78422,-111.931
ROSE PARK,2020-08-10,11.9875,40.78422,-111.931
ROSE PARK,2020-08-11,7.945833,40.78422,-111.931
ROSE PARK,2020-08-12,13.625,40.78422,-111.931
ROSE PARK,2020-08-13,18.220833,40.78422,-111.931
ROSE PARK,2020-08-14,6.805,40.78422,-111.931
ROSE PARK,2020-08-15,11.441667,40.78422,-111.931
ROSE PARK,2020-08-16,8.3125,40.78422,-111.931
ROSE PARK,2020-08-17,10.658333,40.78422,-111.931
ROSE PARK,2020-08-18,12.629167,40.78422,-111.931
ROSE PARK,2020-08-19,12.641667,40.78422,-111.931
ROSE PARK,2020-08-20,19.141667,40.78422,-111.931
ROSE PARK,2020-08-21,52.225,40.78422,-111.931
ROSE PARK,2020-08-22,35.220833,40.78422,-111.931
ROSE PARK,2020-08-23,18.7125,40.78422,-111.931
ROSE PARK,2020-08-24,20.7,40.78422,-111.931
ROSE PARK,2020-08-25,16.3875,40.78422,-111.931
ROSE PARK,2020-08-26,14.9125,40.78422,-111.931
ROSE PARK,2020-08-27,10.145833,40.78422,-111.931
ROSE PARK,2020-08-28,13.083333,40.78422,-111.931
ROSE PARK,2020-08-29,11.225,40.78422,-111.931
ROSE PARK,2020-08-30,11.829167,40.78422,-111.931
ROSE PARK,2020-08-31,5.879167,40.78422,-111.931
ROSE PARK,2020-09-01,4.816667,40.78422,-111.931
ROSE PARK,2020-09-02,10.229167,40.78422,-111.931
ROSE PARK,2020-09-03,8.466667,40.78422,-111.931
ROSE PARK,2020-09-04,13.866667,40.78422,-111.931
ROSE PARK,2020-09-05,14.129167,40.78422,-111.931
ROSE PARK,2020-09-06,28.125,40.78422,-111.931
ROSE PARK,2020-09-07,36.616667,40.78422,-111.931
ROSE PARK,2020-09-08,3.733333,40.78422,-111.931
ROSE PARK,2020-09-11,14.364286,40.78422,-111.931
ROSE PARK,2020-09-12,12.783333,40.78422,-111.931
ROSE PARK,2020-09-13,13.533333,40.78422,-111.931
ROSE PARK,2020-09-14,8.720833,40.78422,-111.931
ROSE PARK,2020-09-15,11.752174,40.78422,-111.931
ROSE PARK,2020-09-16,13.408333,40.78422,-111.931
ROSE PARK,2020-09-17,17.425,40.78422,-111.931
ROSE PARK,2020-09-18,16.025,40.78422,-111.931
ROSE PARK,2020-09-19,23.579167,40.78422,-111.931
ROSE PARK,2020-09-20,18.5375,40.78422,-111.931
ROSE PARK,2020-09-21,23.116667,40.78422,-111.931
ROSE PARK,2020-09-22,9.816667,40.78422,-111.931
ROSE PARK,2020-09-23,13.675,40.78422,-111.931
ROSE PARK,2020-09-24,17.245833,40.78422,-111.931
ROSE PARK,2020-09-25,23.204167,40.78422,-111.931
ROSE PARK,2020-09-26,7.345833,40.78422,-111.931
ROSE PARK,2020-09-27,3.675,40.78422,-111.931
ROSE PARK,2020-09-28,5.616667,40.78422,-111.931
ROSE PARK,2020-09-29,5.483333,40.78422,-111.931
ROSE PARK,2020-09-30,7.904167,40.78422,-111.931
ROSE PARK,2020-10-01,8.954167,40.78422,-111.931
ROSE PARK,2020-10-02,10.9375,40.78422,-111.931
ROSE PARK,2020-10-03,21.3875,40.78422,-111.931
ROSE PARK,2020-10-04,29.0875,40.78422,-111.931
ROSE PARK,2020-10-05,20.933333,40.78422,-111.931
ROSE PARK,2020-10-06,31.1125,40.78422,-111.931
ROSE PARK,2020-10-07,30.9125,40.78422,-111.931
ROSE PARK,2020-10-08,17.491667,40.78422,-111.931
ROSE PARK,2020-10-09,13.625,40.78422,-111.931
ROSE PARK,2020-10-10,12.7625,40.78422,-111.931
ROSE PARK,2020-10-11,3.125,40.78422,-111.931
ROSE PARK,2020-10-12,4.6875,40.78422,-111.931
ROSE PARK,2020-10-13,7.995833,40.78422,-111.931
ROSE PARK,2020-10-14,4.929167,40.78422,-111.931
ROSE PARK,2020-10-15,4.616667,40.78422,-111.931
ROSE PARK,2020-10-16,5.841667,40.78422,-111.931
ROSE PARK,2020-10-17,7.125,40.78422,-111.931
ROSE PARK,2020-10-18,5.033333,40.78422,-111.931
ROSE PARK,2020-10-19,5.4875,40.78422,-111.931
ROSE PARK,2020-10-20,5.691667,40.78422,-111.931
ROSE PARK,2020-10-21,6.5875,40.78422,-111.931
ROSE PARK,2020-10-22,3.891667,40.78422,-111.931
ROSE PARK,2020-10-23,10.9875,40.78422,-111.931
ROSE PARK,2020-10-24,11.708333,40.78422,-111.931
ROSE PARK,2020-10-25,3.883333,40.78422,-111.931
ROSE PARK,2020-10-26,5.854167,40.78422,-111.931
ROSE PARK,2020-10-27,9.0,40.78422,-111.931
ROSE PARK,2020-10-28,11.679167,40.78422,-111.931
ROSE PARK,2020-10-29,13.854167,40.78422,-111.931
ROSE PARK,2020-10-30,8.845833,40.78422,-111.931
ROSE PARK,2020-10-31,8.754167,40.78422,-111.931
ROSE PARK,2020-11-01,15.233333,40.78422,-111.931
ROSE PARK,2020-11-02,18.3875,40.78422,-111.931
ROSE PARK,2020-11-03,18.670833,40.78422,-111.931
ROSE PARK,2020-11-04,17.008333,40.78422,-111.931
ROSE PARK,2020-11-05,17.283333,40.78422,-111.931
ROSE PARK,2020-11-06,7.679167,40.78422,-111.931
ROSE PARK,2020-11-07,4.908333,40.78422,-111.931
ROSE PARK,2020-11-08,4.033333,40.78422,-111.931
ROSE PARK,2020-11-09,5.8625,40.78422,-111.931
ROSE PARK,2020-11-10,5.225,40.78422,-111.931
ROSE PARK,2020-11-11,3.570833,40.78422,-111.931
ROSE PARK,2020-11-12,5.558333,40.78422,-111.931
ROSE PARK,2020-11-13,5.116667,40.78422,-111.931
ROSE PARK,2020-11-14,1.620833,40.78422,-111.931
ROSE PARK,2020-11-15,3.733333,40.78422,-111.931
ROSE PARK,2020-11-16,12.070833,40.78422,-111.931
ROSE PARK,2020-11-17,2.704167,40.78422,-111.931
ROSE PARK,2020-11-18,8.079167,40.78422,-111.931
ROSE PARK,2020-11-19,1.8875,40.78422,-111.931
ROSE PARK,2020-11-20,6.691667,40.78422,-111.931
ROSE PARK,2020-11-21,12.179167,40.78422,-111.931
ROSE PARK,2020-11-22,11.595833,40.78422,-111.931
ROSE PARK,2020-11-23,18.070833,40.78422,-111.931
ROSE PARK,2020-11-24,6.795833,40.78422,-111.931
ROSE PARK,2020-11-25,6.325,40.78422,-111.931
ROSE PARK,2020-11-26,1.675,40.78422,-111.931
ROSE PARK,2020-11-27,6.733333,40.78422,-111.931
ROSE PARK,2020-11-28,10.65,40.78422,-111.931
ROSE PARK,2020-11-29,16.9625,40.78422,-111.931
ROSE PARK,2020-11-30,22.320833,40.78422,-111.931
ROSE PARK,2020-12-01,6.091667,40.78422,-111.931
ROSE PARK,2020-12-02,6.066667,40.78422,-111.931
ROSE PARK,2020-12-03,12.608696,40.78422,-111.931
ROSE PARK,2020-12-04,14.970833,40.78422,-111.931
ROSE PARK,2020-12-05,25.4125,40.78422,-111.931
ROSE PARK,2020-12-06,29.645833,40.78422,-111.931
ROSE PARK,2020-12-07,29.479167,40.78422,-111.931
ROSE PARK,2020-12-08,32.6875,40.78422,-111.931
ROSE PARK,2020-12-09,33.55,40.78422,-111.931
ROSE PARK,2020-12-10,33.670833,40.78422,-111.931
ROSE PARK,2020-12-11,15.375,40.78422,-111.931
ROSE PARK,2020-12-12,5.770833,40.78422,-111.931
ROSE PARK,2020-12-13,5.308333,40.78422,-111.931
ROSE PARK,2020-12-14,7.0625,40.78422,-111.931
ROSE PARK,2020-12-15,7.891667,40.78422,-111.931
ROSE PARK,2020-12-16,6.7875,40.78422,-111.931
ROSE PARK,2020-12-17,4.141667,40.78422,-111.931
ROSE PARK,2020-12-18,6.3375,40.78422,-111.931
ROSE PARK,2020-12-19,7.708333,40.78422,-111.931
ROSE PARK,2020-12-20,8.95,40.78422,-111.931
ROSE PARK,2020-12-21,9.425,40.78422,-111.931
ROSE PARK,2020-12-22,2.029167,40.78422,-111.931
ROSE PARK,2020-12-23,3.091667,40.78422,-111.931
ROSE PARK,2020-12-24,7.979167,40.78422,-111.931
ROSE PARK,2020-12-25,18.208333,40.78422,-111.931
ROSE PARK,2020-12-26,19.495833,40.78422,-111.931
ROSE PARK,2020-12-27,10.729167,40.78422,-111.931
ROSE PARK,2020-12-28,8.941667,40.78422,-111.931
ROSE PARK,2020-12-29,9.420833,40.78422,-111.931
ROSE PARK,2020-12-30,14.1,40.78422,-111.931
ROSE PARK,2020-12-31,15.441667,40.78422,-111.931
ROSE PARK,2021-01-01,15.8125,40.78422,-111.931
ROSE PARK,2021-01-02,8.9375,40.78422,-111.931
ROSE PARK,2021-01-03,9.6,40.78422,-111.931
ROSE PARK,2021-01-04,12.8875,40.78422,-111.931
ROSE PARK,2021-01-05,4.6125,40.78422,-111.931
ROSE PARK,2021-01-06,5.704167,40.78422,-111.931
ROSE PARK,2021-01-07,12.7,40.78422,-111.931
ROSE PARK,2021-01-08,12.7,40.78422,-111.931
ROSE PARK,2021-01-09,11.479167,40.78422,-111.931
ROSE PARK,2021-01-10,10.054167,40.78422,-111.931
ROSE PARK,2021-01-11,18.7875,40.78422,-111.931
ROSE PARK,2021-01-12,25.333333,40.78422,-111.931
ROSE PARK,2021-01-13,20.895833,40.78422,-111.931
ROSE PARK,2021-01-14,3.070833,40.78422,-111.931
ROSE PARK,2021-01-15,6.35,40.78422,-111.931
ROSE PARK,2021-01-16,12.208333,40.78422,-111.931
ROSE PARK,2021-01-17,15.629167,40.78422,-111.931
ROSE PARK,2021-01-18,7.633333,40.78422,-111.931
ROSE PARK,2021-01-19,2.425,40.78422,-111.931
ROSE PARK,2021-01-20,9.825,40.78422,-111.931
ROSE PARK,2021-01-21,20.441667,40.78422,-111.931
ROSE PARK,2021-01-22,13.183333,40.78422,-111.931
ROSE PARK,2021-01-23,3.291667,40.78422,-111.931
ROSE PARK,2021-01-24,4.545833,40.78422,-111.931
ROSE PARK,2021-01-25,13.429167,40.78422,-111.931
ROSE PARK,2021-01-26,8.991667,40.78422,-111.931
ROSE PARK,2021-01-27,1.85,40.78422,-111.931
ROSE PARK,2021-01-28,2.179167,40.78422,-111.931
ROSE PARK,2021-01-29,1.695833,40.78422,-111.931
ROSE PARK,2021-01-30,2.425,40.78422,-111.931
ROSE PARK,2021-01-31,6.916667,40.78422,-111.931
ROSE PARK,2021-02-01,16.145833,40.78422,-111.931
ROSE PARK,2021-02-02,20.308333,40.78422,-111.931
ROSE PARK,2021-02-03,1.929167,40.78422,-111.931
ROSE PARK,2021-02-04,3.895833,40.78422,-111.931
ROSE PARK,2021-02-05,6.916667,40.78422,-111.931
ROSE PARK,2021-02-06,6.579167,40.78422,-111.931
ROSE PARK,2021-02-07,7.566667,40.78422,-111.931
ROSE PARK,2021-02-08,5.804167,40.78422,-111.931
ROSE PARK,2021-02-09,5.479167,40.78422,-111.931
ROSE PARK,2021-02-10,5.125,40.78422,-111.931
ROSE PARK,2021-02-11,5.783333,40.78422,-111.931
ROSE PARK,2021-02-12,1.895833,40.78422,-111.931
ROSE PARK,2021-02-13,2.2,40.78422,-111.931
ROSE PARK,2021-02-14,4.970833,40.78422,-111.931
ROSE PARK,2021-02-15,2.55,40.78422,-111.931
ROSE PARK,2021-02-16,0.9875,40.78422,-111.931
ROSE PARK,2021-02-17,3.466667,40.78422,-111.931
ROSE PARK,2021-02-18,4.470833,40.78422,-111.931
ROSE PARK,2021-02-19,4.208333,40.78422,-111.931
ROSE PARK,2021-02-20,0.879167,40.78422,-111.931
ROSE PARK,2021-02-21,1.270833,40.78422,-111.931
ROSE PARK,2021-02-22,4.904167,40.78422,-111.931
ROSE PARK,2021-02-23,3.375,40.78422,-111.931
ROSE PARK,2021-02-24,3.208333,40.78422,-111.931
ROSE PARK,2021-02-25,3.704167,40.78422,-111.931
ROSE PARK,2021-02-26,1.791667,40.78422,-111.931
ROSE PARK,2021-02-27,1.558333,40.78422,-111.931
ROSE PARK,2021-02-28,4.708333,40.78422,-111.931
ROSE PARK,2021-03-01,7.016667,40.78422,-111.931
ROSE PARK,2021-03-02,12.204167,40.78422,-111.931
ROSE PARK,2021-03-03,8.904167,40.78422,-111.931
ROSE PARK,2021-03-04,9.979167,40.78422,-111.931
ROSE PARK,2021-03-05,8.858333,40.78422,-111.931
ROSE PARK,2021-03-06,7.720833,40.78422,-111.931
ROSE PARK,2021-03-07,9.104167,40.78422,-111.931
ROSE PARK,2021-03-08,6.533333,40.78422,-111.931
ROSE PARK,2021-03-09,6.925,40.78422,-111.931
ROSE PARK,2021-03-10,6.3,40.78422,-111.931
ROSE PARK,2021-03-11,5.616667,40.78422,-111.931
ROSE PARK,2021-03-12,7.170833,40.78422,-111.931
ROSE PARK,2021-03-13,4.170833,40.78422,-111.931
ROSE PARK,2021-03-14,3.625,40.78422,-111.931
ROSE PARK,2021-03-15,2.954167,40.78422,-111.931
ROSE PARK,2021-03-16,4.845833,40.78422,-111.931
ROSE PARK,2021-03-17,7.925,40.78422,-111.931
ROSE PARK,2021-03-18,4.895833,40.78422,-111.931
ROSE PARK,2021-03-19,3.483333,40.78422,-111.931
ROSE PARK,2021-03-20,2.479167,40.78422,-111.931
ROSE PARK,2021-03-21,2.508333,40.78422,-111.931
ROSE PARK,2021-03-22,5.570833,40.78422,-111.931
ROSE PARK,2021-03-23,3.908333,40.78422,-111.931
ROSE PARK,2021-03-24,3.220833,40.78422,-111.931
ROSE PARK,2021-03-25,4.366667,40.78422,-111.931
ROSE PARK,2021-03-26,3.845833,40.78422,-111.931
ROSE PARK,2021-03-27,6.270833,40.78422,-111.931
ROSE PARK,2021-03-28,3.395833,40.78422,-111.931
ROSE PARK,2021-03-29,6.845833,40.78422,-111.931
ROSE PARK,2021-03-30,4.008333,40.78422,-111.931
ROSE PARK,2021-03-31,3.445833,40.78422,-111.931
ROSE PARK,2021-04-01,10.5625,40.78422,-111.931
ROSE PARK,2021-04-02,10.13913,40.78422,-111.931
ROSE PARK,2021-04-03,7.866667,40.78422,-111.931
ROSE PARK,2021-04-04,7.079167,40.78422,-111.931
ROSE PARK,2021-04-05,8.354167,40.78422,-111.931
ROSE PARK,2021-04-06,3.0625,40.78422,-111.931
ROSE PARK,2021-04-07,6.570833,40.78422,-111.931
ROSE PARK,2021-04-08,7.875,40.78422,-111.931
ROSE PARK,2021-04-09,2.483333,40.78422,-111.931
ROSE PARK,2021-04-10,6.3875,40.78422,-111.931
ROSE PARK,2021-04-11,4.166667,40.78422,-111.931
ROSE PARK,2021-04-12,4.025,40.78422,-111.931
ROSE PARK,2021-04-13,5.508333,40.78422,-111.931
ROSE PARK,2021-04-14,4.2625,40.78422,-111.931
ROSE PARK,2021-04-15,5.35,40.78422,-111.931
ROSE PARK,2021-04-16,3.075,40.78422,-111.931
ROSE PARK,2021-04-17,2.991667,40.78422,-111.931
ROSE PARK,2021-04-18,7.1375,40.78422,-111.931
ROSE PARK,2021-04-19,3.238095,40.78422,-111.931
ROSE PARK,2021-04-20,4.079167,40.78422,-111.931
ROSE PARK,2021-04-21,3.429167,40.78422,-111.931
ROSE PARK,2021-04-22,5.870833,40.78422,-111.931
ROSE PARK,2021-04-23,6.045833,40.78422,-111.931
ROSE PARK,2021-04-24,6.220833,40.78422,-111.931
ROSE PARK,2021-04-25,4.825,40.78422,-111.931
ROSE PARK,2021-04-26,3.7875,40.78422,-111.931
ROSE PARK,2021-04-27,5.358333,40.78422,-111.931
ROSE PARK,2021-04-28,5.479167,40.78422,-111.931
ROSE PARK,2021-04-29,6.770833,40.78422,-111.931
ROSE PARK,2021-04-30,6.208333,40.78422,-111.931
ROSE PARK,2021-05-01,4.445833,40.78422,-111.931
ROSE PARK,2021-05-02,3.125,40.78422,-111.931
ROSE PARK,2021-05-03,3.9375,40.78422,-111.931
ROSE PARK,2021-05-04,2.4625,40.78422,-111.931
ROSE PARK,2021-05-05,5.595833,40.78422,-111.931
ROSE PARK,2021-05-06,7.6875,40.78422,-111.931
ROSE PARK,2021-05-07,7.954167,40.78422,-111.931
ROSE PARK,2021-05-08,2.145833,40.78422,-111.931
ROSE PARK,2021-05-09,2.795833,40.78422,-111.931
ROSE PARK,2021-05-10,3.533333,40.78422,-111.931
ROSE PARK,2021-05-11,3.966667,40.78422,-111.931
ROSE PARK,2021-05-12,5.508333,40.78422,-111.931
ROSE PARK,2021-05-13,7.0,40.78422,-111.931
ROSE PARK,2021-05-14,6.7375,40.78422,-111.931
ROSE PARK,2021-05-15,6.770833,40.78422,-111.931
ROSE PARK,2021-05-16,5.995833,40.78422,-111.931
ROSE PARK,2021-05-17,6.075,40.78422,-111.931
ROSE PARK,2021-05-18,8.930435,40.78422,-111.931
ROSE PARK,2021-05-19,8.854167,40.78422,-111.931
ROSE PARK,2021-05-20,9.958333,40.78422,-111.931
ROSE PARK,2021-05-21,8.970833,40.78422,-111.931
ROSE PARK,2021-05-22,7.766667,40.78422,-111.931
ROSE PARK,2021-05-23,4.004167,40.78422,-111.931
ROSE PARK,2021-05-24,3.2625,40.78422,-111.931
ROSE PARK,2021-05-25,5.470833,40.78422,-111.931
ROSE PARK,2021-05-26,3.608333,40.78422,-111.931
ROSE PARK,2021-05-27,4.5125,40.78422,-111.931
ROSE PARK,2021-05-28,5.05,40.78422,-111.931
ROSE PARK,2021-05-29,3.791667,40.78422,-111.931
ROSE PARK,2021-05-30,7.154167,40.78422,-111.931
ROSE PARK,2021-05-31,6.070833,40.78422,-111.931
ROSE PARK,2021-06-01,6.470833,40.78422,-111.931
ROSE PARK,2021-06-02,6.7875,40.78422,-111.931
ROSE PARK,2021-06-03,10.979167,40.78422,-111.931
ROSE PARK,2021-06-04,9.041667,40.78422,-111.931
ROSE PARK,2021-06-05,8.233333,40.78422,-111.931
ROSE PARK,2021-06-06,9.733333,40.78422,-111.931
ROSE PARK,2021-06-07,10.616667,40.78422,-111.931
ROSE PARK,2021-06-08,8.775,40.78422,-111.931
ROSE PARK,2021-06-09,6.833333,40.78422,-111.931
ROSE PARK,2021-06-10,8.595833,40.78422,-111.931
ROSE PARK,2021-06-11,5.758333,40.78422,-111.931
ROSE PARK,2021-06-12,10.245833,40.78422,-111.931
ROSE PARK,2021-06-13,11.779167,40.78422,-111.931
ROSE PARK,2021-06-14,3.9625,40.78422,-111.931
ROSE PARK,2021-06-15,11.079167,40.78422,-111.931
ROSE PARK,2021-06-16,9.025,40.78422,-111.931
ROSE PARK,2021-06-17,9.170833,40.78422,-111.931
ROSE PARK,2021-06-18,11.920833,40.78422,-111.931
ROSE PARK,2021-06-19,8.541667,40.78422,-111.931
ROSE PARK,2021-06-20,5.504167,40.78422,-111.931
ROSE PARK,2021-06-21,7.608333,40.78422,-111.931
ROSE PARK,2021-06-22,8.325,40.78422,-111.931
ROSE PARK,2021-06-23,7.875,40.78422,-111.931
ROSE PARK,2021-06-24,7.304167,40.78422,-111.931
ROSE PARK,2021-06-25,6.5125,40.78422,-111.931
ROSE PARK,2021-06-26,6.183333,40.78422,-111.931
ROSE PARK,2021-06-27,3.833333,40.78422,-111.931
ROSE PARK,2021-06-28,4.408333,40.78422,-111.931
ROSE PARK,2021-06-29,4.141667,40.78422,-111.931
ROSE PARK,2021-06-30,4.266667,40.78422,-111.931
ROSE PARK,2021-07-01,5.316667,40.78422,-111.931
ROSE PARK,2021-07-02,9.625,40.78422,-111.931
ROSE PARK,2021-07-03,10.35,40.78422,-111.931
ROSE PARK,2021-07-04,9.325,40.78422,-111.931
ROSE PARK,2021-07-05,5.704167,40.78422,-111.931
ROSE PARK,2021-07-06,8.575,40.78422,-111.931
ROSE PARK,2021-07-07,9.704167,40.78422,-111.931
ROSE PARK,2021-07-08,8.479167,40.78422,-111.931
ROSE PARK,2021-07-09,14.270833,40.78422,-111.931
ROSE PARK,2021-07-10,16.641667,40.78422,-111.931
ROSE PARK,2021-07-11,30.308333,40.78422,-111.931
ROSE PARK,2021-07-12,24.766667,40.78422,-111.931
ROSE PARK,2021-07-13,12.1125,40.78422,-111.931
ROSE PARK,2021-07-14,7.5375,40.78422,-111.931
ROSE PARK,2021-07-15,9.633333,40.78422,-111.931
ROSE PARK,2021-07-16,8.095833,40.78422,-111.931
ROSE PARK,2021-07-17,10.670833,40.78422,-111.931
ROSE PARK,2021-07-18,11.75,40.78422,-111.931
ROSE PARK,2021-07-19,7.65,40.78422,-111.931
ROSE PARK,2021-07-20,7.508333,40.78422,-111.931
ROSE PARK,2021-07-21,9.966667,40.78422,-111.931
ROSE PARK,2021-07-22,6.7,40.78422,-111.931
ROSE PARK,2021-07-23,8.0125,40.78422,-111.931
ROSE PARK,2021-07-24,21.2125,40.78422,-111.931
ROSE PARK,2021-07-25,39.833333,40.78422,-111.931
ROSE PARK,2021-07-26,25.820833,40.78422,-111.931
ROSE PARK,2021-07-27,6.166667,40.78422,-111.931
ROSE PARK,2021-07-28,6.225,40.78422,-111.931
ROSE PARK,2021-07-29,7.708333,40.78422,-111.931
ROSE PARK,2021-07-30,4.470833,40.78422,-111.931
ROSE PARK,2021-07-31,6.204167,40.78422,-111.931
ROSE PARK,2021-08-01,4.754167,40.78422,-111.931
ROSE PARK,2021-08-02,4.6875,40.78422,-111.931
ROSE PARK,2021-08-03,15.645833,40.78422,-111.931
ROSE PARK,2021-08-04,24.566667,40.78422,-111.931
ROSE PARK,2021-08-05,14.495833,40.78422,-111.931
ROSE PARK,2021-08-06,46.058333,40.78422,-111.931
ROSE PARK,2021-08-07,44.8625,40.78422,-111.931
ROSE PARK,2021-08-08,41.645833,40.78422,-111.931
ROSE PARK,2021-08-09,24.945833,40.78422,-111.931
ROSE PARK,2021-08-10,25.170833,40.78422,-111.931
ROSE PARK,2021-08-11,12.316667,40.78422,-111.931
ROSE PARK,2021-08-12,10.204167,40.78422,-111.931
ROSE PARK,2021-08-13,12.375,40.78422,-111.931
ROSE PARK,2021-08-14,15.883333,40.78422,-111.931
ROSE PARK,2021-08-15,43.8,40.78422,-111.931
ROSE PARK,2021-08-16,44.754167,40.78422,-111.931
ROSE PARK,2021-08-17,28.3,40.78422,-111.931
ROSE PARK,2021-08-18,51.291667,40.78422,-111.931
ROSE PARK,2021-08-19,35.470833,40.78422,-111.931
ROSE PARK,2021-08-20,21.245833,40.78422,-111.931
ROSE PARK,2021-08-21,12.370833,40.78422,-111.931
ROSE PARK,2021-08-22,10.4875,40.78422,-111.931
ROSE PARK,2021-08-23,4.579167,40.78422,-111.931
ROSE PARK,2021-08-24,10.466667,40.78422,-111.931
ROSE PARK,2021-08-25,9.320833,40.78422,-111.931
ROSE PARK,2021-08-26,23.670833,40.78422,-111.931
ROSE PARK,2021-08-27,35.266667,40.78422,-111.931
ROSE PARK,2021-08-28,23.370833,40.78422,-111.931
ROSE PARK,2021-08-29,25.133333,40.78422,-111.931
ROSE PARK,2021-08-30,23.625,40.78422,-111.931
ROSE PARK,2021-08-31,16.620833,40.78422,-111.931
ROSE PARK,2021-09-01,9.866667,40.78422,-111.931
ROSE PARK,2021-09-02,12.670833,40.78422,-111.931
ROSE PARK,2021-09-03,18.733333,40.78422,-111.931
ROSE PARK,2021-09-04,22.875,40.78422,-111.931
ROSE PARK,2021-09-05,12.979167,40.78422,-111.931
ROSE PARK,2021-09-06,14.791667,40.78422,-111.931
ROSE PARK,2021-09-07,26.3375,40.78422,-111.931
ROSE PARK,2021-09-08,22.7125,40.78422,-111.931
ROSE PARK,2021-09-09,18.6375,40.78422,-111.931
ROSE PARK,2021-09-10,11.070833,40.78422,-111.931
ROSE PARK,2021-09-11,13.225,40.78422,-111.931
ROSE PARK,2021-09-12,6.720833,40.78422,-111.931
ROSE PARK,2021-09-13,9.33913,40.78422,-111.931
ROSE PARK,2021-09-14,17.641667,40.78422,-111.931
ROSE PARK,2021-09-15,14.008333,40.78422,-111.931
ROSE PARK,2021-09-16,13.841667,40.78422,-111.931
ROSE PARK,2021-09-17,15.554167,40.78422,-111.931
ROSE PARK,2021-09-18,4.991667,40.78422,-111.931
ROSE PARK,2021-09-19,5.466667,40.78422,-111.931
ROSE PARK,2021-09-20,3.025,40.78422,-111.931
ROSE PARK,2021-09-21,5.270833,40.78422,-111.931
ROSE PARK,2021-09-22,7.133333,40.78422,-111.931
ROSE PARK,2021-09-23,11.541667,40.78422,-111.931
ROSE PARK,2021-09-24,10.208333,40.78422,-111.931
ROSE PARK,2021-09-25,8.9375,40.78422,-111.931
ROSE PARK,2021-09-26,9.170833,40.78422,-111.931
ROSE PARK,2021-09-27,14.120833,40.78422,-111.931
ROSE PARK,2021-09-28,8.6625,40.78422,-111.931
ROSE PARK,2021-09-29,2.916667,40.78422,-111.931
ROSE PARK,2021-09-30,5.808333,40.78422,-111.931
ROSE PARK,2021-10-01,8.575,40.78422,-111.931
ROSE PARK,2021-10-02,13.125,40.78422,-111.931
ROSE PARK,2021-10-03,8.833333,40.78422,-111.931
ROSE PARK,2021-10-04,9.554167,40.78422,-111.931
ROSE PARK,2021-10-05,9.1875,40.78422,-111.931
ROSE PARK,2021-10-06,4.058333,40.78422,-111.931
ROSE PARK,2021-10-07,7.533333,40.78422,-111.931
ROSE PARK,2021-10-08,4.4875,40.78422,-111.931
ROSE PARK,2021-10-09,3.5625,40.78422,-111.931
ROSE PARK,2021-10-10,9.2,40.78422,-111.931
ROSE PARK,2021-10-11,5.145833,40.78422,-111.931
ROSE PARK,2021-10-12,0.958333,40.78422,-111.931
ROSE PARK,2021-10-13,3.795833,40.78422,-111.931
ROSE PARK,2021-10-14,2.630435,40.78422,-111.931
ROSE PARK,2021-10-15,5.133333,40.78422,-111.931
ROSE PARK,2021-10-16,8.770833,40.78422,-111.931
ROSE PARK,2021-10-17,4.9625,40.78422,-111.931
ROSE PARK,2021-10-18,3.720833,40.78422,-111.931
ROSE PARK,2021-10-19,3.154545,40.78422,-111.931
ROSE PARK,2021-10-20,3.6,40.78422,-111.931
ROSE PARK,2021-10-21,7.3375,40.78422,-111.931
ROSE PARK,2021-10-22,4.879167,40.78422,-111.931
ROSE PARK,2021-10-23,4.1375,40.78422,-111.931
ROSE PARK,2021-10-24,6.333333,40.78422,-111.931
ROSE PARK,2021-10-25,2.454167,40.78422,-111.931
ROSE PARK,2021-10-26,2.154167,40.78422,-111.931
ROSE PARK,2021-10-27,3.591667,40.78422,-111.931
ROSE PARK,2021-10-28,6.604167,40.78422,-111.931
ROSE PARK,2021-10-29,8.858333,40.78422,-111.931
ROSE PARK,2021-10-30,10.691667,40.78422,-111.931
ROSE PARK,2021-10-31,18.570833,40.78422,-111.931
ROSE PARK,2021-11-01,11.891667,40.78422,-111.931
ROSE PARK,2021-11-02,5.6,40.78422,-111.931
ROSE PARK,2021-11-03,5.6,40.78422,-111.931
ROSE PARK,2021-11-04,8.695833,40.78422,-111.931
ROSE PARK,2021-11-05,14.3875,40.78422,-111.931
ROSE PARK,2021-11-06,1.054167,40.78422,-111.931
ROSE PARK,2021-11-07,0.65,40.78422,-111.931
ROSE PARK,2021-11-08,6.695833,40.78422,-111.931
ROSE PARK,2021-11-09,9.2,40.78422,-111.931
ROSE PARK,2021-11-10,4.975,40.78422,-111.931
ROSE PARK,2021-11-11,7.775,40.78422,-111.931
ROSE PARK,2021-11-12,5.733333,40.78422,-111.931
ROSE PARK,2021-11-13,5.408333,40.78422,-111.931
ROSE PARK,2021-11-14,4.304167,40.78422,-111.931
ROSE PARK,2021-11-15,5.154167,40.78422,-111.931
ROSE PARK,2021-11-16,2.621739,40.78422,-111.931
ROSE PARK,2021-11-17,3.525,40.78422,-111.931
ROSE PARK,2021-11-18,7.458333,40.78422,-111.931
ROSE PARK,2021-11-19,14.091667,40.78422,-111.931
ROSE PARK,2021-11-20,9.370833,40.78422,-111.931
ROSE PARK,2021-11-21,6.716667,40.78422,-111.931
ROSE PARK,2021-11-22,13.7625,40.78422,-111.931
ROSE PARK,2021-11-23,18.358333,40.78422,-111.931
ROSE PARK,2021-11-24,2.629167,40.78422,-111.931
ROSE PARK,2021-11-25,7.608333,40.78422,-111.931
ROSE PARK,2021-11-26,13.079167,40.78422,-111.931
ROSE PARK,2021-11-27,21.395833,40.78422,-111.931
ROSE PARK,2021-11-28,21.833333,40.78422,-111.931
ROSE PARK,2021-11-29,23.895833,40.78422,-111.931
ROSE PARK,2021-11-30,23.4125,40.78422,-111.931
ROSE PARK,2021-12-01,21.529167,40.78422,-111.931
ROSE PARK,2021-12-02,23.9375,40.78422,-111.931
ROSE PARK,2021-12-03,30.041667,40.78422,-111.931
ROSE PARK,2021-12-04,20.016667,40.78422,-111.931
ROSE PARK,2021-12-05,7.766667,40.78422,-111.931
ROSE PARK,2021-12-06,6.6875,40.78422,-111.931
ROSE PARK,2021-12-07,13.504167,40.78422,-111.931
ROSE PARK,2021-12-08,4.533333,40.78422,-111.931
ROSE PARK,2021-12-09,2.304167,40.78422,-111.931
ROSE PARK,2021-12-10,2.8875,40.78422,-111.931
ROSE PARK,2021-12-11,4.25,40.78422,-111.931
ROSE PARK,2021-12-12,2.841667,40.78422,-111.931
ROSE PARK,2021-12-13,2.958333,40.78422,-111.931
ROSE PARK,2021-12-14,2.15,40.78422,-111.931
ROSE PARK,2021-12-15,1.9625,40.78422,-111.931
ROSE PARK,2021-12-16,4.525,40.78422,-111.931
ROSE PARK,2021-12-17,6.595833,40.78422,-111.931
ROSE PARK,2021-12-18,11.404167,40.78422,-111.931
ROSE PARK,2021-12-19,21.316667,40.78422,-111.931
ROSE PARK,2021-12-20,39.754167,40.78422,-111.931
ROSE PARK,2021-12-21,48.591667,40.78422,-111.931
ROSE PARK,2021-12-22,43.645833,40.78422,-111.931
ROSE PARK,2021-12-23,6.008333,40.78422,-111.931
ROSE PARK,2021-12-24,0.65,40.78422,-111.931
ROSE PARK,2021-12-25,1.833333,40.78422,-111.931
ROSE PARK,2021-12-26,2.1,40.78422,-111.931
ROSE PARK,2021-12-27,3.2125,40.78422,-111.931
ROSE PARK,2021-12-28,1.758333,40.78422,-111.931
ROSE PARK,2021-12-29,7.4125,40.78422,-111.931
ROSE PARK,2021-12-30,0.8125,40.78422,-111.931
ROSE PARK,2021-12-31,2.808333,40.78422,-111.931
ROSE PARK,2022-01-01,4.325,40.78422,-111.931
ROSE PARK,2022-01-02,9.829167,40.78422,-111.931
ROSE PARK,2022-01-03,17.677273,40.78422,-111.931
ROSE PARK,2022-01-04,5.170833,40.78422,-111.931
ROSE PARK,2022-01-05,6.008333,40.78422,-111.931
ROSE PARK,2022-01-06,8.395833,40.78422,-111.931
ROSE PARK,2022-01-07,2.504167,40.78422,-111.931
ROSE PARK,2022-01-08,1.633333,40.78422,-111.931
ROSE PARK,2022-01-09,6.345833,40.78422,-111.931
ROSE PARK,2022-01-10,15.170833,40.78422,-111.931
ROSE PARK,2022-01-11,26.129167,40.78422,-111.931
ROSE PARK,2022-01-12,27.566667,40.78422,-111.931
ROSE PARK,2022-01-13,31.145833,40.78422,-111.931
ROSE PARK,2022-01-14,23.341667,40.78422,-111.931
ROSE PARK,2022-01-15,22.0125,40.78422,-111.931
ROSE PARK,2022-01-16,28.375,40.78422,-111.931
ROSE PARK,2022-01-17,34.075,40.78422,-111.931
ROSE PARK,2022-01-18,38.458333,40.78422,-111.931
ROSE PARK,2022-01-19,32.695833,40.78422,-111.931
ROSE PARK,2022-01-20,20.083333,40.78422,-111.931
ROSE PARK,2022-01-21,7.216667,40.78422,-111.931
ROSE PARK,2022-01-22,4.5625,40.78422,-111.931
ROSE PARK,2022-01-23,11.216667,40.78422,-111.931
ROSE PARK,2022-01-24,19.620833,40.78422,-111.931
ROSE PARK,2022-01-25,8.054167,40.78422,-111.931
ROSE PARK,2022-01-26,7.2,40.78422,-111.931
ROSE PARK,2022-01-27,10.425,40.78422,-111.931
ROSE PARK,2022-01-28,14.025,40.78422,-111.931
ROSE PARK,2022-01-29,25.0,40.78422,-111.931
ROSE PARK,2022-01-30,26.920833,40.78422,-111.931
ROSE PARK,2022-01-31,16.645833,40.78422,-111.931
ROSE PARK,2022-02-01,2.870833,40.78422,-111.931
ROSE PARK,2022-02-02,3.304167,40.78422,-111.931
ROSE PARK,2022-02-03,7.554167,40.78422,-111.931
ROSE PARK,2022-02-04,13.716667,40.78422,-111.931
ROSE PARK,2022-02-05,14.5,40.78422,-111.931
ROSE PARK,2022-02-06,11.525,40.78422,-111.931
ROSE PARK,2022-02-07,11.4625,40.78422,-111.931
ROSE PARK,2022-02-08,17.958333,40.78422,-111.931
ROSE PARK,2022-02-09,15.429167,40.78422,-111.931
ROSE PARK,2022-02-10,9.629167,40.78422,-111.931
ROSE PARK,2022-02-11,8.8875,40.78422,-111.931
ROSE PARK,2022-02-12,11.495833,40.78422,-111.931
ROSE PARK,2022-02-13,11.175,40.78422,-111.931
ROSE PARK,2022-02-14,7.241667,40.78422,-111.931
ROSE PARK,2022-02-15,4.616667,40.78422,-111.931
ROSE PARK,2022-02-16,2.883333,40.78422,-111.931
ROSE PARK,2022-02-17,5.433333,40.78422,-111.931
ROSE PARK,2022-02-18,5.6375,40.78422,-111.931
ROSE PARK,2022-02-19,5.929167,40.78422,-111.931
ROSE PARK,2022-02-20,3.0625,40.78422,-111.931
ROSE PARK,2022-02-21,0.708333,40.78422,-111.931
ROSE PARK,2022-02-22,3.5125,40.78422,-111.931
ROSE PARK,2022-02-23,5.279167,40.78422,-111.931
ROSE PARK,2022-02-24,8.3375,40.78422,-111.931
ROSE PARK,2022-02-25,3.754167,40.78422,-111.931
ROSE PARK,2022-02-26,5.375,40.78422,-111.931
ROSE PARK,2022-02-27,11.233333,40.78422,-111.931
ROSE PARK,2022-02-28,17.304167,40.78422,-111.931
ROSE PARK,2022-03-01,14.845833,40.78422,-111.931
ROSE PARK,2022-03-02,14.4,40.78422,-111.931
ROSE PARK,2022-03-03,3.629167,40.78422,-111.931
ROSE PARK,2022-03-04,4.55,40.78422,-111.931
ROSE PARK,2022-03-05,4.133333,40.78422,-111.931
ROSE PARK,2022-03-06,4.170833,40.78422,-111.931
ROSE PARK,2022-03-07,6.483333,40.78422,-111.931
ROSE PARK,2022-03-08,5.258333,40.78422,-111.931
ROSE PARK,2022-03-09,3.3,40.78422,-111.931
ROSE PARK,2022-03-10,3.4375,40.78422,-111.931
ROSE PARK,2022-03-11,4.366667,40.78422,-111.931
ROSE PARK,2022-03-12,3.0,40.78422,-111.931
ROSE PARK,2022-03-13,2.304167,40.78422,-111.931
ROSE PARK,2022-03-14,6.9625,40.78422,-111.931
ROSE PARK,2022-03-15,4.166667,40.78422,-111.931
ROSE PARK,2022-03-16,4.420833,40.78422,-111.931
ROSE PARK,2022-03-17,3.120833,40.78422,-111.931
ROSE PARK,2022-03-18,6.575,40.78422,-111.931
ROSE PARK,2022-03-19,4.8125,40.78422,-111.931
ROSE PARK,2022-03-20,4.2,40.78422,-111.931
ROSE PARK,2022-03-21,3.841667,40.78422,-111.931
ROSE PARK,2022-03-22,5.995833,40.78422,-111.931
ROSE PARK,2022-03-23,4.883333,40.78422,-111.931
ROSE PARK,2022-03-24,6.5375,40.78422,-111.931
ROSE PARK,2022-03-25,7.3,40.78422,-111.931
ROSE PARK,2022-03-26,5.870833,40.78422,-111.931
ROSE PARK,2022-03-27,4.35,40.78422,-111.931
ROSE PARK,2022-03-28,3.941667,40.78422,-111.931
ROSE PARK,2022-03-29,8.045833,40.78422,-111.931
ROSE PARK,2022-03-30,3.366667,40.78422,-111.931
ROSE PARK,2022-03-31,4.445833,40.78422,-111.931
ROSE PARK,2022-04-01,4.529167,40.78422,-111.931
ROSE PARK,2022-04-02,5.108333,40.78422,-111.931
ROSE PARK,2022-04-03,4.9875,40.78422,-111.931
ROSE PARK,2022-04-04,6.0375,40.78422,-111.931
ROSE PARK,2022-04-05,3.7375,40.78422,-111.931
ROSE PARK,2022-04-06,5.216667,40.78422,-111.931
ROSE PARK,2022-04-07,6.954167,40.78422,-111.931
ROSE PARK,2022-04-08,8.866667,40.78422,-111.931
ROSE PARK,2022-04-09,6.641667,40.78422,-111.931
ROSE PARK,2022-04-10,2.666667,40.78422,-111.931
ROSE PARK,2022-04-11,5.5375,40.78422,-111.931
ROSE PARK,2022-04-12,2.945833,40.78422,-111.931
ROSE PARK,2022-04-13,3.495833,40.78422,-111.931
ROSE PARK,2022-04-14,3.208333,40.78422,-111.931
ROSE PARK,2022-04-15,2.995833,40.78422,-111.931
ROSE PARK,2022-04-16,8.854167,40.78422,-111.931
ROSE PARK,2022-04-17,4.533333,40.78422,-111.931
ROSE PARK,2022-04-18,9.220833,40.78422,-111.931
ROSE PARK,2022-04-19,12.133333,40.78422,-111.931
ROSE PARK,2022-04-20,4.883333,40.78422,-111.931
ROSE PARK,2022-04-21,17.975,40.78422,-111.931
ROSE PARK,2022-04-22,5.004167,40.78422,-111.931
ROSE PARK,2022-04-23,3.483333,40.78422,-111.931
ROSE PARK,2022-04-24,4.6875,40.78422,-111.931
ROSE PARK,2022-04-25,4.483333,40.78422,-111.931
ROSE PARK,2022-04-26,8.8875,40.78422,-111.931
ROSE PARK,2022-04-27,12.541667,40.78422,-111.931
ROSE PARK,2022-04-28,11.15,40.78422,-111.931
ROSE PARK,2022-04-29,4.283333,40.78422,-111.931
ROSE PARK,2022-04-30,6.2125,40.78422,-111.931
ROSE PARK,2022-05-01,3.1625,40.78422,-111.931
ROSE PARK,2022-05-02,4.358333,40.78422,-111.931
ROSE PARK,2022-05-03,1.579167,40.78422,-111.931
ROSE PARK,2022-05-04,6.758333,40.78422,-111.931
ROSE PARK,2022-05-05,5.8875,40.78422,-111.931
ROSE PARK,2022-05-06,12.8,40.78422,-111.931
ROSE PARK,2022-05-07,17.6125,40.78422,-111.931
ROSE PARK,2022-05-08,5.808333,40.78422,-111.931
ROSE PARK,2022-05-09,3.070833,40.78422,-111.931
ROSE PARK,2022-05-10,5.233333,40.78422,-111.931
ROSE PARK,2022-05-11,6.341667,40.78422,-111.931
ROSE PARK,2022-05-12,3.6375,40.78422,-111.931
ROSE PARK,2022-05-13,3.791667,40.78422,-111.931
ROSE PARK,2022-05-14,5.316667,40.78422,-111.931
ROSE PARK,2022-05-15,4.720833,40.78422,-111.931
ROSE PARK,2022-05-16,5.3875,40.78422,-111.931
ROSE PARK,2022-05-17,5.058333,40.78422,-111.931
ROSE PARK,2022-05-18,5.1,40.78422,-111.931
ROSE PARK,2022-05-19,7.3,40.78422,-111.931
ROSE PARK,2022-05-20,1.8625,40.78422,-111.931
ROSE PARK,2022-05-21,4.191667,40.78422,-111.931
ROSE PARK,2022-05-22,5.408333,40.78422,-111.931
ROSE PARK,2022-05-23,7.008333,40.78422,-111.931
ROSE PARK,2022-05-24,5.775,40.78422,-111.931
ROSE PARK,2022-05-25,7.8125,40.78422,-111.931
ROSE PARK,2022-05-26,6.804167,40.78422,-111.931
ROSE PARK,2022-05-27,13.8375,40.78422,-111.931
ROSE PARK,2022-05-28,6.479167,40.78422,-111.931
ROSE PARK,2022-05-29,1.516667,40.78422,-111.931
ROSE PARK,2022-05-30,1.779167,40.78422,-111.931
ROSE PARK,2022-05-31,3.354167,40.78422,-111.931
ROSE PARK,2022-06-01,4.0875,40.78422,-111.931
ROSE PARK,2022-06-02,6.029167,40.78422,-111.931
ROSE PARK,2022-06-03,6.445833,40.78422,-111.931
ROSE PARK,2022-06-04,5.420833,40.78422,-111.931
ROSE PARK,2022-06-05,4.783333,40.78422,-111.931
ROSE PARK,2022-06-06,5.6,40.78422,-111.931
ROSE PARK,2022-06-07,5.63913,40.78422,-111.931
ROSE PARK,2022-06-08,8.116667,40.78422,-111.931
ROSE PARK,2022-06-09,10.1,40.78422,-111.931
ROSE PARK,2022-06-10,9.995833,40.78422,-111.931
ROSE PARK,2022-06-11,6.375,40.78422,-111.931
ROSE PARK,2022-06-12,12.304167,40.78422,-111.931
ROSE PARK,2022-06-13,5.195833,40.78422,-111.931
ROSE PARK,2022-06-14,5.6875,40.78422,-111.931
ROSE PARK,2022-06-15,8.279167,40.78422,-111.931
ROSE PARK,2022-06-16,6.804167,40.78422,-111.931
ROSE PARK,2022-06-17,18.483333,40.78422,-111.931
ROSE PARK,2022-06-18,29.133333,40.78422,-111.931
ROSE PARK,2022-06-19,12.991667,40.78422,-111.931
ROSE PARK,2022-06-20,3.108333,40.78422,-111.931
ROSE PARK,2022-06-21,4.066667,40.78422,-111.931
ROSE PARK,2022-06-22,8.0875,40.78422,-111.931
ROSE PARK,2022-06-23,9.166667,40.78422,-111.931
ROSE PARK,2022-06-24,6.054167,40.78422,-111.931
ROSE PARK,2022-06-25,4.979167,40.78422,-111.931
ROSE PARK,2022-06-26,6.716667,40.78422,-111.931
ROSE PARK,2022-06-27,7.775,40.78422,-111.931
ROSE PARK,2022-06-28,7.070833,40.78422,-111.931
ROSE PARK,2022-06-29,9.833333,40.78422,-111.931
ROSE PARK,2022-06-30,8.591667,40.78422,-111.931
ROSE PARK,2022-07-01,5.033333,40.78422,-111.931
ROSE PARK,2022-07-02,3.9,40.78422,-111.931
ROSE PARK,2022-07-03,4.925,40.78422,-111.931
ROSE PARK,2022-07-04,4.841667,40.78422,-111.931
ROSE PARK,2022-07-05,5.4375,40.78422,-111.931
ROSE PARK,2022-07-06,4.2375,40.78422,-111.931
ROSE PARK,2022-07-07,5.371429,40.78422,-111.931
ROSE PARK,2022-07-08,6.616667,40.78422,-111.931
ROSE PARK,2022-07-09,8.416667,40.78422,-111.931
ROSE PARK,2022-07-10,18.614286,40.78422,-111.931
ROSE PARK,2022-07-12,10.866667,40.78422,-111.931
ROSE PARK,2022-07-13,8.104167,40.78422,-111.931
ROSE PARK,2022-07-14,6.25,40.78422,-111.931
ROSE PARK,2022-07-15,6.9125,40.78422,-111.931
ROSE PARK,2022-07-16,5.6375,40.78422,-111.931
ROSE PARK,2022-07-17,7.925,40.78422,-111.931
ROSE PARK,2022-07-18,6.546667,40.78422,-111.931
ROSE PARK,2022-07-19,8.041667,40.78422,-111.931
ROSE PARK,2022-07-20,5.645833,40.78422,-111.931
ROSE PARK,2022-07-21,7.120833,40.78422,-111.931
ROSE PARK,2022-07-22,6.120833,40.78422,-111.931
ROSE PARK,2022-07-23,8.770833,40.78422,-111.931
ROSE PARK,2022-07-24,8.141667,40.78422,-111.931
ROSE PARK,2022-07-25,7.95,40.78422,-111.931
ROSE PARK,2022-07-26,8.8375,40.78422,-111.931
ROSE PARK,2022-07-27,6.7,40.78422,-111.931
ROSE PARK,2022-07-28,8.0,40.78422,-111.931
ROSE PARK,2022-07-29,8.033333,40.78422,-111.931
ROSE PARK,2022-07-30,7.670833,40.78422,-111.931
ROSE PARK,2022-07-31,5.0125,40.78422,-111.931
ROSE PARK,2022-08-01,4.216667,40.78422,-111.931
ROSE PARK,2022-08-02,7.579167,40.78422,-111.931
ROSE PARK,2022-08-03,12.266667,40.78422,-111.931
ROSE PARK,2022-08-04,10.641667,40.78422,-111.931
ROSE PARK,2022-08-05,8.695833,40.78422,-111.931
ROSE PARK,2022-08-06,6.516667,40.78422,-111.931
ROSE PARK,2022-08-07,7.2875,40.78422,-111.931
ROSE PARK,2022-08-08,7.983333,40.78422,-111.931
ROSE PARK,2022-08-09,7.175,40.78422,-111.931
ROSE PARK,2022-08-10,6.266667,40.78422,-111.931
ROSE PARK,2022-08-11,5.733333,40.78422,-111.931
ROSE PARK,2022-08-12,6.7375,40.78422,-111.931
ROSE PARK,2022-08-13,5.095833,40.78422,-111.931
ROSE PARK,2022-08-14,4.3625,40.78422,-111.931
ROSE PARK,2022-08-15,6.420833,40.78422,-111.931
ROSE PARK,2022-08-16,5.2875,40.78422,-111.931
ROSE PARK,2022-08-17,4.645833,40.78422,-111.931
ROSE PARK,2022-08-18,7.526087,40.78422,-111.931
ROSE PARK,2022-08-19,5.908333,40.78422,-111.931
ROSE PARK,2022-08-20,5.508333,40.78422,-111.931
ROSE PARK,2022-08-21,4.9375,40.78422,-111.931
ROSE PARK,2022-08-22,7.295833,40.78422,-111.931
ROSE PARK,2022-08-23,7.808333,40.78422,-111.931
ROSE PARK,2022-08-24,6.941667,40.78422,-111.931
ROSE PARK,2022-08-25,4.620833,40.78422,-111.931
ROSE PARK,2022-08-26,4.641667,40.78422,-111.931
ROSE PARK,2022-08-27,4.129167,40.78422,-111.931
ROSE PARK,2022-08-28,9.3625,40.78422,-111.931
ROSE PARK,2022-08-29,9.983333,40.78422,-111.931
ROSE PARK,2022-08-30,9.058333,40.78422,-111.931
ROSE PARK,2022-08-31,7.233333,40.78422,-111.931
ROSE PARK,2022-09-01,8.0375,40.78422,-111.931
ROSE PARK,2022-09-02,10.0,40.78422,-111.931
ROSE PARK,2022-09-03,6.55,40.78422,-111.931
ROSE PARK,2022-09-04,7.7125,40.78422,-111.931
ROSE PARK,2022-09-05,9.358333,40.78422,-111.931
ROSE PARK,2022-09-06,9.704167,40.78422,-111.931
ROSE PARK,2022-09-07,9.629167,40.78422,-111.931
ROSE PARK,2022-09-08,14.279167,40.78422,-111.931
ROSE PARK,2022-09-09,30.475,40.78422,-111.931
ROSE PARK,2022-09-10,39.879167,40.78422,-111.931
ROSE PARK,2022-09-11,28.870833,40.78422,-111.931
ROSE PARK,2022-09-12,20.370833,40.78422,-111.931
ROSE PARK,2022-09-13,4.108333,40.78422,-111.931
ROSE PARK,2022-09-14,6.416667,40.78422,-111.931
ROSE PARK,2022-09-15,6.104167,40.78422,-111.931
ROSE PARK,2022-09-16,5.2625,40.78422,-111.931
ROSE PARK,2022-09-17,12.029167,40.78422,-111.931
ROSE PARK,2022-09-18,5.05,40.78422,-111.931
ROSE PARK,2022-09-19,3.25,40.78422,-111.931
ROSE PARK,2022-09-20,3.9875,40.78422,-111.931
ROSE PARK,2022-09-21,4.104167,40.78422,-111.931
ROSE PARK,2022-09-22,5.725,40.78422,-111.931
ROSE PARK,2022-09-23,6.591667,40.78422,-111.931
ROSE PARK,2022-09-24,8.141667,40.78422,-111.931
ROSE PARK,2022-09-25,7.225,40.78422,-111.931
ROSE PARK,2022-09-26,7.420833,40.78422,-111.931
ROSE PARK,2022-09-27,7.254167,40.78422,-111.931
ROSE PARK,2022-09-28,6.145833,40.78422,-111.931
ROSE PARK,2022-09-29,5.7,40.78422,-111.931
ROSE PARK,2022-09-30,4.4625,40.78422,-111.931
ROSE PARK,2022-10-01,5.783333,40.78422,-111.931
ROSE PARK,2022-10-02,6.975,40.78422,-111.931
ROSE PARK,2022-10-03,6.5125,40.78422,-111.931
ROSE PARK,2022-10-04,8.433333,40.78422,-111.931
ROSE PARK,2022-10-05,8.741667,40.78422,-111.931
ROSE PARK,2022-10-06,8.816667,40.78422,-111.931
ROSE PARK,2022-10-07,7.208333,40.78422,-111.931
ROSE PARK,2022-10-08,8.116667,40.78422,-111.931
ROSE PARK,2022-10-09,7.9625,40.78422,-111.931
ROSE PARK,2022-10-10,7.558333,40.78422,-111.931
ROSE PARK,2022-10-11,9.283333,40.78422,-111.931
ROSE PARK,2022-10-12,9.441667,40.78422,-111.931
ROSE PARK,2022-10-13,10.1125,40.78422,-111.931
ROSE PARK,2022-10-14,7.666667,40.78422,-111.931
ROSE PARK,2022-10-15,6.408333,40.78422,-111.931
ROSE PARK,2022-10-16,5.566667,40.78422,-111.931
ROSE PARK,2022-10-17,7.495833,40.78422,-111.931
ROSE PARK,2022-10-18,8.633333,40.78422,-111.931
ROSE PARK,2022-10-19,9.945833,40.78422,-111.931
ROSE PARK,2022-10-20,10.0,40.78422,-111.931
ROSE PARK,2022-10-21,6.254167,40.78422,-111.931
ROSE PARK,2022-10-22,7.191667,40.78422,-111.931
ROSE PARK,2022-10-23,3.858333,40.78422,-111.931
ROSE PARK,2022-10-24,6.0125,40.78422,-111.931
ROSE PARK,2022-10-25,4.216667,40.78422,-111.931
ROSE PARK,2022-10-26,6.3875,40.78422,-111.931
ROSE PARK,2022-10-27,4.482609,40.78422,-111.931
ROSE PARK,2022-10-28,11.416667,40.78422,-111.931
ROSE PARK,2022-10-29,15.654167,40.78422,-111.931
ROSE PARK,2022-10-30,10.55,40.78422,-111.931
ROSE PARK,2022-10-31,6.8125,40.78422,-111.931
ROSE PARK,2022-11-01,3.433333,40.78422,-111.931
ROSE PARK,2022-11-02,2.875,40.78422,-111.931
ROSE PARK,2022-11-03,4.595833,40.78422,-111.931
ROSE PARK,2022-11-04,4.134783,40.78422,-111.931
ROSE PARK,2022-11-05,1.279167,40.78422,-111.931
ROSE PARK,2022-11-06,3.066667,40.78422,-111.931
ROSE PARK,2022-11-07,3.1625,40.78422,-111.931
ROSE PARK,2022-11-08,6.8875,40.78422,-111.931
ROSE PARK,2022-11-09,1.8,40.78422,-111.931
ROSE PARK,2022-11-10,4.291667,40.78422,-111.931
ROSE PARK,2022-11-11,7.104167,40.78422,-111.931
ROSE PARK,2022-11-12,11.85,40.78422,-111.931
ROSE PARK,2022-11-13,10.15,40.78422,-111.931
ROSE PARK,2022-11-14,7.491667,40.78422,-111.931
ROSE PARK,2022-11-15,9.0875,40.78422,-111.931
ROSE PARK,2022-11-16,8.541667,40.78422,-111.931
ROSE PARK,2022-11-17,12.3375,40.78422,-111.931
ROSE PARK,2022-11-18,8.191667,40.78422,-111.931
ROSE PARK,2022-11-19,7.8125,40.78422,-111.931
ROSE PARK,2022-11-20,20.495833,40.78422,-111.931
ROSE PARK,2022-11-21,25.158333,40.78422,-111.931
ROSE PARK,2022-11-22,28.483333,40.78422,-111.931
ROSE PARK,2022-11-23,21.416667,40.78422,-111.931
ROSE PARK,2022-11-24,9.458333,40.78422,-111.931
ROSE PARK,2022-11-25,11.520833,40.78422,-111.931
ROSE PARK,2022-11-26,16.525,40.78422,-111.931
ROSE PARK,2022-11-27,7.054167,40.78422,-111.931
ROSE PARK,2022-11-28,2.383333,40.78422,-111.931
ROSE PARK,2022-11-29,2.920833,40.78422,-111.931
ROSE PARK,2022-11-30,4.991667,40.78422,-111.931
ROSE PARK,2022-12-01,6.245833,40.78422,-111.931
ROSE PARK,2022-12-02,7.541667,40.78422,-111.931
ROSE PARK,2022-12-03,8.845833,40.78422,-111.931
ROSE PARK,2022-12-04,14.770833,40.78422,-111.931
ROSE PARK,2022-12-05,7.479167,40.78422,-111.931
ROSE PARK,2022-12-06,13.95,40.78422,-111.931
ROSE PARK,2022-12-07,18.308333,40.78422,-111.931
ROSE PARK,2022-12-08,14.016667,40.78422,-111.931
ROSE PARK,2022-12-09,4.895833,40.78422,-111.931
ROSE PARK,2022-12-10,3.666667,40.78422,-111.931
ROSE PARK,2022-12-11,1.695833,40.78422,-111.931
ROSE PARK,2022-12-12,2.620833,40.78422,-111.931
ROSE PARK,2022-12-13,5.575,40.78422,-111.931
ROSE PARK,2022-12-14,4.529167,40.78422,-111.931
ROSE PARK,2022-12-15,7.270833,40.78422,-111.931
ROSE PARK,2022-12-16,10.358333,40.78422,-111.931
ROSE PARK,2022-12-17,15.920833,40.78422,-111.931
ROSE PARK,2022-12-18,22.7125,40.78422,-111.931
ROSE PARK,2022-12-19,31.545833,40.78422,-111.931
ROSE PARK,2022-12-20,30.879167,40.78422,-111.931
ROSE PARK,2022-12-21,6.370833,40.78422,-111.931
ROSE PARK,2022-12-22,2.275,40.78422,-111.931
ROSE PARK,2022-12-23,15.645833,40.78422,-111.931
ROSE PARK,2022-12-24,32.0375,40.78422,-111.931
ROSE PARK,2022-12-25,43.779167,40.78422,-111.931
ROSE PARK,2022-12-26,21.975,40.78422,-111.931
ROSE PARK,2022-12-27,2.333333,40.78422,-111.931
ROSE PARK,2022-12-28,1.9125,40.78422,-111.931
ROSE PARK,2022-12-29,3.158333,40.78422,-111.931
ROSE PARK,2022-12-30,2.795833,40.78422,-111.931
ROSE PARK,2022-12-31,4.004167,40.78422,-111.931
ROSE PARK,2023-01-01,3.958333,40.78422,-111.931
ROSE PARK,2023-01-02,1.904167,40.78422,-111.931
ROSE PARK,2023-01-03,10.279167,40.78422,-111.931
ROSE PARK,2023-01-04,7.283333,40.78422,-111.931
ROSE PARK,2023-01-05,2.4875,40.78422,-111.931
ROSE PARK,2023-01-06,5.716667,40.78422,-111.931
ROSE PARK,2023-01-07,7.3375,40.78422,-111.931
ROSE PARK,2023-01-08,3.166667,40.78422,-111.931
ROSE PARK,2023-01-09,3.479167,40.78422,-111.931
ROSE PARK,2023-01-10,1.320833,40.78422,-111.931
ROSE PARK,2023-01-11,4.6,40.78422,-111.931
ROSE PARK,2023-01-12,7.275,40.78422,-111.931
ROSE PARK,2023-01-13,11.691667,40.78422,-111.931
ROSE PARK,2023-01-14,7.358333,40.78422,-111.931
ROSE PARK,2023-01-15,2.3125,40.78422,-111.931
ROSE PARK,2023-01-16,5.845833,40.78422,-111.931
ROSE PARK,2023-01-17,6.641667,40.78422,-111.931
ROSE PARK,2023-01-18,3.5,40.78422,-111.931
ROSE PARK,2023-01-19,7.433333,40.78422,-111.931
ROSE PARK,2023-01-20,5.154167,40.78422,-111.931
ROSE PARK,2023-01-21,4.595833,40.78422,-111.931
ROSE PARK,2023-01-22,10.1,40.78422,-111.931
ROSE PARK,2023-01-23,5.370833,40.78422,-111.931
ROSE PARK,2023-01-24,5.720833,40.78422,-111.931
ROSE PARK,2023-01-25,15.383333,40.78422,-111.931
ROSE PARK,2023-01-26,16.354167,40.78422,-111.931
ROSE PARK,2023-01-27,4.683333,40.78422,-111.931
ROSE PARK,2023-01-28,1.8875,40.78422,-111.931
ROSE PARK,2023-01-29,3.4,40.78422,-111.931
ROSE PARK,2023-01-30,3.645833,40.78422,-111.931
ROSE PARK,2023-01-31,11.533333,40.78422,-111.931
ROSE PARK,2023-02-01,29.279167,40.78422,-111.931
ROSE PARK,2023-02-02,38.620833,40.78422,-111.931
ROSE PARK,2023-02-03,43.5125,40.78422,-111.931
ROSE PARK,2023-02-04,44.591667,40.78422,-111.931
ROSE PARK,2023-02-05,29.6375,40.78422,-111.931
ROSE PARK,2023-02-06,6.166667,40.78422,-111.931
ROSE PARK,2023-02-07,6.854167,40.78422,-111.931
ROSE PARK,2023-02-08,10.029167,40.78422,-111.931
ROSE PARK,2023-02-09,4.408333,40.78422,-111.931
ROSE PARK,2023-02-10,14.825,40.78422,-111.931
ROSE PARK,2023-02-11,24.708333,40.78422,-111.931
ROSE PARK,2023-02-12,22.170833,40.78422,-111.931
ROSE PARK,2023-02-13,25.8875,40.78422,-111.931
ROSE PARK,2023-02-14,0.891667,40.78422,-111.931
ROSE PARK,2023-02-15,2.9875,40.78422,-111.931
ROSE PARK,2023-02-16,8.395833,40.78422,-111.931
ROSE PARK,2023-02-17,13.216667,40.78422,-111.931
ROSE PARK,2023-02-18,21.941667,40.78422,-111.931
ROSE PARK,2023-02-19,7.683333,40.78422,-111.931
ROSE PARK,2023-02-20,5.683333,40.78422,-111.931
ROSE PARK,2023-02-21,2.679167,40.78422,-111.931
ROSE PARK,2023-02-22,3.791667,40.78422,-111.931
ROSE PARK,2023-02-23,2.991667,40.78422,-111.931
ROSE PARK,2023-02-24,3.7,40.78422,-111.931
ROSE PARK,2023-02-25,7.116667,40.78422,-111.931
ROSE PARK,2023-02-26,5.3,40.78422,-111.931
ROSE PARK,2023-02-27,1.295833,40.78422,-111.931
ROSE PARK,2023-02-28,1.75,40.78422,-111.931
ROSE PARK,2023-03-01,4.020833,40.78422,-111.931
ROSE PARK,2023-03-02,3.204167,40.78422,-111.931
ROSE PARK,2023-03-03,5.095833,40.78422,-111.931
ROSE PARK,2023-03-04,5.325,40.78422,-111.931
ROSE PARK,2023-03-05,3.295833,40.78422,-111.931
ROSE PARK,2023-03-06,2.8375,40.78422,-111.931
ROSE PARK,2023-03-07,7.234783,40.78422,-111.931
ROSE PARK,2023-03-08,11.2125,40.78422,-111.931
ROSE PARK,2023-03-09,4.166667,40.78422,-111.931
ROSE PARK,2023-03-10,2.758333,40.78422,-111.931
ROSE PARK,2023-03-11,3.691667,40.78422,-111.931
ROSE PARK,2023-03-12,8.483333,40.78422,-111.931
ROSE PARK,2023-03-13,3.633333,40.78422,-111.931
ROSE PARK,2023-03-14,1.604167,40.78422,-111.931
ROSE PARK,2023-03-15,1.954167,40.78422,-111.931
ROSE PARK,2023-03-16,4.079167,40.78422,-111.931
ROSE PARK,2023-03-17,6.7875,40.78422,-111.931
ROSE PARK,2023-03-18,6.170833,40.78422,-111.931
ROSE PARK,2023-03-19,3.4375,40.78422,-111.931
ROSE PARK,2023-03-20,2.458333,40.78422,-111.931
ROSE PARK,2023-03-21,4.0375,40.78422,-111.931
ROSE PARK,2023-03-22,1.6375,40.78422,-111.931
ROSE PARK,2023-03-23,3.283333,40.78422,-111.931
ROSE PARK,2023-03-24,2.2125,40.78422,-111.931
ROSE PARK,2023-03-25,0.870833,40.78422,-111.931
ROSE PARK,2023-03-26,1.408333,40.78422,-111.931
ROSE PARK,2023-03-27,2.983333,40.78422,-111.931
ROSE PARK,2023-03-28,5.120833,40.78422,-111.931
ROSE PARK,2023-03-29,3.983333,40.78422,-111.931
ROSE PARK,2023-03-30,2.7375,40.78422,-111.931
ROSE PARK,2023-03-31,3.8375,40.78422,-111.931
ROSE PARK,2023-04-01,2.716667,40.78422,-111.931
ROSE PARK,2023-04-02,2.008333,40.78422,-111.931
ROSE PARK,2023-04-03,2.904167,40.78422,-111.931
ROSE PARK,2023-04-04,1.233333,40.78422,-111.931
ROSE PARK,2023-04-05,1.575,40.78422,-111.931
ROSE PARK,2023-04-06,6.045833,40.78422,-111.931
ROSE PARK,2023-04-07,9.804167,40.78422,-111.931
ROSE PARK,2023-04-08,9.004167,40.78422,-111.931
ROSE PARK,2023-04-09,7.095833,40.78422,-111.931
ROSE PARK,2023-04-10,7.525,40.78422,-111.931
ROSE PARK,2023-04-11,5.725,40.78422,-111.931
ROSE PARK,2023-04-12,12.434783,40.78422,-111.931
ROSE PARK,2023-04-13,3.279167,40.78422,-111.931
ROSE PARK,2023-04-14,5.379167,40.78422,-111.931
ROSE PARK,2023-04-15,5.770833,40.78422,-111.931
ROSE PARK,2023-04-16,9.245833,40.78422,-111.931
ROSE PARK,2023-04-17,8.520833,40.78422,-111.931
ROSE PARK,2023-04-18,9.966667,40.78422,-111.931
ROSE PARK,2023-04-19,1.904167,40.78422,-111.931
ROSE PARK,2023-04-20,3.3875,40.78422,-111.931
ROSE PARK,2023-04-21,4.345833,40.78422,-111.931
ROSE PARK,2023-04-22,4.7125,40.78422,-111.931
ROSE PARK,2023-04-23,5.141667,40.78422,-111.931
ROSE PARK,2023-04-24,3.9625,40.78422,-111.931
ROSE PARK,2023-04-25,4.283333,40.78422,-111.931
ROSE PARK,2023-04-26,6.866667,40.78422,-111.931
ROSE PARK,2023-04-27,5.4125,40.78422,-111.931
ROSE PARK,2023-04-28,4.729167,40.78422,-111.931
ROSE PARK,2023-04-29,7.241667,40.78422,-111.931
ROSE PARK,2023-04-30,6.833333,40.78422,-111.931
ROSE PARK,2023-05-01,7.258333,40.78422,-111.931
ROSE PARK,2023-05-02,7.183333,40.78422,-111.931
ROSE PARK,2023-05-03,8.454167,40.78422,-111.931
ROSE PARK,2023-05-04,7.341667,40.78422,-111.931
ROSE PARK,2023-05-05,3.220833,40.78422,-111.931
ROSE PARK,2023-05-06,2.5875,40.78422,-111.931
ROSE PARK,2023-05-07,4.604167,40.78422,-111.931
ROSE PARK,2023-05-08,4.954167,40.78422,-111.931
ROSE PARK,2023-05-09,5.879167,40.78422,-111.931
ROSE PARK,2023-05-10,6.166667,40.78422,-111.931
ROSE PARK,2023-05-11,7.783333,40.78422,-111.931
ROSE PARK,2023-05-12,7.025,40.78422,-111.931
ROSE PARK,2023-05-13,4.833333,40.78422,-111.931
ROSE PARK,2023-05-14,4.5625,40.78422,-111.931
ROSE PARK,2023-05-15,5.829167,40.78422,-111.931
ROSE PARK,2023-05-16,7.395833,40.78422,-111.931
ROSE PARK,2023-05-17,7.720833,40.78422,-111.931
ROSE PARK,2023-05-18,5.575,40.78422,-111.931
ROSE PARK,2023-05-19,17.395833,40.78422,-111.931
ROSE PARK,2023-05-20,26.420833,40.78422,-111.931
ROSE PARK,2023-05-21,16.533333,40.78422,-111.931
ROSE PARK,2023-05-22,10.2625,40.78422,-111.931
ROSE PARK,2023-05-23,4.983333,40.78422,-111.931
ROSE PARK,2023-05-24,6.091667,40.78422,-111.931
ROSE PARK,2023-05-25,5.104167,40.78422,-111.931
ROSE PARK,2023-05-26,4.958333,40.78422,-111.931
ROSE PARK,2023-05-27,6.283333,40.78422,-111.931
ROSE PARK,2023-05-28,6.279167,40.78422,-111.931
ROSE PARK,2023-05-29,6.745833,40.78422,-111.931
ROSE PARK,2023-05-30,8.1875,40.78422,-111.931
ROSE PARK,2023-05-31,7.579167,40.78422,-111.931
ROSE PARK,2023-06-01,5.6625,40.78422,-111.931
ROSE PARK,2023-06-02,5.9375,40.78422,-111.931
ROSE PARK,2023-06-03,7.3375,40.78422,-111.931
ROSE PARK,2023-06-04,4.533333,40.78422,-111.931
ROSE PARK,2023-06-05,7.695833,40.78422,-111.931
ROSE PARK,2023-06-06,8.15,40.78422,-111.931
ROSE PARK,2023-06-07,3.991667,40.78422,-111.931
ROSE PARK,2023-06-08,5.329167,40.78422,-111.931
ROSE PARK,2023-06-09,7.054167,40.78422,-111.931
ROSE PARK,2023-06-10,5.883333,40.78422,-111.931
ROSE PARK,2023-06-11,4.279167,40.78422,-111.931
ROSE PARK,2023-06-12,6.275,40.78422,-111.931
ROSE PARK,2023-06-13,4.75,40.78422,-111.931
ROSE PARK,2023-06-14,4.4625,40.78422,-111.931
ROSE PARK,2023-06-15,3.641667,40.78422,-111.931
ROSE PARK,2023-06-16,5.354167,40.78422,-111.931
ROSE PARK,2023-06-17,5.870833,40.78422,-111.931
ROSE PARK,2023-06-18,5.695833,40.78422,-111.931
ROSE PARK,2023-06-19,9.620833,40.78422,-111.931
ROSE PARK,2023-06-20,5.266667,40.78422,-111.931
ROSE PARK,2023-06-21,8.0,40.78422,-111.931
ROSE PARK,2023-06-22,5.995833,40.78422,-111.931
ROSE PARK,2023-06-23,8.691667,40.78422,-111.931
ROSE PARK,2023-06-24,7.970833,40.78422,-111.931
ROSE PARK,2023-06-25,7.404167,40.78422,-111.931
ROSE PARK,2023-06-26,4.158333,40.78422,-111.931
ROSE PARK,2023-06-27,5.654167,40.78422,-111.931
ROSE PARK,2023-06-28,5.654167,40.78422,-111.931
ROSE PARK,2023-06-29,8.825,40.78422,-111.931
ROSE PARK,2023-06-30,7.466667,40.78422,-111.931
ROSE PARK,2023-07-01,7.4625,40.78422,-111.931
ROSE PARK,2023-07-02,4.804167,40.78422,-111.931
ROSE PARK,2023-07-03,7.604167,40.78422,-111.931
ROSE PARK,2023-07-04,10.75,40.78422,-111.931
ROSE PARK,2023-07-05,20.591667,40.78422,-111.931
ROSE PARK,2023-07-06,11.091667,40.78422,-111.931
ROSE PARK,2023-07-07,8.558333,40.78422,-111.931
ROSE PARK,2023-07-08,9.395833,40.78422,-111.931
ROSE PARK,2023-07-09,7.2125,40.78422,-111.931
ROSE PARK,2023-07-10,8.3625,40.78422,-111.931
ROSE PARK,2023-07-11,7.425,40.78422,-111.931
ROSE PARK,2023-07-12,6.980952,40.78422,-111.931
ROSE PARK,2023-07-13,5.975,40.78422,-111.931
ROSE PARK,2023-07-14,5.945833,40.78422,-111.931
ROSE PARK,2023-07-15,5.541667,40.78422,-111.931
ROSE PARK,2023-07-16,5.7625,40.78422,-111.931
ROSE PARK,2023-07-17,8.008333,40.78422,-111.931
ROSE PARK,2023-07-18,9.195833,40.78422,-111.931
ROSE PARK,2023-07-19,6.320833,40.78422,-111.931
ROSE PARK,2023-07-20,6.545833,40.78422,-111.931
ROSE PARK,2023-07-21,6.7,40.78422,-111.931
ROSE PARK,2023-07-22,5.854167,40.78422,-111.931
ROSE PARK,2023-07-23,5.054167,40.78422,-111.931
ROSE PARK,2023-07-24,8.733333,40.78422,-111.931
ROSE PARK,2023-07-25,7.379167,40.78422,-111.931
ROSE PARK,2023-07-26,4.883333,40.78422,-111.931
ROSE PARK,2023-07-27,5.191667,40.78422,-111.931
ROSE PARK,2023-07-28,8.291667,40.78422,-111.931
ROSE PARK,2023-07-29,6.654167,40.78422,-111.931
ROSE PARK,2023-07-30,7.604167,40.78422,-111.931
ROSE PARK,2023-07-31,9.35,40.78422,-111.931
ROSE PARK,2023-08-01,7.104167,40.78422,-111.931
ROSE PARK,2023-08-02,6.945833,40.78422,-111.931
ROSE PARK,2023-08-03,5.313043,40.78422,-111.931
ROSE PARK,2023-08-04,4.570833,40.78422,-111.931
ROSE PARK,2023-08-05,5.1375,40.78422,-111.931
ROSE PARK,2023-08-06,5.45,40.78422,-111.931
ROSE PARK,2023-08-07,6.708333,40.78422,-111.931
ROSE PARK,2023-08-08,8.854167,40.78422,-111.931
ROSE PARK,2023-08-09,8.2375,40.78422,-111.931
ROSE PARK,2023-08-10,6.520833,40.78422,-111.931
ROSE PARK,2023-08-11,4.9375,40.78422,-111.931
ROSE PARK,2023-08-12,4.429167,40.78422,-111.931
ROSE PARK,2023-08-13,4.658333,40.78422,-111.931
ROSE PARK,2023-08-14,7.941667,40.78422,-111.931
ROSE PARK,2023-08-15,7.7375,40.78422,-111.931
ROSE PARK,2023-08-16,5.479167,40.78422,-111.931
ROSE PARK,2023-08-17,6.95,40.78422,-111.931
ROSE PARK,2023-08-18,3.895833,40.78422,-111.931
ROSE PARK,2023-08-19,3.2625,40.78422,-111.931
ROSE PARK,2023-08-20,4.608333,40.78422,-111.931
ROSE PARK,2023-08-21,5.3625,40.78422,-111.931
ROSE PARK,2023-08-22,4.4375,40.78422,-111.931
ROSE PARK,2023-08-23,6.6875,40.78422,-111.931
ROSE PARK,2023-08-24,7.725,40.78422,-111.931
ROSE PARK,2023-08-25,6.295833,40.78422,-111.931
ROSE PARK,2023-08-26,6.325,40.78422,-111.931
ROSE PARK,2023-08-27,5.170833,40.78422,-111.931
ROSE PARK,2023-08-28,6.6875,40.78422,-111.931
ROSE PARK,2023-08-29,5.791667,40.78422,-111.931
ROSE PARK,2023-08-30,26.166667,40.78422,-111.931
ROSE PARK,2023-08-31,15.983333,40.78422,-111.931
ROSE PARK,2023-09-01,4.016667,40.78422,-111.931
ROSE PARK,2023-09-02,4.125,40.78422,-111.931
ROSE PARK,2023-09-03,4.95,40.78422,-111.931
ROSE PARK,2023-09-04,3.479167,40.78422,-111.931
ROSE PARK,2023-09-05,6.779167,40.78422,-111.931
ROSE PARK,2023-09-06,6.033333,40.78422,-111.931
ROSE PARK,2023-09-07,3.8375,40.78422,-111.931
ROSE PARK,2023-09-08,3.016667,40.78422,-111.931
ROSE PARK,2023-09-09,6.783333,40.78422,-111.931
ROSE PARK,2023-09-10,6.325,40.78422,-111.931
ROSE PARK,2023-09-11,6.521739,40.78422,-111.931
ROSE PARK,2023-09-12,5.858333,40.78422,-111.931
ROSE PARK,2023-09-13,6.183333,40.78422,-111.931
ROSE PARK,2023-09-14,6.808333,40.78422,-111.931
ROSE PARK,2023-09-15,6.808333,40.78422,-111.931
ROSE PARK,2023-09-16,7.8,40.78422,-111.931
ROSE PARK,2023-09-17,5.095833,40.78422,-111.931
ROSE PARK,2023-09-18,4.6875,40.78422,-111.931
ROSE PARK,2023-09-19,5.7875,40.78422,-111.931
ROSE PARK,2023-09-20,4.279167,40.78422,-111.931
ROSE PARK,2023-09-21,4.545833,40.78422,-111.931
ROSE PARK,2023-09-22,5.408333,40.78422,-111.931
ROSE PARK,2023-09-23,5.695833,40.78422,-111.931
ROSE PARK,2023-09-24,7.808333,40.78422,-111.931
ROSE PARK,2023-09-25,5.791667,40.78422,-111.931
ROSE PARK,2023-09-26,5.195833,40.78422,-111.931
ROSE PARK,2023-09-27,4.55,40.78422,-111.931
ROSE PARK,2023-09-28,7.183333,40.78422,-111.931
ROSE PARK,2023-09-29,9.054167,40.78422,-111.931
ROSE PARK,2023-09-30,5.104167,40.78422,-111.931
ROSE PARK,2023-10-01,4.154167,40.78422,-111.931
ROSE PARK,2023-10-02,4.1125,40.78422,-111.931
ROSE PARK,2023-10-03,5.566667,40.78422,-111.931
ROSE PARK,2023-10-04,4.279167,40.78422,-111.931
ROSE PARK,2023-10-05,7.586957,40.78422,-111.931
ROSE PARK,2023-10-06,8.3375,40.78422,-111.931
ROSE PARK,2023-10-07,7.616667,40.78422,-111.931
ROSE PARK,2023-10-08,6.158333,40.78422,-111.931
ROSE PARK,2023-10-09,5.1375,40.78422,-111.931
ROSE PARK,2023-10-10,5.683333,40.78422,-111.931
ROSE PARK,2023-10-11,2.633333,40.78422,-111.931
ROSE PARK,2023-10-12,4.1625,40.78422,-111.931
ROSE PARK,2023-10-13,5.883333,40.78422,-111.931
ROSE PARK,2023-10-14,6.7375,40.78422,-111.931
ROSE PARK,2023-10-15,7.1125,40.78422,-111.931
ROSE PARK,2023-10-16,8.233333,40.78422,-111.931
ROSE PARK,2023-10-17,10.804167,40.78422,-111.931
ROSE PARK,2023-10-18,7.470833,40.78422,-111.931
ROSE PARK,2023-10-19,7.233333,40.78422,-111.931
ROSE PARK,2023-10-20,9.075,40.78422,-111.931
ROSE PARK,2023-10-21,9.566667,40.78422,-111.931
ROSE PARK,2023-10-22,6.5875,40.78422,-111.931
ROSE PARK,2023-10-23,6.358333,40.78422,-111.931
ROSE PARK,2023-10-24,9.329167,40.78422,-111.931
ROSE PARK,2023-10-25,5.75,40.78422,-111.931
ROSE PARK,2023-10-26,2.204167,40.78422,-111.931
ROSE PARK,2023-10-27,5.666667,40.78422,-111.931
ROSE PARK,2023-10-28,4.7,40.78422,-111.931
ROSE PARK,2023-10-29,5.591667,40.78422,-111.931
ROSE PARK,2023-10-30,7.491667,40.78422,-111.931
ROSE PARK,2023-10-31,12.6125,40.78422,-111.931
ROSE PARK,2023-11-01,15.1875,40.78422,-111.931
ROSE PARK,2023-11-02,11.370833,40.78422,-111.931
ROSE PARK,2023-11-03,8.05,40.78422,-111.931
ROSE PARK,2023-11-04,6.770833,40.78422,-111.931
ROSE PARK,2023-11-05,10.166667,40.78422,-111.931
ROSE PARK,2023-11-06,4.821739,40.78422,-111.931
ROSE PARK,2023-11-07,2.129167,40.78422,-111.931
ROSE PARK,2023-11-08,6.5,40.78422,-111.931
ROSE PARK,2023-11-09,7.383333,40.78422,-111.931
ROSE PARK,2023-11-10,10.375,40.78422,-111.931
ROSE PARK,2023-11-11,12.779167,40.78422,-111.931
ROSE PARK,2023-11-12,9.05,40.78422,-111.931
ROSE PARK,2023-11-13,4.2,40.78422,-111.931
ROSE PARK,2023-11-14,4.820833,40.78422,-111.931
ROSE PARK,2023-11-15,5.758333,40.78422,-111.931
ROSE PARK,2023-11-16,5.420833,40.78422,-111.931
ROSE PARK,2023-11-17,13.529167,40.78422,-111.931
ROSE PARK,2023-11-18,12.683333,40.78422,-111.931
ROSE PARK,2023-11-19,2.0875,40.78422,-111.931
ROSE PARK,2023-11-20,2.279167,40.78422,-111.931
ROSE PARK,2023-11-21,9.154167,40.78422,-111.931
ROSE PARK,2023-11-22,15.041667,40.78422,-111.931
ROSE PARK,2023-11-23,16.658333,40.78422,-111.931
ROSE PARK,2023-11-24,2.625,40.78422,-111.931
ROSE PARK,2023-11-25,3.029167,40.78422,-111.931
ROSE PARK,2023-11-26,6.1125,40.78422,-111.931
ROSE PARK,2023-11-27,14.295833,40.78422,-111.931
ROSE PARK,2023-11-28,24.258333,40.78422,-111.931
ROSE PARK,2023-11-29,27.441667,40.78422,-111.931
ROSE PARK,2023-11-30,24.191667,40.78422,-111.931
ROSE PARK,2023-12-01,16.458333,40.78422,-111.931
ROSE PARK,2023-12-02,1.4625,40.78422,-111.931
ROSE PARK,2023-12-03,1.45,40.78422,-111.931
ROSE PARK,2023-12-04,5.1375,40.78422,-111.931
ROSE PARK,2023-12-05,8.295652,40.78422,-111.931
ROSE PARK,2023-12-06,7.795833,40.78422,-111.931
ROSE PARK,2023-12-07,2.8125,40.78422,-111.931
ROSE PARK,2023-12-08,0.725,40.78422,-111.931
ROSE PARK,2023-12-09,4.845833,40.78422,-111.931
ROSE PARK,2023-12-10,5.708333,40.78422,-111.931
ROSE PARK,2023-12-11,12.708333,40.78422,-111.931
ROSE PARK,2023-12-12,14.6375,40.78422,-111.931
ROSE PARK,2023-12-13,8.233333,40.78422,-111.931
ROSE PARK,2023-12-14,12.758333,40.78422,-111.931
ROSE PARK,2023-12-15,19.891667,40.78422,-111.931
ROSE PARK,2023-12-16,25.983333,40.78422,-111.931
ROSE PARK,2023-12-17,33.308333,40.78422,-111.931
ROSE PARK,2023-12-18,28.195833,40.78422,-111.931
ROSE PARK,2023-12-19,19.279167,40.78422,-111.931
ROSE PARK,2023-12-20,19.016667,40.78422,-111.931
ROSE PARK,2023-12-21,17.266667,40.78422,-111.931
ROSE PARK,2023-12-22,14.845833,40.78422,-111.931
ROSE PARK,2023-12-23,5.791667,40.78422,-111.931
ROSE PARK,2023-12-24,2.541667,40.78422,-111.931
ROSE PARK,2023-12-25,7.895833,40.78422,-111.931
ROSE PARK,2023-12-26,9.379167,40.78422,-111.931
ROSE PARK,2023-12-27,12.420833,40.78422,-111.931
ROSE PARK,2023-12-28,21.558333,40.78422,-111.931
ROSE PARK,2023-12-29,24.758333,40.78422,-111.931
ROSE PARK,2023-12-30,24.295833,40.78422,-111.931
ROSE PARK,2023-12-31,27.875,40.78422,-111.931
Utah Technical Center,2019-10-01,3.254167,40.777145,-111.945849
Utah Technical Center,2019-10-02,2.9875,40.777145,-111.945849
Utah Technical Center,2019-10-03,4.925,40.777145,-111.945849
Utah Technical Center,2019-10-04,3.583333,40.777145,-111.945849
Utah Technical Center,2019-10-05,3.020833,40.777145,-111.945849
Utah Technical Center,2019-10-06,2.6625,40.777145,-111.945849
Utah Technical Center,2019-10-07,4.1125,40.777145,-111.945849
Utah Technical Center,2019-10-08,4.704348,40.777145,-111.945849
Utah Technical Center,2019-10-09,1.925,40.777145,-111.945849
Utah Technical Center,2019-10-10,1.104167,40.777145,-111.945849
Utah Technical Center,2019-10-11,3.241667,40.777145,-111.945849
Utah Technical Center,2019-10-12,5.841667,40.777145,-111.945849
Utah Technical Center,2019-10-13,4.8875,40.777145,-111.945849
Utah Technical Center,2019-10-14,5.929167,40.777145,-111.945849
Utah Technical Center,2019-10-15,5.820833,40.777145,-111.945849
Utah Technical Center,2019-10-16,6.333333,40.777145,-111.945849
Utah Technical Center,2019-10-17,5.175,40.777145,-111.945849
Utah Technical Center,2019-10-18,1.970833,40.777145,-111.945849
Utah Technical Center,2019-10-19,1.654167,40.777145,-111.945849
Utah Technical Center,2019-10-20,1.520833,40.777145,-111.945849
Utah Technical Center,2019-10-21,2.366667,40.777145,-111.945849
Utah Technical Center,2019-10-22,3.6,40.777145,-111.945849
Utah Technical Center,2019-10-23,1.883333,40.777145,-111.945849
Utah Technical Center,2019-10-24,3.633333,40.777145,-111.945849
Utah Technical Center,2019-10-25,4.941667,40.777145,-111.945849
Utah Technical Center,2019-10-26,3.608333,40.777145,-111.945849
Utah Technical Center,2019-10-27,0.625,40.777145,-111.945849
Utah Technical Center,2019-10-28,2.233333,40.777145,-111.945849
Utah Technical Center,2019-10-29,1.95,40.777145,-111.945849
Utah Technical Center,2019-10-30,3.404167,40.777145,-111.945849
Utah Technical Center,2019-10-31,4.925,40.777145,-111.945849
Utah Technical Center,2019-11-01,9.266667,40.777145,-111.945849
Utah Technical Center,2019-11-02,7.641667,40.777145,-111.945849
Utah Technical Center,2019-11-03,9.0,40.777145,-111.945849
Utah Technical Center,2019-11-04,10.913043,40.777145,-111.945849
Utah Technical Center,2019-11-05,6.095833,40.777145,-111.945849
Utah Technical Center,2019-11-06,5.833333,40.777145,-111.945849
Utah Technical Center,2019-11-07,8.991667,40.777145,-111.945849
Utah Technical Center,2019-11-08,9.158333,40.777145,-111.945849
Utah Technical Center,2019-11-09,9.033333,40.777145,-111.945849
Utah Technical Center,2019-11-10,7.804167,40.777145,-111.945849
Utah Technical Center,2019-11-11,3.175,40.777145,-111.945849
Utah Technical Center,2019-11-12,5.333333,40.777145,-111.945849
Utah Technical Center,2019-11-13,6.433333,40.777145,-111.945849
Utah Technical Center,2019-11-14,5.6875,40.777145,-111.945849
Utah Technical Center,2019-11-15,11.126087,40.777145,-111.945849
Utah Technical Center,2019-11-16,6.0,40.777145,-111.945849
Utah Technical Center,2019-11-17,4.7375,40.777145,-111.945849
Utah Technical Center,2019-11-18,6.820833,40.777145,-111.945849
Utah Technical Center,2019-11-19,10.066667,40.777145,-111.945849
Utah Technical Center,2019-11-20,5.604167,40.777145,-111.945849
Utah Technical Center,2019-11-21,1.270833,40.777145,-111.945849
Utah Technical Center,2019-11-22,5.691667,40.777145,-111.945849
Utah Technical Center,2019-11-23,3.204167,40.777145,-111.945849
Utah Technical Center,2019-11-24,5.641667,40.777145,-111.945849
Utah Technical Center,2019-11-25,2.9875,40.777145,-111.945849
Utah Technical Center,2019-11-26,2.525,40.777145,-111.945849
Utah Technical Center,2019-11-27,1.6875,40.777145,-111.945849
Utah Technical Center,2019-11-28,3.3625,40.777145,-111.945849
Utah Technical Center,2019-11-29,1.558333,40.777145,-111.945849
Utah Technical Center,2019-11-30,3.983333,40.777145,-111.945849
Utah Technical Center,2019-12-01,4.3125,40.777145,-111.945849
Utah Technical Center,2019-12-02,10.369565,40.777145,-111.945849
Utah Technical Center,2019-12-03,14.220833,40.777145,-111.945849
Utah Technical Center,2019-12-04,18.145833,40.777145,-111.945849
Utah Technical Center,2019-12-05,12.5125,40.777145,-111.945849
Utah Technical Center,2019-12-06,9.275,40.777145,-111.945849
Utah Technical Center,2019-12-07,2.479167,40.777145,-111.945849
Utah Technical Center,2019-12-08,2.15,40.777145,-111.945849
Utah Technical Center,2019-12-09,2.441667,40.777145,-111.945849
Utah Technical Center,2019-12-10,5.658333,40.777145,-111.945849
Utah Technical Center,2019-12-11,7.854167,40.777145,-111.945849
Utah Technical Center,2019-12-12,2.783333,40.777145,-111.945849
Utah Technical Center,2019-12-13,1.775,40.777145,-111.945849
Utah Technical Center,2019-12-14,1.6625,40.777145,-111.945849
Utah Technical Center,2019-12-15,2.083333,40.777145,-111.945849
Utah Technical Center,2019-12-16,2.225,40.777145,-111.945849
Utah Technical Center,2019-12-17,5.691667,40.777145,-111.945849
Utah Technical Center,2019-12-18,9.479167,40.777145,-111.945849
Utah Technical Center,2019-12-19,14.804167,40.777145,-111.945849
Utah Technical Center,2019-12-20,11.291667,40.777145,-111.945849
Utah Technical Center,2019-12-21,18.933333,40.777145,-111.945849
Utah Technical Center,2019-12-22,1.079167,40.777145,-111.945849
Utah Technical Center,2019-12-23,1.983333,40.777145,-111.945849
Utah Technical Center,2019-12-24,1.545833,40.777145,-111.945849
Utah Technical Center,2019-12-25,2.458333,40.777145,-111.945849
Utah Technical Center,2019-12-26,3.4625,40.777145,-111.945849
Utah Technical Center,2019-12-27,3.1875,40.777145,-111.945849
Utah Technical Center,2019-12-28,1.170833,40.777145,-111.945849
Utah Technical Center,2019-12-29,2.725,40.777145,-111.945849
Utah Technical Center,2019-12-30,5.183333,40.777145,-111.945849
Utah Technical Center,2019-12-31,4.808333,40.777145,-111.945849
Utah Technical Center,2020-01-01,2.908333,40.777145,-111.945849
Utah Technical Center,2020-01-02,1.666667,40.777145,-111.945849
Utah Technical Center,2020-01-03,3.266667,40.777145,-111.945849
Utah Technical Center,2020-01-04,5.295833,40.777145,-111.945849
Utah Technical Center,2020-01-05,6.991667,40.777145,-111.945849
Utah Technical Center,2020-01-06,3.245833,40.777145,-111.945849
Utah Technical Center,2020-01-07,2.0,40.777145,-111.945849
Utah Technical Center,2020-01-08,2.8875,40.777145,-111.945849
Utah Technical Center,2020-01-09,3.016667,40.777145,-111.945849
Utah Technical Center,2020-01-10,0.658333,40.777145,-111.945849
Utah Technical Center,2020-01-11,2.2875,40.777145,-111.945849
Utah Technical Center,2020-01-12,1.641667,40.777145,-111.945849
Utah Technical Center,2020-01-13,1.375,40.777145,-111.945849
Utah Technical Center,2020-01-14,1.75,40.777145,-111.945849
Utah Technical Center,2020-01-15,4.2875,40.777145,-111.945849
Utah Technical Center,2020-01-16,3.191304,40.777145,-111.945849
Utah Technical Center,2020-01-17,1.8375,40.777145,-111.945849
Utah Technical Center,2020-01-18,3.541667,40.777145,-111.945849
Utah Technical Center,2020-01-19,5.9625,40.777145,-111.945849
Utah Technical Center,2020-01-20,12.65,40.777145,-111.945849
Utah Technical Center,2020-01-21,9.358333,40.777145,-111.945849
Utah Technical Center,2020-01-22,3.504167,40.777145,-111.945849
Utah Technical Center,2020-01-23,4.983333,40.777145,-111.945849
Utah Technical Center,2020-01-24,4.891667,40.777145,-111.945849
Utah Technical Center,2020-01-25,8.479167,40.777145,-111.945849
Utah Technical Center,2020-01-26,4.883333,40.777145,-111.945849
Utah Technical Center,2020-01-27,1.391667,40.777145,-111.945849
Utah Technical Center,2020-01-28,2.069565,40.777145,-111.945849
Utah Technical Center,2020-01-29,1.4375,40.777145,-111.945849
Utah Technical Center,2020-01-30,3.645833,40.777145,-111.945849
Utah Technical Center,2020-01-31,5.25,40.777145,-111.945849
Utah Technical Center,2020-02-01,3.816667,40.777145,-111.945849
Utah Technical Center,2020-02-02,1.916667,40.777145,-111.945849
Utah Technical Center,2020-02-03,0.404167,40.777145,-111.945849
Utah Technical Center,2020-02-04,4.020833,40.777145,-111.945849
Utah Technical Center,2020-02-05,3.716667,40.777145,-111.945849
Utah Technical Center,2020-02-06,4.191667,40.777145,-111.945849
Utah Technical Center,2020-02-07,4.2375,40.777145,-111.945849
Utah Technical Center,2020-02-08,1.475,40.777145,-111.945849
Utah Technical Center,2020-02-09,1.833333,40.777145,-111.945849
Utah Technical Center,2020-02-10,4.025,40.777145,-111.945849
Utah Technical Center,2020-02-11,3.529167,40.777145,-111.945849
Utah Technical Center,2020-02-12,3.754545,40.777145,-111.945849
Utah Technical Center,2020-02-13,3.6875,40.777145,-111.945849
Utah Technical Center,2020-02-14,2.566667,40.777145,-111.945849
Utah Technical Center,2020-02-15,2.666667,40.777145,-111.945849
Utah Technical Center,2020-02-16,3.304167,40.777145,-111.945849
Utah Technical Center,2020-02-17,1.204167,40.777145,-111.945849
Utah Technical Center,2020-02-18,3.354167,40.777145,-111.945849
Utah Technical Center,2020-02-19,3.491667,40.777145,-111.945849
Utah Technical Center,2020-02-20,3.75,40.777145,-111.945849
Utah Technical Center,2020-02-21,7.220833,40.777145,-111.945849
Utah Technical Center,2020-02-22,9.004167,40.777145,-111.945849
Utah Technical Center,2020-02-23,4.029167,40.777145,-111.945849
Utah Technical Center,2020-02-24,0.933333,40.777145,-111.945849
Utah Technical Center,2020-02-25,2.341667,40.777145,-111.945849
Utah Technical Center,2020-02-26,4.016667,40.777145,-111.945849
Utah Technical Center,2020-02-27,5.0125,40.777145,-111.945849
Utah Technical Center,2020-02-28,4.033333,40.777145,-111.945849
Utah Technical Center,2020-02-29,1.854167,40.777145,-111.945849
Utah Technical Center,2020-03-01,0.920833,40.777145,-111.945849
Utah Technical Center,2020-03-02,2.516667,40.777145,-111.945849
Utah Technical Center,2020-03-03,3.925,40.777145,-111.945849
Utah Technical Center,2020-03-04,3.804348,40.777145,-111.945849
Utah Technical Center,2020-03-05,2.754167,40.777145,-111.945849
Utah Technical Center,2020-03-06,2.15,40.777145,-111.945849
Utah Technical Center,2020-03-07,4.85,40.777145,-111.945849
Utah Technical Center,2020-03-08,2.3875,40.777145,-111.945849
Utah Technical Center,2020-03-09,2.191667,40.777145,-111.945849
Utah Technical Center,2020-03-10,3.108333,40.777145,-111.945849
Utah Technical Center,2020-03-11,3.658333,40.777145,-111.945849
Utah Technical Center,2020-03-12,3.070833,40.777145,-111.945849
Utah Technical Center,2020-03-13,3.529167,40.777145,-111.945849
Utah Technical Center,2020-03-14,0.9,40.777145,-111.945849
Utah Technical Center,2020-03-15,0.829167,40.777145,-111.945849
Utah Technical Center,2020-03-16,2.529167,40.777145,-111.945849
Utah Technical Center,2020-03-17,2.691667,40.777145,-111.945849
Utah Technical Center,2020-03-18,1.38,40.777145,-111.945849
Utah Technical Center,2020-03-19,2.458333,40.777145,-111.945849
Utah Technical Center,2020-03-20,2.108333,40.777145,-111.945849
Utah Technical Center,2020-03-21,2.2,40.777145,-111.945849
Utah Technical Center,2020-03-22,2.3125,40.777145,-111.945849
Utah Technical Center,2020-03-23,2.225,40.777145,-111.945849
Utah Technical Center,2020-03-24,1.154167,40.777145,-111.945849
Utah Technical Center,2020-03-25,1.875,40.777145,-111.945849
Utah Technical Center,2020-03-26,2.141667,40.777145,-111.945849
Utah Technical Center,2020-03-27,3.591667,40.777145,-111.945849
Utah Technical Center,2020-03-28,3.466667,40.777145,-111.945849
Utah Technical Center,2020-03-29,2.241667,40.777145,-111.945849
Utah Technical Center,2020-03-30,2.408333,40.777145,-111.945849
Utah Technical Center,2020-03-31,2.358333,40.777145,-111.945849
Utah Technical Center,2020-04-01,2.4375,40.777145,-111.945849
Utah Technical Center,2020-04-02,1.166667,40.777145,-111.945849
Utah Technical Center,2020-04-03,3.075,40.777145,-111.945849
Utah Technical Center,2020-04-04,5.345833,40.777145,-111.945849
Utah Technical Center,2020-04-05,3.0375,40.777145,-111.945849
Utah Technical Center,2020-04-06,2.854167,40.777145,-111.945849
Utah Technical Center,2020-04-07,3.2625,40.777145,-111.945849
Utah Technical Center,2020-04-08,3.358333,40.777145,-111.945849
Utah Technical Center,2020-04-09,2.76087,40.777145,-111.945849
Utah Technical Center,2020-04-10,2.575,40.777145,-111.945849
Utah Technical Center,2020-04-11,2.416667,40.777145,-111.945849
Utah Technical Center,2020-04-12,1.033333,40.777145,-111.945849
Utah Technical Center,2020-04-13,2.633333,40.777145,-111.945849
Utah Technical Center,2020-04-14,3.558333,40.777145,-111.945849
Utah Technical Center,2020-04-15,2.3375,40.777145,-111.945849
Utah Technical Center,2020-04-16,1.191667,40.777145,-111.945849
Utah Technical Center,2020-04-17,3.55,40.777145,-111.945849
Utah Technical Center,2020-04-18,4.2875,40.777145,-111.945849
Utah Technical Center,2020-04-19,2.170833,40.777145,-111.945849
Utah Technical Center,2020-04-20,3.45,40.777145,-111.945849
Utah Technical Center,2020-04-21,4.25,40.777145,-111.945849
Utah Technical Center,2020-04-22,2.770833,40.777145,-111.945849
Utah Technical Center,2020-04-23,1.920833,40.777145,-111.945849
Utah Technical Center,2020-04-24,3.1,40.777145,-111.945849
Utah Technical Center,2020-04-25,3.883333,40.777145,-111.945849
Utah Technical Center,2020-04-26,2.2375,40.777145,-111.945849
Utah Technical Center,2020-04-27,3.204167,40.777145,-111.945849
Utah Technical Center,2020-04-28,2.229167,40.777145,-111.945849
Utah Technical Center,2020-04-29,3.920833,40.777145,-111.945849
Utah Technical Center,2020-04-30,2.6875,40.777145,-111.945849
Utah Technical Center,2020-05-01,3.970833,40.777145,-111.945849
Utah Technical Center,2020-05-02,4.5125,40.777145,-111.945849
Utah Technical Center,2020-05-03,2.7875,40.777145,-111.945849
Utah Technical Center,2020-05-04,2.391667,40.777145,-111.945849
Utah Technical Center,2020-05-05,3.5875,40.777145,-111.945849
Utah Technical Center,2020-05-06,5.291667,40.777145,-111.945849
Utah Technical Center,2020-05-07,1.641667,40.777145,-111.945849
Utah Technical Center,2020-05-08,3.758333,40.777145,-111.945849
Utah Technical Center,2020-05-09,3.904167,40.777145,-111.945849
Utah Technical Center,2020-05-10,5.308333,40.777145,-111.945849
Utah Technical Center,2020-05-11,5.304167,40.777145,-111.945849
Utah Technical Center,2020-05-12,4.5875,40.777145,-111.945849
Utah Technical Center,2020-05-13,3.125,40.777145,-111.945849
Utah Technical Center,2020-05-14,3.416667,40.777145,-111.945849
Utah Technical Center,2020-05-15,3.195833,40.777145,-111.945849
Utah Technical Center,2020-05-16,3.283333,40.777145,-111.945849
Utah Technical Center,2020-05-17,6.845833,40.777145,-111.945849
Utah Technical Center,2020-05-18,6.416667,40.777145,-111.945849
Utah Technical Center,2020-05-19,5.790909,40.777145,-111.945849
Utah Technical Center,2020-05-20,1.866667,40.777145,-111.945849
Utah Technical Center,2020-05-21,1.925,40.777145,-111.945849
Utah Technical Center,2020-05-22,3.058333,40.777145,-111.945849
Utah Technical Center,2020-05-23,0.933333,40.777145,-111.945849
Utah Technical Center,2020-05-24,2.858333,40.777145,-111.945849
Utah Technical Center,2020-05-25,2.6625,40.777145,-111.945849
Utah Technical Center,2020-05-26,3.670833,40.777145,-111.945849
Utah Technical Center,2020-05-27,3.233333,40.777145,-111.945849
Utah Technical Center,2020-05-28,3.570833,40.777145,-111.945849
Utah Technical Center,2020-05-29,3.641667,40.777145,-111.945849
Utah Technical Center,2020-05-30,3.966667,40.777145,-111.945849
Utah Technical Center,2020-05-31,4.808333,40.777145,-111.945849
Utah Technical Center,2020-06-01,3.245833,40.777145,-111.945849
Utah Technical Center,2020-06-02,4.479167,40.777145,-111.945849
Utah Technical Center,2020-06-03,4.583333,40.777145,-111.945849
Utah Technical Center,2020-06-04,6.116667,40.777145,-111.945849
Utah Technical Center,2020-06-05,8.304167,40.777145,-111.945849
Utah Technical Center,2020-06-06,7.55,40.777145,-111.945849
Utah Technical Center,2020-06-07,7.645833,40.777145,-111.945849
Utah Technical Center,2020-06-08,7.070833,40.777145,-111.945849
Utah Technical Center,2020-06-09,7.333333,40.777145,-111.945849
Utah Technical Center,2020-06-10,7.508696,40.777145,-111.945849
Utah Technical Center,2020-06-11,7.7,40.777145,-111.945849
Utah Technical Center,2020-06-12,7.591667,40.777145,-111.945849
Utah Technical Center,2020-06-13,7.525,40.777145,-111.945849
Utah Technical Center,2020-06-14,7.645833,40.777145,-111.945849
Utah Technical Center,2020-06-15,7.7375,40.777145,-111.945849
Utah Technical Center,2020-06-16,7.079167,40.777145,-111.945849
Utah Technical Center,2020-06-17,7.130435,40.777145,-111.945849
Utah Technical Center,2020-06-18,7.820833,40.777145,-111.945849
Utah Technical Center,2020-06-19,8.004167,40.777145,-111.945849
Utah Technical Center,2020-06-20,7.391667,40.777145,-111.945849
Utah Technical Center,2020-06-21,7.795833,40.777145,-111.945849
Utah Technical Center,2020-06-22,7.5625,40.777145,-111.945849
Utah Technical Center,2020-06-23,7.720833,40.777145,-111.945849
Utah Technical Center,2020-06-24,7.670833,40.777145,-111.945849
Utah Technical Center,2020-06-25,6.1625,40.777145,-111.945849
Utah Technical Center,2020-06-26,5.858333,40.777145,-111.945849
Utah Technical Center,2020-06-27,6.127273,40.777145,-111.945849
Utah Technical Center,2020-06-28,5.5625,40.777145,-111.945849
Utah Technical Center,2020-06-29,5.829167,40.777145,-111.945849
Utah Technical Center,2020-06-30,6.370833,40.777145,-111.945849
Utah Technical Center,2021-01-01,11.133333,40.777145,-111.945849
Utah Technical Center,2021-01-02,6.758333,40.777145,-111.945849
Utah Technical Center,2021-01-03,8.2,40.777145,-111.945849
Utah Technical Center,2021-01-04,8.116667,40.777145,-111.945849
Utah Technical Center,2021-01-05,3.583333,40.777145,-111.945849
Utah Technical Center,2021-01-06,5.175,40.777145,-111.945849
Utah Technical Center,2021-01-07,14.583333,40.777145,-111.945849
Utah Technical Center,2021-01-08,12.783333,40.777145,-111.945849
Utah Technical Center,2021-01-09,6.775,40.777145,-111.945849
Utah Technical Center,2021-01-10,6.870833,40.777145,-111.945849
Utah Technical Center,2021-01-11,15.220833,40.777145,-111.945849
Utah Technical Center,2021-01-12,21.479167,40.777145,-111.945849
Utah Technical Center,2021-01-13,18.904348,40.777145,-111.945849
Utah Technical Center,2021-01-14,3.5625,40.777145,-111.945849
Utah Technical Center,2021-01-15,7.725,40.777145,-111.945849
Utah Technical Center,2021-01-16,10.895833,40.777145,-111.945849
Utah Technical Center,2021-01-17,12.9625,40.777145,-111.945849
Utah Technical Center,2021-01-18,5.445833,40.777145,-111.945849
Utah Technical Center,2021-01-19,1.675,40.777145,-111.945849
Utah Technical Center,2021-01-20,8.729167,40.777145,-111.945849
Utah Technical Center,2021-01-21,18.133333,40.777145,-111.945849
Utah Technical Center,2021-01-22,11.4625,40.777145,-111.945849
Utah Technical Center,2021-01-23,2.333333,40.777145,-111.945849
Utah Technical Center,2021-01-24,4.0625,40.777145,-111.945849
Utah Technical Center,2021-01-25,9.7,40.777145,-111.945849
Utah Technical Center,2021-01-26,6.441667,40.777145,-111.945849
Utah Technical Center,2021-01-27,1.575,40.777145,-111.945849
Utah Technical Center,2021-01-28,2.179167,40.777145,-111.945849
Utah Technical Center,2021-01-29,2.045833,40.777145,-111.945849
Utah Technical Center,2021-01-30,2.533333,40.777145,-111.945849
Utah Technical Center,2021-01-31,4.5875,40.777145,-111.945849
Utah Technical Center,2021-02-01,12.470833,40.777145,-111.945849
Utah Technical Center,2021-02-02,16.266667,40.777145,-111.945849
Utah Technical Center,2021-02-03,1.6375,40.777145,-111.945849
Utah Technical Center,2021-02-04,4.316667,40.777145,-111.945849
Utah Technical Center,2021-02-05,8.166667,40.777145,-111.945849
Utah Technical Center,2021-02-06,6.566667,40.777145,-111.945849
Utah Technical Center,2021-02-07,7.225,40.777145,-111.945849
Utah Technical Center,2021-02-08,6.675,40.777145,-111.945849
Utah Technical Center,2021-02-09,4.9125,40.777145,-111.945849
Utah Technical Center,2021-02-10,6.3,40.777145,-111.945849
Utah Technical Center,2021-02-11,6.341667,40.777145,-111.945849
Utah Technical Center,2021-02-12,2.175,40.777145,-111.945849
Utah Technical Center,2021-02-13,3.2,40.777145,-111.945849
Utah Technical Center,2021-02-14,4.570833,40.777145,-111.945849
Utah Technical Center,2021-02-15,2.508333,40.777145,-111.945849
Utah Technical Center,2021-02-16,0.941667,40.777145,-111.945849
Utah Technical Center,2021-02-17,1.454167,40.777145,-111.945849
Utah Technical Center,2021-02-18,4.420833,40.777145,-111.945849
Utah Technical Center,2021-02-19,3.875,40.777145,-111.945849
Utah Technical Center,2021-02-20,1.254167,40.777145,-111.945849
Utah Technical Center,2021-02-21,1.375,40.777145,-111.945849
Utah Technical Center,2021-02-22,5.754167,40.777145,-111.945849
Utah Technical Center,2021-02-23,3.930435,40.777145,-111.945849
Utah Technical Center,2021-02-24,3.9875,40.777145,-111.945849
Utah Technical Center,2021-02-25,3.708333,40.777145,-111.945849
Utah Technical Center,2021-02-26,2.4625,40.777145,-111.945849
Utah Technical Center,2021-02-27,1.541667,40.777145,-111.945849
Utah Technical Center,2021-02-28,4.275,40.777145,-111.945849
Utah Technical Center,2021-03-01,6.241667,40.777145,-111.945849
Utah Technical Center,2021-03-02,11.375,40.777145,-111.945849
Utah Technical Center,2021-03-03,7.920833,40.777145,-111.945849
Utah Technical Center,2021-03-04,7.175,40.777145,-111.945849
Utah Technical Center,2021-03-05,7.945833,40.777145,-111.945849
Utah Technical Center,2021-03-06,6.166667,40.777145,-111.945849
Utah Technical Center,2021-03-07,8.191667,40.777145,-111.945849
Utah Technical Center,2021-03-08,6.7125,40.777145,-111.945849
Utah Technical Center,2021-03-09,5.891667,40.777145,-111.945849
Utah Technical Center,2021-03-10,5.208333,40.777145,-111.945849
Utah Technical Center,2021-03-11,4.983333,40.777145,-111.945849
Utah Technical Center,2021-03-12,7.17,40.777145,-111.945849
Utah Technical Center,2021-03-13,5.520833,40.777145,-111.945849
Utah Technical Center,2021-03-14,4.866667,40.777145,-111.945849
Utah Technical Center,2021-03-15,4.129167,40.777145,-111.945849
Utah Technical Center,2021-03-16,5.208333,40.777145,-111.945849
Utah Technical Center,2021-03-17,8.25,40.777145,-111.945849
Utah Technical Center,2021-03-18,4.979167,40.777145,-111.945849
Utah Technical Center,2021-03-19,4.708333,40.777145,-111.945849
Utah Technical Center,2021-03-20,3.091667,40.777145,-111.945849
Utah Technical Center,2021-03-21,1.845833,40.777145,-111.945849
Utah Technical Center,2021-03-22,4.658333,40.777145,-111.945849
Utah Technical Center,2021-03-23,4.533333,40.777145,-111.945849
Utah Technical Center,2021-03-24,3.141667,40.777145,-111.945849
Utah Technical Center,2021-03-25,3.525,40.777145,-111.945849
Utah Technical Center,2021-03-26,3.645833,40.777145,-111.945849
Utah Technical Center,2021-03-27,5.825,40.777145,-111.945849
Utah Technical Center,2021-03-28,3.858333,40.777145,-111.945849
Utah Technical Center,2021-03-29,7.116667,40.777145,-111.945849
Utah Technical Center,2021-03-30,3.633333,40.777145,-111.945849
Utah Technical Center,2021-03-31,6.4875,40.777145,-111.945849
Utah Technical Center,2021-04-01,11.458333,40.777145,-111.945849
Utah Technical Center,2021-04-02,10.1,40.777145,-111.945849
Utah Technical Center,2021-04-03,9.045833,40.777145,-111.945849
Utah Technical Center,2021-04-04,6.3,40.777145,-111.945849
Utah Technical Center,2021-04-05,8.7875,40.777145,-111.945849
Utah Technical Center,2021-04-06,3.045833,40.777145,-111.945849
Utah Technical Center,2021-04-07,5.8625,40.777145,-111.945849
Utah Technical Center,2021-04-08,7.404167,40.777145,-111.945849
Utah Technical Center,2021-04-09,3.270833,40.777145,-111.945849
Utah Technical Center,2021-04-10,7.0375,40.777145,-111.945849
Utah Technical Center,2021-04-11,4.729167,40.777145,-111.945849
Utah Technical Center,2021-04-12,4.525,40.777145,-111.945849
Utah Technical Center,2021-04-13,5.2625,40.777145,-111.945849
Utah Technical Center,2021-04-14,3.395833,40.777145,-111.945849
Utah Technical Center,2021-04-15,5.441667,40.777145,-111.945849
Utah Technical Center,2021-04-16,3.845833,40.777145,-111.945849
Utah Technical Center,2021-04-17,2.333333,40.777145,-111.945849
Utah Technical Center,2021-04-18,7.0,40.777145,-111.945849
Utah Technical Center,2021-04-19,5.529167,40.777145,-111.945849
Utah Technical Center,2021-04-20,4.075,40.777145,-111.945849
Utah Technical Center,2021-04-21,3.65,40.777145,-111.945849
Utah Technical Center,2021-04-22,6.933333,40.777145,-111.945849
Utah Technical Center,2021-04-23,6.3625,40.777145,-111.945849
Utah Technical Center,2021-04-24,6.6625,40.777145,-111.945849
Utah Technical Center,2021-04-25,4.491667,40.777145,-111.945849
Utah Technical Center,2021-04-26,2.675,40.777145,-111.945849
Utah Technical Center,2021-04-27,4.4625,40.777145,-111.945849
Utah Technical Center,2021-04-28,4.6375,40.777145,-111.945849
Utah Technical Center,2021-04-29,7.225,40.777145,-111.945849
Utah Technical Center,2021-04-30,6.8875,40.777145,-111.945849
Utah Technical Center,2021-05-01,5.583333,40.777145,-111.945849
Utah Technical Center,2021-05-02,3.2375,40.777145,-111.945849
Utah Technical Center,2021-05-03,3.325,40.777145,-111.945849
Utah Technical Center,2021-05-04,4.320833,40.777145,-111.945849
Utah Technical Center,2021-05-05,5.654167,40.777145,-111.945849
Utah Technical Center,2021-05-06,7.095833,40.777145,-111.945849
Utah Technical Center,2021-05-07,9.729167,40.777145,-111.945849
Utah Technical Center,2021-05-08,2.608333,40.777145,-111.945849
Utah Technical Center,2021-05-09,2.333333,40.777145,-111.945849
Utah Technical Center,2021-05-10,3.433333,40.777145,-111.945849
Utah Technical Center,2021-05-11,3.795833,40.777145,-111.945849
Utah Technical Center,2021-05-12,4.579167,40.777145,-111.945849
Utah Technical Center,2021-05-13,7.05,40.777145,-111.945849
Utah Technical Center,2021-05-14,7.356522,40.777145,-111.945849
Utah Technical Center,2021-05-15,6.325,40.777145,-111.945849
Utah Technical Center,2021-05-16,6.1125,40.777145,-111.945849
Utah Technical Center,2021-05-17,5.483333,40.777145,-111.945849
Utah Technical Center,2021-05-18,6.675,40.777145,-111.945849
Utah Technical Center,2021-05-19,8.629167,40.777145,-111.945849
Utah Technical Center,2021-05-20,12.3375,40.777145,-111.945849
Utah Technical Center,2021-05-21,8.504167,40.777145,-111.945849
Utah Technical Center,2021-05-22,6.329167,40.777145,-111.945849
Utah Technical Center,2021-05-23,4.858333,40.777145,-111.945849
Utah Technical Center,2021-05-24,3.854167,40.777145,-111.945849
Utah Technical Center,2021-05-25,5.091667,40.777145,-111.945849
Utah Technical Center,2021-05-26,3.604167,40.777145,-111.945849
Utah Technical Center,2021-05-27,5.191667,40.777145,-111.945849
Utah Technical Center,2021-05-28,5.579167,40.777145,-111.945849
Utah Technical Center,2021-05-29,3.416667,40.777145,-111.945849
Utah Technical Center,2021-05-30,4.433333,40.777145,-111.945849
Utah Technical Center,2021-05-31,6.354167,40.777145,-111.945849
Utah Technical Center,2021-06-01,7.8125,40.777145,-111.945849
Utah Technical Center,2021-06-02,7.441667,40.777145,-111.945849
Utah Technical Center,2021-06-03,11.658333,40.777145,-111.945849
Utah Technical Center,2021-06-04,11.721739,40.777145,-111.945849
Utah Technical Center,2021-06-05,9.479167,40.777145,-111.945849
Utah Technical Center,2021-06-06,12.5,40.777145,-111.945849
Utah Technical Center,2021-06-07,13.045833,40.777145,-111.945849
Utah Technical Center,2021-06-08,8.2625,40.777145,-111.945849
Utah Technical Center,2021-06-09,6.804167,40.777145,-111.945849
Utah Technical Center,2021-06-10,10.575,40.777145,-111.945849
Utah Technical Center,2021-06-11,4.591667,40.777145,-111.945849
Utah Technical Center,2021-06-12,9.995833,40.777145,-111.945849
Utah Technical Center,2021-06-13,12.141667,40.777145,-111.945849
Utah Technical Center,2021-06-14,6.275,40.777145,-111.945849
Utah Technical Center,2021-06-15,13.366667,40.777145,-111.945849
Utah Technical Center,2021-06-16,9.545833,40.777145,-111.945849
Utah Technical Center,2021-06-17,15.3,40.777145,-111.945849
Utah Technical Center,2021-06-18,13.7375,40.777145,-111.945849
Utah Technical Center,2021-06-19,10.95,40.777145,-111.945849
Utah Technical Center,2021-06-20,6.670833,40.777145,-111.945849
Utah Technical Center,2021-06-21,8.254167,40.777145,-111.945849
Utah Technical Center,2021-06-22,8.925,40.777145,-111.945849
Utah Technical Center,2021-06-23,10.408333,40.777145,-111.945849
Utah Technical Center,2021-06-24,11.1625,40.777145,-111.945849
Utah Technical Center,2021-06-25,6.358333,40.777145,-111.945849
Utah Technical Center,2021-06-26,5.458333,40.777145,-111.945849
Utah Technical Center,2021-06-27,3.9875,40.777145,-111.945849
Utah Technical Center,2021-06-28,5.154167,40.777145,-111.945849
Utah Technical Center,2021-06-29,3.1875,40.777145,-111.945849
Utah Technical Center,2021-06-30,2.929167,40.777145,-111.945849
Utah Technical Center,2021-07-01,5.726087,40.777145,-111.945849
Utah Technical Center,2021-07-02,6.754167,40.777145,-111.945849
Utah Technical Center,2021-07-03,7.9375,40.777145,-111.945849
Utah Technical Center,2021-07-04,13.929167,40.777145,-111.945849
Utah Technical Center,2021-07-05,8.45,40.777145,-111.945849
Utah Technical Center,2021-07-06,10.125,40.777145,-111.945849
Utah Technical Center,2021-07-07,10.525,40.777145,-111.945849
Utah Technical Center,2021-07-08,11.833333,40.777145,-111.945849
Utah Technical Center,2021-07-09,16.191667,40.777145,-111.945849
Utah Technical Center,2021-07-10,17.229167,40.777145,-111.945849
Utah Technical Center,2021-07-11,30.475,40.777145,-111.945849
Utah Technical Center,2021-07-12,25.229167,40.777145,-111.945849
Utah Technical Center,2021-07-13,14.579167,40.777145,-111.945849
Utah Technical Center,2021-07-14,15.3625,40.777145,-111.945849
Utah Technical Center,2021-07-15,12.133333,40.777145,-111.945849
Utah Technical Center,2021-07-16,10.608333,40.777145,-111.945849
Utah Technical Center,2021-07-17,10.654167,40.777145,-111.945849
Utah Technical Center,2021-07-18,11.05,40.777145,-111.945849
Utah Technical Center,2021-07-19,8.104167,40.777145,-111.945849
Utah Technical Center,2021-07-20,8.0,40.777145,-111.945849
Utah Technical Center,2021-07-21,8.241667,40.777145,-111.945849
Utah Technical Center,2021-07-22,7.55,40.777145,-111.945849
Utah Technical Center,2021-07-23,9.6625,40.777145,-111.945849
Utah Technical Center,2021-07-24,26.204167,40.777145,-111.945849
Utah Technical Center,2021-07-25,41.933333,40.777145,-111.945849
Utah Technical Center,2021-07-26,26.1,40.777145,-111.945849
Utah Technical Center,2021-07-27,6.2,40.777145,-111.945849
Utah Technical Center,2021-07-28,8.75,40.777145,-111.945849
Utah Technical Center,2021-07-29,7.195833,40.777145,-111.945849
Utah Technical Center,2021-07-30,4.845833,40.777145,-111.945849
Utah Technical Center,2021-07-31,6.566667,40.777145,-111.945849
Utah Technical Center,2021-08-01,4.370833,40.777145,-111.945849
Utah Technical Center,2021-08-02,4.175,40.777145,-111.945849
Utah Technical Center,2021-08-03,14.645833,40.777145,-111.945849
Utah Technical Center,2021-08-04,23.75,40.777145,-111.945849
Utah Technical Center,2021-08-05,14.716667,40.777145,-111.945849
Utah Technical Center,2021-08-06,48.6875,40.777145,-111.945849
Utah Technical Center,2021-08-07,44.054167,40.777145,-111.945849
Utah Technical Center,2021-08-08,42.604167,40.777145,-111.945849
Utah Technical Center,2021-08-09,25.404167,40.777145,-111.945849
Utah Technical Center,2021-08-10,22.9375,40.777145,-111.945849
Utah Technical Center,2021-08-11,12.658333,40.777145,-111.945849
Utah Technical Center,2021-08-12,11.3625,40.777145,-111.945849
Utah Technical Center,2021-08-13,12.304167,40.777145,-111.945849
Utah Technical Center,2021-08-14,14.970833,40.777145,-111.945849
Utah Technical Center,2021-08-15,44.491667,40.777145,-111.945849
Utah Technical Center,2021-08-16,44.504167,40.777145,-111.945849
Utah Technical Center,2021-08-17,27.71,40.777145,-111.945849
Utah Technical Center,2021-08-18,41.341667,40.777145,-111.945849
Utah Technical Center,2021-08-19,26.445833,40.777145,-111.945849
Utah Technical Center,2021-08-20,18.45,40.777145,-111.945849
Utah Technical Center,2021-08-21,12.1625,40.777145,-111.945849
Utah Technical Center,2021-08-22,10.433333,40.777145,-111.945849
Utah Technical Center,2021-08-23,5.558333,40.777145,-111.945849
Utah Technical Center,2021-08-24,10.995833,40.777145,-111.945849
Utah Technical Center,2021-08-25,11.104167,40.777145,-111.945849
Utah Technical Center,2021-08-26,24.408333,40.777145,-111.945849
Utah Technical Center,2021-08-27,35.5625,40.777145,-111.945849
Utah Technical Center,2021-08-28,21.4125,40.777145,-111.945849
Utah Technical Center,2021-08-29,25.004167,40.777145,-111.945849
Utah Technical Center,2021-08-30,24.283333,40.777145,-111.945849
Utah Technical Center,2021-08-31,17.320833,40.777145,-111.945849
Utah Technical Center,2021-09-01,10.85,40.777145,-111.945849
Utah Technical Center,2021-09-02,12.804167,40.777145,-111.945849
Utah Technical Center,2021-09-03,19.779167,40.777145,-111.945849
Utah Technical Center,2021-09-04,20.479167,40.777145,-111.945849
Utah Technical Center,2021-09-05,13.520833,40.777145,-111.945849
Utah Technical Center,2021-09-06,15.329167,40.777145,-111.945849
Utah Technical Center,2021-09-07,24.7875,40.777145,-111.945849
Utah Technical Center,2021-09-08,24.4125,40.777145,-111.945849
Utah Technical Center,2021-09-09,21.308696,40.777145,-111.945849
Utah Technical Center,2021-09-10,12.991667,40.777145,-111.945849
Utah Technical Center,2021-09-11,12.541667,40.777145,-111.945849
Utah Technical Center,2021-09-12,7.120833,40.777145,-111.945849
Utah Technical Center,2021-09-13,7.7,40.777145,-111.945849
Utah Technical Center,2021-09-14,17.058333,40.777145,-111.945849
Utah Technical Center,2021-09-15,13.141667,40.777145,-111.945849
Utah Technical Center,2021-09-16,12.833333,40.777145,-111.945849
Utah Technical Center,2021-09-17,15.008333,40.777145,-111.945849
Utah Technical Center,2021-09-18,4.975,40.777145,-111.945849
Utah Technical Center,2021-09-19,4.833333,40.777145,-111.945849
Utah Technical Center,2021-09-20,3.041667,40.777145,-111.945849
Utah Technical Center,2021-09-21,5.225,40.777145,-111.945849
Utah Technical Center,2021-09-22,8.570833,40.777145,-111.945849
Utah Technical Center,2021-09-23,12.5375,40.777145,-111.945849
Utah Technical Center,2021-09-24,11.25,40.777145,-111.945849
Utah Technical Center,2021-09-25,9.833333,40.777145,-111.945849
Utah Technical Center,2021-09-26,8.1,40.777145,-111.945849
Utah Technical Center,2021-09-27,13.6125,40.777145,-111.945849
Utah Technical Center,2021-09-28,10.891667,40.777145,-111.945849
Utah Technical Center,2021-09-29,2.733333,40.777145,-111.945849
Utah Technical Center,2021-09-30,5.729167,40.777145,-111.945849
Utah Technical Center,2021-10-01,8.395833,40.777145,-111.945849
Utah Technical Center,2021-10-02,8.6875,40.777145,-111.945849
Utah Technical Center,2021-10-03,8.683333,40.777145,-111.945849
Utah Technical Center,2021-10-04,8.05,40.777145,-111.945849
Utah Technical Center,2021-10-05,7.408333,40.777145,-111.945849
Utah Technical Center,2021-10-06,3.933333,40.777145,-111.945849
Utah Technical Center,2021-10-07,6.904167,40.777145,-111.945849
Utah Technical Center,2021-10-08,4.229167,40.777145,-111.945849
Utah Technical Center,2021-10-09,3.266667,40.777145,-111.945849
Utah Technical Center,2021-10-10,10.691667,40.777145,-111.945849
Utah Technical Center,2021-10-11,5.75,40.777145,-111.945849
Utah Technical Center,2021-10-12,0.966667,40.777145,-111.945849
Utah Technical Center,2021-10-13,5.4,40.777145,-111.945849
Utah Technical Center,2021-10-14,3.454167,40.777145,-111.945849
Utah Technical Center,2021-10-15,5.195833,40.777145,-111.945849
Utah Technical Center,2021-10-16,10.354167,40.777145,-111.945849
Utah Technical Center,2021-10-17,5.9625,40.777145,-111.945849
Utah Technical Center,2021-10-18,4.6,40.777145,-111.945849
Utah Technical Center,2021-10-19,3.841667,40.777145,-111.945849
Utah Technical Center,2021-10-20,7.333333,40.777145,-111.945849
Utah Technical Center,2021-10-21,8.6,40.777145,-111.945849
Utah Technical Center,2021-10-22,5.1375,40.777145,-111.945849
Utah Technical Center,2021-10-23,3.520833,40.777145,-111.945849
Utah Technical Center,2021-10-24,5.629167,40.777145,-111.945849
Utah Technical Center,2021-10-25,3.629167,40.777145,-111.945849
Utah Technical Center,2021-10-26,1.5875,40.777145,-111.945849
Utah Technical Center,2021-10-27,6.129167,40.777145,-111.945849
Utah Technical Center,2021-10-28,6.5375,40.777145,-111.945849
Utah Technical Center,2021-10-29,8.554167,40.777145,-111.945849
Utah Technical Center,2021-10-30,11.9,40.777145,-111.945849
Utah Technical Center,2021-10-31,16.816667,40.777145,-111.945849
Utah Technical Center,2021-11-01,11.241667,40.777145,-111.945849
Utah Technical Center,2021-11-02,4.9875,40.777145,-111.945849
Utah Technical Center,2021-11-03,4.870833,40.777145,-111.945849
Utah Technical Center,2021-11-04,7.216667,40.777145,-111.945849
Utah Technical Center,2021-11-05,14.991667,40.777145,-111.945849
Utah Technical Center,2021-11-06,3.525,40.777145,-111.945849
Utah Technical Center,2021-11-07,1.870833,40.777145,-111.945849
Utah Technical Center,2021-11-08,6.341667,40.777145,-111.945849
Utah Technical Center,2021-11-09,9.845833,40.777145,-111.945849
Utah Technical Center,2021-11-10,4.1625,40.777145,-111.945849
Utah Technical Center,2021-11-11,8.129167,40.777145,-111.945849
Utah Technical Center,2021-11-12,6.7375,40.777145,-111.945849
Utah Technical Center,2021-11-13,5.016667,40.777145,-111.945849
Utah Technical Center,2021-11-14,6.304167,40.777145,-111.945849
Utah Technical Center,2021-11-15,5.733333,40.777145,-111.945849
Utah Technical Center,2021-11-16,2.625,40.777145,-111.945849
Utah Technical Center,2021-11-17,3.225,40.777145,-111.945849
Utah Technical Center,2021-11-18,8.5625,40.777145,-111.945849
Utah Technical Center,2021-11-19,12.054167,40.777145,-111.945849
Utah Technical Center,2021-11-20,8.566667,40.777145,-111.945849
Utah Technical Center,2021-11-21,5.4375,40.777145,-111.945849
Utah Technical Center,2021-11-22,14.633333,40.777145,-111.945849
Utah Technical Center,2021-11-23,11.683333,40.777145,-111.945849
Utah Technical Center,2021-11-24,1.041667,40.777145,-111.945849
Utah Technical Center,2021-11-25,6.791667,40.777145,-111.945849
Utah Technical Center,2021-11-26,11.7875,40.777145,-111.945849
Utah Technical Center,2021-11-27,18.295833,40.777145,-111.945849
Utah Technical Center,2021-11-28,17.845833,40.777145,-111.945849
Utah Technical Center,2021-11-29,21.104167,40.777145,-111.945849
Utah Technical Center,2021-11-30,20.945833,40.777145,-111.945849
Utah Technical Center,2021-12-01,19.145833,40.777145,-111.945849
Utah Technical Center,2021-12-02,20.958333,40.777145,-111.945849
Utah Technical Center,2021-12-03,28.091667,40.777145,-111.945849
Utah Technical Center,2021-12-04,17.7,40.777145,-111.945849
Utah Technical Center,2021-12-05,5.966667,40.777145,-111.945849
Utah Technical Center,2021-12-06,7.358333,40.777145,-111.945849
Utah Technical Center,2021-12-07,12.554167,40.777145,-111.945849
Utah Technical Center,2021-12-08,4.9125,40.777145,-111.945849
Utah Technical Center,2021-12-09,2.2375,40.777145,-111.945849
Utah Technical Center,2021-12-10,2.954167,40.777145,-111.945849
Utah Technical Center,2021-12-11,3.508333,40.777145,-111.945849
Utah Technical Center,2021-12-12,2.3375,40.777145,-111.945849
Utah Technical Center,2021-12-13,2.404167,40.777145,-111.945849
Utah Technical Center,2021-12-14,2.441667,40.777145,-111.945849
Utah Technical Center,2021-12-15,2.233333,40.777145,-111.945849
Utah Technical Center,2021-12-16,3.983333,40.777145,-111.945849
Utah Technical Center,2021-12-17,6.379167,40.777145,-111.945849
Utah Technical Center,2021-12-18,7.429167,40.777145,-111.945849
Utah Technical Center,2021-12-19,20.308333,40.777145,-111.945849
Utah Technical Center,2021-12-20,35.270833,40.777145,-111.945849
Utah Technical Center,2021-12-21,44.408333,40.777145,-111.945849
Utah Technical Center,2021-12-22,40.283333,40.777145,-111.945849
Utah Technical Center,2021-12-23,5.9,40.777145,-111.945849
Utah Technical Center,2021-12-24,0.508333,40.777145,-111.945849
Utah Technical Center,2021-12-25,0.545833,40.777145,-111.945849
Utah Technical Center,2021-12-26,0.745833,40.777145,-111.945849
Utah Technical Center,2021-12-27,0.9625,40.777145,-111.945849
Utah Technical Center,2021-12-28,0.695833,40.777145,-111.945849
Utah Technical Center,2021-12-29,6.304167,40.777145,-111.945849
Utah Technical Center,2021-12-30,0.808333,40.777145,-111.945849
Utah Technical Center,2021-12-31,1.4625,40.777145,-111.945849
Utah Technical Center,2022-01-01,4.654167,40.777145,-111.945849
Utah Technical Center,2022-01-02,7.654167,40.777145,-111.945849
Utah Technical Center,2022-01-03,14.454167,40.777145,-111.945849
Utah Technical Center,2022-01-04,3.8125,40.777145,-111.945849
Utah Technical Center,2022-01-05,6.204167,40.777145,-111.945849
Utah Technical Center,2022-01-06,7.525,40.777145,-111.945849
Utah Technical Center,2022-01-07,2.645833,40.777145,-111.945849
Utah Technical Center,2022-01-08,1.125,40.777145,-111.945849
Utah Technical Center,2022-01-09,6.220833,40.777145,-111.945849
Utah Technical Center,2022-01-10,13.1625,40.777145,-111.945849
Utah Technical Center,2022-01-11,25.370833,40.777145,-111.945849
Utah Technical Center,2022-01-12,24.004167,40.777145,-111.945849
Utah Technical Center,2022-01-13,29.420833,40.777145,-111.945849
Utah Technical Center,2022-01-14,22.069565,40.777145,-111.945849
Utah Technical Center,2022-01-15,20.533333,40.777145,-111.945849
Utah Technical Center,2022-01-16,24.908333,40.777145,-111.945849
Utah Technical Center,2022-01-17,32.320833,40.777145,-111.945849
Utah Technical Center,2022-01-18,36.379167,40.777145,-111.945849
Utah Technical Center,2022-01-19,29.708333,40.777145,-111.945849
Utah Technical Center,2022-01-20,18.366667,40.777145,-111.945849
Utah Technical Center,2022-01-21,6.733333,40.777145,-111.945849
Utah Technical Center,2022-01-22,3.5875,40.777145,-111.945849
Utah Technical Center,2022-01-23,8.966667,40.777145,-111.945849
Utah Technical Center,2022-01-24,19.016667,40.777145,-111.945849
Utah Technical Center,2022-01-25,6.725,40.777145,-111.945849
Utah Technical Center,2022-01-26,6.425,40.777145,-111.945849
Utah Technical Center,2022-01-27,8.620833,40.777145,-111.945849
Utah Technical Center,2022-01-28,11.991667,40.777145,-111.945849
Utah Technical Center,2022-01-29,20.795833,40.777145,-111.945849
Utah Technical Center,2022-01-30,23.6625,40.777145,-111.945849
Utah Technical Center,2022-01-31,16.9875,40.777145,-111.945849
Utah Technical Center,2022-02-01,1.254167,40.777145,-111.945849
Utah Technical Center,2022-02-02,2.65,40.777145,-111.945849
Utah Technical Center,2022-02-03,6.933333,40.777145,-111.945849
Utah Technical Center,2022-02-04,13.1,40.777145,-111.945849
Utah Technical Center,2022-02-05,10.7625,40.777145,-111.945849
Utah Technical Center,2022-02-06,8.825,40.777145,-111.945849
Utah Technical Center,2022-02-07,10.229167,40.777145,-111.945849
Utah Technical Center,2022-02-08,16.879167,40.777145,-111.945849
Utah Technical Center,2022-02-09,14.508333,40.777145,-111.945849
Utah Technical Center,2022-02-10,9.466667,40.777145,-111.945849
Utah Technical Center,2022-02-11,10.008333,40.777145,-111.945849
Utah Technical Center,2022-02-12,9.095833,40.777145,-111.945849
Utah Technical Center,2022-02-13,9.854167,40.777145,-111.945849
Utah Technical Center,2022-02-14,8.058333,40.777145,-111.945849
Utah Technical Center,2022-02-15,4.370833,40.777145,-111.945849
Utah Technical Center,2022-02-16,2.558333,40.777145,-111.945849
Utah Technical Center,2022-02-17,5.404167,40.777145,-111.945849
Utah Technical Center,2022-02-18,5.795833,40.777145,-111.945849
Utah Technical Center,2022-02-19,4.379167,40.777145,-111.945849
Utah Technical Center,2022-02-20,2.254167,40.777145,-111.945849
Utah Technical Center,2022-02-21,0.929167,40.777145,-111.945849
Utah Technical Center,2022-02-22,3.683333,40.777145,-111.945849
Utah Technical Center,2022-02-23,5.370833,40.777145,-111.945849
Utah Technical Center,2022-02-24,7.208333,40.777145,-111.945849
Utah Technical Center,2022-02-25,4.0375,40.777145,-111.945849
Utah Technical Center,2022-02-26,6.091667,40.777145,-111.945849
Utah Technical Center,2022-02-27,9.466667,40.777145,-111.945849
Utah Technical Center,2022-02-28,14.175,40.777145,-111.945849
Utah Technical Center,2022-03-01,13.5625,40.777145,-111.945849
Utah Technical Center,2022-03-02,14.020833,40.777145,-111.945849
Utah Technical Center,2022-03-03,3.904167,40.777145,-111.945849
Utah Technical Center,2022-03-04,4.256522,40.777145,-111.945849
Utah Technical Center,2022-03-05,4.008333,40.777145,-111.945849
Utah Technical Center,2022-03-06,2.920833,40.777145,-111.945849
Utah Technical Center,2022-03-07,5.283333,40.777145,-111.945849
Utah Technical Center,2022-03-08,4.829167,40.777145,-111.945849
Utah Technical Center,2022-03-09,2.216667,40.777145,-111.945849
Utah Technical Center,2022-03-10,2.583333,40.777145,-111.945849
Utah Technical Center,2022-03-11,4.095833,40.777145,-111.945849
Utah Technical Center,2022-03-12,3.675,40.777145,-111.945849
Utah Technical Center,2022-03-13,2.383333,40.777145,-111.945849
Utah Technical Center,2022-03-14,6.295833,40.777145,-111.945849
Utah Technical Center,2022-03-15,4.533333,40.777145,-111.945849
Utah Technical Center,2022-03-16,4.054167,40.777145,-111.945849
Utah Technical Center,2022-03-17,3.029167,40.777145,-111.945849
Utah Technical Center,2022-03-18,6.525,40.777145,-111.945849
Utah Technical Center,2022-03-19,5.220833,40.777145,-111.945849
Utah Technical Center,2022-03-20,3.908333,40.777145,-111.945849
Utah Technical Center,2022-03-21,3.845833,40.777145,-111.945849
Utah Technical Center,2022-03-22,4.325,40.777145,-111.945849
Utah Technical Center,2022-03-23,5.425,40.777145,-111.945849
Utah Technical Center,2022-03-24,6.220833,40.777145,-111.945849
Utah Technical Center,2022-03-25,6.983333,40.777145,-111.945849
Utah Technical Center,2022-03-26,5.841667,40.777145,-111.945849
Utah Technical Center,2022-03-27,5.3,40.777145,-111.945849
Utah Technical Center,2022-03-28,4.175,40.777145,-111.945849
Utah Technical Center,2022-03-29,7.908333,40.777145,-111.945849
Utah Technical Center,2022-03-30,3.733333,40.777145,-111.945849
Utah Technical Center,2022-03-31,3.658333,40.777145,-111.945849
Utah Technical Center,2022-04-01,5.25,40.777145,-111.945849
Utah Technical Center,2022-04-02,5.145833,40.777145,-111.945849
Utah Technical Center,2022-04-03,4.741667,40.777145,-111.945849
Utah Technical Center,2022-04-04,6.975,40.777145,-111.945849
Utah Technical Center,2022-04-05,3.5375,40.777145,-111.945849
Utah Technical Center,2022-04-06,4.508333,40.777145,-111.945849
Utah Technical Center,2022-04-07,6.9625,40.777145,-111.945849
Utah Technical Center,2022-04-08,7.483333,40.777145,-111.945849
Utah Technical Center,2022-04-09,6.145833,40.777145,-111.945849
Utah Technical Center,2022-04-10,2.2875,40.777145,-111.945849
Utah Technical Center,2022-04-11,5.945833,40.777145,-111.945849
Utah Technical Center,2022-04-12,2.616667,40.777145,-111.945849
Utah Technical Center,2022-04-13,3.491667,40.777145,-111.945849
Utah Technical Center,2022-04-14,3.866667,40.777145,-111.945849
Utah Technical Center,2022-04-15,2.947826,40.777145,-111.945849
Utah Technical Center,2022-04-16,7.791667,40.777145,-111.945849
Utah Technical Center,2022-04-17,3.8125,40.777145,-111.945849
Utah Technical Center,2022-04-18,9.420833,40.777145,-111.945849
Utah Technical Center,2022-04-19,12.945833,40.777145,-111.945849
Utah Technical Center,2022-04-20,5.075,40.777145,-111.945849
Utah Technical Center,2022-04-21,22.120833,40.777145,-111.945849
Utah Technical Center,2022-04-22,5.008333,40.777145,-111.945849
Utah Technical Center,2022-04-23,2.9375,40.777145,-111.945849
Utah Technical Center,2022-04-24,3.591667,40.777145,-111.945849
Utah Technical Center,2022-04-25,4.204167,40.777145,-111.945849
Utah Technical Center,2022-04-26,9.695833,40.777145,-111.945849
Utah Technical Center,2022-04-27,12.504167,40.777145,-111.945849
Utah Technical Center,2022-04-28,10.408333,40.777145,-111.945849
Utah Technical Center,2022-04-29,4.445833,40.777145,-111.945849
Utah Technical Center,2022-04-30,5.7125,40.777145,-111.945849
Utah Technical Center,2022-05-01,3.05,40.777145,-111.945849
Utah Technical Center,2022-05-02,5.295833,40.777145,-111.945849
Utah Technical Center,2022-05-03,1.591667,40.777145,-111.945849
Utah Technical Center,2022-05-04,4.129167,40.777145,-111.945849
Utah Technical Center,2022-05-05,7.665217,40.777145,-111.945849
Utah Technical Center,2022-05-06,12.225,40.777145,-111.945849
Utah Technical Center,2022-05-07,18.3875,40.777145,-111.945849
Utah Technical Center,2022-05-08,5.3625,40.777145,-111.945849
Utah Technical Center,2022-05-09,3.508333,40.777145,-111.945849
Utah Technical Center,2022-05-10,4.408333,40.777145,-111.945849
Utah Technical Center,2022-05-11,6.658333,40.777145,-111.945849
Utah Technical Center,2022-05-12,3.141667,40.777145,-111.945849
Utah Technical Center,2022-05-13,4.591667,40.777145,-111.945849
Utah Technical Center,2022-05-14,5.2625,40.777145,-111.945849
Utah Technical Center,2022-05-15,4.35,40.777145,-111.945849
Utah Technical Center,2022-05-16,6.479167,40.777145,-111.945849
Utah Technical Center,2022-05-17,4.441667,40.777145,-111.945849
Utah Technical Center,2022-05-18,6.358333,40.777145,-111.945849
Utah Technical Center,2022-05-19,7.804167,40.777145,-111.945849
Utah Technical Center,2022-05-20,1.879167,40.777145,-111.945849
Utah Technical Center,2022-05-21,2.7,40.777145,-111.945849
Utah Technical Center,2022-05-22,5.0625,40.777145,-111.945849
Utah Technical Center,2022-05-23,3.158333,40.777145,-111.945849
Utah Technical Center,2022-05-24,5.0,40.777145,-111.945849
Utah Technical Center,2022-05-25,5.575,40.777145,-111.945849
Utah Technical Center,2022-05-26,7.129167,40.777145,-111.945849
Utah Technical Center,2022-05-27,11.208333,40.777145,-111.945849
Utah Technical Center,2022-05-28,7.695833,40.777145,-111.945849
Utah Technical Center,2022-05-29,1.641667,40.777145,-111.945849
Utah Technical Center,2022-05-30,1.104167,40.777145,-111.945849
Utah Technical Center,2022-05-31,3.066667,40.777145,-111.945849
Utah Technical Center,2022-06-01,5.070833,40.777145,-111.945849
Utah Technical Center,2022-06-02,5.525,40.777145,-111.945849
Utah Technical Center,2022-06-03,6.229167,40.777145,-111.945849
Utah Technical Center,2022-06-04,6.995833,40.777145,-111.945849
Utah Technical Center,2022-06-05,3.995833,40.777145,-111.945849
Utah Technical Center,2022-06-06,9.841667,40.777145,-111.945849
Utah Technical Center,2022-06-07,7.4125,40.777145,-111.945849
Utah Technical Center,2022-06-08,8.133333,40.777145,-111.945849
Utah Technical Center,2022-06-09,8.5,40.777145,-111.945849
Utah Technical Center,2022-06-10,10.908333,40.777145,-111.945849
Utah Technical Center,2022-06-11,7.295833,40.777145,-111.945849
Utah Technical Center,2022-06-12,16.766667,40.777145,-111.945849
Utah Technical Center,2022-06-13,5.375,40.777145,-111.945849
Utah Technical Center,2022-06-14,5.966667,40.777145,-111.945849
Utah Technical Center,2022-06-15,7.3375,40.777145,-111.945849
Utah Technical Center,2022-06-16,7.208333,40.777145,-111.945849
Utah Technical Center,2022-06-17,24.333333,40.777145,-111.945849
Utah Technical Center,2022-06-18,27.291667,40.777145,-111.945849
Utah Technical Center,2022-06-19,14.0125,40.777145,-111.945849
Utah Technical Center,2022-06-20,2.795833,40.777145,-111.945849
Utah Technical Center,2022-06-21,3.741667,40.777145,-111.945849
Utah Technical Center,2022-06-22,7.275,40.777145,-111.945849
Utah Technical Center,2022-06-23,9.85,40.777145,-111.945849
Utah Technical Center,2022-06-24,7.2375,40.777145,-111.945849
Utah Technical Center,2022-06-25,4.6375,40.777145,-111.945849
Utah Technical Center,2022-06-26,7.170833,40.777145,-111.945849
Utah Technical Center,2022-06-27,9.3625,40.777145,-111.945849
Utah Technical Center,2022-06-28,8.145833,40.777145,-111.945849
Utah Technical Center,2022-06-29,9.975,40.777145,-111.945849
Utah Technical Center,2022-06-30,10.0375,40.777145,-111.945849
Utah Technical Center,2022-07-01,5.445833,40.777145,-111.945849
Utah Technical Center,2022-07-02,4.3625,40.777145,-111.945849
Utah Technical Center,2022-07-03,8.5375,40.777145,-111.945849
Utah Technical Center,2022-07-04,10.725,40.777145,-111.945849
Utah Technical Center,2022-07-05,10.8625,40.777145,-111.945849
Utah Technical Center,2022-07-06,6.416667,40.777145,-111.945849
Utah Technical Center,2022-07-07,6.175,40.777145,-111.945849
Utah Technical Center,2022-07-08,10.0125,40.777145,-111.945849
Utah Technical Center,2022-07-09,13.1125,40.777145,-111.945849
Utah Technical Center,2022-07-10,11.266667,40.777145,-111.945849
Utah Technical Center,2022-07-11,7.816667,40.777145,-111.945849
Utah Technical Center,2022-07-12,12.629167,40.777145,-111.945849
Utah Technical Center,2022-07-13,9.429167,40.777145,-111.945849
Utah Technical Center,2022-07-14,7.327273,40.777145,-111.945849
Utah Technical Center,2022-07-15,8.1125,40.777145,-111.945849
Utah Technical Center,2022-07-16,5.908333,40.777145,-111.945849
Utah Technical Center,2022-07-17,9.545833,40.777145,-111.945849
Utah Technical Center,2022-07-18,7.741667,40.777145,-111.945849
Utah Technical Center,2022-07-19,10.866667,40.777145,-111.945849
Utah Technical Center,2022-07-20,9.0,40.777145,-111.945849
Utah Technical Center,2022-07-21,8.720833,40.777145,-111.945849
Utah Technical Center,2022-07-22,8.3625,40.777145,-111.945849
Utah Technical Center,2022-07-23,9.216667,40.777145,-111.945849
Utah Technical Center,2022-07-24,9.920833,40.777145,-111.945849
Utah Technical Center,2022-07-25,9.475,40.777145,-111.945849
Utah Technical Center,2022-07-26,8.445833,40.777145,-111.945849
Utah Technical Center,2022-07-27,7.041667,40.777145,-111.945849
Utah Technical Center,2022-07-28,9.445833,40.777145,-111.945849
Utah Technical Center,2022-07-29,6.4125,40.777145,-111.945849
Utah Technical Center,2022-07-30,7.395833,40.777145,-111.945849
Utah Technical Center,2022-07-31,6.958333,40.777145,-111.945849
Utah Technical Center,2022-08-01,5.529167,40.777145,-111.945849
Utah Technical Center,2022-08-02,6.870833,40.777145,-111.945849
Utah Technical Center,2022-08-03,13.279167,40.777145,-111.945849
Utah Technical Center,2022-08-04,10.75,40.777145,-111.945849
Utah Technical Center,2022-08-05,9.925,40.777145,-111.945849
Utah Technical Center,2022-08-06,4.570833,40.777145,-111.945849
Utah Technical Center,2022-08-07,6.495833,40.777145,-111.945849
Utah Technical Center,2022-08-08,8.204167,40.777145,-111.945849
Utah Technical Center,2022-08-09,8.133333,40.777145,-111.945849
Utah Technical Center,2022-08-10,6.691667,40.777145,-111.945849
Utah Technical Center,2022-08-11,5.354167,40.777145,-111.945849
Utah Technical Center,2022-08-12,6.741667,40.777145,-111.945849
Utah Technical Center,2022-08-13,4.808333,40.777145,-111.945849
Utah Technical Center,2022-08-14,3.691667,40.777145,-111.945849
Utah Technical Center,2022-08-15,6.85,40.777145,-111.945849
Utah Technical Center,2022-08-16,5.25,40.777145,-111.945849
Utah Technical Center,2022-08-17,6.220833,40.777145,-111.945849
Utah Technical Center,2022-08-18,8.647368,40.777145,-111.945849
Utah Technical Center,2022-08-19,6.945833,40.777145,-111.945849
Utah Technical Center,2022-08-20,5.45,40.777145,-111.945849
Utah Technical Center,2022-08-21,4.529167,40.777145,-111.945849
Utah Technical Center,2022-08-22,6.2375,40.777145,-111.945849
Utah Technical Center,2022-08-23,7.441667,40.777145,-111.945849
Utah Technical Center,2022-08-24,8.420833,40.777145,-111.945849
Utah Technical Center,2022-08-25,6.520833,40.777145,-111.945849
Utah Technical Center,2022-08-26,5.108333,40.777145,-111.945849
Utah Technical Center,2022-08-27,4.85,40.777145,-111.945849
Utah Technical Center,2022-08-28,9.2125,40.777145,-111.945849
Utah Technical Center,2022-08-29,10.133333,40.777145,-111.945849
Utah Technical Center,2022-08-30,9.158333,40.777145,-111.945849
Utah Technical Center,2022-08-31,7.291667,40.777145,-111.945849
Utah Technical Center,2022-09-01,8.979167,40.777145,-111.945849
Utah Technical Center,2022-09-02,11.025,40.777145,-111.945849
Utah Technical Center,2022-09-03,8.566667,40.777145,-111.945849
Utah Technical Center,2022-09-04,9.408333,40.777145,-111.945849
Utah Technical Center,2022-09-05,10.0,40.777145,-111.945849
Utah Technical Center,2022-09-06,11.05,40.777145,-111.945849
Utah Technical Center,2022-09-07,10.941667,40.777145,-111.945849
Utah Technical Center,2022-09-08,16.570833,40.777145,-111.945849
Utah Technical Center,2022-09-09,29.458333,40.777145,-111.945849
Utah Technical Center,2022-09-10,35.575,40.777145,-111.945849
Utah Technical Center,2022-09-11,26.058333,40.777145,-111.945849
Utah Technical Center,2022-09-12,21.508696,40.777145,-111.945849
Utah Technical Center,2022-09-13,4.241667,40.777145,-111.945849
Utah Technical Center,2022-09-14,5.066667,40.777145,-111.945849
Utah Technical Center,2022-09-15,5.275,40.777145,-111.945849
Utah Technical Center,2022-09-16,4.745833,40.777145,-111.945849
Utah Technical Center,2022-09-17,10.491667,40.777145,-111.945849
Utah Technical Center,2022-09-18,4.7375,40.777145,-111.945849
Utah Technical Center,2022-09-19,4.3125,40.777145,-111.945849
Utah Technical Center,2022-09-20,5.970833,40.777145,-111.945849
Utah Technical Center,2022-09-21,5.3625,40.777145,-111.945849
Utah Technical Center,2022-09-22,4.6125,40.777145,-111.945849
Utah Technical Center,2022-09-23,5.870833,40.777145,-111.945849
Utah Technical Center,2022-09-24,6.304167,40.777145,-111.945849
Utah Technical Center,2022-09-25,6.6,40.777145,-111.945849
Utah Technical Center,2022-09-26,7.666667,40.777145,-111.945849
Utah Technical Center,2022-09-27,7.443478,40.777145,-111.945849
Utah Technical Center,2022-09-28,6.091667,40.777145,-111.945849
Utah Technical Center,2022-09-29,5.745833,40.777145,-111.945849
Utah Technical Center,2022-09-30,3.95,40.777145,-111.945849
Utah Technical Center,2022-10-01,3.854167,40.777145,-111.945849
Utah Technical Center,2022-10-02,5.929167,40.777145,-111.945849
Utah Technical Center,2022-10-03,6.129167,40.777145,-111.945849
Utah Technical Center,2022-10-04,8.1,40.777145,-111.945849
Utah Technical Center,2022-10-05,9.204167,40.777145,-111.945849
Utah Technical Center,2022-10-06,7.283333,40.777145,-111.945849
Utah Technical Center,2022-10-07,7.595833,40.777145,-111.945849
Utah Technical Center,2022-10-08,8.16087,40.777145,-111.945849
Utah Technical Center,2022-10-09,7.454167,40.777145,-111.945849
Utah Technical Center,2022-10-10,7.916667,40.777145,-111.945849
Utah Technical Center,2022-10-11,9.254167,40.777145,-111.945849
Utah Technical Center,2022-10-12,10.582609,40.777145,-111.945849
Utah Technical Center,2022-10-13,11.170833,40.777145,-111.945849
Utah Technical Center,2022-10-14,7.370833,40.777145,-111.945849
Utah Technical Center,2022-10-15,7.520833,40.777145,-111.945849
Utah Technical Center,2022-10-16,5.295833,40.777145,-111.945849
Utah Technical Center,2022-10-17,6.833333,40.777145,-111.945849
Utah Technical Center,2022-10-18,11.445833,40.777145,-111.945849
Utah Technical Center,2022-10-19,10.154167,40.777145,-111.945849
Utah Technical Center,2022-10-20,9.4625,40.777145,-111.945849
Utah Technical Center,2022-10-21,8.904167,40.777145,-111.945849
Utah Technical Center,2022-10-22,10.7125,40.777145,-111.945849
Utah Technical Center,2022-10-23,3.025,40.777145,-111.945849
Utah Technical Center,2022-10-24,5.516667,40.777145,-111.945849
Utah Technical Center,2022-10-25,3.370833,40.777145,-111.945849
Utah Technical Center,2022-10-26,5.191667,40.777145,-111.945849
Utah Technical Center,2022-10-27,4.129167,40.777145,-111.945849
Utah Technical Center,2022-10-28,11.370833,40.777145,-111.945849
Utah Technical Center,2022-10-29,12.425,40.777145,-111.945849
Utah Technical Center,2022-10-30,9.916667,40.777145,-111.945849
Utah Technical Center,2022-10-31,6.429167,40.777145,-111.945849
Utah Technical Center,2022-11-01,3.954167,40.777145,-111.945849
Utah Technical Center,2022-11-02,3.354167,40.777145,-111.945849
Utah Technical Center,2022-11-03,3.875,40.777145,-111.945849
Utah Technical Center,2022-11-04,3.633333,40.777145,-111.945849
Utah Technical Center,2022-11-05,1.929167,40.777145,-111.945849
Utah Technical Center,2022-11-06,2.366667,40.777145,-111.945849
Utah Technical Center,2022-11-07,3.066667,40.777145,-111.945849
Utah Technical Center,2022-11-08,5.520833,40.777145,-111.945849
Utah Technical Center,2022-11-09,0.9875,40.777145,-111.945849
Utah Technical Center,2022-11-10,4.016667,40.777145,-111.945849
Utah Technical Center,2022-11-11,6.916667,40.777145,-111.945849
Utah Technical Center,2022-11-12,9.9875,40.777145,-111.945849
Utah Technical Center,2022-11-13,9.308333,40.777145,-111.945849
Utah Technical Center,2022-11-14,4.93913,40.777145,-111.945849
Utah Technical Center,2022-11-15,8.670833,40.777145,-111.945849
Utah Technical Center,2022-11-16,7.954167,40.777145,-111.945849
Utah Technical Center,2022-11-17,10.383333,40.777145,-111.945849
Utah Technical Center,2022-11-18,5.458333,40.777145,-111.945849
Utah Technical Center,2022-11-19,7.425,40.777145,-111.945849
Utah Technical Center,2022-11-20,16.529167,40.777145,-111.945849
Utah Technical Center,2022-11-21,24.3875,40.777145,-111.945849
Utah Technical Center,2022-11-22,28.395833,40.777145,-111.945849
Utah Technical Center,2022-11-23,20.858333,40.777145,-111.945849
Utah Technical Center,2022-11-24,7.1875,40.777145,-111.945849
Utah Technical Center,2022-11-25,9.233333,40.777145,-111.945849
Utah Technical Center,2022-11-26,13.875,40.777145,-111.945849
Utah Technical Center,2022-11-27,5.5875,40.777145,-111.945849
Utah Technical Center,2022-11-28,1.766667,40.777145,-111.945849
Utah Technical Center,2022-11-29,2.020833,40.777145,-111.945849
Utah Technical Center,2022-11-30,4.95,40.777145,-111.945849
Utah Technical Center,2022-12-01,5.445833,40.777145,-111.945849
Utah Technical Center,2022-12-02,5.208333,40.777145,-111.945849
Utah Technical Center,2022-12-03,10.6,40.777145,-111.945849
Utah Technical Center,2022-12-04,11.245833,40.777145,-111.945849
Utah Technical Center,2022-12-05,9.9,40.777145,-111.945849
Utah Technical Center,2022-12-06,12.666667,40.777145,-111.945849
Utah Technical Center,2022-12-07,14.066667,40.777145,-111.945849
Utah Technical Center,2022-12-08,10.420833,40.777145,-111.945849
Utah Technical Center,2022-12-09,4.716667,40.777145,-111.945849
Utah Technical Center,2022-12-10,2.654167,40.777145,-111.945849
Utah Technical Center,2022-12-11,1.166667,40.777145,-111.945849
Utah Technical Center,2022-12-12,2.033333,40.777145,-111.945849
Utah Technical Center,2022-12-13,4.008333,40.777145,-111.945849
Utah Technical Center,2022-12-14,4.129167,40.777145,-111.945849
Utah Technical Center,2022-12-15,5.970833,40.777145,-111.945849
Utah Technical Center,2022-12-16,9.391667,40.777145,-111.945849
Utah Technical Center,2022-12-17,12.6375,40.777145,-111.945849
Utah Technical Center,2022-12-18,20.2375,40.777145,-111.945849
Utah Technical Center,2022-12-19,31.216667,40.777145,-111.945849
Utah Technical Center,2022-12-20,32.0125,40.777145,-111.945849
Utah Technical Center,2022-12-21,7.804167,40.777145,-111.945849
Utah Technical Center,2022-12-22,1.8125,40.777145,-111.945849
Utah Technical Center,2022-12-23,13.8875,40.777145,-111.945849
Utah Technical Center,2022-12-24,31.633333,40.777145,-111.945849
Utah Technical Center,2022-12-25,41.175,40.777145,-111.945849
Utah Technical Center,2022-12-26,21.875,40.777145,-111.945849
Utah Technical Center,2022-12-27,2.508333,40.777145,-111.945849
Utah Technical Center,2022-12-28,2.004167,40.777145,-111.945849
Utah Technical Center,2022-12-29,3.695833,40.777145,-111.945849
Utah Technical Center,2022-12-30,2.416667,40.777145,-111.945849
Utah Technical Center,2022-12-31,3.158333,40.777145,-111.945849
Utah Technical Center,2023-01-01,2.8,40.777145,-111.945849
Utah Technical Center,2023-01-02,1.341667,40.777145,-111.945849
Utah Technical Center,2023-01-03,10.554167,40.777145,-111.945849
Utah Technical Center,2023-01-04,7.529167,40.777145,-111.945849
Utah Technical Center,2023-01-05,3.926087,40.777145,-111.945849
Utah Technical Center,2023-01-06,7.741667,40.777145,-111.945849
Utah Technical Center,2023-01-07,5.895833,40.777145,-111.945849
Utah Technical Center,2023-01-08,2.170833,40.777145,-111.945849
Utah Technical Center,2023-01-09,2.975,40.777145,-111.945849
Utah Technical Center,2023-01-10,1.75,40.777145,-111.945849
Utah Technical Center,2023-01-11,4.541667,40.777145,-111.945849
Utah Technical Center,2023-01-12,6.895833,40.777145,-111.945849
Utah Technical Center,2023-01-13,11.933333,40.777145,-111.945849
Utah Technical Center,2023-01-14,7.570833,40.777145,-111.945849
Utah Technical Center,2023-01-15,1.841667,40.777145,-111.945849
Utah Technical Center,2023-01-16,5.075,40.777145,-111.945849
Utah Technical Center,2023-01-17,6.2125,40.777145,-111.945849
Utah Technical Center,2023-01-18,2.883333,40.777145,-111.945849
Utah Technical Center,2023-01-19,6.05,40.777145,-111.945849
Utah Technical Center,2023-01-20,3.954167,40.777145,-111.945849
Utah Technical Center,2023-01-21,3.229167,40.777145,-111.945849
Utah Technical Center,2023-01-22,6.3375,40.777145,-111.945849
Utah Technical Center,2023-01-23,3.433333,40.777145,-111.945849
Utah Technical Center,2023-01-24,3.85,40.777145,-111.945849
Utah Technical Center,2023-01-25,11.825,40.777145,-111.945849
Utah Technical Center,2023-01-26,12.95,40.777145,-111.945849
Utah Technical Center,2023-01-27,3.954167,40.777145,-111.945849
Utah Technical Center,2023-01-28,1.666667,40.777145,-111.945849
Utah Technical Center,2023-01-29,2.7875,40.777145,-111.945849
Utah Technical Center,2023-01-30,3.708333,40.777145,-111.945849
Utah Technical Center,2023-01-31,11.079167,40.777145,-111.945849
Utah Technical Center,2023-02-01,25.491667,40.777145,-111.945849
Utah Technical Center,2023-02-02,35.920833,40.777145,-111.945849
Utah Technical Center,2023-02-03,41.120833,40.777145,-111.945849
Utah Technical Center,2023-02-04,42.304167,40.777145,-111.945849
Utah Technical Center,2023-02-05,29.033333,40.777145,-111.945849
Utah Technical Center,2023-02-06,5.525,40.777145,-111.945849
Utah Technical Center,2023-02-07,5.529167,40.777145,-111.945849
Utah Technical Center,2023-02-08,10.329167,40.777145,-111.945849
Utah Technical Center,2023-02-09,4.747826,40.777145,-111.945849
Utah Technical Center,2023-02-10,14.4875,40.777145,-111.945849
Utah Technical Center,2023-02-11,22.558333,40.777145,-111.945849
Utah Technical Center,2023-02-12,20.316667,40.777145,-111.945849
Utah Technical Center,2023-02-13,23.720833,40.777145,-111.945849
Utah Technical Center,2023-02-14,0.879167,40.777145,-111.945849
Utah Technical Center,2023-02-15,2.495833,40.777145,-111.945849
Utah Technical Center,2023-02-16,7.0,40.777145,-111.945849
Utah Technical Center,2023-02-17,11.629167,40.777145,-111.945849
Utah Technical Center,2023-02-18,19.820833,40.777145,-111.945849
Utah Technical Center,2023-02-19,7.591667,40.777145,-111.945849
Utah Technical Center,2023-02-20,5.095833,40.777145,-111.945849
Utah Technical Center,2023-02-21,2.7,40.777145,-111.945849
Utah Technical Center,2023-02-22,3.079167,40.777145,-111.945849
Utah Technical Center,2023-02-23,2.645833,40.777145,-111.945849
Utah Technical Center,2023-02-24,2.975,40.777145,-111.945849
Utah Technical Center,2023-02-25,6.554167,40.777145,-111.945849
Utah Technical Center,2023-02-26,5.975,40.777145,-111.945849
Utah Technical Center,2023-02-27,1.133333,40.777145,-111.945849
Utah Technical Center,2023-02-28,1.108333,40.777145,-111.945849
Utah Technical Center,2023-03-01,2.2375,40.777145,-111.945849
Utah Technical Center,2023-03-02,2.691667,40.777145,-111.945849
Utah Technical Center,2023-03-03,4.054167,40.777145,-111.945849
Utah Technical Center,2023-03-04,4.204167,40.777145,-111.945849
Utah Technical Center,2023-03-05,3.366667,40.777145,-111.945849
Utah Technical Center,2023-03-06,2.375,40.777145,-111.945849
Utah Technical Center,2023-03-07,4.730435,40.777145,-111.945849
Utah Technical Center,2023-03-08,7.525,40.777145,-111.945849
Utah Technical Center,2023-03-09,3.279167,40.777145,-111.945849
Utah Technical Center,2023-03-10,2.608333,40.777145,-111.945849
Utah Technical Center,2023-03-11,2.9375,40.777145,-111.945849
Utah Technical Center,2023-03-12,8.1875,40.777145,-111.945849
Utah Technical Center,2023-03-13,3.404167,40.777145,-111.945849
Utah Technical Center,2023-03-14,2.6375,40.777145,-111.945849
Utah Technical Center,2023-03-15,2.204167,40.777145,-111.945849
Utah Technical Center,2023-03-16,3.8125,40.777145,-111.945849
Utah Technical Center,2023-03-17,6.966667,40.777145,-111.945849
Utah Technical Center,2023-03-18,4.379167,40.777145,-111.945849
Utah Technical Center,2023-03-19,2.1,40.777145,-111.945849
Utah Technical Center,2023-03-20,2.154167,40.777145,-111.945849
Utah Technical Center,2023-03-21,4.175,40.777145,-111.945849
Utah Technical Center,2023-03-22,2.145833,40.777145,-111.945849
Utah Technical Center,2023-03-23,2.920833,40.777145,-111.945849
Utah Technical Center,2023-03-24,3.070833,40.777145,-111.945849
Utah Technical Center,2023-03-25,2.0125,40.777145,-111.945849
Utah Technical Center,2023-03-26,1.691667,40.777145,-111.945849
Utah Technical Center,2023-03-27,3.458333,40.777145,-111.945849
Utah Technical Center,2023-03-28,4.108333,40.777145,-111.945849
Utah Technical Center,2023-03-29,4.325,40.777145,-111.945849
Utah Technical Center,2023-03-30,2.208333,40.777145,-111.945849
Utah Technical Center,2023-03-31,3.320833,40.777145,-111.945849
Utah Technical Center,2023-04-01,2.370833,40.777145,-111.945849
Utah Technical Center,2023-04-02,1.508333,40.777145,-111.945849
Utah Technical Center,2023-04-03,2.816667,40.777145,-111.945849
Utah Technical Center,2023-04-04,1.408333,40.777145,-111.945849
Utah Technical Center,2023-04-05,1.6375,40.777145,-111.945849
Utah Technical Center,2023-04-06,4.616667,40.777145,-111.945849
Utah Technical Center,2023-04-07,10.595652,40.777145,-111.945849
Utah Technical Center,2023-04-08,7.529167,40.777145,-111.945849
Utah Technical Center,2023-04-09,6.341667,40.777145,-111.945849
Utah Technical Center,2023-04-10,7.7,40.777145,-111.945849
Utah Technical Center,2023-04-11,6.429167,40.777145,-111.945849
Utah Technical Center,2023-04-12,12.358333,40.777145,-111.945849
Utah Technical Center,2023-04-13,3.508333,40.777145,-111.945849
Utah Technical Center,2023-04-14,5.05,40.777145,-111.945849
Utah Technical Center,2023-04-15,5.829167,40.777145,-111.945849
Utah Technical Center,2023-04-16,8.579167,40.777145,-111.945849
Utah Technical Center,2023-04-17,7.4,40.777145,-111.945849
Utah Technical Center,2023-04-18,10.954167,40.777145,-111.945849
Utah Technical Center,2023-04-19,2.125,40.777145,-111.945849
Utah Technical Center,2023-04-20,3.825,40.777145,-111.945849
Utah Technical Center,2023-04-21,4.379167,40.777145,-111.945849
Utah Technical Center,2023-04-22,3.9125,40.777145,-111.945849
Utah Technical Center,2023-04-23,4.841667,40.777145,-111.945849
Utah Technical Center,2023-04-24,3.704167,40.777145,-111.945849
Utah Technical Center,2023-04-25,3.1125,40.777145,-111.945849
Utah Technical Center,2023-04-26,6.633333,40.777145,-111.945849
Utah Technical Center,2023-04-27,4.4875,40.777145,-111.945849
Utah Technical Center,2023-04-28,4.245833,40.777145,-111.945849
Utah Technical Center,2023-04-29,7.725,40.777145,-111.945849
Utah Technical Center,2023-04-30,7.275,40.777145,-111.945849
Utah Technical Center,2023-05-01,9.058333,40.777145,-111.945849
Utah Technical Center,2023-05-02,9.904348,40.777145,-111.945849
Utah Technical Center,2023-05-03,9.429167,40.777145,-111.945849
Utah Technical Center,2023-05-04,8.245833,40.777145,-111.945849
Utah Technical Center,2023-05-05,3.670833,40.777145,-111.945849
Utah Technical Center,2023-05-06,3.0,40.777145,-111.945849
Utah Technical Center,2023-05-07,5.545833,40.777145,-111.945849
Utah Technical Center,2023-05-08,4.595833,40.777145,-111.945849
Utah Technical Center,2023-05-09,6.0125,40.777145,-111.945849
Utah Technical Center,2023-05-10,6.195833,40.777145,-111.945849
Utah Technical Center,2023-05-11,7.495833,40.777145,-111.945849
Utah Technical Center,2023-05-12,7.179167,40.777145,-111.945849
Utah Technical Center,2023-05-13,4.416667,40.777145,-111.945849
Utah Technical Center,2023-05-14,3.729167,40.777145,-111.945849
Utah Technical Center,2023-05-15,6.620833,40.777145,-111.945849
Utah Technical Center,2023-05-16,7.504167,40.777145,-111.945849
Utah Technical Center,2023-05-17,8.191667,40.777145,-111.945849
Utah Technical Center,2023-05-18,6.154167,40.777145,-111.945849
Utah Technical Center,2023-05-19,16.241667,40.777145,-111.945849
Utah Technical Center,2023-05-20,26.325,40.777145,-111.945849
Utah Technical Center,2023-05-21,17.129167,40.777145,-111.945849
Utah Technical Center,2023-05-22,10.345833,40.777145,-111.945849
Utah Technical Center,2023-05-23,5.766667,40.777145,-111.945849
Utah Technical Center,2023-05-24,6.2625,40.777145,-111.945849
Utah Technical Center,2023-05-25,5.15,40.777145,-111.945849
Utah Technical Center,2023-05-26,4.4625,40.777145,-111.945849
Utah Technical Center,2023-05-27,5.354167,40.777145,-111.945849
Utah Technical Center,2023-05-28,6.020833,40.777145,-111.945849
Utah Technical Center,2023-05-29,6.104167,40.777145,-111.945849
Utah Technical Center,2023-05-30,8.6,40.777145,-111.945849
Utah Technical Center,2023-05-31,6.621739,40.777145,-111.945849
Utah Technical Center,2023-06-01,5.508333,40.777145,-111.945849
Utah Technical Center,2023-06-02,5.679167,40.777145,-111.945849
Utah Technical Center,2023-06-03,6.191667,40.777145,-111.945849
Utah Technical Center,2023-06-04,4.05,40.777145,-111.945849
Utah Technical Center,2023-06-05,6.270833,40.777145,-111.945849
Utah Technical Center,2023-06-06,7.283333,40.777145,-111.945849
Utah Technical Center,2023-06-07,5.483333,40.777145,-111.945849
Utah Technical Center,2023-06-08,5.9625,40.777145,-111.945849
Utah Technical Center,2023-06-09,6.8875,40.777145,-111.945849
Utah Technical Center,2023-06-10,5.345833,40.777145,-111.945849
Utah Technical Center,2023-06-11,4.4125,40.777145,-111.945849
Utah Technical Center,2023-06-12,10.666667,40.777145,-111.945849
Utah Technical Center,2023-06-13,6.017391,40.777145,-111.945849
Utah Technical Center,2023-06-14,5.766667,40.777145,-111.945849
Utah Technical Center,2023-06-15,3.858333,40.777145,-111.945849
Utah Technical Center,2023-06-16,4.983333,40.777145,-111.945849
Utah Technical Center,2023-06-17,7.166667,40.777145,-111.945849
Utah Technical Center,2023-06-18,7.920833,40.777145,-111.945849
Utah Technical Center,2023-06-19,12.983333,40.777145,-111.945849
Utah Technical Center,2023-06-20,4.633333,40.777145,-111.945849
Utah Technical Center,2023-06-21,4.604167,40.777145,-111.945849
Utah Technical Center,2023-06-22,5.325,40.777145,-111.945849
Utah Technical Center,2023-06-23,9.858333,40.777145,-111.945849
Utah Technical Center,2023-06-24,7.4875,40.777145,-111.945849
Utah Technical Center,2023-06-25,8.404167,40.777145,-111.945849
Utah Technical Center,2023-06-26,5.208333,40.777145,-111.945849
Utah Technical Center,2023-06-27,7.6875,40.777145,-111.945849
Utah Technical Center,2023-06-28,8.408333,40.777145,-111.945849
Utah Technical Center,2023-06-29,7.925,40.777145,-111.945849
Utah Technical Center,2023-06-30,6.766667,40.777145,-111.945849
Utah Technical Center,2023-07-01,9.1375,40.777145,-111.945849
Utah Technical Center,2023-07-02,6.55,40.777145,-111.945849
Utah Technical Center,2023-07-03,9.604167,40.777145,-111.945849
Utah Technical Center,2023-07-04,16.720833,40.777145,-111.945849
Utah Technical Center,2023-07-05,19.165217,40.777145,-111.945849
Utah Technical Center,2023-07-06,10.841667,40.777145,-111.945849
Utah Technical Center,2023-07-07,8.35,40.777145,-111.945849
Utah Technical Center,2023-07-08,8.508333,40.777145,-111.945849
Utah Technical Center,2023-07-09,7.641667,40.777145,-111.945849
Utah Technical Center,2023-07-10,7.8375,40.777145,-111.945849
Utah Technical Center,2023-07-11,7.729167,40.777145,-111.945849
Utah Technical Center,2023-07-12,9.9375,40.777145,-111.945849
Utah Technical Center,2023-07-13,8.929167,40.777145,-111.945849
Utah Technical Center,2023-07-14,7.341667,40.777145,-111.945849
Utah Technical Center,2023-07-15,6.625,40.777145,-111.945849
Utah Technical Center,2023-07-16,6.691667,40.777145,-111.945849
Utah Technical Center,2023-07-17,10.145833,40.777145,-111.945849
Utah Technical Center,2023-07-18,11.425,40.777145,-111.945849
Utah Technical Center,2023-07-19,5.7875,40.777145,-111.945849
Utah Technical Center,2023-07-20,6.845833,40.777145,-111.945849
Utah Technical Center,2023-07-21,6.8625,40.777145,-111.945849
Utah Technical Center,2023-07-22,7.008333,40.777145,-111.945849
Utah Technical Center,2023-07-23,8.425,40.777145,-111.945849
Utah Technical Center,2023-07-24,10.316667,40.777145,-111.945849
Utah Technical Center,2023-07-25,8.766667,40.777145,-111.945849
Utah Technical Center,2023-07-26,6.416667,40.777145,-111.945849
Utah Technical Center,2023-07-27,5.3625,40.777145,-111.945849
Utah Technical Center,2023-07-28,7.391667,40.777145,-111.945849
Utah Technical Center,2023-07-29,8.679167,40.777145,-111.945849
Utah Technical Center,2023-07-30,9.270833,40.777145,-111.945849
Utah Technical Center,2023-07-31,11.708333,40.777145,-111.945849
Utah Technical Center,2023-08-01,7.570833,40.777145,-111.945849
Utah Technical Center,2023-08-02,5.75,40.777145,-111.945849
Utah Technical Center,2023-08-03,4.420833,40.777145,-111.945849
Utah Technical Center,2023-08-04,4.1,40.777145,-111.945849
Utah Technical Center,2023-08-05,4.825,40.777145,-111.945849
Utah Technical Center,2023-08-06,5.3,40.777145,-111.945849
Utah Technical Center,2023-08-07,7.275,40.777145,-111.945849
Utah Technical Center,2023-08-08,8.775,40.777145,-111.945849
Utah Technical Center,2023-08-09,8.595833,40.777145,-111.945849
Utah Technical Center,2023-08-10,7.208333,40.777145,-111.945849
Utah Technical Center,2023-08-11,6.8875,40.777145,-111.945849
Utah Technical Center,2023-08-12,4.941667,40.777145,-111.945849
Utah Technical Center,2023-08-13,5.170833,40.777145,-111.945849
Utah Technical Center,2023-08-14,9.691667,40.777145,-111.945849
Utah Technical Center,2023-08-15,8.208333,40.777145,-111.945849
Utah Technical Center,2023-08-16,5.3125,40.777145,-111.945849
Utah Technical Center,2023-08-17,7.4375,40.777145,-111.945849
Utah Technical Center,2023-08-18,3.961905,40.777145,-111.945849
Utah Technical Center,2023-08-19,3.4375,40.777145,-111.945849
Utah Technical Center,2023-08-20,3.591667,40.777145,-111.945849
Utah Technical Center,2023-08-21,3.95,40.777145,-111.945849
Utah Technical Center,2023-08-22,3.683333,40.777145,-111.945849
Utah Technical Center,2023-08-23,6.554167,40.777145,-111.945849
Utah Technical Center,2023-08-24,7.508333,40.777145,-111.945849
Utah Technical Center,2023-08-25,6.216667,40.777145,-111.945849
Utah Technical Center,2023-08-26,6.5625,40.777145,-111.945849
Utah Technical Center,2023-08-27,5.708333,40.777145,-111.945849
Utah Technical Center,2023-08-28,5.920833,40.777145,-111.945849
Utah Technical Center,2023-08-29,5.779167,40.777145,-111.945849
Utah Technical Center,2023-08-30,28.333333,40.777145,-111.945849
Utah Technical Center,2023-08-31,13.141667,40.777145,-111.945849
Utah Technical Center,2023-09-01,4.785,40.777145,-111.945849
Utah Technical Center,2023-09-02,1.891667,40.777145,-111.945849
Utah Technical Center,2023-09-03,2.8625,40.777145,-111.945849
Utah Technical Center,2023-09-04,2.516667,40.777145,-111.945849
Utah Technical Center,2023-09-05,5.520833,40.777145,-111.945849
Utah Technical Center,2023-09-06,5.2875,40.777145,-111.945849
Utah Technical Center,2023-09-07,4.904167,40.777145,-111.945849
Utah Technical Center,2023-09-08,4.041667,40.777145,-111.945849
Utah Technical Center,2023-09-09,7.054167,40.777145,-111.945849
Utah Technical Center,2023-09-10,6.816667,40.777145,-111.945849
Utah Technical Center,2023-09-11,6.479167,40.777145,-111.945849
Utah Technical Center,2023-09-12,6.575,40.777145,-111.945849
Utah Technical Center,2023-09-13,5.679167,40.777145,-111.945849
Utah Technical Center,2023-09-14,7.554167,40.777145,-111.945849
Utah Technical Center,2023-09-15,7.4375,40.777145,-111.945849
Utah Technical Center,2023-09-16,6.35,40.777145,-111.945849
Utah Technical Center,2023-09-17,6.15,40.777145,-111.945849
Utah Technical Center,2023-09-18,4.725,40.777145,-111.945849
Utah Technical Center,2023-09-19,7.070833,40.777145,-111.945849
Utah Technical Center,2023-09-20,5.341667,40.777145,-111.945849
Utah Technical Center,2023-09-21,4.775,40.777145,-111.945849
Utah Technical Center,2023-09-22,4.725,40.777145,-111.945849
Utah Technical Center,2023-09-23,5.170833,40.777145,-111.945849
Utah Technical Center,2023-09-24,8.6625,40.777145,-111.945849
Utah Technical Center,2023-09-25,6.558333,40.777145,-111.945849
Utah Technical Center,2023-09-26,6.341667,40.777145,-111.945849
Utah Technical Center,2023-09-27,5.3,40.777145,-111.945849
Utah Technical Center,2023-09-28,6.320833,40.777145,-111.945849
Utah Technical Center,2023-09-29,9.291667,40.777145,-111.945849
Utah Technical Center,2023-09-30,5.9625,40.777145,-111.945849
Utah Technical Center,2023-10-01,2.575,40.777145,-111.945849
Utah Technical Center,2023-10-02,3.4125,40.777145,-111.945849
Utah Technical Center,2023-10-03,6.166667,40.777145,-111.945849
Utah Technical Center,2023-10-04,4.841667,40.777145,-111.945849
Utah Technical Center,2023-10-05,6.6375,40.777145,-111.945849
Utah Technical Center,2023-10-06,7.954167,40.777145,-111.945849
Utah Technical Center,2023-10-07,6.945833,40.777145,-111.945849
Utah Technical Center,2023-10-08,6.5,40.777145,-111.945849
Utah Technical Center,2023-10-09,6.604167,40.777145,-111.945849
Utah Technical Center,2023-10-10,6.65,40.777145,-111.945849
Utah Technical Center,2023-10-11,2.829167,40.777145,-111.945849
Utah Technical Center,2023-10-12,4.1,40.777145,-111.945849
Utah Technical Center,2023-10-13,6.458333,40.777145,-111.945849
Utah Technical Center,2023-10-14,6.316667,40.777145,-111.945849
Utah Technical Center,2023-10-15,8.9125,40.777145,-111.945849
Utah Technical Center,2023-10-16,9.166667,40.777145,-111.945849
Utah Technical Center,2023-10-17,11.2125,40.777145,-111.945849
Utah Technical Center,2023-10-18,7.720833,40.777145,-111.945849
Utah Technical Center,2023-10-19,7.8625,40.777145,-111.945849
Utah Technical Center,2023-10-20,9.954167,40.777145,-111.945849
Utah Technical Center,2023-10-21,9.120833,40.777145,-111.945849
Utah Technical Center,2023-10-22,7.204167,40.777145,-111.945849
Utah Technical Center,2023-10-23,6.670833,40.777145,-111.945849
Utah Technical Center,2023-10-24,9.666667,40.777145,-111.945849
Utah Technical Center,2023-10-25,6.8,40.777145,-111.945849
Utah Technical Center,2023-10-26,2.366667,40.777145,-111.945849
Utah Technical Center,2023-10-27,5.254167,40.777145,-111.945849
Utah Technical Center,2023-10-28,4.141667,40.777145,-111.945849
Utah Technical Center,2023-10-29,4.575,40.777145,-111.945849
Utah Technical Center,2023-10-30,7.545833,40.777145,-111.945849
Utah Technical Center,2023-10-31,12.5875,40.777145,-111.945849
Utah Technical Center,2023-11-01,17.8625,40.777145,-111.945849
Utah Technical Center,2023-11-02,14.295652,40.777145,-111.945849
Utah Technical Center,2023-11-03,9.016667,40.777145,-111.945849
Utah Technical Center,2023-11-04,6.816667,40.777145,-111.945849
Utah Technical Center,2023-11-05,7.566667,40.777145,-111.945849
Utah Technical Center,2023-11-06,6.379167,40.777145,-111.945849
Utah Technical Center,2023-11-07,2.983333,40.777145,-111.945849
Utah Technical Center,2023-11-08,6.191667,40.777145,-111.945849
Utah Technical Center,2023-11-09,7.9125,40.777145,-111.945849
Utah Technical Center,2023-11-10,9.870833,40.777145,-111.945849
Utah Technical Center,2023-11-11,10.670833,40.777145,-111.945849
Utah Technical Center,2023-11-12,8.870833,40.777145,-111.945849
Utah Technical Center,2023-11-13,4.9625,40.777145,-111.945849
Utah Technical Center,2023-11-14,6.491667,40.777145,-111.945849
Utah Technical Center,2023-11-15,6.558333,40.777145,-111.945849
Utah Technical Center,2023-11-16,4.85,40.777145,-111.945849
Utah Technical Center,2023-11-17,14.625,40.777145,-111.945849
Utah Technical Center,2023-11-18,12.520833,40.777145,-111.945849
Utah Technical Center,2023-11-19,1.966667,40.777145,-111.945849
Utah Technical Center,2023-11-20,1.6625,40.777145,-111.945849
Utah Technical Center,2023-11-21,10.2375,40.777145,-111.945849
Utah Technical Center,2023-11-22,15.4625,40.777145,-111.945849
Utah Technical Center,2023-11-23,16.783333,40.777145,-111.945849
Utah Technical Center,2023-11-24,2.291667,40.777145,-111.945849
Utah Technical Center,2023-11-25,2.220833,40.777145,-111.945849
Utah Technical Center,2023-11-26,5.591667,40.777145,-111.945849
Utah Technical Center,2023-11-27,13.004167,40.777145,-111.945849
Utah Technical Center,2023-11-28,22.716667,40.777145,-111.945849
Utah Technical Center,2023-11-29,26.966667,40.777145,-111.945849
Utah Technical Center,2023-11-30,22.95,40.777145,-111.945849
Utah Technical Center,2023-12-01,17.4,40.777145,-111.945849
Utah Technical Center,2023-12-02,1.079167,40.777145,-111.945849
Utah Technical Center,2023-12-03,2.3,40.777145,-111.945849
Utah Technical Center,2023-12-04,5.741667,40.777145,-111.945849
Utah Technical Center,2023-12-05,9.625,40.777145,-111.945849
Utah Technical Center,2023-12-06,9.091667,40.777145,-111.945849
Utah Technical Center,2023-12-07,2.025,40.777145,-111.945849
Utah Technical Center,2023-12-08,1.7125,40.777145,-111.945849
Utah Technical Center,2023-12-09,4.766667,40.777145,-111.945849
Utah Technical Center,2023-12-10,4.25,40.777145,-111.945849
Utah Technical Center,2023-12-11,12.504348,40.777145,-111.945849
Utah Technical Center,2023-12-12,17.8625,40.777145,-111.945849
Utah Technical Center,2023-12-13,6.933333,40.777145,-111.945849
Utah Technical Center,2023-12-14,12.6125,40.777145,-111.945849
Utah Technical Center,2023-12-15,20.770833,40.777145,-111.945849
Utah Technical Center,2023-12-16,26.5875,40.777145,-111.945849
Utah Technical Center,2023-12-17,31.158333,40.777145,-111.945849
Utah Technical Center,2023-12-18,28.0,40.777145,-111.945849
Utah Technical Center,2023-12-19,22.841667,40.777145,-111.945849
Utah Technical Center,2023-12-20,21.329167,40.777145,-111.945849
Utah Technical Center,2023-12-21,20.620833,40.777145,-111.945849
Utah Technical Center,2023-12-22,14.7375,40.777145,-111.945849
Utah Technical Center,2023-12-23,5.608333,40.777145,-111.945849
Utah Technical Center,2023-12-24,2.1,40.777145,-111.945849
Utah Technical Center,2023-12-25,5.475,40.777145,-111.945849
Utah Technical Center,2023-12-26,8.6625,40.777145,-111.945849
Utah Technical Center,2023-12-27,12.829167,40.777145,-111.945849
Utah Technical Center,2023-12-28,21.758333,40.777145,-111.945849
Utah Technical Center,2023-12-29,25.9,40.777145,-111.945849
Utah Technical Center,2023-12-30,27.754167,40.777145,-111.945849
Utah Technical Center,2023-12-31,26.820833,40.777145,-111.945849
